-- phpMyAdmin SQL Dump
-- version 3.5.2.2
-- http://www.phpmyadmin.net
--
-- Host: 127.0.0.1
-- Generation Time: Jan 02, 2013 at 04:55 AM
-- Server version: 5.5.27
-- PHP Version: 5.4.7

SET SQL_MODE="NO_AUTO_VALUE_ON_ZERO";
SET time_zone = "+00:00";


/*!40101 SET @OLD_CHARACTER_SET_CLIENT=@@CHARACTER_SET_CLIENT */;
/*!40101 SET @OLD_CHARACTER_SET_RESULTS=@@CHARACTER_SET_RESULTS */;
/*!40101 SET @OLD_COLLATION_CONNECTION=@@COLLATION_CONNECTION */;
/*!40101 SET NAMES utf8 */;

--
-- Database: `myschool`
--

-- --------------------------------------------------------

--
-- Table structure for table `academic_achievement_contest_type`
--

CREATE TABLE IF NOT EXISTS `academic_achievement_contest_type` (
  `achievement_contest_type_id` tinyint(2) NOT NULL,
  `achievement_contest_type_title` varchar(30) NOT NULL,
  `achievement_contest_type_isother` tinyint(1) NOT NULL,
  `achievement_contest_type_entry` datetime NOT NULL,
  `achievement_contest_type_entry_update` datetime NOT NULL,
  PRIMARY KEY (`achievement_contest_type_id`)
) ENGINE=InnoDB DEFAULT CHARSET=latin1;

--
-- Dumping data for table `academic_achievement_contest_type`
--

INSERT INTO `academic_achievement_contest_type` (`achievement_contest_type_id`, `achievement_contest_type_title`, `achievement_contest_type_isother`, `achievement_contest_type_entry`, `achievement_contest_type_entry_update`) VALUES
(1, 'Sains', 0, '2012-11-10 08:46:02', '2012-11-10 08:46:06'),
(2, 'Seni', 0, '2012-11-10 08:46:23', '2012-11-10 08:46:28'),
(3, 'Olahraga', 0, '2012-11-10 08:46:50', '2012-11-10 08:46:54'),
(4, 'Lain-Lain', 1, '2012-11-10 08:47:11', '2012-11-10 08:47:14');

-- --------------------------------------------------------

--
-- Table structure for table `academic_base_competence`
--

CREATE TABLE IF NOT EXISTS `academic_base_competence` (
  `base_competence_id` varchar(12) NOT NULL,
  `base_competence_title` varchar(250) NOT NULL,
  `base_competence_period` tinyint(4) NOT NULL,
  `base_competence_semester` tinyint(4) NOT NULL,
  `base_competence_teacher` varchar(12) NOT NULL,
  `base_competence_subject` tinyint(4) NOT NULL,
  `base_competence_grade` tinyint(2) NOT NULL,
  `base_competence_mlc` float NOT NULL,
  `base_competence_entry` datetime NOT NULL,
  `base_competence_entry_update` datetime NOT NULL,
  PRIMARY KEY (`base_competence_id`),
  KEY `academic_base_competence_fk2` (`base_competence_period`),
  KEY `academic_base_competence_fk3` (`base_competence_semester`),
  KEY `academic_base_competence_fk4` (`base_competence_subject`),
  KEY `academic_base_competence_fk5` (`base_competence_grade`),
  KEY `academic_base_competence_fk1` (`base_competence_teacher`)
) ENGINE=InnoDB DEFAULT CHARSET=latin1;

--
-- Dumping data for table `academic_base_competence`
--

INSERT INTO `academic_base_competence` (`base_competence_id`, `base_competence_title`, `base_competence_period`, `base_competence_semester`, `base_competence_teacher`, `base_competence_subject`, `base_competence_grade`, `base_competence_mlc`, `base_competence_entry`, `base_competence_entry_update`) VALUES
('201212060001', 'Pengenalan Komputer', 1, 1, '201212010049', 2, 1, 80, '2012-12-06 12:26:44', '2012-12-19 12:06:45'),
('201212060002', 'Internet', 1, 1, '201212010049', 2, 2, 75, '2012-12-06 13:22:37', '2012-12-06 13:22:42'),
('201212190001', 'Perkembangan Komputer', 1, 1, '201212010049', 2, 1, 80, '2012-12-19 09:53:09', '2012-12-19 11:59:02');

-- --------------------------------------------------------

--
-- Table structure for table `academic_classgroup`
--

CREATE TABLE IF NOT EXISTS `academic_classgroup` (
  `classgroup_id` varchar(12) NOT NULL,
  `classgroup_grade` tinyint(2) NOT NULL,
  `classgroup_name` tinyint(2) NOT NULL,
  `classgroup_room` int(11) NOT NULL,
  `classgroup_period` tinyint(4) NOT NULL,
  `classgroup_guardian` varchar(12) NOT NULL,
  `classgroup_entry` datetime NOT NULL,
  `classgroup_entry_update` datetime NOT NULL,
  PRIMARY KEY (`classgroup_id`),
  KEY `academic_classgroup_fk1` (`classgroup_grade`),
  KEY `academic_classgroup_fk5` (`classgroup_room`),
  KEY `academic_classgroup_fk4` (`classgroup_period`),
  KEY `academic_classgroup_fk3` (`classgroup_guardian`),
  KEY `academic_classgroup_fk2` (`classgroup_name`)
) ENGINE=InnoDB DEFAULT CHARSET=latin1;

--
-- Dumping data for table `academic_classgroup`
--

INSERT INTO `academic_classgroup` (`classgroup_id`, `classgroup_grade`, `classgroup_name`, `classgroup_room`, `classgroup_period`, `classgroup_guardian`, `classgroup_entry`, `classgroup_entry_update`) VALUES
('1', 1, 1, -1, 1, '201212010001', '2012-12-03 08:58:45', '2012-12-03 08:58:45'),
('10', 2, 2, -1, 1, '201212010005', '2012-12-03 09:02:24', '2012-12-03 09:02:24'),
('11', 2, 3, -1, 1, '201212010007', '2012-12-03 09:02:45', '2012-12-03 09:02:45'),
('12', 2, 4, -1, 1, '201212010025', '2012-12-03 09:03:05', '2012-12-03 09:03:05'),
('13', 2, 5, -1, 1, '201212010029', '2012-12-03 09:03:32', '2012-12-03 09:03:32'),
('14', 2, 6, -1, 1, '201212010053', '2012-12-03 09:03:55', '2012-12-03 09:03:55'),
('15', 2, 7, -1, 1, '201212010015', '2012-12-03 09:04:22', '2012-12-03 09:04:22'),
('16', 2, 8, -1, 1, '201212010021', '2012-12-03 09:04:46', '2012-12-03 09:04:46'),
('17', 3, 1, -1, 1, '201212010023', '2012-12-03 09:05:07', '2012-12-03 09:05:07'),
('18', 3, 2, -1, 1, '201212010038', '2012-12-03 09:05:33', '2012-12-03 09:05:33'),
('19', 3, 3, -1, 1, '201212010010', '2012-12-03 09:06:07', '2012-12-03 09:06:07'),
('2', 1, 2, -1, 1, '201212010011', '2012-12-03 08:59:04', '2012-12-03 08:59:04'),
('20', 3, 4, -1, 1, '201212010031', '2012-12-03 09:06:29', '2012-12-03 09:06:29'),
('21', 3, 5, -1, 1, '201212010018', '2012-12-03 09:06:53', '2012-12-03 09:06:53'),
('22', 3, 6, -1, 1, '201212010002', '2012-12-03 09:07:23', '2012-12-03 09:07:23'),
('23', 3, 7, -1, 1, '201212010042', '2012-12-03 09:07:42', '2012-12-03 09:07:42'),
('24', 3, 8, -1, 1, '201212010019', '2012-12-03 09:08:09', '2012-12-03 09:08:09'),
('3', 1, 3, -1, 1, '201212010014', '2012-12-03 08:59:28', '2012-12-03 08:59:28'),
('4', 1, 4, -1, 1, '201212010022', '2012-12-03 08:59:50', '2012-12-03 08:59:50'),
('5', 1, 5, -1, 1, '201212010013', '2012-12-03 09:00:15', '2012-12-03 09:00:15'),
('6', 1, 6, -1, 1, '201212010045', '2012-12-03 09:00:42', '2012-12-03 09:00:42'),
('7', 1, 7, -1, 1, '201212010028', '2012-12-03 09:01:12', '2012-12-03 09:01:12'),
('8', 1, 8, -1, 1, '201212010006', '2012-12-03 09:01:37', '2012-12-03 09:01:37'),
('9', 2, 1, -1, 1, '201212010026', '2012-12-03 09:02:07', '2012-12-03 09:02:07');

-- --------------------------------------------------------

--
-- Table structure for table `academic_classhistory`
--

CREATE TABLE IF NOT EXISTS `academic_classhistory` (
  `classhistory_id` bigint(12) NOT NULL,
  `classhistory_student` varchar(10) NOT NULL,
  `classhistory_classgroup` varchar(10) NOT NULL,
  `classhistory_status` tinyint(2) NOT NULL,
  `classhistory_entry` datetime NOT NULL,
  `classhistory_entry_update` datetime NOT NULL,
  PRIMARY KEY (`classhistory_id`),
  KEY `academic_classhistory_fk1` (`classhistory_student`),
  KEY `academic_classhistory_fk3` (`classhistory_status`),
  KEY `academic_classhistory_fk2` (`classhistory_classgroup`)
) ENGINE=InnoDB DEFAULT CHARSET=latin1;

--
-- Dumping data for table `academic_classhistory`
--

INSERT INTO `academic_classhistory` (`classhistory_id`, `classhistory_student`, `classhistory_classgroup`, `classhistory_status`, `classhistory_entry`, `classhistory_entry_update`) VALUES
(1212010001, '121307001', '1', 1, '2012-12-03 11:07:29', '2012-12-03 11:07:29'),
(1212010002, '121307002', '1', 1, '2012-12-03 11:07:29', '2012-12-03 11:07:29'),
(1212010003, '121307003', '1', 1, '2012-12-03 11:07:29', '2012-12-03 11:07:29'),
(1212010004, '121307004', '1', 1, '2012-12-03 11:07:29', '2012-12-03 11:07:29'),
(1212010005, '121307005', '1', 1, '2012-12-03 11:07:29', '2012-12-03 11:07:29'),
(1212010006, '121307006', '1', 1, '2012-12-03 11:07:29', '2012-12-03 11:07:29'),
(1212010007, '121307007', '1', 1, '2012-12-03 11:07:29', '2012-12-03 11:07:29'),
(1212010008, '121307008', '1', 1, '2012-12-03 11:07:29', '2012-12-03 11:07:29'),
(1212010009, '121307009', '1', 1, '2012-12-03 11:07:29', '2012-12-03 11:07:29'),
(1212010010, '121307010', '1', 1, '2012-12-03 11:07:29', '2012-12-03 11:07:29'),
(1212010011, '121307011', '1', 1, '2012-12-03 11:07:29', '2012-12-03 11:07:29'),
(1212010012, '121307012', '1', 1, '2012-12-03 11:07:29', '2012-12-03 11:07:29'),
(1212010013, '121307013', '1', 1, '2012-12-03 11:07:29', '2012-12-03 11:07:29'),
(1212010014, '121307014', '1', 1, '2012-12-03 11:07:30', '2012-12-03 11:07:30'),
(1212010015, '121307015', '1', 1, '2012-12-03 11:07:30', '2012-12-03 11:07:30'),
(1212010016, '121307016', '1', 1, '2012-12-03 11:07:30', '2012-12-03 11:07:30'),
(1212010017, '121307017', '1', 1, '2012-12-03 11:07:30', '2012-12-03 11:07:30'),
(1212010018, '121307018', '1', 1, '2012-12-03 11:07:30', '2012-12-03 11:07:30'),
(1212010019, '121307019', '1', 1, '2012-12-03 11:07:30', '2012-12-03 11:07:30'),
(1212010020, '121307020', '1', 1, '2012-12-03 11:07:30', '2012-12-03 11:07:30'),
(1212010021, '121307021', '1', 1, '2012-12-03 11:07:30', '2012-12-03 11:07:30'),
(1212010022, '121307022', '1', 1, '2012-12-03 11:07:30', '2012-12-03 11:07:30'),
(1212010023, '121307023', '1', 1, '2012-12-03 11:07:30', '2012-12-03 11:07:30'),
(1212010024, '121307024', '1', 1, '2012-12-03 11:07:30', '2012-12-03 11:07:30'),
(1212010025, '121307025', '1', 1, '2012-12-03 11:07:30', '2012-12-03 11:07:30'),
(1212010026, '121307026', '1', 1, '2012-12-03 11:07:30', '2012-12-03 11:07:30'),
(1212010027, '121307027', '1', 1, '2012-12-03 11:07:30', '2012-12-03 11:07:30'),
(1212010028, '121307028', '1', 1, '2012-12-03 11:07:30', '2012-12-03 11:07:30'),
(1212010029, '121307029', '1', 1, '2012-12-03 11:07:30', '2012-12-03 11:07:30'),
(1212010030, '121307030', '1', 1, '2012-12-03 11:07:30', '2012-12-03 11:07:30'),
(1212010031, '121307031', '2', 1, '2012-12-03 11:09:49', '2012-12-03 11:09:49'),
(1212010032, '121307032', '2', 1, '2012-12-03 11:09:49', '2012-12-03 11:09:49'),
(1212010033, '121307033', '2', 1, '2012-12-03 11:09:49', '2012-12-03 11:09:49'),
(1212010034, '121307034', '2', 1, '2012-12-03 11:09:49', '2012-12-03 11:09:49'),
(1212010035, '121307035', '2', 1, '2012-12-03 11:09:49', '2012-12-03 11:09:49'),
(1212010036, '121307036', '2', 1, '2012-12-03 11:09:49', '2012-12-03 11:09:49'),
(1212010037, '121307037', '2', 1, '2012-12-03 11:09:49', '2012-12-03 11:09:49'),
(1212010038, '121307038', '2', 1, '2012-12-03 11:09:49', '2012-12-03 11:09:49'),
(1212010039, '121307039', '2', 1, '2012-12-03 11:09:49', '2012-12-03 11:09:49'),
(1212010040, '121307040', '2', 1, '2012-12-03 11:09:49', '2012-12-03 11:09:49'),
(1212010041, '121307041', '2', 1, '2012-12-03 11:09:49', '2012-12-03 11:09:49'),
(1212010042, '121307042', '2', 1, '2012-12-03 11:09:49', '2012-12-03 11:09:49'),
(1212010043, '121307043', '2', 1, '2012-12-03 11:09:49', '2012-12-03 11:09:49'),
(1212010044, '121307044', '2', 1, '2012-12-03 11:09:49', '2012-12-03 11:09:49'),
(1212010045, '121307045', '2', 1, '2012-12-03 11:09:49', '2012-12-03 11:09:49'),
(1212010046, '121307046', '2', 1, '2012-12-03 11:09:49', '2012-12-03 11:09:49'),
(1212010047, '121307047', '2', 1, '2012-12-03 11:09:49', '2012-12-03 11:09:49'),
(1212010048, '121307048', '2', 1, '2012-12-03 11:09:50', '2012-12-03 11:09:50'),
(1212010049, '121307049', '2', 1, '2012-12-03 11:09:50', '2012-12-03 11:09:50'),
(1212010050, '121307050', '2', 1, '2012-12-03 11:09:50', '2012-12-03 11:09:50'),
(1212010051, '121307051', '2', 1, '2012-12-03 11:09:50', '2012-12-03 11:09:50'),
(1212010052, '121307052', '2', 1, '2012-12-03 11:09:50', '2012-12-03 11:09:50'),
(1212010053, '121307053', '2', 1, '2012-12-03 11:09:50', '2012-12-03 11:09:50'),
(1212010054, '121307054', '2', 1, '2012-12-03 11:09:50', '2012-12-03 11:09:50'),
(1212010055, '121307055', '2', 1, '2012-12-03 11:09:50', '2012-12-03 11:09:50'),
(1212010056, '121307056', '2', 1, '2012-12-03 11:09:50', '2012-12-03 11:09:50'),
(1212010057, '121307057', '2', 1, '2012-12-03 11:09:50', '2012-12-03 11:09:50'),
(1212010058, '121307058', '2', 1, '2012-12-03 11:09:50', '2012-12-03 11:09:50'),
(1212010059, '121307059', '2', 1, '2012-12-03 11:09:50', '2012-12-03 11:09:50'),
(1212010060, '121307060', '3', 1, '2012-12-03 11:10:49', '2012-12-03 11:10:49'),
(1212010061, '121307061', '3', 1, '2012-12-03 11:10:49', '2012-12-03 11:10:49'),
(1212010062, '121307062', '3', 1, '2012-12-03 11:10:49', '2012-12-03 11:10:49'),
(1212010063, '121307063', '3', 1, '2012-12-03 11:10:49', '2012-12-03 11:10:49'),
(1212010064, '121307064', '3', 1, '2012-12-03 11:10:49', '2012-12-03 11:10:49'),
(1212010065, '121307065', '3', 1, '2012-12-03 11:10:49', '2012-12-03 11:10:49'),
(1212010066, '121307066', '3', 1, '2012-12-03 11:10:49', '2012-12-03 11:10:49'),
(1212010067, '121307067', '3', 1, '2012-12-03 11:10:49', '2012-12-03 11:10:49'),
(1212010068, '121307068', '3', 1, '2012-12-03 11:10:49', '2012-12-03 11:10:49'),
(1212010069, '121307069', '3', 1, '2012-12-03 11:10:49', '2012-12-03 11:10:49'),
(1212010070, '121307070', '3', 1, '2012-12-03 11:10:49', '2012-12-03 11:10:49'),
(1212010071, '121307071', '3', 1, '2012-12-03 11:10:49', '2012-12-03 11:10:49'),
(1212010072, '121307072', '3', 1, '2012-12-03 11:10:49', '2012-12-03 11:10:49'),
(1212010073, '121307073', '3', 1, '2012-12-03 11:10:49', '2012-12-03 11:10:49'),
(1212010074, '121307074', '3', 1, '2012-12-03 11:10:49', '2012-12-03 11:10:49'),
(1212010075, '121307075', '3', 1, '2012-12-03 11:10:49', '2012-12-03 11:10:49'),
(1212010076, '121307076', '3', 1, '2012-12-03 11:10:49', '2012-12-03 11:10:49'),
(1212010077, '121307077', '3', 1, '2012-12-03 11:10:49', '2012-12-03 11:10:49'),
(1212010078, '121307078', '3', 1, '2012-12-03 11:10:49', '2012-12-03 11:10:49'),
(1212010079, '121307079', '3', 1, '2012-12-03 11:10:49', '2012-12-03 11:10:49'),
(1212010080, '121307080', '3', 1, '2012-12-03 11:10:49', '2012-12-03 11:10:49'),
(1212010081, '121307081', '3', 1, '2012-12-03 11:10:49', '2012-12-03 11:10:49'),
(1212010082, '121307082', '3', 1, '2012-12-03 11:10:49', '2012-12-03 11:10:49'),
(1212010083, '121307083', '3', 1, '2012-12-03 11:10:49', '2012-12-03 11:10:49'),
(1212010084, '121307084', '3', 1, '2012-12-03 11:10:49', '2012-12-03 11:10:49'),
(1212010085, '121307085', '3', 1, '2012-12-03 11:10:49', '2012-12-03 11:10:49'),
(1212010086, '121307086', '3', 1, '2012-12-03 11:10:49', '2012-12-03 11:10:49'),
(1212010087, '121307087', '3', 1, '2012-12-03 11:10:49', '2012-12-03 11:10:49'),
(1212010088, '121307088', '3', 1, '2012-12-03 11:10:49', '2012-12-03 11:10:49'),
(1212010089, '121307089', '3', 1, '2012-12-03 11:10:49', '2012-12-03 11:10:49'),
(1212010090, '121307090', '4', 1, '2012-12-03 11:11:43', '2012-12-03 11:11:43'),
(1212010091, '121307091', '4', 1, '2012-12-03 11:11:44', '2012-12-03 11:11:44'),
(1212010092, '121307092', '4', 1, '2012-12-03 11:11:44', '2012-12-03 11:11:44'),
(1212010093, '121307093', '4', 1, '2012-12-03 11:11:44', '2012-12-03 11:11:44'),
(1212010094, '121307094', '4', 1, '2012-12-03 11:11:44', '2012-12-03 11:11:44'),
(1212010095, '121307095', '4', 1, '2012-12-03 11:11:44', '2012-12-03 11:11:44'),
(1212010096, '121307096', '4', 1, '2012-12-03 11:11:44', '2012-12-03 11:11:44'),
(1212010097, '121307097', '4', 1, '2012-12-03 11:11:44', '2012-12-03 11:11:44'),
(1212010098, '121307098', '4', 1, '2012-12-03 11:11:44', '2012-12-03 11:11:44'),
(1212010099, '121307099', '4', 1, '2012-12-03 11:11:44', '2012-12-03 11:11:44'),
(1212010100, '121307100', '4', 1, '2012-12-03 11:11:44', '2012-12-03 11:11:44'),
(1212010101, '121307101', '4', 1, '2012-12-03 11:11:44', '2012-12-03 11:11:44'),
(1212010102, '121307102', '4', 1, '2012-12-03 11:11:44', '2012-12-03 11:11:44'),
(1212010103, '121307103', '4', 1, '2012-12-03 11:11:44', '2012-12-03 11:11:44'),
(1212010104, '121307104', '4', 1, '2012-12-03 11:11:44', '2012-12-03 11:11:44'),
(1212010105, '121307105', '4', 1, '2012-12-03 11:11:44', '2012-12-03 11:11:44'),
(1212010106, '121307106', '4', 1, '2012-12-03 11:11:44', '2012-12-03 11:11:44'),
(1212010107, '121307107', '4', 1, '2012-12-03 11:11:44', '2012-12-03 11:11:44'),
(1212010108, '121307108', '4', 1, '2012-12-03 11:11:44', '2012-12-03 11:11:44'),
(1212010109, '121307109', '4', 1, '2012-12-03 11:11:44', '2012-12-03 11:11:44'),
(1212010110, '121307110', '4', 1, '2012-12-03 11:11:44', '2012-12-03 11:11:44'),
(1212010111, '121307111', '4', 1, '2012-12-03 11:11:44', '2012-12-03 11:11:44'),
(1212010112, '121307112', '4', 1, '2012-12-03 11:11:44', '2012-12-03 11:11:44'),
(1212010113, '121307113', '4', 1, '2012-12-03 11:11:44', '2012-12-03 11:11:44'),
(1212010114, '121307114', '4', 1, '2012-12-03 11:11:44', '2012-12-03 11:11:44'),
(1212010115, '121307115', '4', 1, '2012-12-03 11:11:44', '2012-12-03 11:11:44'),
(1212010116, '121307116', '4', 1, '2012-12-03 11:11:44', '2012-12-03 11:11:44'),
(1212010117, '121307117', '4', 1, '2012-12-03 11:11:44', '2012-12-03 11:11:44'),
(1212010118, '121307118', '4', 1, '2012-12-03 11:11:44', '2012-12-03 11:11:44'),
(1212010119, '121307119', '4', 1, '2012-12-03 11:11:44', '2012-12-03 11:11:44'),
(1212010120, '121307120', '5', 1, '2012-12-03 11:12:11', '2012-12-03 11:12:11'),
(1212010121, '121307121', '5', 1, '2012-12-03 11:12:11', '2012-12-03 11:12:11'),
(1212010122, '121307122', '5', 1, '2012-12-03 11:12:11', '2012-12-03 11:12:11'),
(1212010123, '121307123', '5', 1, '2012-12-03 11:12:11', '2012-12-03 11:12:11'),
(1212010124, '121307124', '5', 1, '2012-12-03 11:12:11', '2012-12-03 11:12:11'),
(1212010125, '121307125', '5', 1, '2012-12-03 11:12:11', '2012-12-03 11:12:11'),
(1212010126, '121307126', '5', 1, '2012-12-03 11:12:11', '2012-12-03 11:12:11'),
(1212010127, '121307127', '5', 1, '2012-12-03 11:12:11', '2012-12-03 11:12:11'),
(1212010128, '121307128', '5', 1, '2012-12-03 11:12:11', '2012-12-03 11:12:11'),
(1212010129, '121307129', '5', 1, '2012-12-03 11:12:11', '2012-12-03 11:12:11'),
(1212010130, '121307130', '5', 1, '2012-12-03 11:12:11', '2012-12-03 11:12:11'),
(1212010131, '121307131', '5', 1, '2012-12-03 11:12:11', '2012-12-03 11:12:11'),
(1212010132, '121307132', '5', 1, '2012-12-03 11:12:11', '2012-12-03 11:12:11'),
(1212010133, '121307133', '5', 1, '2012-12-03 11:12:11', '2012-12-03 11:12:11'),
(1212010134, '121307134', '5', 1, '2012-12-03 11:12:11', '2012-12-03 11:12:11'),
(1212010135, '121307135', '5', 1, '2012-12-03 11:12:11', '2012-12-03 11:12:11'),
(1212010136, '121307136', '5', 1, '2012-12-03 11:12:12', '2012-12-03 11:12:12'),
(1212010137, '121307137', '5', 1, '2012-12-03 11:12:12', '2012-12-03 11:12:12'),
(1212010138, '121307138', '5', 1, '2012-12-03 11:12:12', '2012-12-03 11:12:12'),
(1212010139, '121307139', '5', 1, '2012-12-03 11:12:12', '2012-12-03 11:12:12'),
(1212010140, '121307140', '5', 1, '2012-12-03 11:12:12', '2012-12-03 11:12:12'),
(1212010141, '121307141', '5', 1, '2012-12-03 11:12:12', '2012-12-03 11:12:12'),
(1212010142, '121307142', '5', 1, '2012-12-03 11:12:12', '2012-12-03 11:12:12'),
(1212010143, '121307143', '5', 1, '2012-12-03 11:12:12', '2012-12-03 11:12:12'),
(1212010144, '121307144', '5', 1, '2012-12-03 11:12:12', '2012-12-03 11:12:12'),
(1212010145, '121307145', '5', 1, '2012-12-03 11:12:12', '2012-12-03 11:12:12'),
(1212010146, '121307146', '5', 1, '2012-12-03 11:12:12', '2012-12-03 11:12:12'),
(1212010147, '121307147', '5', 1, '2012-12-03 11:12:12', '2012-12-03 11:12:12'),
(1212010148, '121307148', '5', 1, '2012-12-03 11:12:12', '2012-12-03 11:12:12'),
(1212010149, '121307149', '5', 1, '2012-12-03 11:12:12', '2012-12-03 11:12:12'),
(1212010150, '121307150', '6', 1, '2012-12-03 11:12:34', '2012-12-03 11:12:34'),
(1212010151, '121307151', '6', 1, '2012-12-03 11:12:34', '2012-12-03 11:12:34'),
(1212010152, '121307152', '6', 1, '2012-12-03 11:12:34', '2012-12-03 11:12:34'),
(1212010153, '121307153', '6', 1, '2012-12-03 11:12:34', '2012-12-03 11:12:34'),
(1212010154, '121307154', '6', 1, '2012-12-03 11:12:34', '2012-12-03 11:12:34'),
(1212010155, '121307155', '6', 1, '2012-12-03 11:12:34', '2012-12-03 11:12:34'),
(1212010156, '121307156', '6', 1, '2012-12-03 11:12:34', '2012-12-03 11:12:34'),
(1212010157, '121307157', '6', 1, '2012-12-03 11:12:34', '2012-12-03 11:12:34'),
(1212010158, '121307158', '6', 1, '2012-12-03 11:12:34', '2012-12-03 11:12:34'),
(1212010159, '121307159', '6', 1, '2012-12-03 11:12:34', '2012-12-03 11:12:34'),
(1212010160, '121307160', '6', 1, '2012-12-03 11:12:34', '2012-12-03 11:12:34'),
(1212010161, '121307161', '6', 1, '2012-12-03 11:12:34', '2012-12-03 11:12:34'),
(1212010162, '121307162', '6', 1, '2012-12-03 11:12:34', '2012-12-03 11:12:34'),
(1212010163, '121307163', '6', 1, '2012-12-03 11:12:34', '2012-12-03 11:12:34'),
(1212010164, '121307164', '6', 1, '2012-12-03 11:12:35', '2012-12-03 11:12:35'),
(1212010165, '121307165', '6', 1, '2012-12-03 11:12:35', '2012-12-03 11:12:35'),
(1212010166, '121307166', '6', 1, '2012-12-03 11:12:35', '2012-12-03 11:12:35'),
(1212010167, '121307167', '6', 1, '2012-12-03 11:12:35', '2012-12-03 11:12:35'),
(1212010168, '121307168', '6', 1, '2012-12-03 11:12:35', '2012-12-03 11:12:35'),
(1212010169, '121307169', '6', 1, '2012-12-03 11:12:35', '2012-12-03 11:12:35'),
(1212010170, '121307170', '6', 1, '2012-12-03 11:12:35', '2012-12-03 11:12:35'),
(1212010171, '121307171', '6', 1, '2012-12-03 11:12:35', '2012-12-03 11:12:35'),
(1212010172, '121307172', '6', 1, '2012-12-03 11:12:35', '2012-12-03 11:12:35'),
(1212010173, '121307173', '6', 1, '2012-12-03 11:12:35', '2012-12-03 11:12:35'),
(1212010174, '121307174', '6', 1, '2012-12-03 11:12:35', '2012-12-03 11:12:35'),
(1212010175, '121307175', '6', 1, '2012-12-03 11:12:35', '2012-12-03 11:12:35'),
(1212010176, '121307176', '6', 1, '2012-12-03 11:12:35', '2012-12-03 11:12:35'),
(1212010177, '121307177', '6', 1, '2012-12-03 11:12:35', '2012-12-03 11:12:35'),
(1212010178, '121307178', '6', 1, '2012-12-03 11:12:35', '2012-12-03 11:12:35'),
(1212010179, '121307179', '7', 1, '2012-12-03 11:12:44', '2012-12-03 11:12:44'),
(1212010180, '121307180', '7', 1, '2012-12-03 11:12:44', '2012-12-03 11:12:44'),
(1212010181, '121307181', '7', 1, '2012-12-03 11:12:44', '2012-12-03 11:12:44'),
(1212010182, '121307182', '7', 1, '2012-12-03 11:12:44', '2012-12-03 11:12:44'),
(1212010183, '121307183', '7', 1, '2012-12-03 11:12:44', '2012-12-03 11:12:44'),
(1212010184, '121307184', '7', 1, '2012-12-03 11:12:44', '2012-12-03 11:12:44'),
(1212010185, '121307185', '7', 1, '2012-12-03 11:12:44', '2012-12-03 11:12:44'),
(1212010186, '121307186', '7', 1, '2012-12-03 11:12:44', '2012-12-03 11:12:44'),
(1212010187, '121307187', '7', 1, '2012-12-03 11:12:44', '2012-12-03 11:12:44'),
(1212010188, '121307188', '7', 1, '2012-12-03 11:12:44', '2012-12-03 11:12:44'),
(1212010189, '121307189', '7', 1, '2012-12-03 11:12:44', '2012-12-03 11:12:44'),
(1212010190, '121307190', '7', 1, '2012-12-03 11:12:44', '2012-12-03 11:12:44'),
(1212010191, '121307191', '7', 1, '2012-12-03 11:12:44', '2012-12-03 11:12:44'),
(1212010192, '121307192', '7', 1, '2012-12-03 11:12:44', '2012-12-03 11:12:44'),
(1212010193, '121307193', '7', 1, '2012-12-03 11:12:44', '2012-12-03 11:12:44'),
(1212010194, '121307194', '7', 1, '2012-12-03 11:12:44', '2012-12-03 11:12:44'),
(1212010195, '121307195', '7', 1, '2012-12-03 11:12:44', '2012-12-03 11:12:44'),
(1212010196, '121307196', '7', 1, '2012-12-03 11:12:44', '2012-12-03 11:12:44'),
(1212010197, '121307197', '7', 1, '2012-12-03 11:12:44', '2012-12-03 11:12:44'),
(1212010198, '121307198', '7', 1, '2012-12-03 11:12:44', '2012-12-03 11:12:44'),
(1212010199, '121307199', '7', 1, '2012-12-03 11:12:44', '2012-12-03 11:12:44'),
(1212010200, '121307200', '7', 1, '2012-12-03 11:12:44', '2012-12-03 11:12:44'),
(1212010201, '121307201', '7', 1, '2012-12-03 11:12:44', '2012-12-03 11:12:44'),
(1212010202, '121307202', '7', 1, '2012-12-03 11:12:45', '2012-12-03 11:12:45'),
(1212010203, '121307203', '7', 1, '2012-12-03 11:12:45', '2012-12-03 11:12:45'),
(1212010204, '121307204', '7', 1, '2012-12-03 11:12:45', '2012-12-03 11:12:45'),
(1212010205, '121307205', '7', 1, '2012-12-03 11:12:45', '2012-12-03 11:12:45'),
(1212010206, '121307206', '7', 1, '2012-12-03 11:12:45', '2012-12-03 11:12:45'),
(1212010207, '121307207', '7', 1, '2012-12-03 11:12:45', '2012-12-03 11:12:45'),
(1212010208, '121307208', '8', 1, '2012-12-03 11:12:56', '2012-12-03 11:12:56'),
(1212010209, '121307209', '8', 1, '2012-12-03 11:12:56', '2012-12-03 11:12:56'),
(1212010210, '121307210', '8', 1, '2012-12-03 11:12:56', '2012-12-03 11:12:56'),
(1212010211, '121307211', '8', 1, '2012-12-03 11:12:56', '2012-12-03 11:12:56'),
(1212010212, '121307212', '8', 1, '2012-12-03 11:12:56', '2012-12-03 11:12:56'),
(1212010213, '121307213', '8', 1, '2012-12-03 11:12:56', '2012-12-03 11:12:56'),
(1212010214, '121307214', '8', 1, '2012-12-03 11:12:56', '2012-12-03 11:12:56'),
(1212010215, '121307215', '8', 1, '2012-12-03 11:12:56', '2012-12-03 11:12:56'),
(1212010216, '121307216', '8', 1, '2012-12-03 11:12:56', '2012-12-03 11:12:56'),
(1212010217, '121307217', '8', 1, '2012-12-03 11:12:56', '2012-12-03 11:12:56'),
(1212010218, '121307218', '8', 1, '2012-12-03 11:12:56', '2012-12-03 11:12:56'),
(1212010219, '121307219', '8', 1, '2012-12-03 11:12:56', '2012-12-03 11:12:56'),
(1212010220, '121307220', '8', 1, '2012-12-03 11:12:56', '2012-12-03 11:12:56'),
(1212010221, '121307221', '8', 1, '2012-12-03 11:12:56', '2012-12-03 11:12:56'),
(1212010222, '121307222', '8', 1, '2012-12-03 11:12:56', '2012-12-03 11:12:56'),
(1212010223, '121307223', '8', 1, '2012-12-03 11:12:56', '2012-12-03 11:12:56'),
(1212010224, '121307224', '8', 1, '2012-12-03 11:12:56', '2012-12-03 11:12:56'),
(1212010225, '121307225', '8', 1, '2012-12-03 11:12:56', '2012-12-03 11:12:56'),
(1212010226, '121307226', '8', 1, '2012-12-03 11:12:56', '2012-12-03 11:12:56'),
(1212010227, '121307227', '8', 1, '2012-12-03 11:12:56', '2012-12-03 11:12:56'),
(1212010228, '121307228', '8', 1, '2012-12-03 11:12:56', '2012-12-03 11:12:56'),
(1212010229, '121307229', '8', 1, '2012-12-03 11:12:56', '2012-12-03 11:12:56'),
(1212010230, '121307230', '8', 1, '2012-12-03 11:12:56', '2012-12-03 11:12:56'),
(1212010231, '121307231', '8', 1, '2012-12-03 11:12:56', '2012-12-03 11:12:56'),
(1212010232, '121307232', '8', 1, '2012-12-03 11:12:57', '2012-12-03 11:12:57'),
(1212010233, '121307233', '8', 1, '2012-12-03 11:12:57', '2012-12-03 11:12:57'),
(1212010234, '121307234', '8', 1, '2012-12-03 11:12:57', '2012-12-03 11:12:57'),
(1212010235, '121307235', '8', 1, '2012-12-03 11:12:57', '2012-12-03 11:12:57'),
(1212010236, '121307236', '8', 1, '2012-12-03 11:12:57', '2012-12-03 11:12:57'),
(1212010237, '111207186', '9', 3, '2012-12-03 11:16:17', '2012-12-03 11:16:17'),
(1212010238, '111207076', '9', 3, '2012-12-03 11:16:17', '2012-12-03 11:16:17'),
(1212010239, '111207158', '9', 3, '2012-12-03 11:16:17', '2012-12-03 11:16:17'),
(1212010240, '111207026', '9', 3, '2012-12-03 11:16:17', '2012-12-03 11:16:17'),
(1212010241, '111207132', '9', 3, '2012-12-03 11:16:17', '2012-12-03 11:16:17'),
(1212010242, '111207107', '9', 3, '2012-12-03 11:16:17', '2012-12-03 11:16:17'),
(1212010243, '111207031', '9', 3, '2012-12-03 11:16:17', '2012-12-03 11:16:17'),
(1212010244, '111207161', '9', 3, '2012-12-03 11:16:17', '2012-12-03 11:16:17'),
(1212010245, '111207112', '9', 3, '2012-12-03 11:16:17', '2012-12-03 11:16:17'),
(1212010246, '111207057', '9', 3, '2012-12-03 11:16:17', '2012-12-03 11:16:17'),
(1212010247, '111207172', '9', 3, '2012-12-03 11:16:17', '2012-12-03 11:16:17'),
(1212010248, '111207194', '9', 3, '2012-12-03 11:16:17', '2012-12-03 11:16:17'),
(1212010249, '111207141', '9', 3, '2012-12-03 11:16:17', '2012-12-03 11:16:17'),
(1212010250, '111207041', '9', 3, '2012-12-03 11:16:17', '2012-12-03 11:16:17'),
(1212010251, '111207195', '9', 3, '2012-12-03 11:16:17', '2012-12-03 11:16:17'),
(1212010252, '111207092', '9', 3, '2012-12-03 11:16:17', '2012-12-03 11:16:17'),
(1212010253, '111207068', '9', 3, '2012-12-03 11:16:18', '2012-12-03 11:16:18'),
(1212010254, '111207123', '9', 3, '2012-12-03 11:16:18', '2012-12-03 11:16:18'),
(1212010255, '111207043', '9', 3, '2012-12-03 11:16:18', '2012-12-03 11:16:18'),
(1212010256, '111207204', '9', 3, '2012-12-03 11:16:18', '2012-12-03 11:16:18'),
(1212010257, '111207205', '9', 3, '2012-12-03 11:16:18', '2012-12-03 11:16:18'),
(1212010258, '111207099', '9', 3, '2012-12-03 11:16:18', '2012-12-03 11:16:18'),
(1212010259, '111207082', '10', 3, '2012-12-03 11:18:11', '2012-12-03 11:18:11'),
(1212010260, '111207136', '10', 3, '2012-12-03 11:18:11', '2012-12-03 11:18:11'),
(1212010261, '111207008', '10', 3, '2012-12-03 11:18:11', '2012-12-03 11:18:11'),
(1212010262, '111207010', '10', 3, '2012-12-03 11:18:11', '2012-12-03 11:18:11'),
(1212010263, '111207139', '10', 3, '2012-12-03 11:18:11', '2012-12-03 11:18:11'),
(1212010264, '111207064', '10', 3, '2012-12-03 11:18:11', '2012-12-03 11:18:11'),
(1212010265, '111207174', '10', 3, '2012-12-03 11:18:11', '2012-12-03 11:18:11'),
(1212010266, '111207197', '10', 3, '2012-12-03 11:18:11', '2012-12-03 11:18:11'),
(1212010267, '111207093', '10', 3, '2012-12-03 11:18:11', '2012-12-03 11:18:11'),
(1212010268, '111207094', '10', 3, '2012-12-03 11:18:11', '2012-12-03 11:18:11'),
(1212010269, '111207124', '10', 3, '2012-12-03 11:18:11', '2012-12-03 11:18:11'),
(1212010270, '111207147', '10', 3, '2012-12-03 11:18:11', '2012-12-03 11:18:11'),
(1212010271, '111207202', '10', 3, '2012-12-03 11:18:11', '2012-12-03 11:18:11'),
(1212010272, '111207203', '10', 3, '2012-12-03 11:18:11', '2012-12-03 11:18:11'),
(1212010273, '111207018', '10', 3, '2012-12-03 11:18:11', '2012-12-03 11:18:11'),
(1212010274, '111207151', '10', 3, '2012-12-03 11:18:11', '2012-12-03 11:18:11'),
(1212010275, '111207021', '10', 3, '2012-12-03 11:18:11', '2012-12-03 11:18:11'),
(1212010276, '111207072', '10', 3, '2012-12-03 11:18:11', '2012-12-03 11:18:11'),
(1212010277, '111207100', '10', 3, '2012-12-03 11:18:11', '2012-12-03 11:18:11'),
(1212010278, '111207209', '10', 3, '2012-12-03 11:18:11', '2012-12-03 11:18:11'),
(1212010279, '111207073', '10', 3, '2012-12-03 11:18:11', '2012-12-03 11:18:11'),
(1212010280, '111207024', '10', 3, '2012-12-03 11:18:11', '2012-12-03 11:18:11'),
(1212010281, '111207155', '10', 3, '2012-12-03 11:18:11', '2012-12-03 11:18:11'),
(1212010282, '111207130', '11', 3, '2012-12-03 11:18:46', '2012-12-03 11:18:46'),
(1212010283, '111207102', '11', 3, '2012-12-03 11:18:46', '2012-12-03 11:18:46'),
(1212010284, '111207160', '11', 3, '2012-12-03 11:18:46', '2012-12-03 11:18:46'),
(1212010285, '111207030', '11', 3, '2012-12-03 11:18:46', '2012-12-03 11:18:46'),
(1212010286, '111207162', '11', 3, '2012-12-03 11:18:46', '2012-12-03 11:18:46'),
(1212010287, '111207163', '11', 3, '2012-12-03 11:18:46', '2012-12-03 11:18:46'),
(1212010288, '111207054', '11', 3, '2012-12-03 11:18:46', '2012-12-03 11:18:46'),
(1212010289, '111207009', '11', 3, '2012-12-03 11:18:46', '2012-12-03 11:18:46'),
(1212010290, '111207114', '11', 3, '2012-12-03 11:18:46', '2012-12-03 11:18:46'),
(1212010291, '111207058', '11', 3, '2012-12-03 11:18:46', '2012-12-03 11:18:46'),
(1212010292, '111207037', '11', 3, '2012-12-03 11:18:46', '2012-12-03 11:18:46'),
(1212010293, '111207171', '11', 3, '2012-12-03 11:18:46', '2012-12-03 11:18:46'),
(1212010294, '111207173', '11', 3, '2012-12-03 11:18:46', '2012-12-03 11:18:46'),
(1212010295, '111207012', '11', 3, '2012-12-03 11:18:46', '2012-12-03 11:18:46'),
(1212010296, '111207013', '11', 3, '2012-12-03 11:18:46', '2012-12-03 11:18:46'),
(1212010297, '111207145', '11', 3, '2012-12-03 11:18:46', '2012-12-03 11:18:46'),
(1212010298, '111207016', '11', 3, '2012-12-03 11:18:46', '2012-12-03 11:18:46'),
(1212010299, '111207096', '11', 3, '2012-12-03 11:18:46', '2012-12-03 11:18:46'),
(1212010300, '111207097', '11', 3, '2012-12-03 11:18:46', '2012-12-03 11:18:46'),
(1212010301, '111207022', '11', 3, '2012-12-03 11:18:46', '2012-12-03 11:18:46'),
(1212010302, '111207154', '11', 3, '2012-12-03 11:18:46', '2012-12-03 11:18:46'),
(1212010303, '111207182', '11', 3, '2012-12-03 11:18:47', '2012-12-03 11:18:47'),
(1212010304, '111207210', '11', 3, '2012-12-03 11:18:47', '2012-12-03 11:18:47'),
(1212010305, '111207103', '12', 3, '2012-12-03 11:18:56', '2012-12-03 11:18:56'),
(1212010306, '111207028', '12', 3, '2012-12-03 11:18:56', '2012-12-03 11:18:56'),
(1212010307, '111207187', '12', 3, '2012-12-03 11:18:56', '2012-12-03 11:18:56'),
(1212010308, '111207005', '12', 3, '2012-12-03 11:18:56', '2012-12-03 11:18:56'),
(1212010309, '111207189', '12', 3, '2012-12-03 11:18:56', '2012-12-03 11:18:56'),
(1212010310, '111207138', '12', 3, '2012-12-03 11:18:56', '2012-12-03 11:18:56'),
(1212010311, '111207056', '12', 3, '2012-12-03 11:18:56', '2012-12-03 11:18:56'),
(1212010312, '111207167', '12', 3, '2012-12-03 11:18:56', '2012-12-03 11:18:56'),
(1212010313, '111207091', '12', 3, '2012-12-03 11:18:56', '2012-12-03 11:18:56'),
(1212010314, '111207062', '12', 3, '2012-12-03 11:18:56', '2012-12-03 11:18:56'),
(1212010315, '111207040', '12', 3, '2012-12-03 11:18:56', '2012-12-03 11:18:56'),
(1212010316, '111207175', '12', 3, '2012-12-03 11:18:56', '2012-12-03 11:18:56'),
(1212010317, '111207066', '12', 3, '2012-12-03 11:18:56', '2012-12-03 11:18:56'),
(1212010318, '111207015', '12', 3, '2012-12-03 11:18:57', '2012-12-03 11:18:57'),
(1212010319, '111207144', '12', 3, '2012-12-03 11:18:57', '2012-12-03 11:18:57'),
(1212010320, '111207122', '12', 3, '2012-12-03 11:18:57', '2012-12-03 11:18:57'),
(1212010321, '111207199', '12', 3, '2012-12-03 11:18:57', '2012-12-03 11:18:57'),
(1212010322, '111207070', '12', 3, '2012-12-03 11:18:57', '2012-12-03 11:18:57'),
(1212010323, '111207017', '12', 3, '2012-12-03 11:18:57', '2012-12-03 11:18:57'),
(1212010324, '111207046', '12', 3, '2012-12-03 11:18:57', '2012-12-03 11:18:57'),
(1212010325, '111207179', '12', 3, '2012-12-03 11:18:57', '2012-12-03 11:18:57'),
(1212010326, '111207180', '12', 3, '2012-12-03 11:18:57', '2012-12-03 11:18:57'),
(1212010327, '111207207', '12', 3, '2012-12-03 11:18:57', '2012-12-03 11:18:57'),
(1212010328, '111207048', '12', 3, '2012-12-03 11:18:57', '2012-12-03 11:18:57'),
(1212010329, '111207020', '12', 3, '2012-12-03 11:18:57', '2012-12-03 11:18:57'),
(1212010330, '111207001', '13', 3, '2012-12-03 11:19:03', '2012-12-03 11:19:03'),
(1212010331, '111207003', '13', 3, '2012-12-03 11:19:03', '2012-12-03 11:19:03'),
(1212010332, '111207077', '13', 3, '2012-12-03 11:19:03', '2012-12-03 11:19:03'),
(1212010333, '111207080', '13', 3, '2012-12-03 11:19:03', '2012-12-03 11:19:03'),
(1212010334, '111207029', '13', 3, '2012-12-03 11:19:03', '2012-12-03 11:19:03'),
(1212010335, '111207007', '13', 3, '2012-12-03 11:19:03', '2012-12-03 11:19:03'),
(1212010336, '111207053', '13', 3, '2012-12-03 11:19:03', '2012-12-03 11:19:03'),
(1212010337, '111207110', '13', 3, '2012-12-03 11:19:03', '2012-12-03 11:19:03'),
(1212010338, '111207166', '13', 3, '2012-12-03 11:19:04', '2012-12-03 11:19:04'),
(1212010339, '111207190', '13', 3, '2012-12-03 11:19:04', '2012-12-03 11:19:04'),
(1212010340, '111207085', '13', 3, '2012-12-03 11:19:04', '2012-12-03 11:19:04'),
(1212010341, '111207035', '13', 3, '2012-12-03 11:19:04', '2012-12-03 11:19:04'),
(1212010342, '111207087', '13', 3, '2012-12-03 11:19:04', '2012-12-03 11:19:04'),
(1212010343, '111207059', '13', 3, '2012-12-03 11:19:04', '2012-12-03 11:19:04'),
(1212010344, '111207120', '13', 3, '2012-12-03 11:19:04', '2012-12-03 11:19:04'),
(1212010345, '111207200', '13', 3, '2012-12-03 11:19:04', '2012-12-03 11:19:04'),
(1212010346, '111207149', '13', 3, '2012-12-03 11:19:04', '2012-12-03 11:19:04'),
(1212010347, '111207150', '13', 3, '2012-12-03 11:19:04', '2012-12-03 11:19:04'),
(1212010348, '111207177', '13', 3, '2012-12-03 11:19:04', '2012-12-03 11:19:04'),
(1212010349, '111207019', '13', 3, '2012-12-03 11:19:04', '2012-12-03 11:19:04'),
(1212010350, '111207098', '13', 3, '2012-12-03 11:19:04', '2012-12-03 11:19:04'),
(1212010351, '111207071', '13', 3, '2012-12-03 11:19:04', '2012-12-03 11:19:04'),
(1212010352, '111207208', '13', 3, '2012-12-03 11:19:04', '2012-12-03 11:19:04'),
(1212010353, '111207153', '13', 3, '2012-12-03 11:19:04', '2012-12-03 11:19:04'),
(1212010354, '111207023', '13', 3, '2012-12-03 11:19:04', '2012-12-03 11:19:04'),
(1212010355, '111207212', '13', 3, '2012-12-03 11:19:04', '2012-12-03 11:19:04'),
(1212010356, '111207050', '13', 3, '2012-12-03 11:19:04', '2012-12-03 11:19:04'),
(1212010357, '111207105', '14', 3, '2012-12-03 11:19:11', '2012-12-03 11:19:11'),
(1212010358, '111207052', '14', 3, '2012-12-03 11:19:11', '2012-12-03 11:19:11'),
(1212010359, '111207107', '14', 3, '2012-12-03 11:19:11', '2012-12-03 11:19:11'),
(1212010360, '111207134', '14', 3, '2012-12-03 11:19:11', '2012-12-03 11:19:11'),
(1212010361, '111207083', '14', 3, '2012-12-03 11:19:11', '2012-12-03 11:19:11'),
(1212010362, '111207034', '14', 3, '2012-12-03 11:19:11', '2012-12-03 11:19:11'),
(1212010363, '111207055', '14', 3, '2012-12-03 11:19:12', '2012-12-03 11:19:12'),
(1212010364, '111207115', '14', 3, '2012-12-03 11:19:12', '2012-12-03 11:19:12'),
(1212010365, '111207140', '14', 3, '2012-12-03 11:19:12', '2012-12-03 11:19:12'),
(1212010366, '111207168', '14', 3, '2012-12-03 11:19:12', '2012-12-03 11:19:12'),
(1212010367, '111207192', '14', 3, '2012-12-03 11:19:12', '2012-12-03 11:19:12'),
(1212010368, '111207038', '14', 3, '2012-12-03 11:19:12', '2012-12-03 11:19:12'),
(1212010369, '111207090', '14', 3, '2012-12-03 11:19:12', '2012-12-03 11:19:12'),
(1212010370, '111207063', '14', 3, '2012-12-03 11:19:12', '2012-12-03 11:19:12'),
(1212010371, '111207045', '14', 3, '2012-12-03 11:19:12', '2012-12-03 11:19:12'),
(1212010372, '111207178', '14', 3, '2012-12-03 11:19:12', '2012-12-03 11:19:12'),
(1212010373, '111207206', '14', 3, '2012-12-03 11:19:12', '2012-12-03 11:19:12'),
(1212010374, '111207047', '14', 3, '2012-12-03 11:19:12', '2012-12-03 11:19:12'),
(1212010375, '111207126', '14', 3, '2012-12-03 11:19:12', '2012-12-03 11:19:12'),
(1212010376, '111207127', '14', 3, '2012-12-03 11:19:12', '2012-12-03 11:19:12'),
(1212010377, '111207152', '14', 3, '2012-12-03 11:19:12', '2012-12-03 11:19:12'),
(1212010378, '111207128', '14', 3, '2012-12-03 11:19:12', '2012-12-03 11:19:12'),
(1212010379, '111207157', '15', 3, '2012-12-03 11:19:18', '2012-12-03 11:19:18'),
(1212010380, '111207002', '15', 3, '2012-12-03 11:19:18', '2012-12-03 11:19:18'),
(1212010381, '111207159', '15', 3, '2012-12-03 11:19:18', '2012-12-03 11:19:18'),
(1212010382, '111207101', '15', 3, '2012-12-03 11:19:18', '2012-12-03 11:19:18'),
(1212010383, '111207004', '15', 3, '2012-12-03 11:19:18', '2012-12-03 11:19:18'),
(1212010384, '111207078', '15', 3, '2012-12-03 11:19:18', '2012-12-03 11:19:18'),
(1212010385, '111207133', '15', 3, '2012-12-03 11:19:18', '2012-12-03 11:19:18'),
(1212010386, '111207081', '15', 3, '2012-12-03 11:19:18', '2012-12-03 11:19:18'),
(1212010387, '111207033', '15', 3, '2012-12-03 11:19:18', '2012-12-03 11:19:18'),
(1212010388, '111207111', '15', 3, '2012-12-03 11:19:18', '2012-12-03 11:19:18'),
(1212010389, '111207191', '15', 3, '2012-12-03 11:19:18', '2012-12-03 11:19:18'),
(1212010390, '111207193', '15', 3, '2012-12-03 11:19:18', '2012-12-03 11:19:18'),
(1212010391, '111207142', '15', 3, '2012-12-03 11:19:18', '2012-12-03 11:19:18'),
(1212010392, '111207176', '15', 3, '2012-12-03 11:19:18', '2012-12-03 11:19:18'),
(1212010393, '111207198', '15', 3, '2012-12-03 11:19:18', '2012-12-03 11:19:18'),
(1212010394, '111207069', '15', 3, '2012-12-03 11:19:18', '2012-12-03 11:19:18'),
(1212010395, '111207125', '15', 3, '2012-12-03 11:19:18', '2012-12-03 11:19:18'),
(1212010396, '111207095', '15', 3, '2012-12-03 11:19:18', '2012-12-03 11:19:18'),
(1212010397, '111207146', '15', 3, '2012-12-03 11:19:18', '2012-12-03 11:19:18'),
(1212010398, '111207181', '15', 3, '2012-12-03 11:19:18', '2012-12-03 11:19:18'),
(1212010399, '111207074', '15', 3, '2012-12-03 11:19:18', '2012-12-03 11:19:18'),
(1212010400, '111207075', '15', 3, '2012-12-03 11:19:18', '2012-12-03 11:19:18'),
(1212010401, '111207025', '15', 3, '2012-12-03 11:19:18', '2012-12-03 11:19:18'),
(1212010402, '111207183', '15', 3, '2012-12-03 11:19:19', '2012-12-03 11:19:19'),
(1212010403, '111207131', '16', 3, '2012-12-03 11:20:43', '2012-12-03 11:20:43'),
(1212010404, '111207104', '16', 3, '2012-12-03 11:20:43', '2012-12-03 11:20:43'),
(1212010405, '111207006', '16', 3, '2012-12-03 11:20:43', '2012-12-03 11:20:43'),
(1212010406, '111207213', '16', 3, '2012-12-03 11:20:43', '2012-12-03 11:20:43'),
(1212010407, '111207164', '16', 3, '2012-12-03 11:20:43', '2012-12-03 11:20:43'),
(1212010408, '111207165', '16', 3, '2012-12-03 11:20:43', '2012-12-03 11:20:43'),
(1212010409, '111207137', '16', 3, '2012-12-03 11:20:43', '2012-12-03 11:20:43'),
(1212010410, '111207084', '16', 3, '2012-12-03 11:20:43', '2012-12-03 11:20:43'),
(1212010411, '111207169', '16', 3, '2012-12-03 11:20:43', '2012-12-03 11:20:43'),
(1212010412, '111207060', '16', 3, '2012-12-03 11:20:43', '2012-12-03 11:20:43'),
(1212010413, '111207118', '16', 3, '2012-12-03 11:20:43', '2012-12-03 11:20:43'),
(1212010414, '111207119', '16', 3, '2012-12-03 11:20:43', '2012-12-03 11:20:43'),
(1212010415, '111207042', '16', 3, '2012-12-03 11:20:43', '2012-12-03 11:20:43'),
(1212010416, '111207014', '16', 3, '2012-12-03 11:20:43', '2012-12-03 11:20:43'),
(1212010417, '111207201', '16', 3, '2012-12-03 11:20:43', '2012-12-03 11:20:43'),
(1212010418, '111207148', '16', 3, '2012-12-03 11:20:43', '2012-12-03 11:20:43'),
(1212010419, '111207044', '16', 3, '2012-12-03 11:20:43', '2012-12-03 11:20:43'),
(1212010420, '111207049', '16', 3, '2012-12-03 11:20:43', '2012-12-03 11:20:43');

-- --------------------------------------------------------

--
-- Table structure for table `academic_classhistory_status`
--

CREATE TABLE IF NOT EXISTS `academic_classhistory_status` (
  `classhistory_status_id` tinyint(2) NOT NULL,
  `classhistory_status_title` varchar(30) NOT NULL,
  `classhistory_status_entry` datetime NOT NULL,
  `classhistory_status_entry_update` datetime NOT NULL,
  PRIMARY KEY (`classhistory_status_id`)
) ENGINE=InnoDB DEFAULT CHARSET=latin1;

--
-- Dumping data for table `academic_classhistory_status`
--

INSERT INTO `academic_classhistory_status` (`classhistory_status_id`, `classhistory_status_title`, `classhistory_status_entry`, `classhistory_status_entry_update`) VALUES
(1, 'Siswa Baru', '2012-11-10 08:21:23', '2012-11-10 08:21:26'),
(2, 'Pindahan', '2012-11-10 08:23:53', '2012-11-10 08:23:56'),
(3, 'Naik Kelas', '2012-11-10 08:24:08', '2012-11-10 08:24:11'),
(4, 'Akselerasi', '2012-11-10 08:24:45', '2012-11-10 08:24:47'),
(5, 'Mengulang', '2012-11-10 08:25:10', '2012-11-10 08:25:12'),
(6, 'Putus Sekolah', '2012-11-10 08:25:28', '2012-11-10 08:25:30');

-- --------------------------------------------------------

--
-- Table structure for table `academic_classroom`
--

CREATE TABLE IF NOT EXISTS `academic_classroom` (
  `classroom_id` tinyint(2) NOT NULL,
  `classroom_name` varchar(50) NOT NULL,
  `classroom_entry` datetime NOT NULL,
  `classroom_update` datetime NOT NULL,
  PRIMARY KEY (`classroom_id`)
) ENGINE=InnoDB DEFAULT CHARSET=latin1;

--
-- Dumping data for table `academic_classroom`
--

INSERT INTO `academic_classroom` (`classroom_id`, `classroom_name`, `classroom_entry`, `classroom_update`) VALUES
(1, 'A', '2012-10-07 22:14:37', '2012-10-07 22:14:43'),
(2, 'B', '2012-10-07 22:14:59', '2012-10-07 22:15:03'),
(3, 'C', '2012-10-07 22:15:15', '2012-10-07 22:15:22'),
(4, 'D', '2012-10-07 22:15:42', '2012-10-07 22:15:49'),
(5, 'E', '2012-10-07 22:16:20', '2012-10-07 22:16:31'),
(6, 'F', '2012-10-07 22:18:58', '2012-10-07 22:19:01'),
(7, 'G', '2012-10-07 22:19:16', '2012-10-07 22:19:18'),
(8, 'H', '2012-10-07 22:20:08', '2012-10-07 22:20:10');

-- --------------------------------------------------------

--
-- Table structure for table `academic_extracurricular`
--

CREATE TABLE IF NOT EXISTS `academic_extracurricular` (
  `extracurricular_id` tinyint(4) NOT NULL,
  `extracurricular_name` varchar(100) NOT NULL,
  `extracurricular_entry` date NOT NULL,
  `extracurricular_entry_update` date NOT NULL,
  PRIMARY KEY (`extracurricular_id`)
) ENGINE=InnoDB DEFAULT CHARSET=latin1;

--
-- Dumping data for table `academic_extracurricular`
--

INSERT INTO `academic_extracurricular` (`extracurricular_id`, `extracurricular_name`, `extracurricular_entry`, `extracurricular_entry_update`) VALUES
(1, 'Ketangkasang Office', '2012-12-14', '2012-12-14'),
(2, 'Robotika', '2012-12-14', '2012-12-14');

-- --------------------------------------------------------

--
-- Table structure for table `academic_extracurricular_coach_history`
--

CREATE TABLE IF NOT EXISTS `academic_extracurricular_coach_history` (
  `extracurricular_coach_history_id` varchar(12) NOT NULL,
  `extracurricular_coach_history_name` varchar(12) NOT NULL,
  `extracurricular_coach_history_field` tinyint(4) NOT NULL,
  `extracurricular_coach_history_period` tinyint(4) NOT NULL,
  `extracurricular_coach_history_totaltime` int(11) NOT NULL,
  `extracurricular_coach_history_entry` date NOT NULL,
  `extracurricular_coach_history_entry_update` date NOT NULL,
  PRIMARY KEY (`extracurricular_coach_history_id`),
  KEY `academic_extracurricular_coach_history_fk2` (`extracurricular_coach_history_field`),
  KEY `academic_extracurricular_coach_history_fk3` (`extracurricular_coach_history_period`),
  KEY `academic_extracurricular_coach_history_fk1` (`extracurricular_coach_history_name`)
) ENGINE=InnoDB DEFAULT CHARSET=latin1;

--
-- Dumping data for table `academic_extracurricular_coach_history`
--

INSERT INTO `academic_extracurricular_coach_history` (`extracurricular_coach_history_id`, `extracurricular_coach_history_name`, `extracurricular_coach_history_field`, `extracurricular_coach_history_period`, `extracurricular_coach_history_totaltime`, `extracurricular_coach_history_entry`, `extracurricular_coach_history_entry_update`) VALUES
('201212140001', '201212010049', 1, 1, 2, '2012-12-14', '2012-12-14');

-- --------------------------------------------------------

--
-- Table structure for table `academic_grade`
--

CREATE TABLE IF NOT EXISTS `academic_grade` (
  `grade_id` tinyint(2) NOT NULL,
  `grade_title` varchar(20) NOT NULL,
  `grade_name` varchar(20) NOT NULL,
  `grade_entry` datetime NOT NULL,
  `grade_entry_update` datetime NOT NULL,
  PRIMARY KEY (`grade_id`)
) ENGINE=InnoDB DEFAULT CHARSET=latin1;

--
-- Dumping data for table `academic_grade`
--

INSERT INTO `academic_grade` (`grade_id`, `grade_title`, `grade_name`, `grade_entry`, `grade_entry_update`) VALUES
(1, 'VII', 'Tujuh', '2012-10-07 22:12:55', '2012-10-07 22:12:59'),
(2, 'VIII', 'Delapan', '2012-10-07 22:13:04', '2012-10-07 22:13:11'),
(3, 'IX', 'Sembilan', '2012-10-07 22:13:15', '2012-10-07 22:13:19');

-- --------------------------------------------------------

--
-- Table structure for table `academic_mlc`
--

CREATE TABLE IF NOT EXISTS `academic_mlc` (
  `mlc_id` bigint(10) NOT NULL,
  `mlc_subject` tinyint(4) NOT NULL,
  `mlc_period` tinyint(4) NOT NULL,
  `mlc_grade` tinyint(2) NOT NULL,
  `mlc_value` int(4) NOT NULL,
  `mlc_entry` datetime NOT NULL,
  `mlc_entry_update` datetime NOT NULL,
  PRIMARY KEY (`mlc_id`),
  KEY `academic_mlc_fk1` (`mlc_subject`),
  KEY `academic_mlc_fk2` (`mlc_period`),
  KEY `academic_mlc_fk3` (`mlc_grade`)
) ENGINE=InnoDB DEFAULT CHARSET=latin1;

--
-- Dumping data for table `academic_mlc`
--

INSERT INTO `academic_mlc` (`mlc_id`, `mlc_subject`, `mlc_period`, `mlc_grade`, `mlc_value`, `mlc_entry`, `mlc_entry_update`) VALUES
(2012120001, 2, 1, 1, 78, '2012-12-14 03:22:42', '2012-12-14 03:22:42'),
(2012120002, 3, 1, 1, 78, '2012-12-14 03:22:42', '2012-12-14 03:22:42'),
(2012120003, 4, 1, 1, 76, '2012-12-14 03:22:42', '2012-12-14 03:22:42'),
(2012120004, 5, 1, 1, 76, '2012-12-14 03:22:42', '2012-12-14 03:22:42'),
(2012120005, 6, 1, 1, 75, '2012-12-14 03:22:42', '2012-12-14 03:22:42'),
(2012120006, 7, 1, 1, 76, '2012-12-14 03:22:42', '2012-12-14 03:22:42'),
(2012120007, 8, 1, 1, 76, '2012-12-14 03:22:42', '2012-12-14 03:22:42'),
(2012120008, 9, 1, 1, 78, '2012-12-14 03:22:42', '2012-12-14 03:22:42'),
(2012120009, 10, 1, 1, 75, '2012-12-14 03:22:42', '2012-12-14 03:22:42'),
(2012120010, 11, 1, 1, 77, '2012-12-14 03:22:42', '2012-12-14 03:22:42'),
(2012120011, 1, 1, 1, 78, '2012-12-14 03:22:42', '2012-12-14 03:22:42'),
(2012120012, 2, 1, 2, 80, '2012-12-14 03:22:42', '2012-12-14 03:22:42'),
(2012120013, 3, 1, 2, 78, '2012-12-14 03:22:43', '2012-12-14 03:22:43'),
(2012120014, 4, 1, 2, 76, '2012-12-14 03:22:43', '2012-12-14 03:22:43'),
(2012120015, 5, 1, 2, 76, '2012-12-14 03:22:43', '2012-12-14 03:22:43'),
(2012120016, 6, 1, 2, 75, '2012-12-14 03:22:43', '2012-12-14 03:22:43'),
(2012120017, 7, 1, 2, 76, '2012-12-14 03:22:43', '2012-12-14 03:22:43'),
(2012120018, 8, 1, 2, 76, '2012-12-14 03:22:43', '2012-12-14 03:22:43'),
(2012120019, 9, 1, 2, 78, '2012-12-14 03:22:43', '2012-12-14 03:22:43'),
(2012120020, 10, 1, 2, 75, '2012-12-14 03:22:43', '2012-12-14 03:22:43'),
(2012120021, 11, 1, 2, 77, '2012-12-14 03:22:43', '2012-12-14 03:22:43'),
(2012120022, 1, 1, 2, 78, '2012-12-14 03:22:43', '2012-12-14 03:22:43'),
(2012120023, 2, 1, 3, 85, '2012-12-14 03:22:43', '2012-12-14 03:22:43'),
(2012120024, 3, 1, 3, 78, '2012-12-14 03:22:43', '2012-12-14 03:22:43'),
(2012120025, 4, 1, 3, 76, '2012-12-14 03:22:43', '2012-12-14 03:22:43'),
(2012120026, 5, 1, 3, 76, '2012-12-14 03:22:43', '2012-12-14 03:22:43'),
(2012120027, 6, 1, 3, 90, '2012-12-14 03:22:43', '2012-12-14 03:22:43'),
(2012120028, 7, 1, 3, 76, '2012-12-14 03:22:43', '2012-12-14 03:22:43'),
(2012120029, 8, 1, 3, 76, '2012-12-14 03:22:43', '2012-12-14 03:22:43'),
(2012120030, 9, 1, 3, 78, '2012-12-14 03:22:43', '2012-12-14 03:22:43'),
(2012120031, 10, 1, 3, 75, '2012-12-14 03:22:43', '2012-12-14 03:22:43'),
(2012120032, 11, 1, 3, 77, '2012-12-14 03:22:43', '2012-12-14 03:22:43'),
(2012120033, 1, 1, 3, 78, '2012-12-14 03:22:43', '2012-12-14 03:22:43');

-- --------------------------------------------------------

--
-- Table structure for table `academic_period`
--

CREATE TABLE IF NOT EXISTS `academic_period` (
  `period_id` tinyint(4) NOT NULL,
  `period_years_start` int(4) unsigned NOT NULL,
  `period_years_end` int(4) unsigned NOT NULL,
  `period_status` tinyint(1) unsigned NOT NULL,
  `period_entry` datetime NOT NULL,
  `period_entry_update` datetime NOT NULL,
  PRIMARY KEY (`period_id`)
) ENGINE=InnoDB DEFAULT CHARSET=latin1;

--
-- Dumping data for table `academic_period`
--

INSERT INTO `academic_period` (`period_id`, `period_years_start`, `period_years_end`, `period_status`, `period_entry`, `period_entry_update`) VALUES
(1, 2012, 2013, 1, '2012-11-11 22:10:14', '2012-11-11 22:10:17'),
(2, 2013, 2014, 0, '2012-11-12 09:54:10', '2012-11-12 09:54:16');

-- --------------------------------------------------------

--
-- Table structure for table `academic_recapitulation_type`
--

CREATE TABLE IF NOT EXISTS `academic_recapitulation_type` (
  `recapitulation_type_id` tinyint(4) NOT NULL,
  `recapitulation_type_title` varchar(50) NOT NULL,
  `recapitulation_type_reference` varchar(50) NOT NULL,
  `recapitulation_type_entry` datetime NOT NULL,
  `recapitulation_type_entry_update` datetime NOT NULL,
  PRIMARY KEY (`recapitulation_type_id`)
) ENGINE=InnoDB DEFAULT CHARSET=latin1;

--
-- Dumping data for table `academic_recapitulation_type`
--

INSERT INTO `academic_recapitulation_type` (`recapitulation_type_id`, `recapitulation_type_title`, `recapitulation_type_reference`, `recapitulation_type_entry`, `recapitulation_type_entry_update`) VALUES
(1, 'Nilai Harian', '-', '2012-11-17 22:12:02', '2012-11-17 22:12:05'),
(2, 'Nilai Tugas', '-', '2012-11-17 22:11:57', '2012-11-17 22:12:00'),
(3, 'Nilai Sikap', '-', '2012-11-17 22:12:20', '2012-11-17 22:12:23'),
(4, 'Nilai UTS', '-', '2012-11-17 22:15:01', '2012-11-17 22:15:04'),
(5, 'Nilai Ulum', '-', '2012-11-17 22:18:24', '2012-11-17 22:18:27'),
(6, 'Absensi', '-', '2012-11-17 22:36:41', '2012-11-17 22:36:44');

-- --------------------------------------------------------

--
-- Table structure for table `academic_score`
--

CREATE TABLE IF NOT EXISTS `academic_score` (
  `score_id` bigint(20) unsigned NOT NULL,
  `score_period` tinyint(4) NOT NULL,
  `score_semester` tinyint(1) NOT NULL,
  `score_student` varchar(10) NOT NULL,
  `score_subject` tinyint(4) NOT NULL,
  `score_value` float unsigned NOT NULL,
  `score_entry` datetime NOT NULL,
  `score_update` datetime NOT NULL,
  `score_status` tinyint(1) unsigned NOT NULL,
  PRIMARY KEY (`score_id`),
  KEY `academic_score_fk3` (`score_student`),
  KEY `academic_score_fk5` (`score_status`),
  KEY `academic_score_fk2` (`score_semester`),
  KEY `academic_score_fk1` (`score_period`),
  KEY `academic_score_fk4` (`score_subject`)
) ENGINE=InnoDB DEFAULT CHARSET=latin1;

-- --------------------------------------------------------

--
-- Table structure for table `academic_score_attitude`
--

CREATE TABLE IF NOT EXISTS `academic_score_attitude` (
  `score_attitude_id` varchar(12) NOT NULL,
  `score_attitude_value` float NOT NULL,
  `score_attitude_student` varchar(10) NOT NULL,
  `score_attitude_period` tinyint(4) NOT NULL,
  `score_attitude_semester` tinyint(4) NOT NULL,
  `score_attitude_subject` tinyint(4) NOT NULL,
  `score_attitude_entry` datetime NOT NULL,
  `score_attitude_entry_update` datetime NOT NULL,
  PRIMARY KEY (`score_attitude_id`),
  KEY `academic_score_attitude_fk1` (`score_attitude_student`),
  KEY `academic_score_attitude_fk2` (`score_attitude_period`),
  KEY `academic_score_attitude_fk3` (`score_attitude_semester`),
  KEY `academic_score_attitude_fk4` (`score_attitude_subject`)
) ENGINE=InnoDB DEFAULT CHARSET=latin1;

--
-- Dumping data for table `academic_score_attitude`
--

INSERT INTO `academic_score_attitude` (`score_attitude_id`, `score_attitude_value`, `score_attitude_student`, `score_attitude_period`, `score_attitude_semester`, `score_attitude_subject`, `score_attitude_entry`, `score_attitude_entry_update`) VALUES
('201212130001', 95, '121307001', 1, 1, 2, '2012-12-13 19:28:58', '2012-12-13 21:12:12'),
('201212130002', 85, '121307002', 1, 1, 2, '2012-12-13 20:34:06', '2012-12-13 21:12:12'),
('201212130003', 50, '121307003', 1, 1, 2, '2012-12-13 20:34:06', '2012-12-13 21:12:12'),
('201212130004', 85, '121307005', 1, 1, 2, '2012-12-13 20:34:06', '2012-12-13 21:12:12'),
('201212130005', 85, '121307006', 1, 1, 2, '2012-12-13 20:34:06', '2012-12-13 21:12:12'),
('201212130006', 85, '121307007', 1, 1, 2, '2012-12-13 20:34:06', '2012-12-13 21:12:12'),
('201212130007', 15, '121307008', 1, 1, 2, '2012-12-13 20:34:06', '2012-12-13 21:12:12'),
('201212130008', 85, '121307009', 1, 1, 2, '2012-12-13 20:34:07', '2012-12-13 21:12:12'),
('201212130009', 85, '121307010', 1, 1, 2, '2012-12-13 20:34:07', '2012-12-13 21:12:12'),
('201212130010', 85, '121307011', 1, 1, 2, '2012-12-13 20:34:07', '2012-12-13 21:12:12'),
('201212130011', 85, '121307012', 1, 1, 2, '2012-12-13 20:34:07', '2012-12-13 21:12:12'),
('201212130012', 85, '121307013', 1, 1, 2, '2012-12-13 20:34:07', '2012-12-13 21:12:12'),
('201212130013', 85, '121307014', 1, 1, 2, '2012-12-13 20:34:07', '2012-12-13 21:12:12'),
('201212130014', 85, '121307015', 1, 1, 2, '2012-12-13 20:34:07', '2012-12-13 21:12:12'),
('201212130015', 85, '121307016', 1, 1, 2, '2012-12-13 20:34:07', '2012-12-13 21:12:12'),
('201212130016', 85, '121307017', 1, 1, 2, '2012-12-13 20:34:07', '2012-12-13 21:12:12'),
('201212130017', 85, '121307018', 1, 1, 2, '2012-12-13 20:34:07', '2012-12-13 21:12:12'),
('201212130018', 85, '121307019', 1, 1, 2, '2012-12-13 20:34:07', '2012-12-13 21:12:12'),
('201212130019', 85, '121307020', 1, 1, 2, '2012-12-13 20:34:07', '2012-12-13 21:12:12'),
('201212130020', 85, '121307021', 1, 1, 2, '2012-12-13 20:34:07', '2012-12-13 21:12:12'),
('201212130021', 85, '121307022', 1, 1, 2, '2012-12-13 20:34:07', '2012-12-13 21:12:12'),
('201212130022', 85, '121307004', 1, 1, 2, '2012-12-13 20:34:07', '2012-12-13 21:12:12'),
('201212130023', 85, '121307023', 1, 1, 2, '2012-12-13 20:34:07', '2012-12-13 21:12:12'),
('201212130024', 85, '121307024', 1, 1, 2, '2012-12-13 20:34:07', '2012-12-13 21:12:12'),
('201212130025', 85, '121307025', 1, 1, 2, '2012-12-13 20:34:07', '2012-12-13 21:12:12'),
('201212130026', 85, '121307026', 1, 1, 2, '2012-12-13 20:34:07', '2012-12-13 21:12:12'),
('201212130027', 85, '121307027', 1, 1, 2, '2012-12-13 20:34:07', '2012-12-13 21:12:12'),
('201212130028', 85, '121307028', 1, 1, 2, '2012-12-13 20:34:07', '2012-12-13 21:12:12'),
('201212130029', 85, '121307029', 1, 1, 2, '2012-12-13 20:34:07', '2012-12-13 21:12:12'),
('201212130030', 80, '121307030', 1, 1, 2, '2012-12-13 20:34:07', '2012-12-13 21:12:12');

-- --------------------------------------------------------

--
-- Table structure for table `academic_score_daily`
--

CREATE TABLE IF NOT EXISTS `academic_score_daily` (
  `score_daily_id` varchar(12) NOT NULL,
  `score_daily_student` varchar(10) NOT NULL,
  `score_daily_period` tinyint(4) NOT NULL,
  `score_daily_semester` tinyint(1) NOT NULL,
  `score_daily_value` float NOT NULL,
  `score_daily_competence` varchar(12) NOT NULL,
  `score_daily_type` tinyint(1) NOT NULL,
  `score_daily_entry` datetime NOT NULL,
  `score_daily_entry_update` datetime NOT NULL,
  PRIMARY KEY (`score_daily_id`),
  KEY `academic_score_daily_fk1` (`score_daily_type`),
  KEY `academic_score_daily_fk5` (`score_daily_student`),
  KEY `academic_score_daily_fk6` (`score_daily_semester`),
  KEY `academic_score_daily_fk3` (`score_daily_period`),
  KEY `academic_score_daily_fk2` (`score_daily_competence`)
) ENGINE=InnoDB DEFAULT CHARSET=latin1;

--
-- Dumping data for table `academic_score_daily`
--

INSERT INTO `academic_score_daily` (`score_daily_id`, `score_daily_student`, `score_daily_period`, `score_daily_semester`, `score_daily_value`, `score_daily_competence`, `score_daily_type`, `score_daily_entry`, `score_daily_entry_update`) VALUES
('201212080001', '121307001', 1, 1, 80, '201212060001', 1, '2012-12-13 11:32:25', '2012-12-13 17:06:58'),
('201212080002', '121307002', 1, 1, 85, '201212060001', 1, '2012-12-13 11:32:26', '2012-12-13 17:06:58'),
('201212080003', '121307003', 1, 1, 86, '201212060001', 1, '2012-12-13 11:32:26', '2012-12-13 17:06:58'),
('201212080004', '121307005', 1, 1, 83, '201212060001', 1, '2012-12-13 11:32:26', '2012-12-13 17:06:58'),
('201212080005', '121307006', 1, 1, 80, '201212060001', 1, '2012-12-13 11:32:26', '2012-12-13 17:06:58'),
('201212080006', '121307007', 1, 1, 80, '201212060001', 1, '2012-12-13 11:32:26', '2012-12-13 17:06:58'),
('201212080007', '121307008', 1, 1, 88, '201212060001', 1, '2012-12-13 11:32:26', '2012-12-13 17:06:58'),
('201212080008', '121307009', 1, 1, 78, '201212060001', 1, '2012-12-13 11:32:26', '2012-12-13 17:06:58'),
('201212080009', '121307010', 1, 1, 80, '201212060001', 1, '2012-12-13 11:32:26', '2012-12-13 17:06:58'),
('201212080010', '121307011', 1, 1, 80, '201212060001', 1, '2012-12-13 11:32:26', '2012-12-13 17:06:58'),
('201212080011', '121307012', 1, 1, 80, '201212060001', 1, '2012-12-13 11:32:26', '2012-12-13 17:06:58'),
('201212080012', '121307013', 1, 1, 80, '201212060001', 1, '2012-12-13 11:32:26', '2012-12-13 17:06:58'),
('201212080013', '121307014', 1, 1, 80, '201212060001', 1, '2012-12-13 11:32:26', '2012-12-13 17:06:58'),
('201212080014', '121307015', 1, 1, 80, '201212060001', 1, '2012-12-13 11:32:26', '2012-12-13 17:06:58'),
('201212080015', '121307016', 1, 1, 80, '201212060001', 1, '2012-12-13 11:32:26', '2012-12-13 17:06:58'),
('201212080016', '121307017', 1, 1, 66, '201212060001', 1, '2012-12-13 11:32:26', '2012-12-13 17:06:58'),
('201212080017', '121307018', 1, 1, 66, '201212060001', 1, '2012-12-13 11:32:26', '2012-12-13 17:06:58'),
('201212080018', '121307019', 1, 1, 66, '201212060001', 1, '2012-12-13 11:32:26', '2012-12-13 17:06:58'),
('201212080019', '121307020', 1, 1, 66, '201212060001', 1, '2012-12-13 11:32:26', '2012-12-13 17:06:58'),
('201212080020', '121307021', 1, 1, 66, '201212060001', 1, '2012-12-13 11:32:26', '2012-12-13 17:06:58'),
('201212080021', '121307022', 1, 1, 71, '201212060001', 1, '2012-12-13 11:32:26', '2012-12-13 17:06:58'),
('201212080022', '121307004', 1, 1, 71, '201212060001', 1, '2012-12-13 11:32:26', '2012-12-13 17:06:58'),
('201212080023', '121307023', 1, 1, 71, '201212060001', 1, '2012-12-13 11:32:26', '2012-12-13 17:06:58'),
('201212080024', '121307024', 1, 1, 71, '201212060001', 1, '2012-12-13 11:32:26', '2012-12-13 17:06:58'),
('201212080025', '121307025', 1, 1, 71, '201212060001', 1, '2012-12-13 11:32:26', '2012-12-13 17:06:58'),
('201212080026', '121307026', 1, 1, 71, '201212060001', 1, '2012-12-13 11:32:26', '2012-12-13 17:06:58'),
('201212080027', '121307027', 1, 1, 71, '201212060001', 1, '2012-12-13 11:32:26', '2012-12-13 17:06:58'),
('201212080028', '121307028', 1, 1, 78, '201212060001', 1, '2012-12-13 11:32:26', '2012-12-13 17:06:58'),
('201212080029', '121307029', 1, 1, 79, '201212060001', 1, '2012-12-13 11:32:26', '2012-12-13 17:06:58'),
('201212080030', '121307030', 1, 1, 81, '201212060001', 1, '2012-12-13 11:32:26', '2012-12-13 17:06:58');

-- --------------------------------------------------------

--
-- Table structure for table `academic_score_extracurricular`
--

CREATE TABLE IF NOT EXISTS `academic_score_extracurricular` (
  `score_extracurricular_id` varchar(12) NOT NULL,
  `score_extracurricular_student` varchar(10) NOT NULL,
  `score_extracurricular_value` char(1) NOT NULL COMMENT 'nilai diisi dengan huruf',
  `score_extracurricular` tinyint(4) NOT NULL,
  `score_extracurricular_period` tinyint(4) NOT NULL,
  `score_extracurricular_semester` tinyint(1) NOT NULL,
  `score_extracurricular_entry` datetime NOT NULL,
  `score_extracurricular_entry_update` datetime NOT NULL,
  PRIMARY KEY (`score_extracurricular_id`),
  KEY `academic_score_extracurricular_fk1` (`score_extracurricular`),
  KEY `academic_score_extracurricular_fk3` (`score_extracurricular_semester`),
  KEY `academic_score_extracurricular_fk2` (`score_extracurricular_period`),
  KEY `academic_score_extracurricular_fk4` (`score_extracurricular_student`)
) ENGINE=InnoDB DEFAULT CHARSET=latin1;

--
-- Dumping data for table `academic_score_extracurricular`
--

INSERT INTO `academic_score_extracurricular` (`score_extracurricular_id`, `score_extracurricular_student`, `score_extracurricular_value`, `score_extracurricular`, `score_extracurricular_period`, `score_extracurricular_semester`, `score_extracurricular_entry`, `score_extracurricular_entry_update`) VALUES
('201212140001', '121307001', 'B', 1, 1, 1, '2012-12-14 00:59:16', '2012-12-14 00:59:19');

-- --------------------------------------------------------

--
-- Table structure for table `academic_score_final`
--

CREATE TABLE IF NOT EXISTS `academic_score_final` (
  `score_final_id` varchar(12) NOT NULL,
  `score_final_student` varchar(10) NOT NULL,
  `score_final_subject` tinyint(4) NOT NULL,
  `score_final_period` tinyint(4) NOT NULL,
  `score_final_semester` tinyint(1) NOT NULL,
  `score_final_value` float NOT NULL,
  `score_final_type` tinyint(1) NOT NULL,
  `score_final_entry` datetime NOT NULL,
  `score_final_entry_update` datetime NOT NULL,
  PRIMARY KEY (`score_final_id`),
  KEY `academic_score_final_fk1` (`score_final_student`),
  KEY `academic_score_final_fk4` (`score_final_semester`),
  KEY `academic_score_final_fk5` (`score_final_type`),
  KEY `academic_score_final_fk3` (`score_final_period`),
  KEY `academic_score_final_fk2` (`score_final_subject`)
) ENGINE=InnoDB DEFAULT CHARSET=latin1;

--
-- Dumping data for table `academic_score_final`
--

INSERT INTO `academic_score_final` (`score_final_id`, `score_final_student`, `score_final_subject`, `score_final_period`, `score_final_semester`, `score_final_value`, `score_final_type`, `score_final_entry`, `score_final_entry_update`) VALUES
('201212130001', '121307001', 2, 1, 1, 88, 1, '2012-12-13 23:41:53', '2012-12-14 00:17:40'),
('201212130002', '121307002', 2, 1, 1, 82, 1, '2012-12-13 23:57:52', '2012-12-14 00:17:40'),
('201212130003', '121307003', 2, 1, 1, 82, 1, '2012-12-13 23:57:53', '2012-12-14 00:17:40'),
('201212130004', '121307005', 2, 1, 1, 82, 1, '2012-12-13 23:57:53', '2012-12-14 00:17:40'),
('201212130005', '121307006', 2, 1, 1, 82, 1, '2012-12-13 23:57:53', '2012-12-14 00:17:40'),
('201212130006', '121307007', 2, 1, 1, 82, 1, '2012-12-13 23:57:53', '2012-12-14 00:17:40'),
('201212130007', '121307008', 2, 1, 1, 82, 1, '2012-12-13 23:57:53', '2012-12-14 00:17:40'),
('201212130008', '121307009', 2, 1, 1, 82, 1, '2012-12-13 23:57:53', '2012-12-14 00:17:40'),
('201212130009', '121307010', 2, 1, 1, 82, 1, '2012-12-13 23:57:53', '2012-12-14 00:17:40'),
('201212130010', '121307011', 2, 1, 1, 82, 1, '2012-12-13 23:57:53', '2012-12-14 00:17:40'),
('201212130011', '121307012', 2, 1, 1, 82, 1, '2012-12-13 23:57:53', '2012-12-14 00:17:40'),
('201212130012', '121307013', 2, 1, 1, 82, 1, '2012-12-13 23:57:53', '2012-12-14 00:17:40'),
('201212130013', '121307014', 2, 1, 1, 82, 1, '2012-12-13 23:57:53', '2012-12-14 00:17:40'),
('201212130014', '121307015', 2, 1, 1, 82, 1, '2012-12-13 23:57:53', '2012-12-14 00:17:40'),
('201212130015', '121307016', 2, 1, 1, 82, 1, '2012-12-13 23:57:53', '2012-12-14 00:17:40'),
('201212130016', '121307017', 2, 1, 1, 90, 1, '2012-12-13 23:57:53', '2012-12-14 00:17:40'),
('201212130017', '121307018', 2, 1, 1, 82, 1, '2012-12-13 23:57:53', '2012-12-14 00:17:40'),
('201212130018', '121307019', 2, 1, 1, 82, 1, '2012-12-13 23:57:53', '2012-12-14 00:17:40'),
('201212130019', '121307020', 2, 1, 1, 82, 1, '2012-12-13 23:57:53', '2012-12-14 00:17:40'),
('201212130020', '121307021', 2, 1, 1, 82, 1, '2012-12-13 23:57:53', '2012-12-14 00:17:40'),
('201212130021', '121307022', 2, 1, 1, 88, 1, '2012-12-13 23:57:53', '2012-12-14 00:17:40'),
('201212130022', '121307004', 2, 1, 1, 82, 1, '2012-12-13 23:57:53', '2012-12-14 00:17:40'),
('201212130023', '121307023', 2, 1, 1, 82, 1, '2012-12-13 23:57:53', '2012-12-14 00:17:40'),
('201212130024', '121307024', 2, 1, 1, 82, 1, '2012-12-13 23:57:53', '2012-12-14 00:17:40'),
('201212130025', '121307025', 2, 1, 1, 82, 1, '2012-12-13 23:57:53', '2012-12-14 00:17:40'),
('201212130026', '121307026', 2, 1, 1, 82, 1, '2012-12-13 23:57:53', '2012-12-14 00:17:40'),
('201212130027', '121307027', 2, 1, 1, 82, 1, '2012-12-13 23:57:53', '2012-12-14 00:17:40'),
('201212130028', '121307028', 2, 1, 1, 82, 1, '2012-12-13 23:57:53', '2012-12-14 00:17:40'),
('201212130029', '121307029', 2, 1, 1, 82, 1, '2012-12-13 23:57:53', '2012-12-14 00:17:40'),
('201212130030', '121307030', 2, 1, 1, 78, 1, '2012-12-13 23:57:53', '2012-12-14 00:17:40');

-- --------------------------------------------------------

--
-- Table structure for table `academic_score_mid`
--

CREATE TABLE IF NOT EXISTS `academic_score_mid` (
  `score_mid_id` varchar(12) NOT NULL,
  `score_mid_value` float NOT NULL,
  `score_mid_student` varchar(10) NOT NULL,
  `score_mid_period` tinyint(4) NOT NULL,
  `score_mid_semester` tinyint(1) NOT NULL,
  `score_mid_subject` tinyint(4) NOT NULL,
  `score_mid_entry` datetime NOT NULL,
  `score_mid_entry_update` datetime NOT NULL,
  PRIMARY KEY (`score_mid_id`),
  KEY `academic_score_mid_fk1` (`score_mid_student`),
  KEY `academic_score_mid_fk2` (`score_mid_period`),
  KEY `academic_score_mid_fk3` (`score_mid_semester`),
  KEY `academic_score_mid_fk4` (`score_mid_subject`)
) ENGINE=InnoDB DEFAULT CHARSET=latin1;

--
-- Dumping data for table `academic_score_mid`
--

INSERT INTO `academic_score_mid` (`score_mid_id`, `score_mid_value`, `score_mid_student`, `score_mid_period`, `score_mid_semester`, `score_mid_subject`, `score_mid_entry`, `score_mid_entry_update`) VALUES
('201212130001', 90, '121307001', 1, 1, 2, '2012-12-13 21:57:30', '2012-12-13 22:54:56'),
('201212130002', 80, '121307002', 1, 1, 2, '2012-12-13 22:36:57', '2012-12-13 22:54:56'),
('201212130003', 85, '121307003', 1, 1, 2, '2012-12-13 22:36:57', '2012-12-13 22:54:56'),
('201212130004', 80, '121307005', 1, 1, 2, '2012-12-13 22:36:57', '2012-12-13 22:54:56'),
('201212130005', 78, '121307006', 1, 1, 2, '2012-12-13 22:36:57', '2012-12-13 22:54:56'),
('201212130006', 80, '121307007', 1, 1, 2, '2012-12-13 22:36:57', '2012-12-13 22:54:56'),
('201212130007', 80, '121307008', 1, 1, 2, '2012-12-13 22:36:57', '2012-12-13 22:54:56'),
('201212130008', 60, '121307009', 1, 1, 2, '2012-12-13 22:36:57', '2012-12-13 22:54:56'),
('201212130009', 80, '121307010', 1, 1, 2, '2012-12-13 22:36:57', '2012-12-13 22:54:56'),
('201212130010', 55, '121307011', 1, 1, 2, '2012-12-13 22:36:57', '2012-12-13 22:54:56'),
('201212130011', 80, '121307012', 1, 1, 2, '2012-12-13 22:36:57', '2012-12-13 22:54:56'),
('201212130012', 80, '121307013', 1, 1, 2, '2012-12-13 22:36:57', '2012-12-13 22:54:56'),
('201212130013', 80, '121307014', 1, 1, 2, '2012-12-13 22:36:57', '2012-12-13 22:54:56'),
('201212130014', 80, '121307015', 1, 1, 2, '2012-12-13 22:36:57', '2012-12-13 22:54:56'),
('201212130015', 80, '121307016', 1, 1, 2, '2012-12-13 22:36:57', '2012-12-13 22:54:56'),
('201212130016', 80, '121307017', 1, 1, 2, '2012-12-13 22:36:57', '2012-12-13 22:54:56'),
('201212130017', 80, '121307018', 1, 1, 2, '2012-12-13 22:36:57', '2012-12-13 22:54:56'),
('201212130018', 80, '121307019', 1, 1, 2, '2012-12-13 22:36:57', '2012-12-13 22:54:56'),
('201212130019', 80, '121307020', 1, 1, 2, '2012-12-13 22:36:58', '2012-12-13 22:54:56'),
('201212130020', 80, '121307021', 1, 1, 2, '2012-12-13 22:36:58', '2012-12-13 22:54:56'),
('201212130021', 80, '121307022', 1, 1, 2, '2012-12-13 22:36:58', '2012-12-13 22:54:56'),
('201212130022', 80, '121307004', 1, 1, 2, '2012-12-13 22:36:58', '2012-12-13 22:54:56'),
('201212130023', 80, '121307023', 1, 1, 2, '2012-12-13 22:36:58', '2012-12-13 22:54:56'),
('201212130024', 80, '121307024', 1, 1, 2, '2012-12-13 22:36:58', '2012-12-13 22:54:56'),
('201212130025', 80, '121307025', 1, 1, 2, '2012-12-13 22:36:58', '2012-12-13 22:54:56'),
('201212130026', 80, '121307026', 1, 1, 2, '2012-12-13 22:36:58', '2012-12-13 22:54:56'),
('201212130027', 80, '121307027', 1, 1, 2, '2012-12-13 22:36:58', '2012-12-13 22:54:56'),
('201212130028', 80, '121307028', 1, 1, 2, '2012-12-13 22:36:58', '2012-12-13 22:54:56'),
('201212130029', 80, '121307029', 1, 1, 2, '2012-12-13 22:36:58', '2012-12-13 22:54:56'),
('201212130030', 68, '121307030', 1, 1, 2, '2012-12-13 22:36:58', '2012-12-13 22:54:56');

-- --------------------------------------------------------

--
-- Table structure for table `academic_score_percentase`
--

CREATE TABLE IF NOT EXISTS `academic_score_percentase` (
  `score_percentase_id` varchar(12) NOT NULL,
  `score_percentase_recap` tinyint(4) DEFAULT NULL,
  `score_percentase_teacher` varchar(12) DEFAULT NULL,
  `score_percentase_subject` tinyint(4) NOT NULL,
  `score_percentase_grade` tinyint(2) NOT NULL,
  `score_percentase_period` tinyint(4) NOT NULL,
  `score_percentase_semester` tinyint(1) NOT NULL,
  `score_percentase_value` float NOT NULL,
  `score_percentase_entry` datetime NOT NULL,
  `score_percentase_entry_update` datetime NOT NULL,
  PRIMARY KEY (`score_percentase_id`),
  KEY `academic_score_percentase_fk1` (`score_percentase_recap`),
  KEY `academic_score_percentase_fk2` (`score_percentase_teacher`),
  KEY `academic_score_percentase_fk3` (`score_percentase_subject`),
  KEY `academic_score_percentase_fk4` (`score_percentase_grade`),
  KEY `academic_score_percentase_fk5` (`score_percentase_period`),
  KEY `academic_score_percentase_fk6` (`score_percentase_semester`)
) ENGINE=InnoDB DEFAULT CHARSET=latin1;

-- --------------------------------------------------------

--
-- Table structure for table `academic_score_status`
--

CREATE TABLE IF NOT EXISTS `academic_score_status` (
  `score_status_id` tinyint(1) unsigned NOT NULL,
  `score_status_title` varchar(20) NOT NULL,
  PRIMARY KEY (`score_status_id`)
) ENGINE=InnoDB DEFAULT CHARSET=latin1;

-- --------------------------------------------------------

--
-- Table structure for table `academic_score_task`
--

CREATE TABLE IF NOT EXISTS `academic_score_task` (
  `score_task_id` varchar(12) NOT NULL,
  `score_task_value` float NOT NULL,
  `score_task_student` varchar(10) NOT NULL,
  `score_task_description` varchar(12) NOT NULL,
  `score_task_entry` datetime NOT NULL,
  `score_task_entry_update` datetime NOT NULL,
  PRIMARY KEY (`score_task_id`),
  KEY `academic_score_task_fk1` (`score_task_student`),
  KEY `academic_score_task_fk2` (`score_task_description`)
) ENGINE=InnoDB DEFAULT CHARSET=latin1;

--
-- Dumping data for table `academic_score_task`
--

INSERT INTO `academic_score_task` (`score_task_id`, `score_task_value`, `score_task_student`, `score_task_description`, `score_task_entry`, `score_task_entry_update`) VALUES
('201212130002', 60, '121307001', '201212130001', '2012-12-13 13:36:42', '2012-12-13 17:49:41'),
('201212130003', 85, '121307002', '201212130001', '2012-12-13 13:36:42', '2012-12-13 17:49:41'),
('201212130004', 80, '121307003', '201212130001', '2012-12-13 13:36:42', '2012-12-13 17:49:41'),
('201212130005', 80, '121307005', '201212130001', '2012-12-13 13:36:42', '2012-12-13 17:49:41'),
('201212130006', 90, '121307006', '201212130001', '2012-12-13 13:36:42', '2012-12-13 17:49:41'),
('201212130007', 78, '121307007', '201212130001', '2012-12-13 13:36:42', '2012-12-13 17:49:41'),
('201212130008', 78, '121307008', '201212130001', '2012-12-13 13:36:42', '2012-12-13 17:49:41'),
('201212130009', 70, '121307009', '201212130001', '2012-12-13 13:36:42', '2012-12-13 17:49:41'),
('201212130010', 80, '121307010', '201212130001', '2012-12-13 13:36:42', '2012-12-13 17:49:41'),
('201212130011', 80, '121307011', '201212130001', '2012-12-13 13:36:42', '2012-12-13 17:49:41'),
('201212130012', 80, '121307012', '201212130001', '2012-12-13 13:36:43', '2012-12-13 17:49:41'),
('201212130013', 50, '121307013', '201212130001', '2012-12-13 13:36:43', '2012-12-13 17:49:41'),
('201212130014', 80, '121307014', '201212130001', '2012-12-13 13:36:43', '2012-12-13 17:49:41'),
('201212130015', 80, '121307015', '201212130001', '2012-12-13 13:36:43', '2012-12-13 17:49:41'),
('201212130016', 80, '121307016', '201212130001', '2012-12-13 13:36:43', '2012-12-13 17:49:41'),
('201212130017', 80, '121307017', '201212130001', '2012-12-13 13:36:43', '2012-12-13 17:49:41'),
('201212130018', 80, '121307018', '201212130001', '2012-12-13 13:36:43', '2012-12-13 17:49:41'),
('201212130019', 80, '121307019', '201212130001', '2012-12-13 13:36:43', '2012-12-13 17:49:41'),
('201212130020', 80, '121307020', '201212130001', '2012-12-13 13:36:43', '2012-12-13 17:49:41'),
('201212130021', 80, '121307021', '201212130001', '2012-12-13 13:36:43', '2012-12-13 17:49:41'),
('201212130022', 80, '121307022', '201212130001', '2012-12-13 13:36:43', '2012-12-13 17:49:41'),
('201212130023', 80, '121307004', '201212130001', '2012-12-13 13:36:43', '2012-12-13 17:49:41'),
('201212130024', 80, '121307023', '201212130001', '2012-12-13 13:36:43', '2012-12-13 17:49:41'),
('201212130025', 80, '121307024', '201212130001', '2012-12-13 13:36:43', '2012-12-13 17:49:41'),
('201212130026', 80, '121307025', '201212130001', '2012-12-13 13:36:43', '2012-12-13 17:49:41'),
('201212130027', 80, '121307026', '201212130001', '2012-12-13 13:36:43', '2012-12-13 17:49:41'),
('201212130028', 80, '121307027', '201212130001', '2012-12-13 13:36:43', '2012-12-13 17:49:41'),
('201212130029', 80, '121307028', '201212130001', '2012-12-13 13:36:43', '2012-12-13 17:49:41'),
('201212130030', 80, '121307029', '201212130001', '2012-12-13 13:36:43', '2012-12-13 17:49:41'),
('201212130031', 91, '121307030', '201212130001', '2012-12-13 13:36:43', '2012-12-13 17:49:41');

-- --------------------------------------------------------

--
-- Table structure for table `academic_score_type`
--

CREATE TABLE IF NOT EXISTS `academic_score_type` (
  `score_type_id` tinyint(1) NOT NULL,
  `score_type_symbol` char(1) DEFAULT NULL,
  `score_type_description` varchar(20) NOT NULL,
  PRIMARY KEY (`score_type_id`)
) ENGINE=InnoDB DEFAULT CHARSET=latin1;

--
-- Dumping data for table `academic_score_type`
--

INSERT INTO `academic_score_type` (`score_type_id`, `score_type_symbol`, `score_type_description`) VALUES
(1, 'T', 'Teori'),
(2, 'P', 'Praktikum'),
(3, 'R', 'Remedial');

-- --------------------------------------------------------

--
-- Table structure for table `academic_semester`
--

CREATE TABLE IF NOT EXISTS `academic_semester` (
  `semester_id` tinyint(1) NOT NULL,
  `semester_name` varchar(20) NOT NULL,
  PRIMARY KEY (`semester_id`)
) ENGINE=InnoDB DEFAULT CHARSET=latin1;

--
-- Dumping data for table `academic_semester`
--

INSERT INTO `academic_semester` (`semester_id`, `semester_name`) VALUES
(1, 'Semester 1'),
(2, 'Semester 2');

-- --------------------------------------------------------

--
-- Table structure for table `academic_student`
--

CREATE TABLE IF NOT EXISTS `academic_student` (
  `student_nis` varchar(10) NOT NULL,
  `student_name` varchar(100) NOT NULL,
  `student_gender` tinyint(1) NOT NULL,
  `student_nisn` varchar(10) DEFAULT NULL,
  `student_nik` varchar(16) DEFAULT NULL,
  `student_birthplace` varchar(250) NOT NULL,
  `student_birthdate` date NOT NULL,
  `student_religion` tinyint(2) NOT NULL,
  `student_religionother` varchar(50) DEFAULT NULL,
  `student_residance` tinyint(2) NOT NULL,
  `student_residanceother` varchar(50) DEFAULT NULL,
  `student_address` varchar(200) NOT NULL,
  `student_rt` varchar(3) DEFAULT NULL,
  `student_rw` varchar(3) DEFAULT NULL,
  `student_village` varchar(50) DEFAULT NULL,
  `student_subdisctrict` varchar(50) DEFAULT NULL,
  `student_city` int(11) NOT NULL,
  `student_zipcode` varchar(6) DEFAULT NULL,
  `student_distance` tinyint(2) DEFAULT NULL,
  `student_distanceother` float unsigned DEFAULT NULL,
  `student_transportation` tinyint(2) NOT NULL,
  `student_phonenumber1` varchar(12) DEFAULT NULL,
  `student_phonenumber2` varchar(12) DEFAULT NULL,
  `student_email` varchar(50) DEFAULT NULL,
  `student_height` float unsigned DEFAULT NULL,
  `student_weight` float unsigned DEFAULT NULL,
  `student_specialneeds` tinyint(2) NOT NULL,
  `student_pin` varchar(4) DEFAULT NULL,
  `student_entry` datetime NOT NULL,
  `student_entry_update` datetime NOT NULL,
  `student_status` tinyint(2) unsigned NOT NULL,
  PRIMARY KEY (`student_nis`),
  KEY `academic_student_fk6` (`student_city`),
  KEY `academic_student_fk5` (`student_specialneeds`),
  KEY `academic_student_fk4` (`student_residance`),
  KEY `academic_student_fk1` (`student_gender`),
  KEY `academic_student_fk2` (`student_religion`),
  KEY `academic_student_fk3` (`student_transportation`),
  KEY `academic_student_fk7` (`student_distance`)
) ENGINE=InnoDB DEFAULT CHARSET=latin1;

--
-- Dumping data for table `academic_student`
--

INSERT INTO `academic_student` (`student_nis`, `student_name`, `student_gender`, `student_nisn`, `student_nik`, `student_birthplace`, `student_birthdate`, `student_religion`, `student_religionother`, `student_residance`, `student_residanceother`, `student_address`, `student_rt`, `student_rw`, `student_village`, `student_subdisctrict`, `student_city`, `student_zipcode`, `student_distance`, `student_distanceother`, `student_transportation`, `student_phonenumber1`, `student_phonenumber2`, `student_email`, `student_height`, `student_weight`, `student_specialneeds`, `student_pin`, `student_entry`, `student_entry_update`, `student_status`) VALUES
('101107001', 'ADITYA MUHAMMAD ROBBANI NUGRAHA', 1, '9985953828', '321312506987476', 'BANDUNG', '1998-06-15', 1, '', 1, '', 'Jln. Ciseuti No. 6', '30', '10', 'Curugrendeng', '', 19, '41281', 2, 20, 3, '0260 471475', '082126108298', '', 135, 50, 1, NULL, '2012-11-29 23:19:28', '2012-11-29 23:19:28', 1),
('101107002', 'AHMAD NURHUDA', 1, '9956073343', '3213192308980004', 'SUBANG', '1998-08-23', 1, '', 1, '', 'Jln. Raya Tanjungwangi No. 54', '04', '02', 'Tanjungwangi', '', 19, '41286', 2, 5, 3, '0260 422185', '085723215609', 'anurhuda60@yahoo.com', 166, 64, 1, NULL, '2012-11-29 23:19:29', '2012-11-29 23:19:29', 1),
('101107003', 'AISYAH KHAIRUNNISA', 2, '9977659754', '3213034609970008', 'BATAM', '1997-09-06', 1, '', 1, '', 'BTN Ciheuleut Blok A5 No. 52', '45', '14', 'Pasirkareumbi', '', 19, '41214', 2, 2, 2, '', '0811155683', 'aisyah.shay97@yahoo.com', 164, 47, 1, NULL, '2012-11-29 23:19:27', '2012-11-29 23:19:27', 1),
('101107004', 'ALTAFIYANI RAHMATIKA', 2, '9987817637', '3213035501980004', 'SUBANG', '1998-01-15', 1, '', 1, '', 'BTN Ciheuleut Blok A3 No. 48', '45', '14', 'Pasirkareumbi', '', 19, '41214', 2, 2, 3, '0260 414746', '083816020660', 'altaf_tika@yahoo.co.id', 161, 40, 1, NULL, '2012-11-29 23:19:28', '2012-11-29 23:19:28', 1),
('101107005', 'ANNISA REVIKA YULYANTY SOLAHUDIN', 2, '9980882976', '3213034507980007', 'SUBANG', '1998-07-05', 1, '', 1, '', 'Sukaresmi No. 16', '13', '04', 'Soklat', '', 19, '41215', 1, 0, 2, '0260 421655', '08987174603', 'revika.annisa@yahoo.co.id', 153, 43, 1, NULL, '2012-11-29 23:19:28', '2012-11-29 23:19:28', 1),
('101107007', 'EGIN RAHMAT GINANJAR', 1, '9980882450', '3213032903007940', 'SUBANG', '1998-08-17', 1, '', 1, '', 'BTN Subang Jaya Blok J No. 7', '40', '10', 'Karanganyar', '', 19, '41211', 1, 0, 2, '0260 412118', '085222436778', 'egin_bogin@yahoo.com', 170, 49, 1, NULL, '2012-11-29 23:19:31', '2012-11-29 23:19:31', 1),
('101107008', 'EXCELLENT DEMOLKA P', 1, '9988274052', '3213031104980936', 'SUBANG', '1998-04-11', 2, '', 1, '', 'Apel 3 No. 16 Perumnas', '79', '22', 'Karanganyar', '', 19, '41211', 2, 2, 2, '', '08157107840', 'excellence_demolka@yahoo.com', 163, 55, 1, NULL, '2012-11-29 23:19:31', '2012-11-29 23:19:31', 1),
('101107009', 'FARAH SHINTA DEWI', 2, '9981695442', '', 'BANDUNG', '1998-06-11', 1, '', 1, '', 'Jln. Sutaatmaja Gg. Tongkeng 3 No. 31', '', '', 'Karanganyar', '', 19, '41211', 1, 0, 7, '', '0818662658', 'farahshinta98@yahoo.com', 163, 46, 1, NULL, '2012-11-29 23:19:31', '2012-11-29 23:19:31', 1),
('101107010', 'GANIS ADIS SIDDIK', 1, '9987795338', '', 'BANDUNG', '1998-09-23', 1, '', 1, '', 'Blok Mekarwangi', '73', '14', 'Cigadung', '', 19, '41213', 2, 3, 3, '', '089630530707', 'ganisadis@yahoo.com', 145, 32, 1, NULL, '2012-11-29 23:19:26', '2012-11-29 23:19:26', 1),
('101107011', 'GINA ELGAWATY', 2, '9987796110', '3213035004980014', 'SUBANG', '1998-04-10', 1, '', 1, '', 'Jln. Raya Cimanggu No. 22', '01', '11', 'Parung', '', 19, '41251', 2, 3, 2, '0260 416781', '0811219769', 'elgawattyg@yahoo.co.id', 142, 50, 1, NULL, '2012-11-29 23:19:30', '2012-11-29 23:19:30', 1),
('101107012', 'HANA SETIAWATI HERMAWAN', 2, '9987816437', '3213034901980006', 'SUBANG', '1998-01-09', 1, '', 1, '', 'Jln. MT Haryono No. 48 Abimanyu', '26', '06', 'Cigadung', '', 19, '41213', 2, 2, 3, '', '081313006635', 'hanasetiawati29@yahoo.co.id', 158, 35, 1, NULL, '2012-11-29 23:19:30', '2012-11-29 23:19:30', 1),
('101107013', 'HILDA MAULIDA AMANI', 2, '9987817625', '', 'SUBANG', '1998-07-14', 1, '', 1, '', 'BTN Ciheuleut B5 No. 61 Jln. Kinanti', '40', '13', 'Pasirkareumbi', '', 19, '41214', 2, 2, 2, '0260 412276', '08122101318', 'hildamaulida82@ymail.com', 160, 56, 1, NULL, '2012-11-29 23:19:28', '2012-11-29 23:19:28', 1),
('101107014', 'ILMI ADHA ISTIQOMAH', 2, '9987795828', '', 'SUBANG', '1998-04-07', 1, '', 1, '', 'Jln. Letjen Soeprapto Gg. Kancra No. 33', '04', '01', 'Soklat', '', 19, '41215', 1, 0, 1, '', '085221463256', 'aikoarishima@yahoo.co.id', 158, 42, 1, NULL, '2012-11-29 23:19:29', '2012-11-29 23:19:29', 1),
('101107015', 'KOBIE AULIA', 1, '9985078949', '3213071805980019', 'SUBANG', '1998-05-18', 1, '', 1, '', 'Kp. Mekar Sari', '02', '06', 'Gambarsari', '', 19, '41252', 2, 18, 3, '0260 452125', '081321881198', 'kobieaulia@yahoo.co.id', 160, 64, 1, NULL, '2012-11-29 23:19:27', '2012-11-29 23:19:27', 1),
('101107016', 'LISANA DEVIANTI BAGYAWAN', 2, '9985813667', '', 'SUBANG', '1998-10-22', 1, '', 1, '', 'Jln. Cijambe', '03', '06', 'Cijambe', '', 19, '41286', 2, 9, 3, '0260 7422744', '082128248242', 'lisanabagyawan@ymail.com', 153, 49, 1, NULL, '2012-11-29 23:19:29', '2012-11-29 23:19:29', 1),
('101107017', 'MUHAMAD RAKA MUNGGARAN', 1, '9980447625', '3213038207960004', 'SUBANG', '1998-07-22', 1, '', 1, '', 'Jln. S. Parman', '25', '07', 'Soklat', '', 19, '41215', 1, 0, 2, '', '089670448849', '', 160, 40, 1, NULL, '2012-11-29 23:19:32', '2012-11-29 23:19:32', 1),
('101107018', 'NURMAULIDA FADILAH', 2, '9991444755', '', 'PURWAKARTA', '1998-07-06', 1, '', 1, '', 'Blok Malandang No. 220', '20', '04', 'Cigadung', '', 19, '41213', 1, 0, 7, '0260 414890', '', 'nurmaulidafadilah@yahoo.com', 157, 43, 1, NULL, '2012-11-29 23:19:29', '2012-11-29 23:19:29', 1),
('101107019', 'NURUL ALIFFA', 2, '9981149734', '3213170901080055', 'SUBANG', '1998-09-06', 1, '', 1, '', 'BTN Griya Cinangsi Blok C No. 351', '21', '07', 'Cinangsi', '', 19, '41200', 2, 5, 2, '', '', 'nurulaliffa@ymail.com', 160, 43, 1, NULL, '2012-11-29 23:19:30', '2012-11-29 23:19:30', 1),
('101107020', 'PANDU FORDIANTORO EKOPRAWIRA', 1, '9987795331', '3213032407980007', 'BANDUNG', '1998-07-24', 1, '', 1, '', 'Jln. Kinanti B5 No. 69 BTN Ciheuleut', '40', '13', 'Pasirkareumbi', '', 19, '41214', 2, 2, 2, '0260 412415', '', '', 160, 45, 1, NULL, '2012-11-29 23:19:30', '2012-11-29 23:19:30', 1),
('101107021', 'RANDY KUSTIWA KOESMA', 1, '9985952394', '101107021', 'BANDUNG', '1998-06-29', 1, '', 1, '', 'Gg. Dulatif No. 13', '07', '02', 'Ciater', '', 19, '41281', 2, 26, 2, '0260 7423343', '087779777936', 'randykoesma@yahoo.com', 170, 70, 1, NULL, '2012-11-29 23:19:27', '2012-11-29 23:19:27', 1),
('101107022', 'RIKY SETIAWAN', 1, '9987816002', '3213303300306479', 'SUBANG', '1998-05-15', 1, '', 1, '', 'Jln. D Kertawigenda Gg. Astrajingga No. 33', '37', '09', 'Cigadung', '', 19, '41213', 1, 0, 3, '0260 414971', '', '', 147, 40, 1, NULL, '2012-11-29 23:19:30', '2012-11-29 23:19:30', 1),
('101107023', 'RIRIN ASFARINA DZIKRILLAH', 2, '9987796703', '3213036405880007', 'SUBANG', '1998-05-24', 1, '', 1, '', 'BTN Pondok Gede', '20', '05', 'Dangdeur', '', 19, '41212', 2, 2, 2, '0260 414938', '087828240646', 'asfarinaririn@yahoo.co.id', 151, 52, 1, NULL, '2012-11-29 23:19:28', '2012-11-29 23:19:28', 1),
('101107024', 'ROSSE PRADINI DWI LESTARI', 2, '9987817621', '3213034411980011', 'SUBANG', '1998-11-04', 1, '', 1, '', 'Jln. RA. Kartini No. 20', '', '', 'Pasirkareumbi', '', 19, '41214', 2, 4, 2, '0260 411859', '08122327845', 'rossepradinidwilestari@yahoo.com', 150, 47, 1, NULL, '2012-11-29 23:19:30', '2012-11-29 23:19:30', 1),
('101107025', 'SANDRA DWI RAHMANDHITA', 2, '9991444632', '', 'SUBANG', '1999-01-24', 1, '', 1, '', 'Jln. Pramuka Palabuan No. 1', '03', '07', 'Sukamelang', '', 19, '41200', 2, 3, 2, '0260 416511', '089630530500', 'sandra_dwi24@yahoo.co.id', 160, 57, 1, NULL, '2012-11-29 23:19:29', '2012-11-29 23:19:29', 1),
('101107026', 'VEMBRIAS NGAYUGA', 1, '9977939106', '101107026', 'SUBANG', '1997-11-01', 1, '', 1, '', 'Jln. DI. Panjaitan Sukasari', '17', '05', 'Soklat', '', 19, '41215', 2, 2, 2, '', '081220276090', 'vembriasn@yahoo.com', 164, 50, 1, NULL, '2012-11-29 23:19:31', '2012-11-29 23:19:31', 1),
('101107027', 'VIA EVANDA', 2, '9985474857', '3213266612990003', 'SUBANG', '1998-12-26', 1, '', 1, '', 'Bojongloa', '05', '01', 'Bojongloa', '', 19, '41200', 2, 26, 3, '', '08997094288', 'viaevanda@rocketmail.com', 158, 45, 1, NULL, '2012-11-29 23:19:27', '2012-11-29 23:19:27', 1),
('101107029', 'WAHIDDAHTUN NISA HAQE', 2, '9987795016', '3213036612980014', 'SUBANG', '1998-12-26', 1, '', 1, '', 'Jln. Sompi', '12', '03', 'Cigadung', '', 19, '41213', 1, 0, 3, '', '', 'wahiddahtunnisa@ymail.com', 150, 37, 1, NULL, '2012-11-29 23:19:28', '2012-11-29 23:19:28', 1),
('101107030', 'WANDA YUDHA PRATAMA', 1, '9987817639', '3213031802980007', 'SUBANG', '1998-02-18', 1, '', 1, '', 'BTN Ciheuleut Indah B13 No. 254', '44', '14', 'Pasirkareumbi', '', 19, '41214', 2, 2, 2, '0260 414598', '087828006892', 'yudha_dhienz@yahoo.com', 178, 98, 1, NULL, '2012-11-29 23:19:32', '2012-11-29 23:19:32', 1),
('101107031', 'AJENG ROSSA PUSPITA', 2, '9987794156', '', 'SUBANG', '1998-08-26', 1, '', 1, '', 'Jln. MT. Haryono No. 70', '06', '25', 'Cigadung', '', 19, '41213', 2, 2, 2, '0260 412687', '08562371164', 'ajen_rossa@yahoo.co.id', 153, 41, 1, NULL, '2012-11-29 23:19:26', '2012-11-29 23:19:26', 1),
('101107032', 'ALA RAI ABDIALLAH', 1, '9987816010', '3213032806980006', 'SUBANG', '1998-06-28', 1, '', 1, '', 'Perumahan Depag No. 255', '35', '08', 'Cigadung', '', 19, '41213', 1, 0, 2, '0260 412273', '08122103030', '', 160, 53, 1, NULL, '2012-11-29 23:19:30', '2012-11-29 23:19:30', 1),
('101107033', 'ARI ABDUL MAJID', 1, '9976272852', '3213290511970005', 'SUBANG', '1997-11-05', 1, '', 1, '', 'Kp. Palasari', '12', '03', 'Palasari', '', 19, '41281', 2, 16, 3, '0260 471477', '', 'saung.bulao@yahoo.co.id', 160, 43, 1, NULL, '2012-11-29 23:19:30', '2012-11-29 23:19:30', 1),
('101107034', 'AZKHIYA PERMATA JULIA', 2, '9988350919', '', 'SUBANG', '1998-04-03', 1, '', 1, '', 'Jln. Sompi No. 56', '08', '16', 'Cigadung', '', 19, '41213', 1, 0, 2, '0260 412170', '087760855066', 'azkiajulia@yahoo.co.id', 158, 36, 1, NULL, '2012-11-29 23:19:29', '2012-11-29 23:19:29', 1),
('101107035', 'BALVA FAUSTIN GUMELAR', 2, '9987817629', '', 'BOGOR', '1998-07-17', 1, '', 1, '', 'BTN Ciheuleut Blok B2 No. 219', '42', '14', 'Pasirkareumbi', '', 19, '41214', 1, 0, 2, '0260 417446', '085323520836', 'alexandria.silverias@yahoo.com', 156, 40, 1, NULL, '2012-11-29 23:19:31', '2012-11-29 23:19:31', 1),
('101107036', 'CIKAL FATHIRACHMAN', 1, '9977939044', '', 'SUBANG', '1997-12-05', 1, '', 1, '', 'Jln. KH. Dewantara No. 9 ', '22', '05', 'Dangdeur', '', 19, '41212', 2, 3, 3, '', '081322049191', '', 167, 46, 1, NULL, '2012-11-29 23:19:27', '2012-11-29 23:19:27', 1),
('101107037', 'DEWI GITA WULANDARI', 2, '9985795919', '', 'BEKASI', '1998-09-06', 1, '', 1, '', 'Kp. Binawarga', '09', '03', 'Kalijati Timur', '', 19, '41271', 2, 15, 3, '', '081214936993', 'degitaw@gmail.com', 155, 33, 1, NULL, '2012-11-29 23:19:31', '2012-11-29 23:19:31', 1),
('101107038', 'FATWA ADINANINGSIH MARETA', 2, '9981649255', '3213031802090003', 'WONOSOBO', '1998-03-30', 1, '', 1, '', 'Kp. Palabuan No. 169', '03', '07', 'Sukamelang', '', 19, '41251', 2, 3, 2, '', '081320011789', 'maretareta3003@gmail.com', 153, 43, 1, NULL, '2012-11-29 23:19:26', '2012-11-29 23:19:26', 1),
('101107039', 'FIRMAN SETIA NUGRAHA', 1, '9984071079', '3603053007980002', 'SUBANG', '1998-07-30', 1, '', 1, '', 'Sukawarna', '05', '01', 'Cigadung', '', 19, '41213', 1, 0, 3, '', '081314430141', 'f.nugraha3098@yahoo.co.id', 165, 45, 1, NULL, '2012-11-29 23:19:29', '2012-11-29 23:19:29', 1),
('101107040', 'GHAZIADIENIAR RACHMA ZAIDHANI', 2, '9971047306', '', 'TANGERANG', '1998-09-07', 1, '', 1, '', 'Jln. Pejuang 45 Gg. H. Sulaeman 2 Blok B No. 19', '13', '48', 'Karanganyar', '', 19, '41211', 1, 0, 2, '0260 417837', '085721696457', 'gziadhani@gmail.com', 156, 45, 1, NULL, '2012-11-29 23:19:26', '2012-11-29 23:19:26', 1),
('101107041', 'GINA NURYUSTIKA RIZAL', 2, '9987795071', '', 'SUBANG', '1998-08-22', 1, '', 1, '', 'Karanganyar', '09', '03', 'Karanganyar', '', 19, '41211', 1, 0, 2, '', '082128249285', 'gina_nuryustika@yahoo.com', 163, 52, 1, NULL, '2012-11-29 23:19:28', '2012-11-29 23:19:28', 1),
('101107042', 'HANDINI RAKHMA SUJONO', 2, '9987870809', '3213034204985919', 'KALIMANTAN', '1998-04-02', 1, '', 1, '', 'Bumi Abdi Praja Jln. Bhineka 4', '16', '59', 'Sukamelang', '', 19, '41200', 2, 5, 6, '', '087760604540', 'purple_uply@yahoo.com', 163, 49, 1, NULL, '2012-11-29 23:19:28', '2012-11-29 23:19:28', 1),
('101107043', 'HANI HALIMAH FAUZANI', 2, '9988274073', '', 'SUBANG', '1998-06-24', 1, '', 1, '', 'Jln. Apel Raya No. 54', '79', '22', 'Karanganyar', '', 19, '41211', 2, 3, 3, '', '', '', 150, 50, 1, NULL, '2012-11-29 23:19:28', '2012-11-29 23:19:28', 1),
('101107044', 'HENDRA WIGUNA JAYUSMAN', 1, '9998157579', '', 'SUBANG', '1999-01-09', 1, '', 1, '', 'Blok Wera Jaya ', '28', '07', 'Dangdeur', '', 19, '41212', 2, 5, 2, '', '089639967778', 'hendraelfjayusman@gmail.com', 163, 45, 1, NULL, '2012-11-29 23:19:28', '2012-11-29 23:19:28', 1),
('101107045', 'M. ANDZAR ANSHORI', 1, '9998178288', '3213031503990001', 'SUBANG', '1999-03-15', 1, '', 1, '', 'Sukajaya', '53', '02', 'Dangdeur', '', 19, '41212', 2, 5, 2, '', '081320596881', 'zhar_andzar@yahoo.com', 153, 43, 1, NULL, '2012-11-29 23:19:27', '2012-11-29 23:19:27', 1),
('101107046', 'MAHARDINI NASTITI SANTOSO', 2, '9980882452', '3213172703060253', 'BANDUNG', '1998-08-19', 1, '', 1, '', 'BTN Griya Cinangsi Asri Blok C No. 255', '', '', 'Cinangsi', '', 19, '41200', 2, 5, 2, '0260 421349', '081384136792', 'mahardini_putry@rocketmail.com', 167, 63, 1, NULL, '2012-11-29 23:19:32', '2012-11-29 23:19:32', 1),
('101107047', 'MAYANG APSARI', 2, '9980882831', '', 'SUBANG', '1998-01-03', 1, '', 1, '', 'Palabuan No. 190', '03', '07', 'Sukamelang', '', 19, '41251', 2, 3, 2, '', '081321462337', '', 150, 40, 1, NULL, '2012-11-29 23:19:27', '2012-11-29 23:19:27', 1),
('101107048', 'MUHAMMAD AGUNG NULHAKIM', 1, '9985192812', '3213011104980001', 'SUBANG', '1998-04-11', 1, '', 1, '', 'Kp. Suniaraja', '07', '03', 'Sagalaherang Kaler', '', 19, '41282', 2, 21, 2, '', '087828308925', 'nulhakim_a@yahoo.co.id', 165, 48, 1, NULL, '2012-11-29 23:19:27', '2012-11-29 23:19:27', 1),
('101107049', 'MUHAMMAD RAFIF MUZAKY', 1, '9988274064', '3213031205980005', 'ACEH', '1998-05-12', 1, '', 1, '', 'Jln. Apel V No. 27 Blok 1 Perumnas', '82', '23', 'Karanganyar', '', 19, '41211', 2, 2, 2, '0260 420014', '087722263353', 'rafif_muzaki@yahoo.co.id', 169, 58, 1, NULL, '2012-11-29 23:19:30', '2012-11-29 23:19:30', 1),
('101107050', 'MUHAMMAD RIDWAN AULIA', 1, '9987795821', '', 'SUBANG', '1998-02-09', 1, '', 1, '', 'Jln. Otista Gg. Cendrawasih No. 45', '07', '02', 'Soklat', '', 19, '41215', 1, 0, 1, '', '081322632895', '', 160, 48, 1, NULL, '2012-11-29 23:19:28', '2012-11-29 23:19:28', 1),
('101107051', 'NAFISA PUTRI', 2, '9980882979', '', 'BANDUNG', '1998-08-14', 1, '', 1, '', 'Jln. Nusa Indah No. 7 Sukarahayu', '19', '72', 'Karanganyar', '', 19, '41211', 2, 2, 2, '0260 414068', '081322494347', 'nafisap@rocketmail.com', 169, 45, 1, NULL, '2012-11-29 23:19:27', '2012-11-29 23:19:27', 1),
('101107052', 'NURCHOLISH FAUZI', 1, '9988677044', '', 'SUBANG', '1999-01-17', 1, '', 1, '', 'Perumnas Blok 2', '80', '22', 'Karanganyar', '', 19, '41211', 2, 3, 3, '', '085220919999', 'mitcholish@yahoo.com', 173, 60, 1, NULL, '2012-11-29 23:19:29', '2012-11-29 23:19:29', 1),
('101107053', 'NURUL ULFA LACUBA', 2, '9985092509', '32130478233', 'SUBANG', '1998-10-15', 1, '', 1, '', 'Cisuri', '06', '03', 'Margahayu', '', 19, '41200', 2, 17, 3, '', '085315123669', 'ulfa_latjuba@ymail.com', 159, 48, 1, NULL, '2012-11-29 23:19:32', '2012-11-29 23:19:32', 1),
('101107054', 'NYNSCA SHALSABILA SAFITRI ISKANDAR P.', 2, '9991444735', '3273185801990002', 'BANDUNG', '1999-01-18', 1, '', 1, '', 'Blok. Sawo No. 66 ', '06', '02', 'Purwadadi Timur', '', 19, '41261', 2, 32, 2, '', '08122009237', 'nynscashalsabila@yahoo.co.id', 152, 60, 1, NULL, '2012-11-29 23:19:29', '2012-11-29 23:19:29', 1),
('101107055', 'OCHY NANDIA ROSIANDANI', 2, '9988274079', '', 'SUBANG', '1998-08-09', 1, '', 1, '', 'Jln. Otista No. 97', '94', '26', 'Karanganyar', '', 19, '41211', 2, 2, 2, '', '085861598778', 'nandiao95@yahoo.co.id', 152, 45, 1, NULL, '2012-11-29 23:19:30', '2012-11-29 23:19:30', 1),
('101107056', 'RAMADHANI BARKAH', 1, '9985532709', '', 'SUBANG', '1998-04-25', 1, '', 1, '', 'Komplek Pondok Gede', '20', '05', 'Dangdeur', '', 19, '41212', 2, 3, 3, '0260 418094', '082130987593', '', 170, 45, 1, NULL, '2012-11-29 23:19:30', '2012-11-29 23:19:30', 1),
('101107057', 'ROHMAT TAUFIK PRATAMA', 1, '9988398839', '', 'BANDUNG', '1998-08-27', 1, '', 1, '', 'Jln. Jaksa I No. 6 Sukajaya', '50', '13', 'Sukamelang', '', 19, '41200', 2, 3, 3, '', '087760802737', '', 150, 36, 1, NULL, '2012-11-29 23:19:32', '2012-11-29 23:19:32', 1),
('101107058', 'SOFIE NURFADILA', 2, '9987796693', '3213034203980015', 'SUBANG', '1998-03-02', 1, '', 1, '', 'Jln. KH. Dewantara No. 37', '42', '05', 'Dangdeur', '', 19, '41212', 2, 3, 2, '0260 7423180', '087760583679', 'fadilasofie@gmail.com', 164, 50, 1, NULL, '2012-11-29 23:19:29', '2012-11-29 23:19:29', 1),
('101107059', 'VINA IRMAWATI', 2, '9988334083', '3213035102880010', 'SUBANG', '1998-05-22', 1, '', 1, '', 'Kp. Cibuluh Wetan', '08', '03', 'Parung', '', 19, '41251', 2, 5, 2, '', '085321989288', 'irmawati.vina@yahoo.com', 160, 48, 1, NULL, '2012-11-29 23:19:31', '2012-11-29 23:19:31', 1),
('101107060', 'VIRA ANNIZAR NURFATIMAH TALITA PUTRI WIJAYA', 2, '9998157680', '', 'SUBANG', '1999-09-25', 1, '', 1, '', 'Perumahan Surya Cigadung', '84', '23', 'Cigadung', '', 19, '41213', 2, 2, 2, '', '087760655971', '', 176, 45, 1, NULL, '2012-11-29 23:19:32', '2012-11-29 23:19:32', 1),
('101107061', 'AGNES SUSANTO', 2, '9991444740', '3213035603990003', 'SUBANG', '1999-03-16', 1, '', 1, '', 'Jln. Apel Raya No. 1 Blok 2 Perumnas', '81', '22', 'Karanganyar', '', 19, '41211', 2, 2, 3, '0260 415547', '087726851801', 'agnes_susanto55@yahoo.com', 139, 33, 1, NULL, '2012-11-29 23:19:29', '2012-11-29 23:19:29', 1),
('101107062', 'ALDO DWI PRAVIASTO', 1, '9980882973', '3213170804051909', 'JAKARTA', '1998-05-11', 1, '', 1, '', 'BTN Bunka B8 No. 3', '19', '06', 'Cinangsi', '', 19, '41285', 2, 6, 2, '', '083816371036', 'aldodwipraviasto@yahoo.co.id', 170, 60, 1, NULL, '2012-11-29 23:19:31', '2012-11-29 23:19:31', 1),
('101107063', 'DHEANNA PUTRI SHAFA RACHMAWATI', 2, '9980882457', '3213036112970003', 'SUBANG', '1997-12-21', 1, '', 1, '', 'Jln. Otista', '01', '01', 'Soklat', '', 19, '41215', 1, 0, 1, '', '081572041500', '', 150, 40, 1, NULL, '2012-11-29 23:19:26', '2012-11-29 23:19:26', 1),
('101107064', 'EMILIA VANDA YOVANI GAOS', 2, '9985458339', '3213126305980004', 'SURABAYA', '1998-05-23', 1, '', 1, '', 'Kp. Sindang Sari', '07', '03', 'Cijambe', '', 19, '41200', 2, 20, 3, '', '085222832173', 'emiliagaos@yahoo.co.id', 165, 45, 1, NULL, '2012-11-29 23:19:28', '2012-11-29 23:19:28', 1),
('101107065', 'FAKHRI WALIYYUDDIN NUGRAHA', 1, '9980882433', '3213031405980010', 'SUBANG', '1998-05-14', 1, '', 1, '', 'BTN Subang Jaya J2', '40', '10', 'Karanganyar', '', 19, '41211', 1, 0, -1, '0260 414655', '081312407195', '', 159, 36, 1, NULL, '2012-11-29 23:19:32', '2012-11-29 23:19:32', 1),
('101107066', 'GHEA SUGAR AULYA', 2, '9998855571', '3013032803064986', 'SUBANG', '1999-10-02', 1, '', 1, '', 'Graha Subang Kencana 1 C12', '81', '19', 'Cigadung', '', 19, '41213', 2, 2, 2, '', '081320718860', 'dwivaloveghea@yahoo.co.id', 153, 43, 1, NULL, '2012-11-29 23:19:28', '2012-11-29 23:19:28', 1),
('101107067', 'GIANAJ HERMAWAN FAHIRA', 1, '9980245928', '3213030110980017', 'SUBANG', '1998-10-01', 1, '', 1, '', 'BTN Ciheuleut Blok A/7 No. 75', '45', '14', 'Pasirkareumbi', '', 19, '41214', 2, 2, 2, '0260 411378', '085793404841', 'gianajhermawanfahira@yahoo.co.id', 160, 41, 1, NULL, '2012-11-29 23:19:28', '2012-11-29 23:19:28', 1),
('101107068', 'HANNA DESTIA NURAIDA', 2, '9988274031', '3213032903064981', 'SUBANG', '1999-01-01', 1, '', 1, '', 'Jln. Otista Gg. Plamboyan No. 5', '90', '25', 'Karanganyar', '', 19, '41211', 2, 2, 3, '', '085221534733', 'hanna.destia@yahoo.com', 167, 50, 1, NULL, '2012-11-29 23:19:27', '2012-11-29 23:19:27', 1),
('101107069', 'HILYA AINI', 2, '9985090373', '', 'SUBANG', '1998-04-04', 1, '', 1, '', 'Pagaden Barat', '', '', 'Bendungan', '', 19, '41200', 2, 15, 3, '', '', 'ainihilya@ymail.com', 155, 50, 1, NULL, '2012-11-29 23:19:28', '2012-11-29 23:19:28', 1),
('101107070', 'HITNES MUHARRAM', 1, '9988274059', '3213030305980005', 'SUBANG', '1998-05-03', 1, '', 1, '', 'Jln. Dukuh Raya No. 132 Perumnas Blok. 6', '43', '08', 'Sukamelang', '', 19, '41251', 2, 2, 2, '0260 415502', '085315488898', 'lekdok_guanteng@yahoo.com', 170, 48, 1, NULL, '2012-11-29 23:19:30', '2012-11-29 23:19:30', 1),
('101107071', 'IDANG JIMARA', 1, '9977936002', '', 'SUBANG', '1998-04-14', 1, '', 1, '', 'Ds. Cidahu', '04', '02', 'Cidahu', '', 19, '41200', 2, 5, 2, '', '', 'idangjimara@ymail.com', 160, 50, 1, NULL, '2012-11-29 23:19:26', '2012-11-29 23:19:26', 1),
('101107072', 'JODY FURQON SANJAYA', 1, '9987817612', '3213033110980011', 'SUBANG', '1998-10-31', 1, '', 1, '', 'Bumi Abdi Negara Jln Voli No. 112', '16', '06', 'Pasirkareumbi', '', 19, '41214', 2, 3, 3, '', '087760782112', 'jodyfurqon@yahoo.com', 169, 45, 1, NULL, '2012-11-29 23:19:29', '2012-11-29 23:19:29', 1),
('101107074', 'MADIHA RABBANIA SHALIHA', 2, '9971048034', '3213034812973123', 'SUBANG', '1997-12-08', 1, '', 1, '', 'RSS. Sidodadi A. 233', '49', '15', 'Pasirkareumbi', '', 19, '41214', 2, 3, 2, '0260 7422966', '085295522110', 'madiharabbania@yahoo.com', 150, 45, 1, NULL, '2012-11-29 23:19:29', '2012-11-29 23:19:29', 1),
('101107075', 'MIEKE REJEKI', 2, '9988274045', '3213034303980017', 'SUBANG', '1998-03-03', 1, '', 1, '', 'Jln. Sawo Raya Blok 2 No. 3', '80', '22', 'Karanganyar', '', 19, '41211', 2, 2, 2, '', '087760818232', 'mieke_rejeki@yahoo.co.id', 150, 40, 1, NULL, '2012-11-29 23:19:31', '2012-11-29 23:19:31', 1),
('101107077', 'MOCHAMAD SALMAN TAZAKA', 1, '9980882970', '3213031104980006', 'SUBANG', '1998-04-11', 1, '', 1, '', 'Jln. Otista No. 55', '33', '10', 'Karanganyar', '', 19, '41211', 1, 0, 2, '0260 9143030', '08997871386', 'moch.salmantazaka@yahoo.co.id', 163, 50, 1, NULL, '2012-11-29 23:19:32', '2012-11-29 23:19:32', 1),
('101107079', 'MUTIARA KANTIKA', 2, '9987795831', '3213035604950001', 'SUBANG', '1998-05-18', 1, '', 1, '', 'Jln. Kapten Hanafiah', '88', '27', 'Karanganyar', '', 19, '41211', 2, 3, 2, '', '085318098042', 'mutiarakantika@yahoo.co.id', 164, 59, 1, NULL, '2012-11-29 23:19:29', '2012-11-29 23:19:29', 1),
('101107080', 'NABILA AYUDYA MAHARANI', 2, '9980883097', '', 'SUBANG', '1998-12-29', 1, '', 1, '', 'Jln. Anggur Raya Blok 4 No. 7', '', '', 'Karanganyar', '', 19, '41211', 1, 0, 2, '', '085221106227', 'bila.dodot@yahoo.com', 145, 43, 1, NULL, '2012-11-29 23:19:32', '2012-11-29 23:19:32', 1),
('101107081', 'NADYA PARAMITHA', 2, '9985192805', '3213012601051850', 'SUBANG', '1998-01-22', 1, '', 1, '', 'Jln. Pertigaan Mande No. 39', '18', '03', 'Sagalaherang Kaler', '', 19, '41282', 2, 21, 3, '0260 470446', '081221114230', 'nadya_marchyn@yahoo.com', 156, 50, 1, NULL, '2012-11-29 23:19:32', '2012-11-29 23:19:32', 1),
('101107082', 'NURHALIZA FITRIYANTI', 2, '9987811040', '3213034402980008', 'SUBANG', '1998-02-04', 1, '', 1, '', 'RSS. Sidodadi B384', '48', '15', 'Pasirkareumbi', '', 19, '41214', 2, 3, 2, '0260 7423019', '085860319732', 'nurhaliza_fitriyanti@yahoo.com', 150, 50, 1, NULL, '2012-11-29 23:19:29', '2012-11-29 23:19:29', 1),
('101107083', 'NURUL MUSTOFA', 2, '9980882781', '3213035601980003', 'SUBANG', '1998-01-16', 1, '', 1, '', 'Jln. Otista Gg. Balingbing No. 66', '94', '26', 'Karanganyar', '', 19, '41211', 2, 2, 3, '', '08172310025', 'mjjnurul@yahoo.co.id', 158, 48, 1, NULL, '2012-11-29 23:19:30', '2012-11-29 23:19:30', 1),
('101107084', 'PRILI UTAMI HERTIANTI', 2, '9987794152', '', 'SUBANG', '1998-06-14', 1, '', 1, '', 'Jln. MT. Haryono', '26', '06', 'Cigadung', '', 19, '41213', 1, 0, 3, '', '', 'prili_utami14@yahoo.com', 160, 50, 1, NULL, '2012-11-29 23:19:30', '2012-11-29 23:19:30', 1),
('101107085', 'RIESYA NUR FEBRIYANI', 2, '9998158573', '3213034302990009', 'SUBANG', '1999-02-03', 1, '', 1, '', 'Griya Pesona Praja Blok B4 No. 1', '19', '06', 'Cinangsi', '', 19, '41285', 2, 3, 2, '', '085224756770', 'reisya.nurfebriyani@yahoo.com', 165, 46, 1, NULL, '2012-11-29 23:19:26', '2012-11-29 23:19:26', 1),
('101107086', 'RIZKI NUGRAHA', 1, '9985814922', '', 'SUBANG', '1998-10-15', 1, '', 1, '', 'Jln. Pejuang 45 Gg. H. Sulaeman 1', '48', '13', 'Karanganyar', '', 19, '41211', 1, 0, 2, '', '085323504530', 'nugraharizki76@yahoo.co.id', 157, 41, 1, NULL, '2012-11-29 23:19:27', '2012-11-29 23:19:27', 1),
('101107087', 'SEPTI AULIZA REFOLINDA', 2, '9980882981', '3212014309980001', 'SUBANG', '1998-09-03', 1, '', 1, '', 'Ds. Pangsor Bantarwaru', '10', '04', 'Bantarwaru', '', 19, '45200', 2, 18, 3, '', '087722020416', 'septidelenabieber@yahoo.co.id', 143, 38, 1, NULL, '2012-11-29 23:19:28', '2012-11-29 23:19:28', 1),
('101107088', 'WIDYA PUTRI SEPTIANI', 2, '9966651610', '3213136309980001', 'SUBANG', '1998-09-23', 1, '', 1, '', 'Jln. Kapten Hanafiah No. 7', '92', '26', 'Karanganyar', '', 19, '41211', 2, 3, 3, '', '085759025469', 'widyaputriseptiani@yahoo.co.id', 155, 48, 1, NULL, '2012-11-29 23:19:31', '2012-11-29 23:19:31', 1),
('101107089', 'WINA FAJRIATIN', 2, '9987870822', '3213033003062943', 'SUBANG', '1998-10-03', 1, '', 1, '', 'Sukarahayu', '70', '19', 'Karanganyar', '', 19, '41211', 2, 2, 2, '', '085224954440', 'winatico310@yahoo.com', 155, 35, 1, NULL, '2012-11-29 23:19:29', '2012-11-29 23:19:29', 1),
('101107090', 'ZYWA PRATAMA NUGRAHA', 1, '9987795979', '3213031102980009', 'SUBANG', '1998-02-11', 1, '', 1, '', 'Jln. H. Agussalim No. 51', '22', '05', 'Cigadung', '', 19, '41213', 1, 0, 1, '', '', 'zypratama@gmail.com', 154, 48, 1, NULL, '2012-11-29 23:19:26', '2012-11-29 23:19:26', 1),
('101107091', 'ADI AHMAD YASIN', 1, '9980882508', '3213180306986398', 'SUBANG', '1998-05-03', 1, '', 1, '', 'Kp. Jabong', '23', '06', 'Jabong', '', 19, '41200', 2, 5, 3, '', '081322454996', 'ww_adhy123@yahoo.com', 158, 54, 1, NULL, '2012-11-29 23:19:29', '2012-11-29 23:19:29', 1),
('101107092', 'ANDIKA IMRONI PUTRA', 1, '9991444852', '', 'SUBANG', '1999-02-03', 1, '', 1, '', 'Jln. Nusa Indah No. 50', '74', '21', 'Karanganyar', '', 19, '41211', 1, 0, 3, '0260 413480', '081322922218', 'dika.persib@yahoo.co.id', 150, 41, 1, NULL, '2012-11-29 23:19:31', '2012-11-29 23:19:31', 1),
('101107093', 'CHRISTINA MANOPO', 2, '9985092091', '32132802040683', 'BANDUNG', '1998-05-02', 1, '', 1, '', 'Jln. Tanjung Jaya', '', '', 'Munjul', '', 19, '41200', 2, 7, 2, '', '', 'dedewchristina@yahoo.com', 149, 35, 1, NULL, '2012-11-29 23:19:28', '2012-11-29 23:19:28', 1),
('101107095', 'DEWI FITRIANTI HABIBAH KURNIASIH', 2, '9980882966', '', 'SUBANG', '1998-02-15', 1, '', 1, '', 'Jln. Otista Gg. Titiran No. 30', '05', '02', 'Soklat', '', 19, '41215', 1, 0, 2, '0260 411044', '082117729333', '', 140, 48, 1, NULL, '2012-11-29 23:19:29', '2012-11-29 23:19:29', 1),
('101107096', 'DIK DIK PERMADI DANAN JAYA', 1, '9975178029', '321328111297000', 'SUBANG', '1997-12-11', 1, '', 1, '', 'Kp. Ciater', '05', '03', 'Munjul', '', 19, '41200', 2, 20, 3, '', '082128093345', 'dikdikpermadi75@yahoo.co.id', 162, 48, 1, NULL, '2012-11-29 23:19:27', '2012-11-29 23:19:27', 1),
('101107097', 'DINA NURUL ANNISA', 2, '9988274071', '3213032008070012', 'TASIKMALAYA', '1998-06-16', 1, '', 1, '', 'Jln. Anggur 7 No. 5 Blok 4 Perumnas', '76', '21', 'Karanganyar', '', 19, '41211', 2, 2, 2, '', '087760818499', 'dinanurul16@yahoo.co.id', 157, 43, 1, NULL, '2012-11-29 23:19:28', '2012-11-29 23:19:28', 1),
('101107098', 'EDRA JANITRA UTOMO', 2, '9998178290', '', 'BANDUNG', '1999-10-27', 1, '', 1, '', 'BTN Ciereng Blok F No. 6', '45', '13', 'Dangdeur', '', 19, '41212', 2, 2, 6, '0260 413790', '082192375344', 'fidelazaneta@yahoo.com', 149, 35, 1, NULL, '2012-11-29 23:19:28', '2012-11-29 23:19:28', 1),
('101107100', 'GHAISANI FILDZAH AMAJIDA', 2, '9987817630', '', 'SUBANG', '1998-02-08', 1, '', 1, '', 'Jln. RA. Kartini No. 74', '37', '12', 'Pasirkareumbi', '', 19, '41214', 2, 3, 2, '', '', '', 155, 45, 1, NULL, '2012-11-29 23:19:28', '2012-11-29 23:19:28', 1),
('101107102', 'HABIB KURNIAWAN', 1, '9986156116', '320470808980005', 'SRAGEN', '1998-08-08', 1, '', 1, '', 'Jln. Arief Rahman Hakim', '58', '03', 'Cigadung', '', 19, '41213', 1, 0, 3, '', '', 'habib.kn82@gmail.com', 147, 40, 1, NULL, '2012-11-29 23:19:28', '2012-11-29 23:19:28', 1),
('101107103', 'HASNA NUR'' ADNIN', 2, '9987817610', '3213036207980007', 'SUBANG', '1998-07-22', 1, '', 1, '', 'Jln. RA. Kartini Gg. Deudeuruk No. 40', '30', '08', 'Soklat', '', 19, '41215', 2, 3, 2, '', '081322840298', 'hasnanuradnin@yahoo.co.id', 155, 45, 1, NULL, '2012-11-29 23:19:30', '2012-11-29 23:19:30', 1),
('101107104', 'IKHRAM HAFIZ RAHMADI', 1, '9977970100', '3213033003980005', 'SUBANG', '1998-03-30', 1, '', 1, '', 'BTN Ciheuleut Indah B16 No. 306', '43', '14', 'Pasirkareumbi', '', 19, '41214', 2, 3, 2, '', '085759044788', 'ikhramofgaral@yahoo.com', 168, 50, 1, NULL, '2012-11-29 23:19:29', '2012-11-29 23:19:29', 1),
('101107105', 'KHARISMA DEARIKA IRSANYYA', 2, '9980323681', '', 'BANDUNG', '1998-08-08', 1, '', 1, '', 'Jln. Raya Perumnas No. 72', '', '', 'Karanganyar', '', 19, '41211', 2, 3, 2, '0260 414841', '085759262625', 'risma.cyank_qmo98@yahoo.co.id', 165, 40, 1, NULL, '2012-11-29 23:19:27', '2012-11-29 23:19:27', 1),
('101107106', 'LALA MARLIANDA', 2, '9987796698', '3213035803980005', 'TABALONG', '1998-03-18', 1, '', 1, '', 'BTN Pondok Gede No. 86', '20', '05', 'Dangdeur', '', 19, '41212', 2, 3, 6, '0260 729110', '081910000016', 'lala.marlianda@yahoo.com', 150, 65, 1, NULL, '2012-11-29 23:19:26', '2012-11-29 23:19:26', 1),
('101107108', 'MOCH GIAN DESTIAN', 1, '9956073363', '', 'SUBANG', '1997-12-26', 1, '', 1, '', 'Jln. Raya Tanjungwangi', '03', '01', 'Tanjungwangi', '', 19, '41200', 2, 3, 3, '', '085320229055', 'dmochgian@yahoo.com', 168, 70, 1, NULL, '2012-11-29 23:19:28', '2012-11-29 23:19:28', 1),
('101107109', 'MOCHAMAD ELRIZAL SYAHPUTRA WAHYUDI', 1, '9971047948', '', 'SUBANG', '1997-11-27', 1, '', 1, '', 'Jln. Otista Gg. Cendrawasih No. 30', '08', '02', 'Soklat', '', 19, '41215', 1, 0, 1, '', '085222337888', 'elrizal_syahputra@yahoo.com', 163, 48, 1, NULL, '2012-11-29 23:19:31', '2012-11-29 23:19:31', 1),
('101107110', 'MUHAMMAD RIDWAN NOOR PERMADI', 1, '9980882971', '', 'SUBANG', '1998-04-13', 1, '', 1, '', 'Dsn Neglasari', '03', '08', 'Manyingsal', '', 19, '41257', 2, 10, 4, '', '085222038844', '', 162, 40, 1, NULL, '2012-11-29 23:19:31', '2012-11-29 23:19:31', 1),
('101107111', 'NIKEN SONIA ASTUTI', 2, '9985078947', '', 'INDRAMAYU', '1998-04-30', 1, '', 1, '', 'Kp. Kananga I No. 11', '01', '01', 'Pangsor', '', 19, '41252', 2, 28, 3, '', '085730000498', 'niken.39taurus30@yahoo.com', 160, 42, 1, NULL, '2012-11-29 23:19:30', '2012-11-29 23:19:30', 1),
('101107112', 'NOVIA FIRSTANIA NURAENUN', 2, '9986156123', '', 'SUBANG', '1998-11-07', 1, '', 1, '', 'Jln. Sari Sandi Palasari 2', '10', '03', 'Palasari', '', 19, '41200', 2, 25, 3, '', '085759143494', '', 160, 40, 1, NULL, '2012-11-29 23:19:28', '2012-11-29 23:19:28', 1),
('101107113', 'PIPIT DYAH PITALOKA', 2, '9985795297', '3213044512610001', 'SUBANG', '1998-02-08', 1, '', 1, '', 'Kp. Dawuan Oncom', '05', '02', 'Dawuan Kaler', '', 19, '41271', 2, 13, 3, '', '081221638466', 'pipitdp1@ymail.com', 158, 40, 1, NULL, '2012-11-29 23:19:28', '2012-11-29 23:19:28', 1),
('101107114', 'REZA FAJAR NUGRAHA', 1, '9987815986', '', 'SUBANG', '1998-02-14', 1, '', 1, '', 'Blok Nusa Indah No. 37', '44', '03', 'Dangdeur', '', 19, '41212', 2, 3, 3, '', '085221458590', 'rfngraha14@yahoo.com', 163, 45, 1, NULL, '2012-11-29 23:19:32', '2012-11-29 23:19:32', 1),
('101107115', 'RIYANTI ALIFA', 2, '9985090352', '3213588030406546', 'SUBANG', '1998-11-11', 1, '', 1, '', 'Pagaden Barat', '01', '02', 'Mekarwangi', '', 19, '41251', 2, 20, 2, '', '081324257239', '', 158, 47, 1, NULL, '2012-11-29 23:19:31', '2012-11-29 23:19:31', 1),
('101107116', 'RO ''UL DWI YULIANTO NUGROHO', 1, '9980882806', '', 'BANDUNG', '1998-07-16', 1, '', 1, '', 'Griya Cinangsi Asri Blok A No. 21', '14', '05', 'Cinangsi', '', 19, '41200', 2, 5, 3, '', '085324828350', 'roul_nax7d@yahoo.co.id', 163, 46, 1, NULL, '2012-11-29 23:19:27', '2012-11-29 23:19:27', 1),
('101107117', 'SALSABILA ELBAR', 2, '9980883068', '', 'SUBANG', '1998-01-23', 1, '', 1, '', 'Jln. Jayawisastra Gg. Kalapa No. 3', '20', '05', 'Karanganyar', '', 19, '41211', 2, 2, 2, '', '081394287653', 'elbar.salsabila@yahoo.com', 153, 41, 1, NULL, '2012-11-29 23:19:32', '2012-11-29 23:19:32', 1),
('101107118', 'SILVI YANTI DEWI', 2, '9987795907', '', 'SUBANG', '1998-08-23', 1, '', 1, '', 'Wera Jaya', '11', '14', 'Dangdeur', '', 19, '41212', 2, 3, 3, '', '08129526398', 'silviyantidewi@yahoo.co.id', 143, 35, 1, NULL, '2012-11-29 23:19:30', '2012-11-29 23:19:30', 1),
('101107119', 'WEBY RAHMAWATI', 2, '9987796124', '', 'SUBANG', '1998-07-18', 1, '', 1, '', 'Jln. Jayawisastra Gg. Tengah No. 2', '17', '05', 'Karanganyar', '', 19, '41211', 1, 0, 7, '0260 411926', '087760806702', 'ibew.cute@yahoo.com', 150, 30, 1, NULL, '2012-11-29 23:19:29', '2012-11-29 23:19:29', 1),
('101107120', 'WINI SAFITRI', 2, '9988334064', '3213034302720004', 'SUBANG', '1998-02-01', 1, '', 1, '', 'Kp. Lampang Parung', '04', '02', 'Parung', '', 19, '41200', 2, 5, 3, '', '081310404798', 'winisafitri63@yahoo.com', 163, 53, 1, NULL, '2012-11-29 23:19:29', '2012-11-29 23:19:29', 1),
('101107121', 'ANNIDA AL-ISLAMI MAULIDA', 2, '9980882443', '3213176706980001', 'SUBANG', '1998-06-27', 1, '', 1, '', 'Belendung', '16', '06', 'Belendung', '', 19, '41200', 2, 6, 2, '', '087726396414', 'mannidahaeling@yahoo.com', 160, 39, 1, NULL, '2012-11-29 23:19:30', '2012-11-29 23:19:30', 1),
('101107122', 'BRIGITTA VIDYA SALSABILA', 2, '9987796756', '', 'MANADO', '1998-01-12', 1, '', 1, '', 'Jln. Pramuka', '15', '10', 'Sukamelang', '', 19, '41200', 2, 4, 2, '0260 411759', '087726256465', 'vidya_brigita@yahoo.com', 156, 44, 1, NULL, '2012-11-29 23:19:31', '2012-11-29 23:19:31', 1),
('101107123', 'CHONDRO SETO NUR SURYAWAN', 1, '9984334370', '101107123', 'SUBANG', '1998-07-10', 1, '', 1, '', 'Komplek Cendrawasih Lanud Suryadarma', '01', '05', 'Kalijati Barat', '', 19, '41271', 2, 15, 3, '', '085224176790', '', 150, 30, 1, NULL, '2012-11-29 23:19:31', '2012-11-29 23:19:31', 1),
('101107124', 'DEA OKTAVIANI', 2, '9980882983', '3213036210980023', 'SUBANG', '1998-10-22', 1, '', 1, '', 'Jln. Otista No. 29', '11', '16', 'Soklat', '', 19, '41215', 1, 0, 2, '', '081220681111', 'octav_cute98@yahoo.com', 160, 46, 1, NULL, '2012-11-29 23:19:27', '2012-11-29 23:19:27', 1),
('101107125', 'DERIZA ADITYA PUTRA', 1, '9987796115', '3213031905980008', 'SUBANG', '1998-05-19', 1, '', 1, '', 'Jln. Letjen Soeprapto No. 11', '07', '03', 'Karanganyar', '', 19, '41211', 1, 0, 2, '', '', '', 178, 45, 1, NULL, '2012-11-29 23:19:29', '2012-11-29 23:19:29', 1),
('101107126', 'FATIMAH AZZAHRA', 2, '9977958878', '', 'SUBANG', '1997-09-23', 1, '', 1, '', 'Jln. MT. Haryono', '25', '06', 'Cigadung', '', 19, '41213', 1, 0, 3, '', '085294454763', 'azzahra.fatimah10@yahoo.com', 158, 42, 1, NULL, '2012-11-29 23:19:28', '2012-11-29 23:19:28', 1),
('101107128', 'FIQHI FALKAN ENGLAN', 2, '9980882620', '3213036305980013', 'SUBANG', '1998-05-23', 1, '', 1, '', 'Sukaasih', '64', '18', 'Karanganyar', '', 19, '41211', 1, 0, 2, '', '081324024911', 'englaniki@rocketmail.com', 160, 61, 1, NULL, '2012-11-29 23:19:32', '2012-11-29 23:19:32', 1),
('101107129', 'FRIDIANI ASIYAH RACHMAWATI', 2, '9994812300', '3213175004990001', 'SUBANG', '1999-04-10', 1, '', 1, '', 'Cinangsi', '03', '01', 'Cinangsi', '', 19, '41200', 2, 5, 3, '', '085351800410', '', 150, 40, 1, NULL, '2012-11-29 23:19:29', '2012-11-29 23:19:29', 1),
('101107130', 'IMAM PRATAMA SETIADY', 1, '9975255603', '3213140411970002', 'SUBANG', '1999-11-04', 1, '', 2, '', 'BTN Griya Cinangsi Asri Blok C No. 99', '17', '05', 'Cinangsi', '', 19, '41285', 2, 5, 2, '2060 421344', '087828044530', 'pimam70@yahoo.com', 166, 44, 1, NULL, '2012-11-29 23:19:31', '2012-11-29 23:19:31', 1),
('101107131', 'INDAH NURMALASARI', 2, '9977958557', '3213034211970007', 'SUBANG', '1997-11-02', 1, '', 1, '', 'Blok Kopti', '61', '18', 'Cigadung', '', 19, '41213', 2, 2, 2, '', '08159966835', 'indahnurmalasari30@yahoo.com', 147, 39, 1, NULL, '2012-11-29 23:19:31', '2012-11-29 23:19:31', 1),
('101107132', 'ISHEL CIPTA DWI JAYANI', 2, '9987796107', '3213037103988223', 'SUBANG', '1998-03-31', 1, '', 1, '', 'Jln. Jalitri Panglejar 7 No. 74', '36', '09', 'Karanganyar', '', 19, '41211', 1, 0, 2, '', '085265553333', 'ishel.cipta@yahoo.co.id', 160, 58, 1, NULL, '2012-11-29 23:19:31', '2012-11-29 23:19:31', 1),
('101107133', 'M. DWI SYARIFUDIN', 1, '9985250170', '', 'SUBANG', '1998-06-15', 1, '', 1, '', 'Kp. Langkap', '12', '03', 'Padamulya', '', 19, '41200', 2, 20, 3, '', '081322282656', 'cykasep@yahoo.co.id', 148, 40, 1, NULL, '2012-11-29 23:19:26', '2012-11-29 23:19:26', 1),
('101107134', 'M. LUTHFI WAHFIYUDIN', 1, '9987794144', '3213030170398000', 'SUBANG', '1998-03-17', 1, '', 1, '', 'BTN Ciereng', '13', '03', 'Dangdeur', '', 19, '41212', 2, 3, 3, '', '085317331432', '', 160, 39, 1, NULL, '2012-11-29 23:19:30', '2012-11-29 23:19:30', 1),
('101107135', 'MIRADILLA', 2, '9985092400', '', 'SUBANG', '1998-05-26', 1, '', 1, '', 'Gardu Langkap Pagaden', '04', '02', 'Gunungsari', '', 19, '41200', 2, 6, 3, '0260 451017', '', 'rhapystapholephell@yahoo.co.id', 150, 35, 1, NULL, '2012-11-29 23:19:30', '2012-11-29 23:19:30', 1),
('101107137', 'NAGIA PUTRI MUNAJAT', 2, '9975397612', '3213225304990003', 'SUBANG', '1999-04-13', 1, '', 1, '', 'Pangadungan', '22', '06', 'Sindangsari', '', 19, '41200', 2, 18, 2, '', '', 'nagiaputrimunajat@ymail.com', 155, 46, 1, NULL, '2012-11-29 23:19:30', '2012-11-29 23:19:30', 1),
('101107138', 'POPI SOPMAWATI', 2, '9975179896', '3213070204067477', 'TASIKMALAYA', '1997-11-15', 1, '', 1, '', 'Jln. BTN GMI Blok C1 No. 12', '34', '11', 'Gembor', '', 19, '41200', 2, 15, 3, '', '08121427292', 'popihildapopi@yahoo.co.id', 158, 39, 1, NULL, '2012-11-29 23:19:31', '2012-11-29 23:19:31', 1),
('101107139', 'PUTRI TSANIA MAHMUD', 2, '9987795075', '3213036809980001', 'GARUT', '1998-09-28', 1, '', 1, '', 'Blok Rambutan', '49', '13', 'Cigadung', '', 19, '41213', 2, 2, 2, '', '081395584704', 'putritsania98@yahoo.com', 139, 45, 1, NULL, '2012-11-29 23:19:32', '2012-11-29 23:19:32', 1),
('101107140', 'RAMLAN LANA MAULANA', 1, '9987816020', '', 'SUBANG', '1998-08-21', 1, '', 1, '', 'Perum Depag', '35', '08', 'Cigadung', '', 19, '41213', 1, 0, 3, '0260 414290', '089656282540', '', 146, 40, 1, NULL, '2012-11-29 23:19:31', '2012-11-29 23:19:31', 1),
('101107141', 'SALMA PRATIWI RAMADHANI', 2, '9987817638', '3213036412980002', 'PURWOKERTO', '1998-01-24', 1, '', 1, '', 'Komplek RSS Sidodadi Blok B No. 262', '48', '15', 'Pasirkareumbi', '', 19, '41214', 2, 3, 6, '0260 7422941', '081220739127', 'salma_pratiwi@yahoo.co.id', 153, 40, 1, NULL, '2012-11-29 23:19:27', '2012-11-29 23:19:27', 1),
('101107142', 'SONIA KARMILA', 2, '9984693373', '3213176505990005', 'SUBANG', '1999-05-25', 1, '', 1, '', 'Kp. Cilintang', '01', '01', 'Padaasih', '', 19, '41200', 2, 5, 2, '', '085659293351', '', 150, 36, 1, NULL, '2012-11-29 23:19:32', '2012-11-29 23:19:32', 1),
('101107143', 'STELLA SYIFA SARASWATI', 2, '9987797341', '3213035410980005', 'JAKARTA', '1998-10-14', 1, '', 1, '', 'Perumnas Blok VIII No. 59', '38', '12', 'Sukamelang', '', 19, '41251', 1, 0, 3, '', '089656444402', 'syifa.stella@gmail.com', 158, 45, 1, NULL, '2012-11-29 23:19:26', '2012-11-29 23:19:26', 1),
('101107144', 'TIARA AMELIA', 2, '9987817618', '', 'SUBANG', '1998-05-08', 1, '', 1, '', 'Sukaresmi Jln. Seram Ajang', '42', '04', 'Soklat', '', 19, '41215', 2, 2, 1, '', '085885555234', 'tamelya@rocketmail.com', 152, 48, 1, NULL, '2012-11-29 23:19:28', '2012-11-29 23:19:28', 1),
('101107145', 'VALINDIO RINANDI', 1, '', '3213035402980005', 'SUBANG', '1998-02-14', 1, '', 1, '', 'Jln. Sompi Blok Sukawarna', '02', '01', 'Cigadung', '', 19, '41213', 2, 2, 1, '', '085224276903', '', 164, 48, 1, NULL, '2012-11-29 23:19:27', '2012-11-29 23:19:27', 1),
('101107146', 'VEGA LINGGARDANI BELO', 1, '9971047992', '3213031512970006', 'SUBANG', '1997-12-15', 1, '', 1, '', 'Palabuan', '06', '01', 'Sukamelang', '', 19, '41251', 2, 3, 3, '', '085759200002', 'vegabelo@yahoo.com', 158, 35, 1, NULL, '2012-11-29 23:19:31', '2012-11-29 23:19:31', 1),
('101107147', 'WANTI NURILA', 2, '9998178255', '3213192703067150', 'SUBANG', '1999-03-04', 1, '', 1, '', 'Ciherang', '01', '07', 'Gunungtua', '', 19, '41200', 2, 5, 3, '0260 7422838', '087760805789', '', 148, 43, 1, NULL, '2012-11-29 23:19:31', '2012-11-29 23:19:31', 1),
('101107148', 'YANUAR PRISMAYANDI', 1, '9980882967', '', 'SUBANG', '1998-03-03', 1, '', 1, '', 'Jln. Sompi No. 17 Blok Sukawarna Gg. Sencaki', '04', '01', 'Cigadung', '', 19, '41213', 1, 0, 2, '', '', '', 160, 47, 1, NULL, '2012-11-29 23:19:32', '2012-11-29 23:19:32', 1),
('101107149', 'AINA DEWANI', 2, '9992882026', '3213034602990020', 'SUBANG', '1999-02-06', 1, '', 1, '', 'BTN Ciheuleut Blok A6 No. 68', '45', '14', 'Pasirkareumbi', '', 19, '41214', 2, 2, 2, '0260 412043', '081320988906', 'aina.dewani@hotmail.com', 158, 48, 1, NULL, '2012-11-29 23:19:26', '2012-11-29 23:19:26', 1),
('101107150', 'ALYDIA MAULDY SYAHZHA', 2, '9987796121', '', 'SUBANG', '1998-07-01', 1, '', 1, '', 'Jln. Amapuradireja No. 07', '16', '04', 'Karanganyar', '', 19, '41211', 1, 0, 2, '', '082127679368', 'alydiacancer98@yahoo.co.id', 160, 60, 1, NULL, '2012-11-29 23:19:27', '2012-11-29 23:19:27', 1),
('101107152', 'BUMI MADANI', 2, '9991444850', '3213285101990005', 'SUBANG', '1999-01-11', 1, '', 1, '', 'Bakan Sawah', '19', '07', 'Cidahu', '', 19, '41200', 2, 7, 2, '', '087760637025', 'madanibumi@yahoo.com', 155, 43, 1, NULL, '2012-11-29 23:19:32', '2012-11-29 23:19:32', 1),
('101107153', 'DESI PUSPITASARI', 2, '9986179405', '3213122603067355', 'SUBANG', '1998-10-31', 1, '', 1, '', 'Ranca Teja', '01', '01', 'Tambak Mekar', '', 19, '41281', 2, 15, 3, '0260 7790133', '087879937848', '', 140, 46, 1, NULL, '2012-11-29 23:19:30', '2012-11-29 23:19:30', 1),
('101107154', 'EKIDITYA AJI P', 1, '9987795970', '3213281610980001', 'SUBANG', '1998-10-16', 1, '', 1, '', 'Cidahu', '03', '01', 'Cidahu', '', 19, '41251', 2, 5, 2, '', '081320747352', '', 162, 50, 1, NULL, '2012-11-29 23:19:30', '2012-11-29 23:19:30', 1),
('101107156', 'FANNY DELITA PUTERI', 2, '9975273763', '', 'BEKASI', '1997-11-26', 1, '', 1, '', 'Ds. Manyeti No. 56', '13', '03', 'Manyeti', '', 19, '41200', 2, 8, 3, '', '087726836670', 'cadel_fadel@yahoo.com', 169, 50, 1, NULL, '2012-11-29 23:19:32', '2012-11-29 23:19:32', 1),
('101107157', 'FIKRI PUTRI UTAMI', 2, '9985091157', '', 'SUBANG', '1998-07-30', 1, '', 1, '', 'Jln. Raya Subang-Pagaden', '05', '03', 'Gunungsembung', '', 19, '41252', 2, 13, 2, '', '085295705090', 'f_putriutami@yahoo.com', 165, 48, 1, NULL, '2012-11-29 23:19:27', '2012-11-29 23:19:27', 1),
('101107158', 'FIRDA GHINA FITRI', 2, '9987819098', '3213170401120003', 'SUBANG', '1999-01-25', 1, '', 1, '', 'Griya Cinangsi Asri Blok B10', '14', '05', 'Cinangsi', '', 19, '41285', 2, 5, 3, '', '08122185791', 'firda.ghina@yahoo.com', 157, 43, 1, NULL, '2012-11-29 23:19:31', '2012-11-29 23:19:31', 1),
('101107159', 'GALUH ASISTA NUR AFIFAH', 2, '9982382070', '', 'CIMAHI', '1998-12-25', 1, '', 1, '', 'Griya Pratama Asri', '', '', 'Cigadung', '', 19, '41213', 2, 2, 2, '', '081321182823', 'galuh_asista@yahoo.com', 167, 85, 1, NULL, '2012-11-29 23:19:31', '2012-11-29 23:19:31', 1),
('101107160', 'KINTAN FIRLY IFTIANA', 2, '9980882980', '3213032307080028', 'SUBANG', '1998-08-19', 1, '', 1, '', 'Gg. Cendrawasih No. 3', '07', '02', 'Soklat', '', 19, '41215', 1, 0, 1, '0260 414453', '081321993799', '', 155, 40, 1, NULL, '2012-11-29 23:19:26', '2012-11-29 23:19:26', 1),
('101107161', 'LOVIN CYNTINA ADIKU', 2, '9987796118', '', 'BOGOR', '1998-06-08', 1, '', 1, '', 'Jln. Sompi Gg. Subadra No. 68', '11', '02', 'Cigadung', '', 19, '41213', 2, 2, 3, '', '087872275517', '', 155, 49, 1, NULL, '2012-11-29 23:19:26', '2012-11-29 23:19:26', 1),
('101107163', 'MARWA SAFIRA ROHADATUL AISY', 2, '9998178254', '', 'SUBANG', '1999-03-03', 1, '', 1, '', 'Jln. H. Agus Salim No. 22', '22', '05', 'Cigadung', '', 19, '41213', 1, 0, 1, '', '085317331887', 'marwa.safira@gmail.com', 167, 63, 1, NULL, '2012-11-29 23:19:32', '2012-11-29 23:19:32', 1),
('101107166', 'MUHAMMAD HAZMI ZUHDI', 1, '9985092408', '3213030802990012', 'SUBANG', '1999-02-08', 1, '', 1, '', 'BTN Ciereng A7', '45', '13', 'Dangdeur', '', 19, '41212', 2, 3, 3, '0260 417401', '087760717157', '', 167, 50, 1, NULL, '2012-11-29 23:19:27', '2012-11-29 23:19:27', 1),
('101107167', 'MUHAMMAD YOSEF ASH-SHIDDIQIE', 1, '9980882849', '', 'SUBANG', '1998-07-18', 1, '', 1, '', 'Jln. Pramuka No. 90', '06', '01', 'Sukamelang', '', 19, '41200', 2, 3, 2, '', '', 'yosef_muhammad@yahoo.com', 158, 43, 1, NULL, '2012-11-29 23:19:32', '2012-11-29 23:19:32', 1),
('101107169', 'RACHMADANTI', 2, '9985793908', '3213276301980004', 'SUBANG', '1998-01-23', 1, '', 1, '', 'Kp. Sukamanah', '08', '05', 'Dawuan Kaler', '', 19, '41200', 2, 20, 3, '', '', '', 152, 39, 1, NULL, '2012-11-29 23:19:30', '2012-11-29 23:19:30', 1),
('101107170', 'RD. ASRIYANI LESTARI', 2, '9987796692', '3213034103980009', 'BANDUNG', '1998-03-01', 1, '', 1, '', 'Jln. KH. Dewantara Komp. Pondok Gede No. 75', '20', '05', 'Dandeur', '', 19, '41212', 2, 2, 2, '0260 414553', '', 'rdasriyanilestari@yahoo.com', 160, 49, 1, NULL, '2012-11-29 23:19:27', '2012-11-29 23:19:27', 1),
('101107171', 'REGGY RIZQIARTA DWIRACHFI', 1, '9977937110', '3213032612068224', 'BANDUNG', '1997-12-02', 1, '', 1, '', 'Jln. Tamansari 2 No. 47', '17', '06', 'Pasirkareumbi', '', 19, '41214', 1, 0, 1, '', '082118924321', 'rizqiarta.reggy@gmail.com', 173, 58, 1, NULL, '2012-11-29 23:19:26', '2012-11-29 23:19:26', 1),
('101107172', 'SAEFUL ANWAR', 1, '9987795131', '3213030101980048', 'SUBANG', '1998-01-01', 1, '', 1, '', 'BTN Ciheuleut Blok B6 No. 124', '41', '13', 'Pasirkareumbi', '', 19, '41214', 2, 2, 2, '0260 413812', '082128479232', '', 170, 55, 1, NULL, '2012-11-29 23:19:30', '2012-11-29 23:19:30', 1),
('101107173', 'SANDI RIDWAN ARDIANSYAH', 1, '9975177604', '', 'SUBANG', '1997-12-08', 1, '', 1, '', 'Pagaden', '24', '06', 'Kamarung', '', 19, '41200', 2, 15, 3, '', '083816705413', 'sardiansyah97@yahoo.com', 160, 60, 1, NULL, '2012-11-29 23:19:31', '2012-11-29 23:19:31', 1),
('101107174', 'SILVIANA DEWI', 2, '9978215050', '', 'SUBANG', '1997-04-06', 1, '', 1, '', 'Jalancagak Tambakmekar', '14', '05', 'Tambakmekar', '', 19, '41281', 2, 13, 3, '', '081371550458', '', 153, 40, 1, NULL, '2012-11-29 23:19:27', '2012-11-29 23:19:27', 1),
('101107175', 'TANIA RISANDRA HIKMAT', 2, '9960703062', '3213034807980001', 'SUBANG', '1998-07-08', 1, '', 1, '', 'Perumahan Surya Cigadung Blok C No. 55', '34', '08', 'Cigadung', '', 19, '41213', 2, 2, 2, '0260 413365', '', '', 162, 45, 1, NULL, '2012-11-29 23:19:28', '2012-11-29 23:19:28', 1),
('101107176', 'ULPA NUR MULYASARI WIJAYA', 2, '9980882435', '3213036505980010', 'SUBANG', '1998-05-25', 1, '', 1, '', 'Panglejar 7', '36', '09', 'Karanganyar', '', 19, '41211', 2, 2, 3, '', '085220089999', 'ulpanurwijaya@ymail.com', 164, 62, 1, NULL, '2012-11-29 23:19:26', '2012-11-29 23:19:26', 1),
('101107177', 'WINDI PUTRI AGUSTINE', 2, '9981947967', '3213036908950007', 'SUBANG', '1995-08-29', 1, '', 1, '', 'Blok Padajaya', '79', '36', 'Cigadung', '', 19, '41213', 2, 3, 3, '', '081395882334', '', 172, 56, 1, NULL, '2012-11-29 23:19:29', '2012-11-29 23:19:29', 1),
('101107178', 'ALMA SHALSABILA ZAHIRA', 2, '9980882423', '101107178', 'BANDUNG', '1999-07-29', 1, '', 1, '', 'Jln. Sinom No. 44 Ciheuleut', '39', '13', 'Pasirkareumbi', '', 19, '41214', 2, 2, 2, '', '087760646939', 'alma_shalsa@yahoo.com', 158, 50, 1, NULL, '2012-11-29 23:19:27', '2012-11-29 23:19:27', 1),
('101107179', 'AZIZ IRSYADUL AQWAM', 1, '9987796123', '', 'PADANG', '1998-07-15', 1, '', 1, '', 'Jln. Raya Kalijati Sadayu Blok Kaum', '18', '06', 'Kalijati', '', 19, '41200', 2, 18, 3, '', '081395691955', '', 151, 32, 1, NULL, '2012-11-29 23:19:28', '2012-11-29 23:19:28', 1),
('101107180', 'BINTANG SETIAHERMANA', 1, '9984334379', '', 'BANGKOK', '1997-09-01', 1, '', -1, '', '', '', '', '', '', 19, '0', 2, 20, -1, '', '', '', 0, 0, 1, NULL, '2012-11-29 23:19:31', '2012-11-29 23:19:31', 1),
('101107181', 'DHEADRA SALMAA RIBKA KIRANA', 2, '9988274044', '3213176802980004', 'SUBANG', '1998-02-28', 1, '', 1, '', 'Griya Pesona Praja Blok E3 No. 3', '19', '06', 'Cinangsi', '', 19, '41285', 2, 4, 2, '', '085295957711', 'kdheandra@yahoo.com', 160, 42, 1, NULL, '2012-11-29 23:19:31', '2012-11-29 23:19:31', 1),
('101107182', 'DIAR LEZAR SUNGKAWA', 1, '9980882404', '3213033003061943', 'SUBANG', '1998-07-27', 1, '', 1, '', 'Jln. Tegal Kalapa', '15', '10', 'Dangdeur', '', 19, '41212', 2, 3, 2, '', '085289751692', '', 157, 40, 1, NULL, '2012-11-29 23:19:26', '2012-11-29 23:19:26', 1),
('101107183', 'DISTIA BILYANDARA', 2, '9980883076', '', 'SUBANG', '1998-06-05', 1, '', 1, '', 'Jln. DI. Panjaitan No. 45', '', '', 'Soklat', '', 19, '41215', 1, 0, 2, '', '085316050165', 'distia.bilyandara@yahoo.com', 158, 48, 1, NULL, '2012-11-29 23:19:26', '2012-11-29 23:19:26', 1),
('101107184', 'DLIYA DWI LITA', 2, '9991444358', '3213034101990022', 'SUBANG', '1999-01-01', 1, '', 1, '', 'Blok Wera Jaya', '27', '07', 'Dangdeur', '', 19, '41212', 2, 2, 3, '', '085222013854', '', 158, 48, 1, NULL, '2012-11-29 23:19:31', '2012-11-29 23:19:31', 1),
('101107185', 'DWIKI FAHRIZAL', 1, '9980882972', '3213171105980004', 'SUBANG', '1998-05-11', 1, '', 1, '', 'Griya Cinangsi Asri C91', '15', '05', 'Cinangsi', '', 19, '41285', 2, 5, 3, '0260 421212', '', 'dwikifahrizal14@yahoo.co.id', 160, 55, 1, NULL, '2012-11-29 23:19:28', '2012-11-29 23:19:28', 1);
INSERT INTO `academic_student` (`student_nis`, `student_name`, `student_gender`, `student_nisn`, `student_nik`, `student_birthplace`, `student_birthdate`, `student_religion`, `student_religionother`, `student_residance`, `student_residanceother`, `student_address`, `student_rt`, `student_rw`, `student_village`, `student_subdisctrict`, `student_city`, `student_zipcode`, `student_distance`, `student_distanceother`, `student_transportation`, `student_phonenumber1`, `student_phonenumber2`, `student_email`, `student_height`, `student_weight`, `student_specialneeds`, `student_pin`, `student_entry`, `student_entry_update`, `student_status`) VALUES
('101107186', 'FAUZUNUL DINI SALAMA', 2, '9984692986', '', 'INDRAMAYU', '1998-12-10', 1, '', 1, '', 'Jln. Garuda 12 Griya Cipaku', '30', '07', 'Cibogo', '', 19, '41200', 2, 6, 2, '', '085220464324', 'dinisalamafauzunul@yahoo.co.id', 147, 49, 1, NULL, '2012-11-29 23:19:27', '2012-11-29 23:19:27', 1),
('101107187', 'FEBRIYANTI NURHIDAYAH', 2, '9987796103', '3213276202980006', 'SUBANG', '1998-02-22', 1, '', 1, '', 'Kp. Lebaksiuh', '05', '06', 'Sukasari', '', 19, '41271', 2, 3, 2, '0260 418106', '085352034855', 'febriyanti59r@yahoo.co.id', 160, 53, 1, NULL, '2012-11-29 23:19:26', '2012-11-29 23:19:26', 1),
('101107188', 'FILLA WIDHA SARI', 2, '9987794501', '', 'SUBANG', '1998-10-03', 1, '', 1, '', 'Kp. Cilaja', '14', '05', 'Cisaga', '', 19, '41200', 2, 9, 3, '', '081395607041', 'fillawidha@yahoo.co.id', 150, 72, 1, NULL, '2012-11-29 23:19:30', '2012-11-29 23:19:30', 1),
('101107189', 'GHIFAR MAULANA GUNADI', 1, '9987759389', '3213032810980001', 'SUBANG', '1998-10-28', 1, '', 1, '', 'Jln. May. Dedeng S', '21', '08', 'Pasirkareumbi', '', 19, '41214', 2, 2, 2, '', '081324106505', '', 146, 35, 1, NULL, '2012-11-29 23:19:29', '2012-11-29 23:19:29', 1),
('101107190', 'HANA NURAZIZAH', 2, '9956073342', '3215195302980956', 'SUBANG', '1998-02-13', 1, '', 1, '', 'Tanjungwangi', '01', '01', 'Tanjungwangi', '', 19, '41281', 2, 5, 3, '', '083816445983', 'hn.azizah@yahoo.com', 154, 39, 1, NULL, '2012-11-29 23:19:32', '2012-11-29 23:19:32', 1),
('101107191', 'IKHSAN MUHAMAD REZA', 1, '9987796762', '', 'SUBANG', '1998-03-06', 1, '', 1, '', 'Jln. Sutaatmaja Gg. Bungur No. 2', '25', '06', 'Karanganyar', '', 19, '41211', 1, 0, 1, '', '081320377678', '', 150, 48, 1, NULL, '2012-11-29 23:19:31', '2012-11-29 23:19:31', 1),
('101107192', 'INTAN SUCI KUSUMA PERTIWI', 2, '9987795339', '', 'SERANG', '1998-10-11', 1, '', 1, '', 'Kp. Kananga ', '02', '01', 'Pangsor', '', 19, '41252', 2, 15, 2, '', '081321607777', 'intan_pertiwi11@yahoo.co.id', 164, 75, 1, NULL, '2012-11-29 23:19:27', '2012-11-29 23:19:27', 1),
('101107193', 'KENTIA FAUZIAH', 2, '9987794207', '3213021505080035', 'SUBANG', '1998-05-14', 1, '', 1, '', 'BTN Ciheuleut Blok B1 No. 7 Jln. Salendro', '39', '13', 'Pasirkareumbi', '', 19, '41214', 2, 2, 2, '0260 420871', '089656282224', 'fkentia@yahoo.com', 158, 45, 1, NULL, '2012-11-29 23:19:30', '2012-11-29 23:19:30', 1),
('101107194', 'M. RIFKI MAHENDRA. A. K', 1, '9987815983', '', 'SEMARANG', '1998-01-30', 1, '', 1, '', 'Perum Bumi Abdi Praja No. 6', '58', '16', 'Sukamelang', '', 19, '41200', 2, 3, 2, '', '082121705949', 'rifky.onet@yahoo.com', 140, 32, 1, NULL, '2012-11-29 23:19:27', '2012-11-29 23:19:27', 1),
('101107195', 'MUHAMAD AGUNG PRAWIRO', 1, '9987816017', '', 'SUBANG', '1998-08-04', 1, '', 1, '', 'Jln. Sutaatmaja No. 5', '36', '09', 'Karanganyar', '', 19, '41211', 1, 0, 2, '0260 415051', '081321118237', 'agungprawiro@rocketmail.com', 155, 43, 1, NULL, '2012-11-29 23:19:28', '2012-11-29 23:19:28', 1),
('101107196', 'MUHAMMAD RAYHAN FAUZAN', 1, '9971048029', '', 'BANDUNG', '1997-08-03', 1, '', 1, '', 'Komplek Subang Jaya Blok L 14', '41', '11', 'Karanganyar', '', 19, '41211', 1, 0, 2, '', '085285148733', 'rayhan_f3rr@yahoo.com', 168, 52, 1, NULL, '2012-11-29 23:19:27', '2012-11-29 23:19:27', 1),
('101107198', 'PUTRI MARLIN AGUSTINA', 2, '9987819127', '3213035708980010', 'SUBANG', '1998-08-17', 1, '', 1, '', 'Babakan Bandung Jln. Saluyu', '33', '11', 'Sukamelang', '', 19, '41200', 2, 2, 3, '', '085222897187', 'putrimarlinagustina@yahoo.com', 150, 45, 1, NULL, '2012-11-29 23:19:30', '2012-11-29 23:19:30', 1),
('101107199', 'REIHANA IHZAUL AULIA', 2, '9987816008', '', 'SUBANG', '1998-11-03', 1, '', 1, '', 'Perumahan Bumi Abdi Pradja', '53', '16', 'Sukamelang', '', 19, '0', 2, 2, 2, '', '081320724204', 'reihanaihzaula@yahoo.com', 160, 50, 1, NULL, '2012-11-29 23:19:26', '2012-11-29 23:19:26', 1),
('101107200', 'RYAN HAFIYAN AZMI', 1, '9987816021', '3213030208980006', 'SUBANG', '1998-08-02', 1, '', 1, '', 'Jln. Jayawisastra', '20', '05', 'Karanganyar', '', 19, '41211', 1, 0, 2, '0260 417434', '', '', 162, 50, 1, NULL, '2012-11-29 23:19:30', '2012-11-29 23:19:30', 1),
('101107201', 'TASYA SETIA BUDI', 2, '9985091160', '', 'SUBANG', '1998-09-09', 1, '', 1, '', 'BTN Gembor Griya Mukti Indah', '34', '11', 'Gembor', '', 19, '41200', 2, 2, 2, '', '08568445677', 'tasyasetiabudi@yahoo.co.id', 150, 41, 1, NULL, '2012-11-29 23:19:31', '2012-11-29 23:19:31', 1),
('101107202', 'TEGAR NURFAZAR', 1, '9987816031', '', 'BANDUNG', '1998-11-12', 1, '', 1, '', 'Jln. Sukarahayu Raya Blok 3 No. 39 Perumnas', '', '', 'Karanganyar', '', 19, '41211', 2, 2, 2, '', '0899721895', 'tegar_nurfazar@yahoo.co.id', 165, 40, 1, NULL, '2012-11-29 23:19:29', '2012-11-29 23:19:29', 1),
('101107203', 'YANTI SUPRIANTI AGUSTIN', 2, '9975179063', '3213280506660011', 'SUBANG', '1997-08-05', 1, '', 1, '', 'Blok Sukagalih 2', '', '', 'Karanganyar', '', 19, '41211', 1, 0, 3, '', '085659846596', 'yanti_agustin26@yahoo.com', 150, 45, 1, NULL, '2012-11-29 23:19:31', '2012-11-29 23:19:31', 1),
('101107204', 'YAZID ARRAFI', 1, '9995071364', '3213032802990009', 'SUBANG', '1999-02-28', 1, '', 1, '', 'Jln. Otista Gg. Saluyu No. 147', '33', '11', 'Sukamelang', '', 19, '41251', 2, 4, 2, '', '083816020657', 'yarrafi@yahoo.co.id', 170, 56, 1, NULL, '2012-11-29 23:19:27', '2012-11-29 23:19:27', 1),
('101107206', 'ZIANUR IMAN SAIDINA', 1, '9985474912', '3213266209980005', 'SUBANG', '1998-08-22', 1, '', 1, '', 'Kasomalang', '15', '03', 'Bojongloa', '', 19, '41200', 2, 20, 3, '', '085316289019', '', 149, 40, 1, NULL, '2012-11-29 23:19:29', '2012-11-29 23:19:29', 1),
('111207001', 'AJRINA NUR SHABRINA', 2, '9991444201', '3213175208990003', 'BANDUNG', '1999-08-12', 1, '', 1, '', 'JL. DI PANJAITAN', '43', '11', 'KARANGANYAR', '', 19, '0', 1, 0, 2, '', '081321784173', 'ajrinanurshabrina@ymail.com', 153, 67, 1, NULL, '2012-11-29 23:19:43', '2012-11-29 23:19:43', 1),
('111207002', 'AL RAMADHANI', 1, '9991747423', '3213032404080170', 'SUBANG', '1999-01-06', 1, '', 1, '', 'JL. S PARMAN NP. 77 SOKLAT', '25', '07', 'SOKLAT', '', 19, '41215', 2, 1, -1, '', '082125274418', 'alrama.dhani@yahoo.com', 149, 35, 1, NULL, '2012-11-29 23:19:45', '2012-11-29 23:19:45', 1),
('111207003', 'ALFY NUR FAUZIA', 2, '0000488956', '3213030901090047', 'SUBANG', '1999-03-16', 1, '', 1, '', 'BUMI ABDI PRAJA BLOK BS NO 116', '52', '16', 'SUKAMELANG', '', 19, '41251', 2, 3, 2, '0260 416611', '087760666790', 'alfyfauzia@yahoo.co.id', 150, 41, 1, NULL, '2012-11-29 23:19:43', '2012-11-29 23:19:43', 1),
('111207004', 'ANESTYA HAYATUNUFUS HAFSYAH', 2, '0006972638', '', 'SUBANG', '2000-03-28', 1, '', 1, '', 'KP. KARAJAN DS. CINANGSI', '06', '02', 'CINAGSI', '', 19, '0', 2, 3, 3, '', '081383598666', 'anestyahayatunufus@yahoo.com', 155, 42, 1, NULL, '2012-11-29 23:19:45', '2012-11-29 23:19:45', 1),
('111207005', 'ASTUTI ALAWIAH', 2, '9999537944', '3213074201993783', 'SUBANG', '1999-01-02', 1, '', 1, '', 'KP. SEMBUNG PAGADEN', '4', '4', 'GUNUNG SEMBUNG', '', 19, '41252', 2, 3, 3, '', '081322472797', 'iams_rgr@yahoo.co.id', 145, 40, 1, NULL, '2012-11-29 23:19:43', '2012-11-29 23:19:43', 1),
('111207006', 'AYU TIARA KURNIASARI', 2, '9987812382', '3213175110980002', 'SUBANG', '1998-10-11', 1, '', 1, '', 'GRIYA CINAGSI ASRI BLOK A NO 19B', '14', '05', 'CINANGSI', '', 19, '41285', 2, 5, 3, '0260 421661', '085759966955', 'ayutiara34@yahoo.co.id', 150, 36, 1, NULL, '2012-11-29 23:19:46', '2012-11-29 23:19:46', 1),
('111207007', 'BRIGITTA MAYORI PUTERI', 2, '9994432474', '', 'TANGGERANG', '1999-06-04', 1, '', 1, '', 'JL. KH. MUHTIDIN NO. 1 BLOK SUKAMANAH', '54', '15', 'CIGADUNG', '', 19, '41213', 1, 0, 7, '0260 416218', '087828096034', 'brigitta_mp@yahoo.com', 159, 47, 1, NULL, '2012-11-29 23:19:44', '2012-11-29 23:19:44', 1),
('111207008', 'EKA NOVITA', 2, '9968134987', '3213275211990003', 'SUBANG', '1999-11-12', 1, '', 1, '', 'KP. RAWALELE DS. RAWALELE', '7', '6', 'RAWALELE', '', 19, '41271', 2, 2, -1, '', '087760685003', '', 167, 40, 1, NULL, '2012-11-29 23:19:41', '2012-11-29 23:19:41', 1),
('111207009', 'ELBA AULIA', 2, '9985813698', '3213195505996904', 'SUBANG', '1999-05-15', 1, '', 1, '', 'KAMPUNG BARIAH', '14', '5', 'BOJONGLOA', '', 19, '41284', 2, 25, 3, '', '081321783194', '', 158, 52, 1, NULL, '2012-11-29 23:19:42', '2012-11-29 23:19:42', 1),
('111207010', 'FEBRIANA MIHARJA', 2, '9992882027', '', 'SUMEDANG', '1999-02-17', 1, '', 1, '', 'JL. RA. KARTINI NO.52 SOKLAT', '28', '8', 'SOKLAT', '', 19, '0', 2, 2, 7, '', '081321162918', '', 150, 40, 1, NULL, '2012-11-29 23:19:41', '2012-11-29 23:19:41', 1),
('111207012', 'MEYDI ARIYANDINI JUNAEDI', 2, '9998190034', '3213037005990003', 'SUBANG', '1999-05-31', 1, '', 1, '', 'BTN. CIHEULEUT BLOK C2 NO.29', '', '', 'PASIRKAREUMBI', '', 19, '41214', 2, 3, 2, '0260 420872', '087760554020', 'meydi_ariuandini@yahoo.co.id', 147, 44, 1, NULL, '2012-11-29 23:19:42', '2012-11-29 23:19:42', 1),
('111207013', 'MUHAMMAD TERINODI', 1, '9996460304', '', 'SEMARANG', '1999-03-23', 1, '', 1, '', 'JL. MAYJEN SUTOYO NO. 29', '62', '17', 'KARANGANYAR', '', 19, '41211', 1, 0, 2, '', '081809080475', 'mterinodi@yahoo.com', 166, 57, 1, NULL, '2012-11-29 23:19:42', '2012-11-29 23:19:42', 1),
('111207014', 'MUHAMAD ZAINAL MUTAQIN  ', 1, '9987870821', '3213031408980006', 'SUBANG', '1998-08-14', 1, '', 1, '', 'JL. MAYJEN SUTOYO GG. PISANG', '59', '16', 'KARANGANYAR', '', 19, '41211', 2, 5, 3, '', '081313183873', '', 163, 75, 1, NULL, '2012-11-29 23:21:56', '2012-11-29 23:21:56', 1),
('111207015', 'MUHAMMAD FERRY FITRIADI', 1, '9998677945', '3213031910990009', 'SUBANG', '1999-10-19', 1, '', 1, '', 'JL. PERUMNAS RAYA NO.52 BLOK. 3', '74', '20', 'KARANGANYAR', '', 19, '0', 2, 3, 3, '', '081322750375', 'vahnbrandal14@yahoo.com', 150, 49, 1, NULL, '2012-11-29 23:19:43', '2012-11-29 23:19:43', 1),
('111207016', 'NUR ISMAWATI YUSTIANA', 2, '9998178756', '3213031006080122', 'SUBANG', '1999-06-17', 1, '', 1, '', 'JL. MT HARYONO SEKARJAYA', '6', '6', 'CIGADUNG', '', 19, '41213', 2, 0, 3, '', '089656444837', '', 164, 45, 1, NULL, '2012-11-29 23:19:42', '2012-11-29 23:19:42', 1),
('111207017', 'RAIHAN AHMAD KANZ', 1, '9991444635', '', 'SUBANG', '1999-03-23', 1, '', 1, '', 'PASIR HARJA', '15', '10', 'SUKAMELANG', '', 19, '0', 2, 0, 3, '', '081222023030', '', 165, 50, 1, NULL, '2012-11-29 23:19:43', '2012-11-29 23:19:43', 1),
('111207018', 'RD. KOMARA SETIADJI', 1, '9992728867', '3213032803061831', 'SUBANG', '1999-02-14', 1, '', 1, '', 'BLOK DANGDEUR', '5', '12', 'DANGDEUR', '', 19, '0', 2, 4, 3, '', '085318825643', 'teizzgm@ymail.com', 169, 48, 1, NULL, '2012-11-29 23:19:42', '2012-11-29 23:19:42', 1),
('111207019', 'RIFAL ARDIANSYAH UTOMO', 1, '9998677049', '3219171502990004', 'SUBANG', '1999-02-15', 1, '', 1, '', '', '16', '07', 'CINANGSI', '', 19, '0', 2, 6, 2, '', '081322096693', 'rifai.ardian@yahoo.co.id', 172, 59, 1, NULL, '2012-11-29 23:19:44', '2012-11-29 23:19:44', 1),
('111207020', 'SHAFIRA TYAS KUMENYAR', 2, '9998156917', '', 'JAKARTA', '1998-09-01', 1, '', 1, '', 'JL. RAYA PAGADEN', '28', '07', 'JABONG', '', 19, '0', 2, 7, 3, '', '081389373807', 'shafiratyas.@yahoo.com', 155, 65, 1, NULL, '2012-11-29 23:19:43', '2012-11-29 23:19:43', 1),
('111207021', 'SHANDY RAMANDA FIRMANSYACH', 1, '9998156612', '3204320212070177', 'SUBANG', '1999-08-13', 1, '', 2, '', 'JL. SOMPI NO.23', '39', '10', 'CIGADUNG', '', 19, '0', 1, 0, 2, '', '085295238282', '', 135, 40, 1, NULL, '2012-11-29 23:19:42', '2012-11-29 23:19:42', 1),
('111207022', 'SHEREN SHESAR NATASHYA', 2, '9995378213', '3213110110212000', 'SUBANG', '1999-02-19', 1, '', 3, '', 'JL. HUSEIN KERTADIBRATA', '1', '1', 'PAMANUKAN', '', 19, '41254', 1, 0, 7, '0260 554443', '0817204555', 'pooh_rig24@yahoo.com', 153, 48, 1, NULL, '2012-11-29 23:19:43', '2012-11-29 23:19:43', 1),
('111207023', 'SUFIA NUR KAMILA', 2, '9991444206', '3213075410990006', 'BANDUNG', '1999-10-14', 1, '', 1, '', 'JL. OTTISTA GG. HARUMANIS NO.14', '43', '11', 'KARANGANYAR', '', 19, '41211', 2, 2, 2, '0260 411759', '08121446007', '', 163, 54, 1, NULL, '2012-11-29 23:19:44', '2012-11-29 23:19:44', 1),
('111207024', 'TAUFIK HIDAYAT', 1, '9991444743', '', 'SUBANG', '2000-04-17', 1, '', 1, '', 'JL. OTISATA NO.234', '94', '26', 'KARANGANYAR', '', 19, '41211', 2, 2, 2, '0260 411766', '082126266210', 'maz_roket@yahoo.co.id', 150, 53, 1, NULL, '2012-11-29 23:19:42', '2012-11-29 23:19:42', 1),
('111207025', 'YOSSI OKA IBRAHIM', 1, '9990380824', '3213032109990006', 'SUBANG', '1999-09-21', 1, '', 1, '', 'SUKARAHAYU JL. JAKSI NO. 05', '86', '24', 'KARANGANYAR', '', 19, '41211', 1, 0, 2, '0260 412139', '', '', 155, 43, 1, NULL, '2012-11-29 23:19:46', '2012-11-29 23:19:46', 1),
('111207026', 'ALFARISTY NURTSURAYYA', 2, '9998190035', '', 'SUKABUMI', '2000-01-01', 1, '', 1, '', 'JL. CATUR NO. 103 PERUMAHAN BUMI ABDI NEGARA', '', '', 'Pasirkareumbi', '', 19, '0', 2, 4, 2, '', '', 'talfarist@ymail.com', 149, 30, 1, NULL, '2012-11-29 23:19:40', '2012-11-29 23:19:40', 1),
('111207028', 'ANGGI ANDANI PUTRI', 2, '9998190027', '3213035105990007', 'PURWAKARTA', '1999-05-11', 1, '', 1, '', 'BTN CIHEULEUT BLOK. A2 NO. 14', '41', '13', 'PASIRKAREUMBI', '', 19, '0', 2, 0, 2, '0260 411870', '082121727318', 'anggiandani@yahoo.com', 155, 45, 1, NULL, '2012-11-29 23:19:43', '2012-11-29 23:19:43', 1),
('111207029', 'BAYU TRESNA ARIESTA', 1, '0000488980', '3213030104000012', 'SUBANG', '2000-04-01', 1, '', 1, '', 'JL. SAWO I NO. 94 BLOK I PERUMNAS', '84', '23', 'KARANGANYAR', '', 19, '41211', 2, 3, 3, '0260 413177', '085222704435', '', 145, 40, 1, NULL, '2012-11-29 23:19:44', '2012-11-29 23:19:44', 1),
('111207030', 'BIAGY DESSANCHEZ', 1, '9985091120', '3213077012990003', 'SUBANG', '1998-12-30', 1, '', 1, '', 'DS. GUNUNG SEMBUNG', '5', '3', 'GUNUNG SEMBUNG', '', 19, '0', 2, 2, 3, '', '085324067576', 'biagydessanchez@yahoo.com', 155, 43, 1, NULL, '2012-11-29 23:19:42', '2012-11-29 23:19:42', 1),
('111207031', 'CHANTIKA ALIFA IASHA', 2, '9987816035', '', 'SUBANG', '1999-01-01', 1, '', 1, '', 'PANGLEJAR', '', '', 'Karanganyar', '', 19, '41212', 1, 0, 7, '', '', '', 152, 57, 1, NULL, '2012-11-29 23:19:41', '2012-11-29 23:19:41', 1),
('111207033', 'DHERI IRSYAD DAMANIK', 1, '9990724808', '', 'BOGOR', '1999-07-09', 1, '', 2, '', 'JL. KIHAJAR DEWANTARA KOMPLEK PDK', '22', '05', 'DANGDEUR', '', 19, '41212', 2, 0, 3, '0260 417342', '087872006262', 'irsyadamanik@yahoo.com', 152, 41, 1, NULL, '2012-11-29 23:19:45', '2012-11-29 23:19:45', 1),
('111207034', 'DICKY MAHENDRA', 1, '9998157839', '3213031410080112', 'CIMPARUH PARIAMAN', '1999-09-29', 1, '', 1, '', 'JL. SOMPI NO.132 BLOK DARMAJAYA', '08', '16', 'CIGADUNG', '', 19, '41213', 1, 0, 3, '', '085353903437', 'ckydicky@ymail.com', 166, 52, 1, NULL, '2012-11-29 23:19:44', '2012-11-29 23:19:44', 1),
('111207035', 'FATHIA JUSTISIA ADLIANI', 2, '9991444762', '3213034309990005', 'SUBANG', '1999-09-03', 1, '', 1, '', 'JL. OTTO ISKANDARDINATA NO. 297', '03', '06', 'SUKAMELANG', '', 19, '0', 2, 0, 2, '0260 414993', '081395540942', 'fathiajustisiaadliani@gmail.com', 152, 45, 1, NULL, '2012-11-29 23:19:44', '2012-11-29 23:19:44', 1),
('111207037', 'HAMZAH SAIFUL MUBAROK', 1, '9992705918', '', 'SUBANG', '1999-01-09', 1, '', 1, '', 'DESA DUKUH 2 JL. RAYA SUBANG CIBOGO', '11', '05', 'SADAWARNA', '', 19, '0', 2, 15, 3, '', '085222439888', 'saipulmubarok@yahoo.com', 159, 43, 1, NULL, '2012-11-29 23:19:42', '2012-11-29 23:19:42', 1),
('111207038', 'HANI  NURDITA', 2, '9998157598', '3213036804990001', 'SUBANG', '1999-04-18', 1, '', 1, '', 'DANGDEUR', '25', '06', 'DANGDEUR', '', 19, '0', 2, 5, 2, '', '085353321372', '', 147, 43, 1, NULL, '2012-11-29 23:19:45', '2012-11-29 23:19:45', 1),
('111207040', 'JOVANKA MARIANA SWAROVSKY', 2, '9991444837', '3213034797990013', 'SUBANG', '1999-07-07', 1, '', 1, '', 'JL. LETDA SUTRISNO NO. 1', '01', '01', 'PASIRKAREUMBI', '', 19, '41214', 1, 0, 3, '', '', '', 147, 33, 1, NULL, '2012-11-29 23:19:43', '2012-11-29 23:19:43', 1),
('111207041', 'KAMILA NUR AFIATI', 2, '9998158538', '', 'SUBANG', '1999-10-22', 1, '', 1, '', 'JL. ARIEF RAHMAN HAKIM', '52', '14', 'CIGADUNG', '', 19, '0', 2, 0, 3, '0260 416535', '085222383313', 'knurafiati@yahoo.co.id', 155, 39, 1, NULL, '2012-11-29 23:19:41', '2012-11-29 23:19:41', 1),
('111207042', 'MAULANA LUTHFI FIRMAN', 1, '9994812295', '111207042', 'SUBANG', '1999-10-05', 1, '', 1, '', 'GRIYA CIPAKU BLOK F1 NO.3', '30', '07', 'CIBOGO', '', 19, '0', 2, 8, 3, '', '085224325902', '', 136, 36, 1, NULL, '2012-11-29 23:21:56', '2012-11-29 23:21:56', 1),
('111207043', 'RASYA AYU FIRDA WARDHANI', 2, '9996012083', '3213195708990011', 'BANDUNG', '1999-08-17', 1, '', 1, '', 'JL. PLTA CIJAMBE NO. 37', '4', '6', 'CIJAMBE', '', 19, '0', 2, 9, 3, '0260 7422862', '085220357998', '', 150, 40, 1, NULL, '2012-11-29 23:19:41', '2012-11-29 23:19:41', 1),
('111207044', 'REIGINA PRESTYCIA YOUSHIVA', 2, '9993629216', '', 'BANDUNG', '1999-05-19', 1, '', 1, '', 'GRAHA SUBANG KENCANA 2', '46', '15', 'SOKLAT', '', 19, '0', 2, 0, 3, '', '', '', 160, 48, 1, NULL, '2012-11-29 23:21:56', '2012-11-29 23:21:56', 1),
('111207045', 'RIDWAN ALIFAZA', 1, '9985091166', '3213031509990003', 'SUBANG', '1999-09-15', 1, '', 1, '', 'BTN. GRIYA MUKTI INDAH BLOK. A2', '33', '11', 'GEMBOR', '', 19, '0', 2, 3, 3, '0260 7454079', '081385590999', '', 143, 39, 1, NULL, '2012-11-29 23:19:45', '2012-11-29 23:19:45', 1),
('111207046', 'RIJAL FADILLAH', 1, '9990380809', '3213033003002829', 'SUBANG', '1999-03-19', 1, '', 1, '', 'KP. CIPAKU', '02', '01', 'CIBOGO', '', 19, '41285', 2, 7, 3, '', '081221406203', '', 157, 35, 1, NULL, '2012-11-29 23:19:43', '2012-11-29 23:19:43', 1),
('111207047', 'ROSALINDA AGNESTYA INDRA', 2, '9991444893', '', 'BANDUNG', '1999-08-17', 1, '', 1, '', 'JL. SUTAATMADJA NO. 26', '33', '08', 'KARANGANYAR', '', 19, '0', 1, 0, 2, '0260 413024', '082128097720', 'rosalinda_agnes@yahoo.com', 150, 62, 1, NULL, '2012-11-29 23:19:45', '2012-11-29 23:19:45', 1),
('111207048', 'SARAH FARIDA FITRIA', 2, '9991444183', '', 'SUBANG', '1999-04-11', 1, '', 1, '', 'JL. SUTAATMAJA GG. PANGLEJAR 7', '48', '10', 'KARANGANYAR', '', 19, '41212', 1, 0, 3, '0260 420408', '085224053128', '', 161, 49, 1, NULL, '2012-11-29 23:19:43', '2012-11-29 23:19:43', 1),
('111207049', 'SYLVIA ROSADI', 2, '9995991549', '3213044510992603', 'SUBANG', '1999-10-05', 1, '', 1, '', 'JL. AMPERA KP. SUKAHAYU', '02', '01', 'DAWUAN KALER', '', 19, '21471', 2, 10, 3, '', '081321351451', '', 157, 43, 1, NULL, '2012-11-29 23:21:56', '2012-11-29 23:21:56', 1),
('111207050', 'ZEPANYA ZESKE RUTH  FIRSTYLONA H.', 2, '0003256131', '', 'SUBANG', '2000-02-08', 1, '', 1, '', 'GABUGSINDANGSARI KALIJATI', '31', '09', 'GABUGSINDANGSARI', '', 19, '0', 2, 18, 3, '0260 462277', '085759994452', '', 155, 43, 1, NULL, '2012-11-29 23:19:44', '2012-11-29 23:19:44', 1),
('111207052', 'AYU RARAS RAHAYU', 2, '9998158624', '3213034401990005', 'SUBANG', '1999-01-04', 1, '', 1, '', 'CIKALONG', '21', '05', 'JABONG', '', 19, '41252', 2, 7, 2, '', '085220432965', '', 145, 35, 1, NULL, '2012-11-29 23:19:44', '2012-11-29 23:19:44', 1),
('111207053', 'DHINAR YASMINIA UTAMI', 2, '9998158521', '3213303550799000', 'CURUP', '1999-07-15', 1, '', 1, '', 'KOMPLEK PDK NO. 75 DANGDEUR', '22', '05', 'DANGDEUR', '', 19, '41212', 2, 3, 2, '0260 417020', '081320169714', 'dhinaryasminia@yahoo.com', 156, 40, 1, NULL, '2012-11-29 23:19:44', '2012-11-29 23:19:44', 1),
('111207054', 'DIANA ROSA YUSFIKA', 2, '9985090343', '', 'SUBANG', '1998-07-20', 1, '', 1, '', 'DUSUN SUKAMAJU', '11', '6', 'MEKARWANGI', '', 19, '0', 2, 7, 3, '', '08164653303', '', 130, 0, 1, NULL, '2012-11-29 23:19:42', '2012-11-29 23:19:42', 1),
('111207055', 'DINNE DWI FITRI', 2, '9998156912', '', 'SUBANG', '1999-01-04', 1, '', 1, '', 'BTN. CIHEULEUT BLOK A3 NO.45', '45', '14', 'PASIRKAREUMBI', '', 19, '0', 2, 2, 2, '', '087828264964', '', 155, 42, 1, NULL, '2012-11-29 23:19:44', '2012-11-29 23:19:44', 1),
('111207056', 'FIKRI FAJRIKA NASYARUDDIN', 1, '9991444745', '3213172703066788', 'SUBANG', '1999-04-29', 1, '', 1, '', 'GRIYA CINANGSI ASRI BLOK C', '21', '7', 'CINANGSI', '', 19, '0', 2, 5, 2, '', '087828147094', 'fajrikanasyar@yahoo.com', 159, 41, 1, NULL, '2012-11-29 23:19:43', '2012-11-29 23:19:43', 1),
('111207057', 'GALANG FA''ADILAN BA''ARIZ', 1, '9998677075', '', 'BANDUNG', '1999-08-01', 1, '', 1, '', 'JL. KENTANG D.2 PURI SUBANG', '64', '17', 'SUKAMELANG', '', 19, '0', 2, 3, -1, '', '087525002310', 'galangfaadilanbaariz@yahoo.com', 160, 52, 1, NULL, '2012-11-29 23:19:41', '2012-11-29 23:19:41', 1),
('111207058', 'GHURIYANTI SHOLIHAH', 2, '9991444181', '3213036303990002', 'SUBANG', '1999-03-23', 1, '', 1, '', 'BLOK JALITRI JALAN SUTAATMAJA', '36', '09', 'KARANGANYAR', '', 19, '41211', 1, 0, 3, '', '08121440292', '', 0, 0, 1, NULL, '2012-11-29 23:19:42', '2012-11-29 23:19:42', 1),
('111207059', 'GUMELAR ANUGRAH BUDIANA', 1, '9995235756', '3213181705990001', 'SUBANG', '1999-05-17', 1, '', 1, '', 'DSN. PARIGISARI', '06', '02', 'WANASARI', '', 19, '41257', 2, 14, 3, '', '081320363320', '', 130, 28, 1, NULL, '2012-11-29 23:19:44', '2012-11-29 23:19:44', 1),
('111207060', 'HANIFAN AULIA', 1, '9998995128', '3213032606990012', 'BANDUNG', '1999-06-26', 1, '', 1, '', 'JL. DI PANJAITAN NO. 674', '41', '11', 'KARANGANYAR', '', 19, '0', 1, 0, 2, '0260 413004', '0817427858', 'hanifanaulia@yahoo.com', 158, 41, 1, NULL, '2012-11-29 23:19:46', '2012-11-29 23:19:46', 1),
('111207062', 'IRMAYANTY SRI RAHAYU', 2, '9995237750', '111207062', 'SUBANG', '1999-05-06', 1, '', 1, '', 'KP. KERESEK BARU DS. SUMUR GINTUNG', '23', '5', '', '', 19, '0', 2, 12, 2, '', '081912608603', '', 0, 0, 1, NULL, '2012-11-29 23:19:43', '2012-11-29 23:19:43', 1),
('111207063', 'ISMI DWISTYRANI', 2, '9944812291', '3213175010990005', 'SUBANG', '1999-10-10', 1, '', 1, '', 'GRIYA CIPAKU BLOK L1 NO 4', '28', '07', 'CIBOGO', '', 19, '0', 2, 5, 2, '', '081313247665', 'iranidwisty@yahoo.com', 150, 42, 1, NULL, '2012-11-29 23:19:45', '2012-11-29 23:19:45', 1),
('111207064', 'JOHANNA RATUWANI SUNDAH', 2, '9991444769', '', 'SUBANG', '2000-10-28', 1, '', 1, '', 'JL. ANGGREK 1/6 GRIYA PANGLEJAR', '', '', 'KARANGANYAR', '', 19, '41211', 2, 2, 7, '0260 411357', '08157138130', 'zoe_spensa@hotmail.com', 152, 42, 1, NULL, '2012-11-29 23:19:41', '2012-11-29 23:19:41', 1),
('111207066', 'MUHAMAD AFIF LUKMANSYACH S.', 1, '9991444649', '', 'SUBANG', '1999-06-23', 1, '', 1, '', 'PALABUAN', '04', '07', 'SUKAMELANG', '', 19, '0', 2, 0, 2, '0260 413240', '081513152162', '', 168, 70, 1, NULL, '2012-11-29 23:19:43', '2012-11-29 23:19:43', 1),
('111207068', 'MUHAMMAD IBRAHIM YUSUF', 1, '9996013477', '3213191308990003', 'SUBANG', '1999-08-13', 1, '', 1, '', 'DESA GUNUNG TUA', '2', '9', 'GUNUNG TUA', '', 19, '41286', 2, 0, 3, '0260 7422645', '081573186964', 'muhammadibrahimyusuf@yahoo.com', 159, 49, 1, NULL, '2012-11-29 23:19:41', '2012-11-29 23:19:41', 1),
('111207069', 'NIASA LORA RIMAR', 2, '9995237957', '3213076204999013', 'SUBANG', '1999-04-22', 1, '', 1, '', 'JL. RAYA SEMBUNG', '06', '03', 'GUNUNG SEMBUNG', '', 19, '41215', 2, 8, 3, '', '082126546212', '', 150, 47, 1, NULL, '2012-11-29 23:19:45', '2012-11-29 23:19:45', 1),
('111207070', 'NISRINA ALMA ALYSHIA', 2, '9991444746', '3213070304060020', 'SUBANG', '1999-05-01', 1, '', 1, '', 'GARDU LANGKAP', '03', '02', 'GUNUNG SARI', '', 19, '0', 2, 0, -1, '0260 451218', '08112432933', 'nisrinaalma@yahoo.com', 154, 43, 1, NULL, '2012-11-29 23:19:43', '2012-11-29 23:19:43', 1),
('111207071', 'SALSYABILLA WILANDA RAMLAN', 2, '9998677072', '3213176307990011', 'BANDUNG', '1999-07-23', 1, '', 1, '', 'GRIYA CINAGSI ASRI BLOK C NO.51', '15', '05', 'CINANGSI', '', 19, '0', 2, 6, 3, '', '081313122771', '', 150, 45, 1, NULL, '2012-11-29 23:19:44', '2012-11-29 23:19:44', 1),
('111207072', 'SILVA EKA PUTRA UTAMA', 1, '9981966007', '3213191808980002', 'BOGOR', '1998-08-18', 1, '', 1, '', 'KAMPUNG PALASARI', '14', '5', 'TANJUNG WANGI', '', 19, '0', 2, 10, 3, '', '081320498730', '', 160, 40, 1, NULL, '2012-11-29 23:19:42', '2012-11-29 23:19:42', 1),
('111207073', 'TASYA DWI INDRIANI', 2, '9998158520', '', 'SUBANG', '1999-07-13', 1, '', 1, '', 'JL. KH. DEWANTARA KOMPLEK PDK', '', '', 'DANGDEUR', '', 19, '0', 2, 1, 3, '0260 416523', '081394192366', 'tsyaindrii@yahoo.com', 142, 41, 1, NULL, '2012-11-29 23:19:42', '2012-11-29 23:19:42', 1),
('111207074', 'TRISKA HURUL AINI', 2, '9998155563', '3213034203990003', 'SUBANG', '1999-03-02', 1, '', 1, '', 'JL. MT HARYONO NO 70', '25', '06', 'CIGADUNG', '', 19, '41213', 1, 0, 2, '0260 411687', '085224992827', '', 148, 48, 1, NULL, '2012-11-29 23:19:46', '2012-11-29 23:19:46', 1),
('111207075', 'TYO DANU KUSUMA', 1, '9991444888', '', 'JAKARTA', '1999-03-23', 1, '', 1, '', 'RSS. SIDODADI JL. ATLETIK NO. 32', '51', '16', 'PASIRKAREUMBI', '', 19, '41214', 2, 2, 2, '', '082129949635', 'tyodanu89@yahoo.com', 150, 47, 1, NULL, '2012-11-29 23:19:46', '2012-11-29 23:19:46', 1),
('111207076', 'ADITIYA GANDA PUTRA', 1, '9980882378', '3213031012990011', 'SUMEDANG', '1998-12-10', 1, '', 2, '', 'Perumraya blok.07 no. 20', '37', '12', 'Sukamelang', '', 19, '41250', 1, 0, 3, '0260 413725', '081320760742', 'adityaputra@yahoo.com', 153, 48, 1, NULL, '2012-11-29 23:19:41', '2012-11-29 23:19:41', 1),
('111207077', 'AMALIANNISA RIZQIA FIQRIYATI', 2, '', '', 'MAJALENGKA', '1999-09-23', 1, '', 1, '', 'JL. BIMA SUKAMAJU', '28', '07', 'CIGADUNG', '', 19, '0', 1, 0, -1, '', '', '', 148, 45, 1, NULL, '2012-11-29 23:19:43', '2012-11-29 23:19:43', 1),
('111207078', 'AQILLA FADILAH HIDAYAT', 1, '9991444216', '3213030503090124', 'MAJALENGKA', '1999-12-08', 1, '', 1, '', 'BTN SUBANG JAYA BLOK A NO. 32', '40', '10', 'KARANGANYAR', '', 19, '0', 1, 0, 2, '', '082130059070', '', 154, 45, 1, NULL, '2012-11-29 23:19:45', '2012-11-29 23:19:45', 1),
('111207080', 'AZKIYA LISTYORINI', 2, '0001928641', '020114', 'KUDUS', '2000-01-17', 1, '', 1, '', 'KOMPLEK GARUDA LANUD SURYADARMA', '01', '01', 'KALIJATI BARAT', '', 19, '41271', 2, 10, 2, '0260 461699', '085865926639', 'wincantsmiie@gmail.com', 150, 47, 1, NULL, '2012-11-29 23:19:43', '2012-11-29 23:19:43', 1),
('111207081', 'CRISTY JUNIO SHAFARANI', 2, '9991444752', '', 'SUBANG', '1999-06-05', 1, '', 1, '', 'JL. OTISTA GG. CENDRAWASIH NO. 1', '07', '2', 'SOKLAT', '', 19, '41215', 1, 0, 1, '', '081395072009', '', 0, 0, 1, NULL, '2012-11-29 23:19:46', '2012-11-29 23:19:46', 1),
('111207082', 'DEA YUNTIKA NUR ILHAMI', 2, '9991444751', '3213034506990006', 'SUBANG', '1999-06-05', 1, '', 1, '', 'JL. OTTO ISKANDARDINATA', '95', '26', 'KARANGANYAR', '', 19, '41211', 2, 1, 2, '0260 415074', '081912660405', 'adhe.dea82@yahoo.com', 145, 46, 1, NULL, '2012-11-29 23:19:41', '2012-11-29 23:19:41', 1),
('111207083', 'DENA DJAYUSMAN', 1, '9995237954', '', 'SUBANG', '1999-04-16', 1, '', 1, '', 'BTN. GRIYA MUKTI INDAH', '34', '11', 'GEMBOR', '', 19, '0', 2, 0, 3, '0260 7454070', '085220702777', '', 160, 70, 1, NULL, '2012-11-29 23:19:44', '2012-11-29 23:19:44', 1),
('111207084', 'DINI INDAH LESTARI', 2, '0000488958', '', 'SUBANG', '1999-08-02', 1, '', 1, '', 'JL. KH. MUHIDIN NO. 85', '34', '08', 'CIGADUNG', '', 19, '41213', 2, 1, 2, '', '082115250555', 'dinilegi@yahoo.com', 153, 55, 1, NULL, '2012-11-29 23:19:46', '2012-11-29 23:19:46', 1),
('111207085', 'FAIZA ORI HUTAMI PURNOMO', 2, '9991444872', '', 'SLEMAN', '1999-04-23', 1, '', 1, '', 'JL. SAWO NO. 80 BLOK 2 PERUMNAS', '80', '22', 'KARANGANYAR', '', 19, '41211', 2, 2, 2, '', '081563959766', 'faizaori@yahoo.com', 157, 50, 1, NULL, '2012-11-29 23:19:44', '2012-11-29 23:19:44', 1),
('111207087', 'GITA RANJANI', 2, '9994432485', '', 'SUBANG', '1999-12-10', 1, '', 1, '', 'DSN. KALIANGSANA', '05', '01', 'KALIANGSANA', '', 19, '41271', 2, 18, 3, '0260 460074', '081320680724', 'gitaranjani@yahoo.co.id', 145, 40, 1, NULL, '2012-11-29 23:19:44', '2012-11-29 23:19:44', 1),
('111207090', 'ILYAS NURALPANDANI', 1, '9991444177', '3213031203990013', 'SUBANG', '1999-03-12', 1, '', 1, '', 'JL. DI PANJAITAN GG. KARANGSARI', '10', '03', 'SOKLAT', '', 19, '41215', 1, 0, 1, '0260 413162', '085220477309', '', 0, 0, 1, NULL, '2012-11-29 23:19:45', '2012-11-29 23:19:45', 1),
('111207091', 'INESSIA NABILA MAHARANI', 2, '9998157468', '3213176911980002', 'BANDUNG', '1999-11-29', 1, '', 1, '', 'GRIYA CINANGSI ASRI B 4', '14', '5', 'CINANGSI', '', 19, '41218', 2, 5, 3, '0260 421326', '085317093651', 'innesianabila@gmail.com', 140, 32, 1, NULL, '2012-11-29 23:19:43', '2012-11-29 23:19:43', 1),
('111207092', 'M. PRADAVI SATRIO WIBOWO', 1, '9995254529', '3213060405990004', 'PURWAKARTA', '1999-05-04', 1, '', 1, '', 'BTN. PURWADADI INDAH', '27', '5', 'PURWADADI TIMUR', '', 19, '41261', 2, 0, 3, '0260 7790414', '081382911035', 'daviwibowo@yahoo.co.id', 150, 43, 1, NULL, '2012-11-29 23:19:41', '2012-11-29 23:19:41', 1),
('111207093', 'MUHAMMAD GIBBRAN MADANI', 1, '9995238218', '', 'SUBANG', '1999-06-07', 1, '', 1, '', 'JL. CERELEK NO.125', '6', '3', 'GUNUNG SEMBUNG', '', 19, '41252', 2, 0, 3, '0260 450461', '', 'branz_gibran@yahoo.co.id', 160, 39, 1, NULL, '2012-11-29 23:19:41', '2012-11-29 23:19:41', 1),
('111207094', 'MUHAMMAD LUTHFI ABDUL WAHID', 1, '0004051161', '', 'BANDUNG', '1998-11-24', 1, '', 1, '', 'KP. LANGKAP DS. PADAMULYA', '', '', 'PADAMULYA', '', 19, '0', 2, 15, 2, '', '082126347444', 'maman9771@yahoo.com', 147, 50, 1, NULL, '2012-11-29 23:19:41', '2012-11-29 23:19:41', 1),
('111207095', 'NOPELLIAN ANNISA KURNIA', 2, '9991444881', '', 'SLEMAN', '1999-11-26', 1, '', 1, '', 'JL. EMOKURNIAATMAJA', '25', '09', 'PASIRKAREUMBI', '', 19, '0', 1, 0, 3, '', '085318917719', 'nopellianann@yahoo.com', 148, 42, 1, NULL, '2012-11-29 23:19:45', '2012-11-29 23:19:45', 1),
('111207096', 'RIFKY ANUGERAH PRATAMA', 1, '9998157496', '', 'SUBANG', '2000-10-08', 1, '', 1, '', 'JL. SEROJA GG. HEBRAS NO. 2B', '87', '24', 'KARANGANYAR', '', 19, '41212', 2, 0, 2, '', '081322006259', '', 130, 30, 1, NULL, '2012-11-29 23:19:42', '2012-11-29 23:19:42', 1),
('111207097', 'RISMA ELMI AULIA', 2, '9991444887', '', 'SUBANG', '1999-02-12', 1, '', 1, '', 'JL. BIMA 22 BLOK SUKAMEKAR', '70', '19', 'CIGADUNG', '', 19, '41213', 2, 3, 3, '0260 418192', '08122180913', 'elmiaulia@gmail.com', 155, 60, 1, NULL, '2012-11-29 23:19:43', '2012-11-29 23:19:43', 1),
('111207098', 'SA''IDAH FITRIYAH', 2, '9992882025', '', 'PURWAKARTA', '1999-01-14', 1, '', 1, '', 'JL. S. PARMAN NO. 182 GG. BUNGBULANG SOKLAT', '40', '06', 'SOKLAT', '', 19, '41215', 1, 0, 2, '', '087828147585', 'fitryah.saidah@yahoo.co.id', 158, 46, 1, NULL, '2012-11-29 23:19:44', '2012-11-29 23:19:44', 1),
('111207099', 'SALSABILA SYABANI', 2, '9991444773', '', 'SUBANG', '1999-11-11', 1, '', 1, '', 'Gg. TANGKUBAN PERAHU NO. 20', '5', '2', 'PASIRKAREUMBI', '', 19, '41214', 2, 0, 3, '', '08122332666', '', 168, 55, 1, NULL, '2012-11-29 23:19:41', '2012-11-29 23:19:41', 1),
('111207100', 'SYANGHIANG AJI DEWAYANA', 1, '9985091161', '', 'SUBANG', '1998-09-26', 1, '', 1, '', 'KP. SEMBUNG 1', '4', '2', 'GUNUNG SEMBUNG', '', 19, '0', 2, 7, 3, '', '', 'dewa.aji28@yahoo.com', 161, 73, 1, NULL, '2012-11-29 23:19:42', '2012-11-29 23:19:42', 1),
('111207101', 'ALFANDY SANTOSO', 1, '9991444827', '3213031704990001', 'SUBANG', '1999-04-17', 3, '', 1, '', 'BTN CIHEULEUT INDAH', '40', '13', 'PASRIKAREUMBI', '', 19, '41214', 2, 2, 2, '0260 420772', '', 'alfandy_santoso@hotmail.com', 168, 45, 1, NULL, '2012-11-29 23:19:45', '2012-11-29 23:19:45', 1),
('111207102', 'ALGIFARI FAUZIA', 2, '9995239668', '', 'SUBANG', '1999-06-18', 1, '', 1, '', 'KP. KERESK TUA', '36', '9', 'SUMURGINTUNG', '', 19, '0', 2, 13, 2, '', '081320640006', 'algifarifauzia@yahoo.co.id', 156, 50, 1, NULL, '2012-11-29 23:19:42', '2012-11-29 23:19:42', 1),
('111207103', 'ALYA SETYANINGRUM', 2, '0006953803', '3213031703090219', 'SUBANG', '2000-08-29', 1, '', 1, '', 'JL. BIMA SUKAM', '7', '12', 'CIGADUNG', '', 19, '0', 2, 7, 2, '0260 412147', '087726242078', '', 159, 55, 1, NULL, '2012-11-29 23:19:43', '2012-11-29 23:19:43', 1),
('111207104', 'ANNISA ARSYA EFFELI', 2, '9988274089', '3213036209980008', 'SUKABUMI', '1998-09-22', 1, '', 1, '', 'JL. ANGGUR RAYA NO.4 BLOK 02', '81', '22', 'KARANGANYAR', '', 19, '41211', 2, 3, 3, '0260 420015', '081320072505', '', 146, 36, 1, NULL, '2012-11-29 23:19:46', '2012-11-29 23:19:46', 1),
('111207105', 'ANNISA REVANANDA', 2, '0000488964', '', 'BANDUNG', '1999-04-15', 1, '', 1, '', 'GRIYA CIPAKU BLOK C9 NO. 129', '27', '07', 'CIBOGO', '', 19, '41285', 2, 8, 2, '', '081809807514', 'mbies_sebbi@yahoo.com', 146, 58, 1, NULL, '2012-11-29 23:19:44', '2012-11-29 23:19:44', 1),
('111207107', 'BELLA MARHAENIA DYAH AYU P. H.', 2, '', '', 'MAGELANG', '1999-04-25', 1, '', 1, '', 'RSS SIDODADI BLOK B NO 310', '48', '15', 'Pasirkareumbi', '', 19, '41214', 2, 3, 2, '', '085846526332', 'b.pitaloka@yahoo.co.id', 0, 0, 1, NULL, '2012-11-29 23:19:41', '2012-11-29 23:19:41', 1),
('111207110', 'DITA PUSPITASARI', 2, '9998174406', '', 'SUBANG', '1999-08-19', 1, '', 1, '', 'GRIYA PESONA PRAJA B6 NO.4', '18', '06', 'CINANGSI', '', 19, '41285', 2, 3, 2, '', '082115340120', 'mpussny@ymail.com', 146, 43, 1, NULL, '2012-11-29 23:19:44', '2012-11-29 23:19:44', 1),
('111207111', 'EUIS LAELATUS SHOFIYAH', 2, '9998158637', '3213074707990011', 'SUBANG', '1999-07-07', 1, '', 1, '', 'SELAHAUR', '07', '02', 'JABONG', '', 19, '41251', 2, 12, 3, '', '', '', 149, 45, 1, NULL, '2012-11-29 23:19:46', '2012-11-29 23:19:46', 1),
('111207112', 'FAISAL RIZKY RAMADHAN', 1, '9998156392', '', 'SUBANG', '1999-12-20', 1, '', 1, '', 'JL. P. KALIMANTAN NO.55 CIKALAPA', '31', '10', 'PASIRKAREUMBI', '', 19, '0', 1, 0, 3, '0260 421771', '085221451496', '', 0, 0, 1, NULL, '2012-11-29 23:19:41', '2012-11-29 23:19:41', 1),
('111207114', 'FINGKI CHRISPIAN', 2, '9985091820', '', 'SUBANG', '1998-06-11', 1, '', 1, '', 'KP. GARDU DS. BENDUNGAN', '8', '3', 'BENDUNGAN', '', 19, '41252', 2, 30, 2, '', '087848321998', '', 145, 55, 1, NULL, '2012-11-29 23:19:42', '2012-11-29 23:19:42', 1),
('111207115', 'FIRDA RAMADHANTI', 2, '9998157847', '3213035212990010', 'SUBANG', '1999-12-12', 1, '', 1, '', 'BTN. CIERENG BLOK 1 NO.4', '45', '13', 'DANGDEUR', '', 19, '41212', 2, 3, 2, '', '081321343469', 'firdaramadhanti@ymail.com', 146, 43, 1, NULL, '2012-11-29 23:19:44', '2012-11-29 23:19:44', 1),
('111207118', 'IQBAL NAHRUL HAYAT', 1, '9991444885', '3213170704080024', 'INDRAMAYU', '1999-01-01', 1, '', 1, '', 'BTN. GRIYA CIPAKU BLOK C4 NO. 91', '27', '07', 'CIBOGO', '', 19, '41285', 2, 2, 2, '', '082128707207', 'iqbal_nh1999@yahoo.co.id', 165, 55, 1, NULL, '2012-11-29 23:19:46', '2012-11-29 23:19:46', 1),
('111207119', 'KANIA SANY ARDI', 2, '9985813678', '3213195012980002', 'SUBANG', '1998-12-10', 1, '', 1, '', 'KP. SUKAJADI', '24', '08', 'CIJAMBE', '', 19, '41286', 2, 10, 3, '0260 7422786', '081320379055', 'kania.sanyardi2@gmail.com', 150, 40, 1, NULL, '2012-11-29 23:19:46', '2012-11-29 23:19:46', 1),
('111207120', 'KEVIN JOSEPH TARUNA SUGITTO', 1, '9991444842', '3213172803060559', 'SUBANG', '1999-09-17', 1, '', 1, '', 'KARTAWIGENDA GG. PALABUAN 80', '36', '09', 'CIGADUNG', '', 19, '0', 1, 0, 2, '0260 416760', '0817610106', '', 167, 50, 1, NULL, '2012-11-29 23:19:44', '2012-11-29 23:19:44', 1),
('111207122', 'MUHAMMAD SA''YAN HASBI YALLAH', 1, '0000488976', '3213170512990008', 'SUBANG', '1999-12-05', 1, '', 1, '', 'GRIYA CINANGSI ASRI BLOK C 49', '14', '05', 'CINANGSI', '', 19, '41285', 2, 5, 2, '', '085221727127', 'msayanhasbiyallah@yahoo.com', 160, 37, 1, NULL, '2012-11-29 23:19:43', '2012-11-29 23:19:43', 1),
('111207123', 'MUTIARA PUTRI UTAMI', 1, '9980883095', '', 'SUBANG', '1999-11-11', 1, '', 1, '', 'GANG ASEM NO.14', '30', '7', 'KARANGANYAR', '', 19, '0', 1, 0, 1, '', '08122130257', 'putriutami.mutiara@yahoo.com', 153, 33, 1, NULL, '2012-11-29 23:19:41', '2012-11-29 23:19:41', 1),
('111207124', 'NILDA NABILA DHIYA ''ULHAQ', 2, '0006976273', '3213034110000017', 'SUBANG', '2000-10-01', 1, '', 1, '', 'PERUM SURYA CIGADUNG BLOK 4', '76', '23', 'CIGADUNG', '', 19, '0', 2, 1, 2, '0260 414270', '081546974455', 'nildanabila@yahoo.com', 149, 52, 1, NULL, '2012-11-29 23:19:42', '2012-11-29 23:19:42', 1),
('111207125', 'NINDA SULASTIN', 2, '9985078614', '32130922408', 'SUBANG', '1999-11-02', 1, '', 1, '', 'JL. RAYA KAMARUNG', '36', '09', 'KAMARUNG', '', 19, '0', 2, 0, 3, '0260 450724', '085314901528', '', 151, 40, 1, NULL, '2012-11-29 23:19:45', '2012-11-29 23:19:45', 1),
('111207126', 'SALSABILA SULTANAH RATNAPUTRI', 2, '9991444767', '', 'SUBANG', '1999-10-08', 1, '', 1, '', 'BTN. SUBANG JAYA BLOK. 1 NO. 23', '10', '10', 'KARANGANYAR', '', 19, '41211', 1, 0, 2, '0260 412865', '082129589700', 'sultanahsalsabila@yahoo.com', 145, 30, 1, NULL, '2012-11-29 23:19:45', '2012-11-29 23:19:45', 1),
('111207127', 'SATRIA FAREL MUHAMMAD', 1, '9991444774', '3213031912990008', 'SUBANG', '1999-12-09', 1, '', 1, '', 'JL. O. DJAYAWISASTRA', '754', '13', 'CIGADUNG', '', 19, '41211', 2, 1, 2, '', '081312122113', '', 140, 32, 1, NULL, '2012-11-29 23:19:45', '2012-11-29 23:19:45', 1),
('111207128', 'SITI LAILA RAMDANIAH', 2, '9993424778', '3213256112990001', 'SUBANG', '1999-12-21', 1, '', 1, '', 'KERTAJAYA', '05', '02', 'KERTAJAYA', '', 19, '0', 2, 4, 3, '', '081324615914', '', 165, 70, 1, NULL, '2012-11-29 23:19:45', '2012-11-29 23:19:45', 1),
('111207130', 'AGUSTIYANTI CAHYANINGTIYAS S.', 2, '9998155582', '3213036108990015', 'SUBANG', '1999-08-21', 1, '', 1, '', 'BLOK SUKAMELANG', '31', '20', 'CIGADUNG', '', 19, '41213', 2, 3, 3, '0260 416667', '08122466753', 'cagustiyanti@yahoo.co.id', 160, 67, 1, NULL, '2012-11-29 23:19:42', '2012-11-29 23:19:42', 1),
('111207131', 'ALDERA MARGIANTI SUKAWAPUTRI', 2, '9995415409', '3213180404063804', 'SUBANG', '1999-02-12', 1, '', 1, '', 'KP. PEUNDEUY PADAMULYA CIPUNAGARA', '21', '05', 'PADAMULYA', '', 19, '0', 2, 20, 3, '0260 452253', '081320411876', '', 161, 38, 1, NULL, '2012-11-29 23:19:46', '2012-11-29 23:19:46', 1),
('111207132', 'ANISA PUSPITA', 2, '9991444754', '', 'SUBANG', '1999-07-03', 1, '', 1, '', 'JL. DI PANJAITAN NO. 6 SOKIAT', '44', '13', '', '', 19, '0', 1, 0, -1, '0260 412445', '089639712229', 'shizukatsheyka@yahoo.com', 150, 42, 1, NULL, '2012-11-29 23:19:40', '2012-11-29 23:19:40', 1),
('111207133', 'BAKTHI RAMADHAN', 1, '9994812967', '', 'SUBANG', '1999-01-13', 1, '', 1, '', 'KP. RANCASARI', '02', '01', 'MAJASARI', '', 19, '41285', 2, 0, 3, '', '081320244455', '', 0, 0, 1, NULL, '2012-11-29 23:19:45', '2012-11-29 23:19:45', 1),
('111207134', 'DANDY ARIANDI DJUMIARNA', 1, '9991444739', '', 'SUBANG', '2000-03-01', 1, '', 1, '', 'JL. JAYAWISASTRA GG. PALABUAN 48', '23', '06', 'KARANGANYAR', '', 19, '41211', 1, 0, 2, '0260 413012', '082117725322', '', 0, 0, 1, NULL, '2012-11-29 23:19:44', '2012-11-29 23:19:44', 1),
('111207136', 'DINAR KHOERUN NISA', 2, '9987817616', '3213035804080012', 'SUBANG', '1998-04-18', 1, '', 1, '', 'JL. S .PARMAN Gg. BUNGBULANG', '20', '13', 'SOKLAT', '', 19, '41215', 1, 0, 3, '', '081912612810', 'dinaar-nissa@yahoo.co.id', 158, 47, 1, NULL, '2012-11-29 23:19:41', '2012-11-29 23:19:41', 1),
('111207137', 'DINDA NURUL RAMADHANI', 2, '', '3213032903063514', 'SUBANG', '1998-12-23', 1, '', 1, '', 'JL. MT HARYONO BLOK SEKARJAYA', '79', '06', 'CIGADUNG', '', 19, '41213', 1, 0, 3, '0260 412733', '08997013998', '', 150, 35, 1, NULL, '2012-11-29 23:19:46', '2012-11-29 23:19:46', 1),
('111207138', 'DZIKRUL MUWAFIQ', 2, '9987796127', '3213032508980012', 'BANDUNG', '1998-08-25', 1, '', 1, '', 'JL. KH. MUHYIDIN NO.27', '54', '15', 'CIGADUNG', '', 19, '41213', 1, 0, 2, '0260 417244', '', 'dzikrulmuwafi@yahoo.co.id', 156, 40, 1, NULL, '2012-11-29 23:19:43', '2012-11-29 23:19:43', 1),
('111207139', 'FIRZANAH GHASANI SURYA', 2, '0006956817', '3213032903063757', 'BANDUNG', '2000-03-13', 1, '', 1, '', 'JL. KH. DEWANTARA BLOK BUMI SARI', '42', '5', 'DANGDEUR', '', 19, '0', 2, 0, -1, '0260 414618', '081221425615', 'ghasanisurya@gmail.com', 150, 42, 1, NULL, '2012-11-29 23:19:41', '2012-11-29 23:19:41', 1),
('111207140', 'FITRI DWI UTAMI', 2, '9991444733', '', 'SUBANG', '1999-03-14', 1, '', 1, '', 'JL. JAKSA NO. 51 SUKAMELANG', '34', '13', 'SUKAMELANG', '', 19, '0', 2, 0, 2, '', '085222940123', '', 155, 50, 1, NULL, '2012-11-29 23:19:44', '2012-11-29 23:19:44', 1),
('111207141', 'IRVAN GURUH FATHUR AZHARI', 1, '', '', 'SUBANG', '1999-08-28', 1, '', 1, '', 'KP. NAGROG JAYA DS. SUKAMULYA', '6', '2', 'SUKAMULYA', '', 19, '0', 2, 12, 2, '0260 450930', '', '', 157, 50, 1, NULL, '2012-11-29 23:19:41', '2012-11-29 23:19:41', 1),
('111207142', 'LISDA MULIANI SEKAR ARUM', 2, '0000488981', '', 'SUBANG', '1999-05-20', 1, '', 1, '', 'JL. MARSINU NO. 38 BLOK WALAHAR', '160', '50', 'DANGDEUR', '', 19, '0', 1, 0, 2, '', '087760640567', 'lisda_muliani@yahoo.com', 160, 50, 1, NULL, '2012-11-29 23:19:45', '2012-11-29 23:19:45', 1),
('111207144', 'MUHAMMAD JUAN DWIYAN', 1, '9991444884', '', 'BANDUNG', '1999-05-03', 1, '', 1, '', 'GRIYA CINANGSI ASRI', '23', '07', 'CINANGSI', '', 19, '41285', 2, 0, 3, '', '081221637271', '', 0, 0, 1, NULL, '2012-11-29 23:19:43', '2012-11-29 23:19:43', 1),
('111207145', 'NOVAL YUSUF KURNIAWAN', 1, '9998178298', '3213032511998123', 'SUBANG', '1999-11-25', 1, '', 1, '', 'JL. A. YANI NO 49', '5', '2', 'PASIRKAREUMBI', '', 19, '0', 1, 0, 3, '', '085295922207', '', 158, 40, 1, NULL, '2012-11-29 23:19:42', '2012-11-29 23:19:42', 1),
('111207146', 'NUR ASYIFA', 2, '9990881085', '3277015712990016', 'BANDUNG', '1999-12-17', 1, '', 1, '', 'JL. DARAH KARTAWIGENDA GG. CEMPAKA NO.4', '17', '05', 'KARANGANYAR', '', 19, '41211', 2, 2, 1, '0260 412853', '089656172067', '', 148, 33, 1, NULL, '2012-11-29 23:19:46', '2012-11-29 23:19:46', 1),
('111207147', 'POPPY NINING NAGANINGRUM', 2, '9980883090', '3213032703060785', 'BEKASI', '1999-10-27', 1, '', 1, '', 'JL. AHMAD YANI GG. CANGAK NO.37', '4', '2', 'PASIRKAREUMBI', '', 19, '0', 1, 0, 2, '0260 9143540', '081912607005', 'poppy.n.n@gmail.com', 158, 38, 1, NULL, '2012-11-29 23:19:41', '2012-11-29 23:19:41', 1),
('111207148', 'RA. YOVANKA PUSPA ANGGELINA', 2, '0006955218', '3213285910000005', 'YOGYAKARTA', '2000-10-19', 1, '', 1, '', 'JL. LURAH BINTANG GG. EYANG OBOS', '01', '01', 'CIDAHU', '', 19, '0', 2, 5, 2, '0260 414153', '081324681541', 'yovankaanggelin@ymail.com', 169, 0, 1, NULL, '2012-11-29 23:21:56', '2012-11-29 23:21:56', 1),
('111207149', 'RAFIFAH ZAHRA', 2, '9968156207', '3213032703061645', 'SUBANG', '1999-05-14', 1, '', 1, '', 'BTN. CIHEULEUT BLOK A3/P NO.43', '45', '14', 'PASIRKAREUMBI', '', 19, '41212', 2, 4, 2, '0260 42175', '081324508688', 'lawliet_fizahshiki@yahoo.co.id', 163, 61, 1, NULL, '2012-11-29 23:19:44', '2012-11-29 23:19:44', 1),
('111207150', 'RAISYA INDRIANI JOEHARDJAT', 2, '9991444874', '3213036909990009', 'SUKABUMI', '1999-09-29', 1, '', 1, '', 'JL. FLAMBOYAN NO.3', '26', '95', 'KARANGANYAR', '', 19, '41211', 2, 2, 2, '0260 420288', '085794935010', 'raisyaaa29@yahoo.co.id', 164, 47, 1, NULL, '2012-11-29 23:19:44', '2012-11-29 23:19:44', 1),
('111207151', 'RONDI RUNOAR', 1, '9991444898', '', 'SUBANG', '1999-12-04', 1, '', 1, '', 'BTN. CIHEULEUT B2 NO.46', '39', '13', 'PASIRKAREUMBI', '', 19, '41214', 1, 0, 4, '', '081220051238', '', 161, 48, 1, NULL, '2012-11-29 23:19:42', '2012-11-29 23:19:42', 1),
('111207152', 'SATRIO AJI', 1, '9991444894', '', 'SUBANG', '1998-11-12', 1, '', 1, '', 'BLOK NUSA INDAH', '', '', 'DANGDEUR', '', 19, '0', 2, 0, 2, '', '081912637999', 'rio_kusumantyo@yahoo.com', 152, 40, 1, NULL, '2012-11-29 23:19:45', '2012-11-29 23:19:45', 1),
('111207153', 'SITI ZULFANIA ARIFIN', 2, '9991444203', '', 'SUBANG', '1999-09-02', 1, '', 1, '', 'BTN SUBANG JAYA BLOK C NO 3', '40', '10', 'KARANGANYAR', '', 19, '0', 1, 0, -1, '0260 420402', '085315023840', 'zbw_arifin@yahoo.com', 160, 50, 1, NULL, '2012-11-29 23:19:44', '2012-11-29 23:19:44', 1),
('111207154', 'SUCI AMALIA', 2, '9994812955', '3213176501990002', 'SUBANG', '1999-01-25', 1, '', 1, '', 'JL. RAYA CINANGSI', '6', '2', 'CINANGSI', '', 19, '0', 2, 7, 3, '0260 414392', '081281195048', '', 143, 40, 1, NULL, '2012-11-29 23:19:43', '2012-11-29 23:19:43', 1),
('111207155', 'WIDI MUFIDAH RIFQOH', 2, '9998157837', '', 'SUBANG', '1999-09-10', 1, '', 1, '', 'JL. CINANGSI PERUM GPS', '31', '1', 'CINANGSI', '', 19, '0', 2, 0, 2, '', '081320198001', 'widimufidahrifqoh@yahoo.co.id', 155, 45, 1, NULL, '2012-11-29 23:19:42', '2012-11-29 23:19:42', 1),
('111207157', 'ADHIA NUR PERMATAWANGI', 2, '9998196422', '', 'SUBANG', '1999-03-25', 1, '', 1, '', 'BTN PUSKOPAD BLOK C 40', '59', '17', 'CIGADUNG', '', 19, '41213', 1, 0, 3, '', '08122091847', '', 163, 51, 1, NULL, '2012-11-29 23:19:45', '2012-11-29 23:19:45', 1),
('111207158', 'AJI MULYANA', 1, '9995235742', '3213072409990002', 'SUBANG', '1999-09-24', 1, '', 1, '', 'JL. KAMARUNG SELATAN NO.7', '35', '09', 'Kamarung', '', 19, '41252', 2, 15, 3, '0260 451222', '', '', 135, 35, 1, NULL, '2012-11-29 23:19:41', '2012-11-29 23:19:41', 1),
('111207159', 'ALDI RAHAYU', 1, '9998158519', '111207159', 'SUBANG', '1999-07-13', 1, '', 1, '', 'JL. KH. DEWANTARA KOMPLEK PDK', '22', '05', 'DANGDEUR', '', 19, '41212', 2, 2, 3, '0260 413439', '', '', 0, 0, 1, NULL, '2012-11-29 23:19:45', '2012-11-29 23:19:45', 1),
('111207160', 'BELA AYU SUBARINI P', 2, '9998155578', '3213035007990001', 'BANDUNG', '1999-07-10', 1, '', 1, '', 'JL. MT. HARTONO NO.63', '46', '12', 'CIGADUNG', '', 19, '41213', 1, 0, 3, '0260 421121', '', '', 148, 43, 1, NULL, '2012-11-29 23:19:42', '2012-11-29 23:19:42', 1),
('111207161', 'CICA NURDILA', 2, '9995235723', '3213281006750004', 'SUBANG', '1999-04-27', 1, '', 1, '', 'KAMPUNG SUKAJAYA', '24', '05', 'CIDADAP', '', 19, '0', 2, 15, 3, '', '08984833273', 'cica.cieamie.7@facebook.com', 148, 37, 1, NULL, '2012-11-29 23:19:41', '2012-11-29 23:19:41', 1),
('111207162', 'CRISTIAN JONATHAN', 1, '9994615888', '', 'SUBANG', '1999-04-01', 2, '', 1, '', 'PURWADADI WR. ASEM', '24', '5', 'PURWADADI', '', 19, '0', 2, 35, 3, '', '', 'christianjonathan@yahoo.com', 138, 37, 1, NULL, '2012-11-29 23:19:42', '2012-11-29 23:19:42', 1),
('111207163', 'DEA ALAYDA ZAKIAH', 2, '9991444012', '', 'SUBANG', '1999-08-13', 1, '', 1, '', 'BTN. GRIYA CINANGSI ASRI', '16', '7', 'CINANGSI', '', 19, '0', 2, 0, 2, '', '085318824155', 'deaalaydazakiah@yahoo.com', 162, 42, 21, NULL, '2012-11-29 23:19:42', '2012-11-29 23:19:42', 1),
('111207164', 'DILIA HENDRIA PANI', 2, '0000488975', '3213072405055503', 'SUBANG', '1999-05-24', 1, '', 1, '', 'KP. SEMBUNG 1', '04', '02', 'GUNUNG SEMBUNG', '', 19, '41252', 2, 7, 2, '0260 414999', '08987142760', '', 160, 46, 1, NULL, '2012-11-29 23:19:46', '2012-11-29 23:19:46', 1),
('111207165', 'DILLATIA ALMA MEIDINA', 2, '9998677058', '', 'SUBANG', '1999-05-09', 1, '', 1, '', 'JL. JERUK RAYA NO. 46', '80', '22', 'KARANGANYAR', '', 19, '41211', 2, 2, 3, '0260 411522', '085294150500', '', 157, 45, 1, NULL, '2012-11-29 23:19:46', '2012-11-29 23:19:46', 1),
('111207166', 'ERINDYA NAVIKA R', 2, '9992882034', '', 'BANDUNG', '1999-09-22', 1, '', 1, '', 'JL. EMOKURNIAATMAJA', '27', '09', 'PASIRKAREUMBI', '', 19, '41214', 2, 1, 2, '0260 415669', '08122356989', 'mynameiserindya@rocketmail.com', 150, 49, 1, NULL, '2012-11-29 23:19:44', '2012-11-29 23:19:44', 1),
('111207167', 'FITRI NAILAN KARIMA', 2, '9985078975', '3213070204067490', 'SUBANG', '1998-11-11', 1, '', 1, '', 'BTN. GEMBOR PAGADEN', '34', '11', 'GEMBOR', '', 19, '41252', 2, 8, 3, '0260 7454087', '081221227918', '', 148, 40, 1, NULL, '2012-11-29 23:19:43', '2012-11-29 23:19:43', 1),
('111207168', 'GANI MUNGGARAN', 1, '9991444892', '', 'SUBANG', '1999-03-14', 1, '', 1, '', 'JL. A. YANI NO.67', '11', '04', 'PASIRKAREUMBI', '', 19, '41214', 2, 2, 3, '', '082117155773', 'munggaran1@yahoo.com', 165, 52, 1, NULL, '2012-11-29 23:19:45', '2012-11-29 23:19:45', 1),
('111207169', 'GIA ARYA PUTRA', 1, '9996296953', '', 'KARAWANG', '1999-01-10', 1, '', 1, '', 'PERUM JABONG 1 BLOK A3 DESA CURUG RENDENG', '41', '06', 'CURUGRENDENG', '', 19, '21480', 2, 15, 3, '', '081572509518', '', 161, 40, 1, NULL, '2012-11-29 23:19:46', '2012-11-29 23:19:46', 1),
('111207171', 'HILMI ZAKARIYA', 1, '9990082967', '3217062608990005', 'BANDUNG', '1999-08-26', 1, '', 1, '', 'JL. LETJEN SUPRAPTO GG. ASEM NO.1', '22', '6', 'KARANGANYAR', '', 19, '41211', 1, 0, 1, '', '08122233524', 'hilmizakariya@gmail.com', 137, 33, 1, NULL, '2012-11-29 23:19:42', '2012-11-29 23:19:42', 1),
('111207172', 'INDRI UTAMI DEWI', 2, '9998179414', '', 'SUBANG', '1999-02-19', 1, '', 1, '', 'RSS SIDODADI BLOK D NO 209', '46', '15', 'PASIRKAREUMBI', '', 19, '41214', 2, 0, 2, '', '081312401665', 'indriutamidewi@yahoo.com', 153, 73, 1, NULL, '2012-11-29 23:19:41', '2012-11-29 23:19:41', 1),
('111207173', 'KAKA ARY SOBARNA', 1, '9985294853', '', 'SUBANG', '1998-06-18', 1, '', 1, '', 'SUKASARI', '9', '2', 'SUKASARI', '', 19, '41271', 2, 9, 3, '', '087726919197', '', 165, 50, 1, NULL, '2012-11-29 23:19:42', '2012-11-29 23:19:42', 1),
('111207174', 'KIRANA SAGITA', 2, '9987796135', '', 'SUBANG', '1998-11-17', 1, '', 1, '', 'JL. ANGGUR 1 NO.26 BLOK.4', '75', '21', 'KARANGANYAR', '', 19, '0', 2, 2, 3, '', '08156005923', 'kirana.sagita@yahoo.co.id', 154, 46, 1, NULL, '2012-11-29 23:19:41', '2012-11-29 23:19:41', 1),
('111207175', 'MOCH. ZIDAN HERLIANSYAH', 1, '9991444385', '111207175', 'SUBANG', '1999-12-30', 1, '', 1, '', 'JL. BRIGJEN KATAMSO', '26', '18', 'DANGDEUR', '', 19, '41212', 2, 5, 2, '0260 421154', '085351220284', '', 163, 65, 1, NULL, '2012-11-29 23:19:43', '2012-11-29 23:19:43', 1),
('111207176', 'NADIRA FEGIYANTI', 2, '9995239328', '321307030406275', 'SUBANG', '1999-02-23', 1, '', 1, '', 'NAGROG JAYA', '145', '38', 'SUKAMULYA', '', 19, '41252', 2, 13, 3, '0260 451589', '081324495812', '', 145, 38, 1, NULL, '2012-11-29 23:19:45', '2012-11-29 23:19:45', 1),
('111207177', 'RENATA ELSA HAPSARI', 2, '9998190057', '3213035012990021', 'SUBANG', '1999-12-10', 1, '', 1, '', 'BUMI ABDI NEGARA JL. TENIS 37', '51', '16', 'PASIRKAREUMBI', '', 19, '41214', 2, 3, 2, '0260 420810', '081320745983', 'reisahapsari@yahoo.com', 150, 38, 1, NULL, '2012-11-29 23:19:44', '2012-11-29 23:19:44', 1);
INSERT INTO `academic_student` (`student_nis`, `student_name`, `student_gender`, `student_nisn`, `student_nik`, `student_birthplace`, `student_birthdate`, `student_religion`, `student_religionother`, `student_residance`, `student_residanceother`, `student_address`, `student_rt`, `student_rw`, `student_village`, `student_subdisctrict`, `student_city`, `student_zipcode`, `student_distance`, `student_distanceother`, `student_transportation`, `student_phonenumber1`, `student_phonenumber2`, `student_email`, `student_height`, `student_weight`, `student_specialneeds`, `student_pin`, `student_entry`, `student_entry_update`, `student_status`) VALUES
('111207178', 'RIS REFORMADIA', 2, '9991444628', '3213032803063871', 'BANDUNG', '1999-01-04', 1, '', 1, '', 'JL. PRAMUKA', '18', '09', 'SUKAMELANG', '', 19, '0', 2, 6, 3, '', '087726370014', '', 151, 50, 1, NULL, '2012-11-29 23:19:45', '2012-11-29 23:19:45', 1),
('111207179', 'RISKA HANDAYANI', 2, '9980882733', '3213036112990002', 'SUBANG', '1998-12-21', 1, '', 1, '', 'KARANG SARI', '11', '03', 'SOKLAT', '', 19, '41215', 2, 2, 2, '0260 420502', '087726429499', 'riskahan22@yahoo.com', 158, 40, 1, NULL, '2012-11-29 23:19:43', '2012-11-29 23:19:43', 1),
('111207180', 'RISYA AULIA SAGITA', 2, '9991444863', '3213032903061859', 'SUBANG', '1998-12-29', 1, '', 1, '', 'JL. BIMA SAKTI', '62', '20', 'CIGADUNG', '', 19, '41213', 2, 2, 3, '', '085317509811', '', 159, 49, 1, NULL, '2012-11-29 23:19:43', '2012-11-29 23:19:43', 1),
('111207181', 'SYAEFUL BACHRI', 1, '9987796919', '', 'SUBANG', '1998-12-15', 1, '', 1, '', 'JL. DIERETENDEAN CICADAS', '12', '17', 'DANGDEUR', '', 19, '0', 2, 0, 2, '', '085321200576', '', 154, 30, 13, NULL, '2012-11-29 23:19:46', '2012-11-29 23:19:46', 1),
('111207182', 'THERLIN LUTHFI PRATAMA', 1, '0006976271', '', 'SUBANG', '2000-09-22', 1, '', 1, '', 'SUKAMELANG', '', '', 'SUKAMELANG', '', 19, '0', 2, 3, 2, '', '081321638577', 'lulut_09@ymail.com', 150, 40, 1, NULL, '2012-11-29 23:19:43', '2012-11-29 23:19:43', 1),
('111207183', 'YUDHA ANTON PRATAMA A.', 1, '0000488971', '3213032303980023', 'SUBANG', '1999-03-23', 1, '', 1, '', 'JL. SUTAATMADJA GG. PANGLEJAR 06', '35', '09', 'KARANGANYAR', '', 19, '41211', 1, 0, 2, '', '081320751403', '', 160, 43, 1, NULL, '2012-11-29 23:19:46', '2012-11-29 23:19:46', 1),
('111207186', 'ADINDA DWI MEYLIANA', 2, '9998756622', '3213034205990009', 'SUBANG', '1999-05-02', 1, '', 1, '', 'Gg. Asem No. 37', '28', '07', 'Karanganyar', '', 19, '41212', 1, 0, 2, '', '085759284475', '', 168, 65, 1, NULL, '2012-11-29 23:21:56', '2012-11-29 23:21:56', 1),
('111207187', 'ARINI RATNASARI', 2, '0006976266', '3213035008000008', 'SUBANG', '2000-08-10', 1, '', 1, '', 'BTN PUSKOPAD SUKAJAYA BLOK C', '59', '17', 'CIGADUNG', '', 19, '41313', 1, 0, 2, '0260 416581', '085294012374', 'ariniratnasari38@yahoo.co.id', 148, 46, 1, NULL, '2012-11-29 23:19:43', '2012-11-29 23:19:43', 1),
('111207189', 'DEWY KANIA SITI MEDAL MAS', 2, '0006956812', '3213036601000013', 'BANDUNG', '2000-01-26', 1, '', 1, '', 'JL. KAPTEN PIERE TANDEAN', '13', '4', 'DANGDEUR', '', 19, '0', 2, 1, 2, '', '082127766888', 'k.dewi27@ymail.com', 152, 39, 1, NULL, '2012-11-29 23:19:43', '2012-11-29 23:19:43', 1),
('111207190', 'FADLILA GIFARINA GANI', 2, '9991444760', '3213034206990002', 'SUBANG', '1999-06-02', 1, '', 1, '', 'JL. SUTAATMAJA GG. GRIYA PANGLEJAR INDAH ', '63', '09', 'CIGADUNG', '', 19, '41213', 1, 0, 2, '0260 414795', '087726825500', 'gfadlila@yahoo.com', 160, 43, 1, NULL, '2012-11-29 23:19:44', '2012-11-29 23:19:44', 1),
('111207191', 'FITRI DYAH PITALOKA', 2, '9998190020', '3213035407990003', 'SUBANG', '1999-07-14', 1, '', 1, '', 'RSS. SIDODADI BLOK D NO. 246', '46', '15', 'PASIRKAREUMBI', '', 19, '41214', 2, 2, 2, '0260 7422884', '085314215121', '', 151, 47, 1, NULL, '2012-11-29 23:19:46', '2012-11-29 23:19:46', 1),
('111207192', 'GINA LAILATUL QODRIYAH', 2, '9998158570', '', 'SUBANG', '1999-01-11', 1, '', 1, '', 'GRIYA CINANGSI ASRI NO.153', '17', '05', 'CINAGSI', '', 19, '0', 2, 0, 3, '', '08323725401', '', 156, 50, 1, NULL, '2012-11-29 23:19:45', '2012-11-29 23:19:45', 1),
('111207193', 'INDAH NOOR MEDIANI', 2, '9995459453', '3213275002730005', 'SUBANG', '1999-04-12', 1, '', 1, '', 'KP. SUKASARI', '09', '02', 'SITUSARI', '', 19, '0', 2, 8, 2, '', '085721876020', 'indahsitagina@yahoo.co.id', 150, 40, 1, NULL, '2012-11-29 23:19:45', '2012-11-29 23:19:45', 1),
('111207194', 'IQBAL MAULANA S', 1, '9998190055', '3213032411990003', 'MAKASAR', '1999-11-24', 1, '', 1, '', 'PERUMAHAN BUMI ABDI NEGARA JL. ATHIETIK NO.98', '51', '16', 'PASIRKAREUMBI', '', 19, '41214', 2, 2, -1, '0260 7422927', '081394056701', '', 129, 30, 1, NULL, '2012-11-29 23:19:41', '2012-11-29 23:19:41', 1),
('111207195', 'LUSI SUSILAWATI RAHAYU', 1, '9995454100', '3213185705990002', 'SUBANG', '1999-05-17', 1, '', 1, '', 'CIPACAR', '8', '2', 'PADAMULYA', '', 19, '0', 2, 10, 3, '', '085294609799', '', 160, 56, 1, NULL, '2012-11-29 23:19:41', '2012-11-29 23:19:41', 1),
('111207197', 'MELVINA HELLY HUTASOIT', 2, '9995237961', '', 'SUBANG', '1999-07-06', 2, '', 1, '', 'KP. SEMBUNG 2 NO.109', '3', '6', 'GUNUNG SEMBUNG', '', 19, '0', 2, 7, 3, '0260 7454020', '085222223079', '', 155, 52, 1, NULL, '2012-11-29 23:19:41', '2012-11-29 23:19:41', 1),
('111207198', 'NANDA ELSA ELVIRA', 2, '9998156937', '3213035207990005', 'SUBANG', '1999-07-12', 1, '', 1, '', 'BTN. CIHEULEUT BLOK A3 NO. 4', '45', '14', 'PASIRKAREUMBI', '', 19, '0', 2, 0, 2, '', '08212721000', 'nandaelsaelvira@yahoo.com', 153, 42, 1, NULL, '2012-11-29 23:19:45', '2012-11-29 23:19:45', 1),
('111207199', 'NAUPAL HAMDANI', 1, '9995235994', '3213072604990002', 'SUBANG', '1999-04-26', 1, '', 1, '', 'BTN. GRIYA MUKTI INDAH', '35', '11', 'GEMBOR', '', 19, '41252', 2, 5, 3, '', '082126255993', '', 156, 60, 1, NULL, '2012-11-29 23:19:43', '2012-11-29 23:19:43', 1),
('111207200', 'NORMAN IBRAHIM SULTAN', 1, '9994432498', '3213040301990001', 'SUBANG', '1999-01-03', 1, '', 1, '', 'JL. TUGU SELATAN NO. 23', '18', '06', 'KALIJATI BARAT', '', 19, '41271', 2, 15, 3, '0260 460331', '', 'norman_sultan2@yahoo.com', 150, 38, 1, NULL, '2012-11-29 23:19:44', '2012-11-29 23:19:44', 1),
('111207201', 'PEGY MEIRIZKA', 2, '9998156588', '3213035005990012', 'SUBANG', '1999-05-10', 1, '', 1, '', 'PERUMAHAN DEPAG', '35', '08', 'CIGADUNG', '', 19, '41213', 1, 0, 2, '', '082128822898', '', 149, 38, 1, NULL, '2012-11-29 23:21:56', '2012-11-29 23:21:56', 1),
('111207202', 'PRATIWI INDA RIZKY DEWI', 2, '0012598505', '', 'SUBANG', '2000-05-10', 1, '', 1, '', 'JL. AHMAD YANI NO.65', '11', '4', 'PASIRKAREUMBI', '', 19, '0', 1, 0, 2, '0260 411071', '087760854144', 'pratiwikiki123@yahoo.com', 166, 46, 1, NULL, '2012-11-29 23:19:42', '2012-11-29 23:19:42', 1),
('111207203', 'PUTRI WULANDARI', 2, '9998174419', '', 'SUBANG', '1999-10-14', 1, '', 1, '', 'JL. RAYA CINANGSI', '5', '2', 'CINANGSI', '', 19, '0', 2, 3, 3, '0260 414862', '081646969572', 'namakuwulandari@yahoo.com', 154, 36, 1, NULL, '2012-11-29 23:19:42', '2012-11-29 23:19:42', 1),
('111207204', 'RESTU RIZKI MAULANA', 1, '9998155639', '321303283110003', 'SUBANG', '1999-06-21', 1, '', 1, '', 'BTN. CIHEULEUT INDAH BLOK B 13', '44', '14', 'PASIRKAREUMBI', '', 19, '41214', 2, 0, 3, '', '087821369575', '', 140, 55, 1, NULL, '2012-11-29 23:19:41', '2012-11-29 23:19:41', 1),
('111207205', 'RICKY WIBOWO ARDIANSYAH', 1, '9987816026', '3213032803066801', 'SUBANG', '1998-11-04', 1, '', 1, '', 'JL. ARIEF RAHMAN HAKIM NO. 09', '65', '14', 'CIGADUNG', '', 19, '0', 2, 2, 3, '', '082130852974', '', 170, 56, 1, NULL, '2012-11-29 23:19:41', '2012-11-29 23:19:41', 1),
('111207206', 'RISMA MUHAMMAD EPRIANTO', 2, '9980882868', '', 'SUBANG', '1998-11-09', 1, '', 1, '', 'JL. PRAMUKA', '09', '01', 'SUKAMELANG', '', 19, '0', 2, 3, 2, '', '081910000015', 'risma_eprianto@yahoo.com', 0, 0, 1, NULL, '2012-11-29 23:19:45', '2012-11-29 23:19:45', 1),
('111207207', 'RUHAN MADANI', 1, '9982486367', '', 'BOGOR', '1998-04-24', 1, '', 1, '', 'GRIYA PANGLEJAR INDAH', '', '', '', '', 19, '0', 1, 0, 2, '0260 417950', '085310530204', 'ruhan_madani@yahoo.com', 158, 45, 1, NULL, '2012-11-29 23:19:43', '2012-11-29 23:19:43', 1),
('111207208', 'SHOFURA HANUN ', 2, '9991444757', '', 'CIANJUR', '1999-07-25', 1, '', 1, '', 'JL. AHMAD YANI NO. 102', '03', '01', 'PASIRKAREUMBI', '', 19, '0', 1, 0, 2, '0260 411362', '085295231999', 'shofura_hanun@yahoo.com', 151, 37, 1, NULL, '2012-11-29 23:19:44', '2012-11-29 23:19:44', 1),
('111207209', 'SYIFA HASNA PERTIWI', 2, '9996013516', '', 'JAKARTA', '1999-07-03', 1, '', 1, '', 'JL. RAYA GUNUNG TUA NO. 18', '3', '3', 'GUNUNG TUA', '', 19, '0', 2, 10, 3, '0260 7422683', '085317525709', '', 157, 45, 1, NULL, '2012-11-29 23:19:42', '2012-11-29 23:19:42', 1),
('111207210', 'YASYFI FAIKAR JUNDIL  HAQ', 1, '9991444194', '111207210', 'BANDUNG', '1999-07-05', 1, '', 1, '', 'GG. PANGLEJAR 3 NO.9', '35', '09', 'KARANGANYAR', '', 19, '41211', 1, 0, 1, '', '081322579105', 'ihdagori@yahoo.co.id', 150, 39, 1, NULL, '2012-11-29 23:19:43', '2012-11-29 23:19:43', 1),
('111207212', 'ZEA SHAFIRA SURYA', 2, '0000488960', '3213034404990007', 'BANDUNG', '1999-04-04', 1, '', 1, '', 'JL. KARTAWIGENDA', '17', '5', 'KARANGANYAR', '', 19, '41211', 2, 5, 1, '', '085759996054', 'lunazea@ymail.com', 147, 52, 1, NULL, '2012-11-29 23:19:44', '2012-11-29 23:19:44', 1),
('111207213', 'DIANE ISMI MAUDY', 2, '9982716590', '3213031208090126', 'SUBANG', '1998-11-17', 1, '', 1, '', 'JL. BIMA BLOK SUKAMEKAR', '30', '19', 'SUKAMEKAR', '', 19, '0', 1, 0, 2, '', '', '', 155, 48, 1, NULL, '2012-11-29 23:19:46', '2012-11-29 23:19:46', 1),
('121307001', 'ADILLO ALMAN AHMAD', 1, '0011531663', '', 'SUBANG', '2001-04-24', 1, '', 1, '', 'Kp. Sudarejo', '12', '3', 'Kasomalang Wetan', '', 19, '41281', 2, 21, 3, '', '082126250595', 'almanahmadadillo@yahoo.com', 141, 41, 1, NULL, '2012-11-29 23:19:32', '2012-11-29 23:19:32', 1),
('121307002', 'AFIIFAH PUTRI TUFFAAHATII', 2, '0004051165', '1050107112003010', 'BANDUNG', '2000-12-31', 1, '', 1, '', 'Kp. Langkap', '14', '03', 'Padamulya', '', 19, '41200', 2, 15, 2, '', '082126347444', '', 148, 48, 1, NULL, '2012-11-29 23:19:35', '2012-11-29 23:19:35', 1),
('121307003', 'AJENG PURNAMASARI', 2, '0004154870', '3213016805000001', 'SUKABUMI', '2000-05-28', 1, '', 1, '', 'Kp. Suniaraja', '07', '03', 'Sagalaherang Kaler', '', 19, '41282', 2, 21, 3, '', '087760549728', 'ajengpurnamasari 57@yahoo.co.id', 161, 47, 1, NULL, '2012-11-29 23:19:32', '2012-11-29 23:19:32', 1),
('121307004', 'RAHMA RIDHA PRATIWI', 2, '0000488161', '', 'DEPOK', '2000-10-10', 1, '', 1, '', 'Karangsari', '12', '03', 'Soklat', '', 19, '41215', 2, 2, -1, '', '081321546225', '', 144, 30, 1, NULL, '2012-11-29 23:19:33', '2012-11-29 23:19:33', 1),
('121307005', 'ATTHARIQ FACHRI RAMADHAN ARIEF', 1, '0000488983', '', 'SUBANG', '2000-12-10', 1, '', 1, '', 'Jln. Sukarahayu Perumnas Blok II No. 81', '80', '22', 'Karanganyar', '', 19, '41211', 2, 3, 3, '', '081321445282', '', 150, 57, 1, NULL, '2012-11-29 23:19:33', '2012-11-29 23:19:33', 1),
('121307006', 'BUNGA CHICA NOVANTRI', 2, '9994043835', '', 'SUBANG', '1999-11-23', 1, '', 1, '', 'Cisampih', '05', '01', 'Cisampih', '', 19, '41200', 2, 15, 2, '', '085284611511', '', 150, 39, 1, NULL, '2012-11-29 23:19:33', '2012-11-29 23:19:33', 1),
('121307007', 'DINDA NURHALIZA', 2, '0001981564', '', 'SUBANG', '1999-09-12', 1, '', 1, '', 'Jln. Raya Belendeng', '04', '02', 'Belendung', '', 19, '41200', 2, 3, 2, '0260 414441', '08122488626', '', 45, 43, 1, NULL, '2012-11-29 23:19:33', '2012-11-29 23:19:33', 1),
('121307008', 'FARHAN AKBAR NUR FAUZI', 1, '0000488957', '', 'SUBANG', '2000-04-25', 1, '', 1, '', 'Jln. Panji No. 1', '18', '04', 'Cigadung', '', 19, '41213', 2, 2, 3, '', '081321355796', '', 161, 65, 1, NULL, '2012-11-29 23:19:34', '2012-11-29 23:19:34', 1),
('121307009', 'FENDRY RIZMA HAYUNINGTYAS', 2, '0020395671', '', 'CIMAHI', '2002-02-11', 1, '', 1, '', 'Griya Cinangsi Asri', '14', '05', 'Cinangsi', '', 19, '41200', 2, 5, 2, '0260 421430', '081221103203', '', 120, 21, 1, NULL, '2012-11-29 23:19:34', '2012-11-29 23:19:34', 1),
('121307010', 'GEBY ROSTAULI SINAGA', 2, '0007476562', '', 'BANDUNG', '2000-09-19', 2, '', 1, '', 'BTN Kartini', '17', '06', 'Wanareja', '', 19, '41285', 2, 5, 2, '', '085294350320', '', 146, 44, 1, NULL, '2012-11-29 23:19:35', '2012-11-29 23:19:35', 1),
('121307011', 'GIAN ANTARES', 1, '9996379308', '3213120802000001', 'SUBANG', '2000-02-08', 1, '', 1, '', 'Jln. Raya Tambakan', '18', '05', 'Tambakan', '', 19, '41281', 2, 5, 3, '', '081220240833', 'gian_antares@yahoo.com', 131, 31, 1, NULL, '2012-11-29 23:19:35', '2012-11-29 23:19:35', 1),
('121307012', 'HUZAIFAH IKHWANUS SHOFA', 1, '0002363414', '3212251006000002', 'INDRAMAYU', '2000-06-10', 1, '', 1, '', 'Blok Wesel', '04', '02', 'Bantarwaru', '', 19, '0', 2, 19, 3, '', '081324503605', '', 151, 36, 1, NULL, '2012-11-29 23:19:35', '2012-11-29 23:19:35', 1),
('121307013', 'KRESNA DWI NALENDRA', 1, '0000488948', '3213172501000001', 'SUBANG', '2000-01-25', 1, '', 1, '', 'Griya Cinangsi Asri Blok C No. 53B', '16', '05', 'Cinangsi', '', 19, '41200', 2, 5, 2, '0260 421301', '085314592501', 'kresna_nalendra25@yahoo.com', 148, 40, 1, NULL, '2012-11-29 23:19:35', '2012-11-29 23:19:35', 1),
('121307014', 'LYRA LITAMI', 2, '0000488950', '', 'BANDUNG', '2000-03-15', 1, '', 1, '', 'Jln. RA. Kartini No. 35', '30', '08', 'Soklat', '', 19, '41215', 2, 3, 2, '', '08122196727', '', 143, 30, 1, NULL, '2012-11-29 23:19:36', '2012-11-29 23:19:36', 1),
('121307015', 'MITASYA NUR JANNAH', 2, '0006978088', '3213035907000004', 'SUBANG', '2000-07-19', 1, '', 1, '', 'BTN Ciheuleut Pepabri Blok A1 No. 9', '39', '13', 'Pasirkareumbi', '', 19, '41214', 2, 2, 3, '0260 421856', '082117520671', 'nurjannahmitasya@yahoo.co.id', 150, 39, 1, NULL, '2012-11-29 23:19:36', '2012-11-29 23:19:36', 1),
('121307016', 'MOCHAMMAD SYAUQI HIBATULLAH HAETAMI', 1, '9991444759', '', 'SUBANG', '1999-08-17', 1, '', 1, '', 'Jln. Jayawisastra Gg. Aster No. 1', '18', '05', 'Karanganyar', '', 19, '41211', 1, 0, 1, '0260 412530', '082116644514', 'mshibatullah@ymail.com', 145, 29, 1, NULL, '2012-11-29 23:19:36', '2012-11-29 23:19:36', 1),
('121307017', 'MUHAMAD EMIR TABAH SUBARDHI', 1, '0011479960', '', 'BANDUNG', '2001-04-28', 1, '', 1, '', 'Dusun Patrol', '19', '06', 'Tambak Mekar', '', 19, '0', 2, 13, 3, '', '085317550255', '', 142, 45, 1, NULL, '2012-11-29 23:19:36', '2012-11-29 23:19:36', 1),
('121307018', 'MUHAMAD SAEF EL ISLAM', 1, '0003043027', '', 'SUBANG', '2000-10-04', 1, '', 1, '', 'Jln. Tegal Kalapa Komp. Palem Regency Blok D5', '22', '05', 'Dangdeur', '', 19, '41212', 2, 2, 2, '', '', '', 149, 35, 1, NULL, '2012-11-29 23:19:37', '2012-11-29 23:19:37', 1),
('121307019', 'MUHAMMAD AGAM ISLAMI ALMUTAQIN', 1, '0006994535', '', 'SUBANG', '2000-01-03', 1, '', 1, '', 'Jln. Sompi Gg. Srikandi', '09', '02', 'Cigadung', '', 19, '41213', 2, 2, 2, '', '', 'spartakuz_03@yahoo.co.id', 155, 45, 1, NULL, '2012-11-29 23:19:37', '2012-11-29 23:19:37', 1),
('121307020', 'NAURAH NAZIHAH HM', 2, '0002189339', '', 'SUBANG', '2000-06-10', 1, '', 1, '', 'Jln. Sompi Gg. Parikesit', '09', '02', 'Cigadung', '', 19, '41213', 1, 0, 3, '', '082128247888', 'naurahnazihah@yahoo.com', 143, 36, 1, NULL, '2012-11-29 23:19:38', '2012-11-29 23:19:38', 1),
('121307021', 'NURUSYSYIFA', 2, '9991444883', '', 'SUBANG', '2000-10-24', 1, '', 1, '', 'Jln. Sutaatmadja V No. 19', '35', '09', 'Karanganyar', '', 19, '41211', 1, 0, 7, '', '081320158714', '', 145, 35, 1, NULL, '2012-11-29 23:19:38', '2012-11-29 23:19:38', 1),
('121307022', 'PRIYOGA SUGENG ADITYA', 1, '0006953797', '3213032309600000', 'SUBANG', '2000-06-23', 1, '', 1, '', 'BTN Puskopad Sukajaya Blok C03', '59', '17', 'Cigadung', '', 19, '41213', 2, 2, 2, '', '08122139870', '', 151, 38, 1, NULL, '2012-11-29 23:19:38', '2012-11-29 23:19:38', 1),
('121307023', 'RD SALSA DEWI KUSUMA', 2, '0006956831', '3213035306000003', 'BANDUNG', '2000-06-13', 1, '', 1, '', 'Jln. KH Dewantara Komplek Pondok Gede No. 75', '20', '05', 'Dangdeur', '', 19, '41212', 2, 2, 6, '0260 414553', '', '', 155, 45, 1, NULL, '2012-11-29 23:19:38', '2012-11-29 23:19:38', 1),
('121307024', 'REVI MERLIANI NUGRAHA', 2, '0012598292', '', 'SUBANG', '2001-03-10', 1, '', 1, '', 'Jln. Otista No. 208', '92', '26', 'Karanganyar', '', 19, '41211', 2, 3, 3, '0260 412120', '', '', 140, 30, 1, NULL, '2012-11-29 23:19:39', '2012-11-29 23:19:39', 1),
('121307025', 'RISKY BINTA REGIFTA', 1, '0000488138', '3213182505000003', 'SUBANG', '2000-05-25', 1, '', 1, '', 'Cinangka', '10', '04', 'Wanasari', '', 19, '0', 2, 13, 3, '', '081395658456', '', 150, 49, 1, NULL, '2012-11-29 23:19:39', '2012-11-29 23:19:39', 1),
('121307026', 'SAVIANA ANDJANI M.', 2, '0014273507', '3213175804010001', 'SUBANG', '2001-04-18', 1, '', 1, '', 'Griya Pesona Praja Blok.A/19', '20', '06', 'Cinangsi', '', 19, '41285', 2, 2, 2, '0260 421283', '082129889673', 'andjanisaviana@yahoo.co.id', 138, 38, 1, NULL, '2012-11-29 23:19:39', '2012-11-29 23:19:39', 1),
('121307027', 'SILVY ANISTIAWIGATI CINDININGTIAS', 2, '0004271919', '3213227103000003', 'SUBANG', '2000-03-31', 1, '', 1, '', 'Pasirjati', '02', '01', 'Cikaum timur', '', 19, '0', 2, 22, 2, '', '087760598337', '', 140, 29, 1, NULL, '2012-11-29 23:19:39', '2012-11-29 23:19:39', 1),
('121307028', 'SULTHAN MULKI SUMARNA', 1, '0006956832', '3213170907000006', 'SUBANG', '2000-07-09', 1, '', 1, '', 'Griya Pesona Praja B7 No. 10', '18', '06', 'Cinangsi', '', 19, '41285', 2, 5, 2, '0260 421368', '08122208015', 'suthanmulki@yahoo.co.id', 143, 31, 1, NULL, '2012-11-29 23:19:40', '2012-11-29 23:19:40', 1),
('121307029', 'TRISNA ALFIAN', 1, '0011411565', '', 'SUBANG', '2001-02-05', 1, '', 1, '', 'Blok Wera', '31', '14', 'Dangdeur', '', 19, '41212', 2, 3, 2, '', '085759934309', '', 154, 38, 1, NULL, '2012-11-29 23:19:40', '2012-11-29 23:19:40', 1),
('121307030', 'YUGA RAIHAN SYACHREZA', 1, '0004758139', '3213044160600452', 'SUBANG', '2000-06-16', 1, '', 1, '', 'Jln. Raya Dawuan Cisampih', '01', '01', 'Dawuan Kidul', '', 19, '41271', 2, 16, 3, '', '081220921928', '', 138, 31, 1, NULL, '2012-11-29 23:19:40', '2012-11-29 23:19:40', 1),
('121307031', 'ADRI LAZUARDIAN S', 1, '9998190054', '', 'SUBANG', '1999-10-04', 1, '', 1, '', 'Jln. Letnan Ukin No. 19 Cibarola', '34', '09', 'Soklat', '', 19, '41215', 2, 3, 3, '', '085323030179', 'sokiat4@yahoo.com', 152, 46, 1, NULL, '2012-11-29 23:19:32', '2012-11-29 23:19:32', 1),
('121307032', 'AMELIA LAILI', 2, '0998178300', '3213035312990001', 'BOGOR', '1999-12-13', 1, '', 1, '', 'Jln. Jayawisastra No. 12', '24', '06', 'Karanganyar', '', 19, '41211', 1, 0, -1, '', '08122388497', '', 155, 36, 1, NULL, '2012-11-29 23:19:32', '2012-11-29 23:19:32', 1),
('121307033', 'ANTIA ELSA SEPTIANA', 2, '0000086261', '', 'SUMEDANG', '2000-09-19', 1, '', -1, '', 'Gg. Seroja No. 05 Kebon Kalapa', '47', '12', 'Karanganyar', '', 19, '41211', 1, 0, 3, '', '085321218494', '', 147, 36, 1, NULL, '2012-11-29 23:19:33', '2012-11-29 23:19:33', 1),
('121307034', 'CINDY VIONIKA', 2, '0000488841', '', 'SUBANG', '2000-06-08', 1, '', 1, '', 'Kp. Parigi', '23', '08', 'Belendung', '', 19, '41200', 2, 3, 3, '', '085321258181', '', 154, 38, 1, NULL, '2012-11-29 23:19:33', '2012-11-29 23:19:33', 1),
('121307035', 'FAJAR SATRIO PAMUNGKAS', 1, '0007476571', '3213031810000011', 'SUBANG', '2000-10-18', 1, '', 1, '', 'Jln. Duren I No. 30', '35', '15', 'Sukamelang', '', 19, '41251', 2, 2, 3, '0260 420170', '', '', 145, 40, 1, NULL, '2012-11-29 23:19:34', '2012-11-29 23:19:34', 1),
('121307036', 'FARUQ IZZUDIN AL-QOSAM ', 1, '0010713544', '3213092304000008', 'SUBANG', '2001-04-23', 1, '', 1, '', 'Jln. A. Yani Gg. Burangrang', '02', '01', 'Pasirkareumbi', '', 19, '41214', 2, 2, 2, '', '08179254306', 'faruqizzudin@yahoo.com', 145, 39, 1, NULL, '2012-11-29 23:19:34', '2012-11-29 23:19:34', 1),
('121307037', 'FATIA ASY-SYAHIDAH AL-HAQ', 2, '0004051153', '', 'SUBANG', '2000-04-07', 1, '', 1, '', 'Jln. Anggur Raya Blok IV No. 21', '77', '21', 'Karanganyar', '', 19, '41211', 2, 5, 2, '', '085322440771', '', 155, 37, 1, NULL, '2012-11-29 23:19:34', '2012-11-29 23:19:34', 1),
('121307038', 'FIKA FEBI SANDIQI', 2, '0003617367', '3213175802000001', 'INDRAMAYU', '2000-02-18', 1, '', 1, '', 'Griya Cipaku', '28', '07', 'Cibogo', '', 19, '41200', 2, 5, 3, '', '085720334227', '', 140, 35, 1, NULL, '2012-11-29 23:19:34', '2012-11-29 23:19:34', 1),
('121307039', 'GERADI NADHIF FIANDRA', 1, '0006955242', '', 'BANDUNG', '2000-06-18', 1, '', 1, '', 'Jln. Darmodihardjo', '38', '12', 'Sukamelang', '', 19, '41251', 2, 4, -1, '0260 9141256', '081912641548', 'nadifsniper@ymail.com', 142, 32, 1, NULL, '2012-11-29 23:19:35', '2012-11-29 23:19:35', 1),
('121307040', 'HANNA AMIRA ZEIN', 2, '0008230289', '3213035205000013', 'SUBANG', '2000-05-12', 1, '', 1, '', 'Gg. Anyelir No. 2', '70', '19', 'Karanganyar', '', 19, '41211', 2, 2, 3, '0260 415956', '08121452007', 'amira.zein@rocketmail.com', 155, 38, 1, NULL, '2012-11-29 23:19:35', '2012-11-29 23:19:35', 1),
('121307041', 'ISHAFANI AULIA AZZAHRA', 2, '0002628585', '3213035202000003', 'BANDUNG', '2000-02-12', 1, '', 1, '', 'RSS. Sidodadi Blok C No. 52', '47', '15', 'Pasirkareumbi', '', 19, '41214', 2, 3, 2, '0260 7712234', '085220888332', '', 155, 40, 1, NULL, '2012-11-29 23:19:35', '2012-11-29 23:19:35', 1),
('121307042', 'M. RIZAL NURFIKRI', 1, '9996379335', '3213123010990005', 'SUBANG', '1999-10-30', 1, '', 1, '', 'Jln. Tambakan No. 240', '14', '04', 'Tambakan', '', 19, '41281', 2, 12, 3, '', '085846523945', 'm_rizal_n@yahoo.com', 148, 49, 1, NULL, '2012-11-29 23:19:36', '2012-11-29 23:19:36', 1),
('121307043', 'MOCHAMAD ALFARI PASSYA', 1, '9994812977', '3213171006720001', 'SUBANG', '1999-12-24', 1, '', 1, '', 'Komp. Babakan Bandung', '16', '05', 'Cibogo', '', 19, '41285', 2, 5, 3, '', '081313780938', '', 160, 80, 1, NULL, '2012-11-29 23:19:36', '2012-11-29 23:19:36', 1),
('121307044', 'MUHAMAD FADHIL FALHAN', 1, '0000488984', '', 'SUBANG', '2000-12-02', 1, '', 1, '', 'Komplek Subang Jaya Blok L.14', '41', '11', 'Karanganyar', '', 19, '41211', 1, 0, 3, '', '085318922849', 'fadhil_falz@yahoo.co.id', 157, 58, 1, NULL, '2012-11-29 23:19:37', '2012-11-29 23:19:37', 1),
('121307045', 'MUHAMAD RAYHAN GEMILANG', 1, '0006953786', '', 'SUBANG', '2000-04-11', 1, '', 1, '', 'Blok Sukamekar', '71', '19', 'Cigadung', '', 19, '41213', 2, 3, 3, '', '081322046392', 'rayhangemilang@ymail.com', 126, 25, 1, NULL, '2012-11-29 23:19:37', '2012-11-29 23:19:37', 1),
('121307046', 'MUHAMMAD ABELYAN NUR QALAM', 1, '0014273501', '3213030902010001', 'AGAM', '2001-02-09', 1, '', 1, '', 'Jln. Sutaatmaja Gg. Panglejar I No. 22', '32', '08', 'Karanganyar', '', 19, '41211', 1, 0, 1, '', '085222044271', 'abelyan17@yahoo.co.id', 138, 31, 1, NULL, '2012-11-29 23:19:37', '2012-11-29 23:19:37', 1),
('121307047', 'MUTIA DEA HARUYA', 2, '0003619279', '3213096209000634', 'BEKASI', '2000-09-22', 1, '', 3, '', 'Dusun Margamulya', '41', '03', 'Ciasem Girang', '', 19, '41200', 2, 33, 1, '', '085759355945', 'mutiadea51@yahoo.co.id', 149, 37, 1, NULL, '2012-11-29 23:19:38', '2012-11-29 23:19:38', 1),
('121307048', 'MUTIARA NATASYA RAHMAPUTRI', 2, '0004117707', '3213026004000007', 'BANDUNG', '2000-04-21', 1, '', 1, '', 'Kp. Ganghui ', '22', '03', 'Pakuhaji', '', 19, '41263', 2, 26, 2, '', '081320146161', '', 158, 40, 1, NULL, '2012-11-29 23:19:37', '2012-11-29 23:19:37', 1),
('121307049', 'MUTIARA SHOLIHAH', 2, '9992620816', '3213035811990015', 'SUBANG', '1999-11-18', 1, '', 1, '', 'BTN Ciheuleut B5 No. 99', '41', '13', 'Pasirkareumbi', '', 19, '41214', 2, 2, 2, '0260 421706', '081322331455', 'tia.cantik12@gmail.com', 158, 50, 1, NULL, '2012-11-29 23:19:37', '2012-11-29 23:19:37', 1),
('121307050', 'NADHIV IRVINA WIBAWA', 2, '0007476570', '3213035610000015', 'SUBANG', '2000-10-16', 1, '', 1, '', 'Perumahan Surya Cigadung', '77', '25', 'Cigadung', '', 19, '41213', 2, 3, 6, '', '085321235150', 'anadhiv@yahoo.com', 145, 31, 1, NULL, '2012-11-29 23:19:38', '2012-11-29 23:19:38', 1),
('121307051', 'PEBRIYANTO SIBORO', 1, '0000488666', '3213170202000007', 'INDRAMAYU', '2000-02-02', 3, '', 1, '', 'Griya Cinangsi Blok C 296', '16', '07', 'Cinangsi', '', 19, '41285', 2, 4, 3, '', '081320914311', 'febriyanto.siboro@yahoo.com', 146, 42, 1, NULL, '2012-11-29 23:19:38', '2012-11-29 23:19:38', 1),
('121307052', 'REZA TAUFIQ SUBAGIO', 1, '9991444775', '', 'MOJOKERTO', '1999-12-29', 1, '', 1, '', 'Jln. Raya Subang Pagaden Km. 10', '01', '01', 'Gunung Sari', '', 19, '0', 2, 10, 2, '', '08112405475', '', 165, 70, 1, NULL, '2012-11-29 23:19:39', '2012-11-29 23:19:39', 1),
('121307053', 'RIZQY MUHAMMAD RIDLWANA', 1, '9991444879', '3213030705000008', 'SUBANG', '2000-05-07', 1, '', 1, '', 'Jln. Anggur Raya No. 14', '35', '08', 'Sukamelang', '', 19, '0', 2, 2, 3, '0260 415715', '085314555117', '', 155, 65, 1, NULL, '2012-11-29 23:19:39', '2012-11-29 23:19:39', 1),
('121307054', 'SALFA AQILLA', 2, '0006956858', '', 'SUBANG', '2000-10-06', 1, '', 1, '', 'Jln. KH. Dewantara Komp. PDK No. 54', '22', '05', 'Dangdeur', '', 19, '41212', 2, 3, 3, '0260 412014', '08128484262', '', 145, 35, 1, NULL, '2012-11-29 23:19:39', '2012-11-29 23:19:39', 1),
('121307055', 'SISKA YOHANA BATUBARA', 2, '0000488909', '', 'SUBANG', '2000-02-07', 2, '', 1, '', 'Perumahan Bumi Abdi Praja Blok A3 No. 12', '58', '16', 'Sukamelang', '', 19, '41251', 2, 3, 2, '', '081394453833', '', 154, 44, 1, NULL, '2012-11-29 23:19:40', '2012-11-29 23:19:40', 1),
('121307056', 'SMESTA RINDU SUKARNA', 2, '0006956866', '3213036311000009', 'BANDUNG', '2000-11-23', 1, '', 1, '', 'Jln. KH. Dewantara Komp. PDK No. 32', '22', '05', 'Dangdeur', '', 19, '41212', 2, 2, 2, '0260 411697', '083816032471', '', 144, 29, 1, NULL, '2012-11-29 23:19:40', '2012-11-29 23:19:40', 1),
('121307057', 'SYIFA GHEANA', 2, '9991444849', '', 'SUBANG', '2000-10-17', 1, '', 1, '', 'Jln. DI Panjaitan No. 4', '44', '13', 'Soklat', '', 19, '41215', 2, 1, 2, '0260 418019', '08156221720', '', 159, 58, 1, NULL, '2012-11-29 23:19:40', '2012-11-29 23:19:40', 1),
('121307058', 'SYNTIARA FEBRIDA PUTRI GUNAWAN', 2, '0006976235', '', 'SUBANG', '2000-02-10', 1, '', 1, '', 'Lejarmanah No. 10', '38', '10', 'Karanganyar', '', 19, '41211', 2, 2, 2, '', '081395880664', 'shyntiarafebrida@rocketmail.com', 150, 39, 1, NULL, '2012-11-29 23:19:40', '2012-11-29 23:19:40', 1),
('121307059', 'VELLA SIANECHA AZZAH TESLA BOSE', 2, '0004912292', '3213126107000004', 'SUBANG', '2000-07-21', 1, '', 1, '', 'Ciseuti', '21', '03', 'Jalancagak', '', 19, '0', 2, 16, 3, '0260 470038', '081320203675', '', 150, 41, 1, NULL, '2012-11-29 23:19:40', '2012-11-29 23:19:40', 1),
('121307060', 'ADINDA NIKEN AYU NIRMALA', 2, '0000488822', '', 'SUBANG', '2000-01-10', 1, '', 1, '', 'Jln. Plamboyan 1 No. 21', '89', '25', 'Karanganyar', '', 19, '41211', 2, 2, 3, '0260 420398', '081320521690', 'adindaniken@ymail.com', 160, 60, 1, NULL, '2012-11-29 23:19:40', '2012-11-29 23:19:40', 1),
('121307061', 'ALDI YANUARI ARIFIN', 1, '0006955941', '321333001000064', 'SUBANG', '2000-01-30', 1, '', 1, '', 'Blok Wera', '27', '07', 'Dangdeur', '', 19, '41214', 2, 3, 3, '', '081320577248', '', 158, 41, 1, NULL, '2012-11-29 23:19:33', '2012-11-29 23:19:33', 1),
('121307062', 'ALIVIANI FABILLAH NUR HARYATI', 2, '0004050073', '3213077010000001', 'SUBANG', '2000-10-30', 1, '', 1, '', 'Kp. Handiwung', '23', '08', 'Gembor', '', 19, '41252', 2, 5, 2, '', '087828404986', '', 161, 51, 1, NULL, '2012-11-29 23:19:33', '2012-11-29 23:19:33', 1),
('121307063', 'ANISA MULYASARI', 2, '0004159961', '3213236304000001', 'SUBANG', '2000-04-23', 1, '', 1, '', 'Serangpanjang', '24', '06', 'Ponggang', '', 19, '41282', 2, 25, 3, '', '087760846557', 'mulyasarianisa@yahoo.co.id', 162, 52, 1, NULL, '2012-11-29 23:19:32', '2012-11-29 23:19:32', 1),
('121307064', 'CHYNTIA SALSA NUR ALIFAH', 2, '0002383511', '3213035505010007', 'SUBANG', '2001-05-15', 1, '', 1, '', 'Panglejar 7', '36', '09', 'Karanganyar', '', 19, '41211', 1, 0, 1, '', '083822853771', 'chyntiasalsanuralifah@yahoo.com', 155, 46, 1, NULL, '2012-11-29 23:19:33', '2012-11-29 23:19:33', 1),
('121307065', 'DEIDRA FEYRINA AMELIA', 2, '0012892619', '', 'SUBANG', '2001-07-22', 1, '', 1, '', 'Jl. Diponegoro 65 Kp. Sidodadi', '35', '17', 'Pasirkareumbi', '', 19, '41214', 2, 5, 3, '', '085222912232', '', 157, 36, 1, NULL, '2012-11-29 23:19:33', '2012-11-29 23:19:33', 1),
('121307066', 'DERA PUTRI RAMADHANTY', 2, '0000488840', '3213031905110004', 'BANDUNG', '2000-06-07', 1, '', 1, '', 'Jln. Pejuang 45 Gg. H. Sulaeman 2', '48', '13', 'Karanganyar', '', 19, '41211', 1, 0, 2, '', '08122370186', 'deraputriramadhanty@yahoo.com', 150, 48, 1, NULL, '2012-11-29 23:19:33', '2012-11-29 23:19:33', 1),
('121307067', 'DIMAS AGUNG PRASETYO', 1, '0012614273', '', 'SUBANG', '2001-07-27', 1, '', 1, '', 'Jln. S. Parman No. 63', '', '', 'Soklat', '', 19, '41215', 2, 2, 3, '0260 7423072', '085222365658', 'dimassoklat@gmail.com', 159, 56, 1, NULL, '2012-11-29 23:19:33', '2012-11-29 23:19:33', 1),
('121307068', 'FANDRA DAFA IBRAHIM', 1, '0002189342', '3213032906000006', 'SUBANG', '2000-06-29', 1, '', 1, '', 'Jln. Anggur I No. 17 Blok IV Perumnas', '', '', 'Karanganyar', '', 19, '41211', 2, 3, 3, '', '08122159628', '', 168, 40, 1, NULL, '2012-11-29 23:19:34', '2012-11-29 23:19:34', 1),
('121307069', 'FAUZIYYAH SAUSANTI WIJAYA KUSUMAH', 2, '0004790264', '', 'SUBANG', '2000-03-02', 1, '', 1, '', 'Kp. Gunungtua', '02', '03', 'Gunungtua', '', 19, '0', 2, 8, 3, '0260 7422793', '085220752411', '', 155, 42, 1, NULL, '2012-11-29 23:19:34', '2012-11-29 23:19:34', 1),
('121307070', 'FERNANDO DELVECCHIO ANANDADIKA', 1, '0001006227', '', 'BEKASI', '2000-08-21', 1, '', 1, '', 'Surya Cigadung Blok B No. 16', '', '', 'Cigadung', '', 19, '41213', 2, 3, 2, '0260 416918', '085315375555', 'fanandadika@ymail.com', 148, 35, 1, NULL, '2012-11-29 23:19:34', '2012-11-29 23:19:34', 1),
('121307071', 'FRIZKI OKTAVIANI DWI PUTRI', 2, '0000488978', '', 'SUBANG', '2000-10-15', 1, '', 1, '', 'Jln. Kopti Raya No. 89', '18', '53', 'Cigadung', '', 19, '41215', 2, 2, 2, '0260 7707069', '082128823966', 'frizkioktaviani@yahoo.co.id', 147, 44, 1, NULL, '2012-11-29 23:19:34', '2012-11-29 23:19:34', 1),
('121307072', 'INRA ROSITA', 1, '0004039840', '3213071002002040', 'SUBANG', '2000-02-10', 1, '', 1, '', 'Gembor I', '04', '02', 'Gembor', '', 19, '41252', 2, 10, 3, '', '087726798283', 'indra@rocketmail.com', 144, 34, 1, NULL, '2012-11-29 23:19:35', '2012-11-29 23:19:35', 1),
('121307073', 'JOHANES ANUGRAH SITORUS', 1, '0004190474', '3213110104100034', 'SUBANG', '2000-11-06', 2, '', 1, '', 'Graha Subang Kencana 2 Blok A No. 1', '', '', 'Soklat', '', 19, '41215', 2, 3, 3, '', '085316027378', '', 157, 62, 1, NULL, '2012-11-29 23:19:35', '2012-11-29 23:19:35', 1),
('121307074', 'KHAIRUL ANAS NASRULLAH', 1, '0006955230', '3213031802000007', 'SUBANG', '2000-02-18', 1, '', 1, '', 'Jln. P. Sulawesi No. 11 Cikalapa', '29', '10', 'Pasirkareumbi', '', 19, '41214', 2, 2, 3, '0260 420878', '085315123269', 'auharui@ymail.com', 160, 40, 1, NULL, '2012-11-29 23:19:35', '2012-11-29 23:19:35', 1),
('121307075', 'MARCELL IVALDRI RACHMAN', 1, '0002191933', '3213192703066942', 'PURWAKARTA', '2000-03-06', 1, '', 2, '', 'Jln. Raya Parung', '08', '03', 'Parung ', '', 19, '41251', 2, 5, 3, '', '085724261212', 'kaylee_indcell11@yahoo.com', 134, 25, 1, NULL, '2012-11-29 23:19:36', '2012-11-29 23:19:36', 1),
('121307076', 'MELLYNIA PUTRI HAMDANI', 2, '0006955829', '3213032906070016', 'SUBANG', '2000-01-20', 1, '', 1, '', 'Jln. Otista Gg. Cendrawasih No. 19', '07', '02', 'Soklat', '', 19, '41215', 1, 0, 1, '', '085315866320', '', 155, 58, 1, NULL, '2012-11-29 23:19:36', '2012-11-29 23:19:36', 1),
('121307077', 'NAZWA AINUN NAFISAH', 2, '9998157498', '3213175011990010', 'BOYOLALI', '2001-10-11', 1, '', 1, '', 'Griya Cinangsi Asri B116', '21', '07', 'Cinangsi', '', 19, '41285', 2, 5, 2, '0260 421291', '085219545839', '', 142, 35, 1, NULL, '2012-11-29 23:19:38', '2012-11-29 23:19:38', 1),
('121307078', 'NINDISYA PUTRI GRENADITA', 2, '0014272912', '', 'SUBANG', '2001-02-20', 1, '', 1, '', 'Cilameri', '02', '01', 'Cisaga', '', 19, '41200', 2, 6, 2, '', '085759371642', '', 157, 46, 1, NULL, '2012-11-29 23:19:38', '2012-11-29 23:19:38', 1),
('121307079', 'OKI DWIANA', 1, '0000488737', '3213032803060584', 'SUBANG', '2000-10-06', 1, '', 1, '', 'Jln. Pramuka', '26', '05', 'Sukamelang', '', 19, '41251', 2, 3, 3, '', '082128481833', '', 143, 38, 1, NULL, '2012-11-29 23:19:38', '2012-11-29 23:19:38', 1),
('121307080', 'R. ARNANDA ADI WIJANARKO', 1, '0000488858', '', 'SUBANG', '2000-09-24', 1, '', 1, '', 'Jln. Sutaatmaja Blok Sukahayu', '63', '09', 'Cigadung', '', 19, '41213', 1, 0, 2, '', '081322144154', '', 154, 56, 1, NULL, '2012-11-29 23:19:38', '2012-11-29 23:19:38', 1),
('121307081', 'RASENDRIYA RIZQ NOOR ADLI', 1, '0004037748', '', 'SUBANG', '2000-10-08', 1, '', 1, '', 'Kp. Kamarung Selatan', '38', '10', 'Kamarung', '', 19, '41252', 2, 12, 2, '0260 451959', '081321534598', 'rasendriya.rna@gmail.com', 152, 36, 1, NULL, '2012-11-29 23:19:39', '2012-11-29 23:19:39', 1),
('121307082', 'SALSABILA FITRIA PUTRI', 2, '0006957548', '3213031505120021', 'BANDUNG', '2000-12-29', 1, '', 1, '', 'Perum Subang Jaya Blok A No. 17', '93', '26', 'Karanganyar', '', 19, '41211', 2, 2, 1, '', '081909463934', '', 150, 41, 1, NULL, '2012-11-29 23:19:40', '2012-11-29 23:19:40', 1),
('121307083', 'SEFTY PRATIWI', 2, '9991444857', '', 'SUBANG', '1999-11-20', 1, '', 1, '', 'BTN Ciheuleut Blok A1 No. 4', '39', '13', 'Pasirkareumbi', '', 19, '41214', 2, 2, 2, '0260 420882', '087726991609', 'sefty_tiwi@yahoo.com', 150, 37, 1, NULL, '2012-11-29 23:19:39', '2012-11-29 23:19:39', 1),
('121307084', 'SILMI FAUZAN YUSUP JAMALUDIN', 1, '0006955935', '3213032001000008', 'SUBANG', '2000-01-20', 1, '', 1, '', 'Blok Sukajaya', '08', '02', 'Dangdeur', '', 19, '41212', 2, 5, 2, '', '085322556428', '', 147, 34, 1, NULL, '2012-11-29 23:19:39', '2012-11-29 23:19:39', 1),
('121307085', 'SYAFIRA KHAIRUNISA ALIFA ADHA', 2, '0005679232', '3213045603000005', 'BOGOR', '2000-03-16', 1, '', 1, '', 'Komp. Garuda No. D5 Jln. Boing Lanud Suryadarma', '02', '01', 'Kalijati Barat', '', 19, '41200', 2, 15, 2, '', '08159451303', 'fira.alifa123@yahoo.co.id', 147, 53, 1, NULL, '2012-11-29 23:19:40', '2012-11-29 23:19:40', 1),
('121307086', 'SYAIDDAH CALISTA LUTHFIYYAH', 2, '0006956224', '', 'SUBANG', '2000-07-30', 1, '', 1, '', 'Jln. Brigjen Katamso No. 33', '23', '13', 'Dangdeur', '', 19, '41212', 2, 4, 3, '0260 415426', '081546512527', '', 147, 50, 1, NULL, '2012-11-29 23:19:40', '2012-11-29 23:19:40', 1),
('121307087', 'SYILVIA BAYU DIANA', 2, '0004037725', '3213070404040456', 'BREBES', '2000-03-09', 1, '', 1, '', 'Jln. Kamarung', '39', '10', 'Kamarung', '', 19, '41252', 2, 15, 2, '', '085318966114', 'uhiie.rikza@yahoo.com', 147, 41, 1, NULL, '2012-11-29 23:19:40', '2012-11-29 23:19:40', 1),
('121307088', 'TAUFIQ MUHAMAD OKTAVIAN', 1, '0006953808', '', 'SUBANG', '2000-10-25', 1, '', 1, '', 'BTN Sukajaya A 70', '57', '17', 'Cigadung', '', 19, '41213', 2, 3, 2, '', '087760862958', '', 150, 40, 1, NULL, '2012-11-29 23:19:40', '2012-11-29 23:19:40', 1),
('121307089', 'YUSRIL MEGANTARA', 1, '9996374804', '', 'SUBANG', '1999-08-06', 1, '', 1, '', 'Kasomalang Wetan', '05', '02', 'Kasomalang Wetan', '', 19, '41281', 2, 12, 3, '', '085314395765', '', 156, 46, 1, NULL, '2012-11-29 23:19:40', '2012-11-29 23:19:40', 1),
('121307090', 'ALFY IHDA FARID ALFARRIZIE', 1, '0003716806', '', 'BANDUNG', '1999-12-22', 1, '', 1, '', 'Dusun Tambaksari', '01', '02', 'Tambakdahan', '', 19, '41253', 2, 10, 3, '', '08776076872', '', 135, 31, 1, NULL, '2012-11-29 23:19:33', '2012-11-29 23:19:33', 1),
('121307091', 'AYU PUTRI LESTARI', 2, '0006954910', '', 'SUBANG', '2000-09-21', 1, '', 1, '', 'Jln. RA Kartini No. 96', '27', '10', 'Soklat', '', 19, '41215', 1, 0, 3, '', '082128318858', '', 147, 32, 1, NULL, '2012-11-29 23:19:33', '2012-11-29 23:19:33', 1),
('121307092', 'AZIZ MUHAMMAD LAZUARDI', 1, '0002189338', '', 'SUBANG', '2000-03-06', 1, '', 1, '', 'BTN Ciereng Blok D No. 2', '45', '13', 'Dangdeur', '', 19, '41212', 2, 3, 3, '', '081321522437', 'azis_daeko@yahoo.co.id', 137, 30, 1, NULL, '2012-11-29 23:19:33', '2012-11-29 23:19:33', 1),
('121307093', 'DENDA PRAYOGA', 1, '0011355135', '3213191801010001', 'SUBANG', '2001-01-18', 1, '', 1, '', 'Kp. Gunungtua', '02', '09', 'Gunungtua', '', 19, '41286', 2, 8, 3, '', '085221132085', '', 150, 46, 1, NULL, '2012-11-29 23:19:33', '2012-11-29 23:19:33', 1),
('121307094', 'DIMAS RAMADHANI', 1, '9995993070', '', 'SUBANG', '1999-12-13', 1, '', 1, '', 'Desa Dawuan Kaler', '15', '05', 'Dawuan', '', 19, '41271', 2, 10, 2, '0260 422428', '085318014415', '', 158, 48, 1, NULL, '2012-11-29 23:19:33', '2012-11-29 23:19:33', 1),
('121307095', 'ERVIN DWI KURNIAWAN', 1, '0000488823', '3213031301000004', 'SUBANG', '2000-01-13', 1, '', 1, '', 'BTN Griya Cinangsi Asri Blok. B 168', '24', '07', 'Cinangsi', '', 19, '41285', 2, 3, 2, '', '083816508654', '', 154, 44, 1, NULL, '2012-11-29 23:19:34', '2012-11-29 23:19:34', 1),
('121307096', 'FIDAN FIDIANA GIFTARAMADHAN', 1, '9996013533', '', 'SUBANG', '1999-12-31', 1, '', 1, '', 'Kp. Gunung Tua', '01', '09', 'Gunung Tua', '', 19, '41286', 2, 8, 3, '', '085224439048', '', 152, 45, 1, NULL, '2012-11-29 23:19:34', '2012-11-29 23:19:34', 1),
('121307097', 'FIKRY KURNIAWAN', 1, '0005131673', '', 'JAKARTA', '2000-06-10', 1, '', 1, '', 'Sudarjo', '13', '03', 'Kasomalang Wetan', '', 19, '41281', 2, 20, 3, '0260 480162', '081384797194', 'fikrykurniawan@@rocketmail.com', 140, 30, 1, NULL, '2012-11-29 23:19:34', '2012-11-29 23:19:34', 1),
('121307098', 'GHEANANDA NUR IQLIMA', 2, '0000488132', '3213036505000015', 'SUBANG', '2000-03-25', 1, '', 1, '', 'Jln. Pramuka', '25', '05', 'Sukamelang', '', 19, '41251', 2, 5, 2, '0260 416890', '08122217867', '', 155, 45, 1, NULL, '2012-11-29 23:19:34', '2012-11-29 23:19:34', 1),
('121307099', 'HARUN AL RASYID', 1, '0007572326', '', 'SUBANG', '1999-12-08', 1, '', 1, '', 'Jln. Kirab Remaja No. 193', '68', '12', 'Cigadung', '', 19, '41213', 1, 0, 2, '', '082262043171', '', 143, 29, 1, NULL, '2012-11-29 23:19:35', '2012-11-29 23:19:35', 1),
('121307100', 'HASNA RAHMA NURAZIZAH', 2, '0006978062', '', 'BANDUNG', '2000-01-06', 1, '', 1, '', 'RSS. Sidodadi', '46', '15', 'Pasirkareumbi', '', 19, '41214', 2, 3, 3, '0260 7423051', '082115826150', '', 150, 45, 1, NULL, '2012-11-29 23:19:35', '2012-11-29 23:19:35', 1),
('121307101', 'HERU PUTRA NUGRAHA', 1, '0000488141', '', 'SUBANG', '2000-06-12', 1, '', 1, '', 'Jln. Otista Gg. Lika No. 8', '01', '01', 'Soklat', '', 19, '41215', 1, 0, 1, '0260 415469', '', '', 155, 70, 1, NULL, '2012-11-29 23:19:35', '2012-11-29 23:19:35', 1),
('121307102', 'IDHAMARTYA WULANI', 2, '0007572292', '3213035603880005', 'SUBANG', '2000-03-16', 1, '', 1, '', 'Jln. Kartawigenda No. 16', '18', '05', 'Karanganyar', '', 19, '41211', 1, 0, 2, '', '081807873756', 'idhamartyawulani@yahoo.co.id', 146, 45, 1, NULL, '2012-11-29 23:19:35', '2012-11-29 23:19:35', 1),
('121307103', 'LABIBAH ANASTUZAHRA PERMANASARI', 2, '0017135115', '', 'SUBANG', '2001-02-20', 1, '', 1, '', 'BTN Ciheuleut B2 No. 35', '38', '13', 'Pasirkareumbi', '', 19, '41214', 2, 2, 2, '0260 412537', '081220425984', '', 145, 40, 1, NULL, '2012-11-29 23:19:35', '2012-11-29 23:19:35', 1),
('121307104', 'M. PRAYUDA AGYET ANUGRAH', 1, '9996296670', '', 'SUBANG', '1999-05-02', 1, '', 1, '', 'Patrol Tambak Mekar', '20', '06', 'Tambak Mekar', '', 19, '41281', 2, 12, 3, '', '081394186008', '', 172, 65, 1, NULL, '2012-11-29 23:19:36', '2012-11-29 23:19:36', 1),
('121307105', 'MAULANA NUR FAZRI ABDILLAH', 1, '0006978086', '', 'SUBANG', '2000-08-16', 1, '', 1, '', 'Jln. DI Panjaitan Sukasari', '43', '05', 'Soklat', '', 19, '41215', 2, 2, 3, '', '081320238745', '', 158, 60, 1, NULL, '2012-11-29 23:19:36', '2012-11-29 23:19:36', 1),
('121307106', 'MUHAMAD RASYID IRAWAN', 1, '0001270584', '', 'CIMAHI', '2000-02-06', 1, '', 1, '', 'Jln. Tamansari I No. 6', '17', '06', 'Pasirkareumbi', '', 19, '41214', 1, 0, 2, '0260 413933', '', '', 155, 50, 1, NULL, '2012-11-29 23:19:37', '2012-11-29 23:19:37', 1),
('121307107', 'MUHAMMAD HEFZAN DWI SUTRA', 1, '9998157502', '', 'SUBANG', '1999-12-07', 1, '', 1, '', 'Jln. Sompi', '04', '02', 'Pasirkareumbi', '', 19, '41214', 2, 2, 2, '', '085220024546', 'hefzan.ds@gmail.com', 140, 40, 1, NULL, '2012-11-29 23:19:37', '2012-11-29 23:19:37', 1),
('121307108', 'NOMI REGINA PUTRI', 2, '0006956239', '', 'SUBANG', '2000-12-15', 1, '', 1, '', 'Jln. Amapuradiredja', '07', '03', 'Karanganyar', '', 19, '41211', 1, 0, 2, '', '081395297991', '', 147, 43, 1, NULL, '2012-11-29 23:19:38', '2012-11-29 23:19:38', 1),
('121307109', 'PANJI WIGUNA', 1, '0000488708', '', 'SUBANG', '2000-02-05', 1, '', 1, '', 'Jln. Pramuka', '24', '05', 'Sukamelang', '', 19, '41250', 2, 5, 3, '', '', '', 155, 45, 1, NULL, '2012-11-29 23:19:38', '2012-11-29 23:19:38', 1),
('121307110', 'PUJI RAHMAWATI', 2, '9991444318', '3213074212990007', 'SUBANG', '1999-12-02', 1, '', 1, '', 'Kp. Jabong', '25', '06', 'Jabong ', '', 19, '41252', 2, 9, 3, '', '081221325876', '', 155, 43, 1, NULL, '2012-11-29 23:19:38', '2012-11-29 23:19:38', 1),
('121307111', 'PUTRI SEKAR ARUM', 2, '0002405252', '', 'SUBANG', '2000-07-18', 1, '', 1, '', 'Blok Nusa Indah', '44', '03', 'Dangdeur', '', 19, '41212', 2, 3, 4, '0260 415987', '', '', 150, 40, 1, NULL, '2012-11-29 23:19:38', '2012-11-29 23:19:38', 1),
('121307112', 'RANIA PURNAMASARI SUKIRMAN', 2, '0006954901', '', 'SUBANG', '2000-05-19', 1, '', 1, '', 'Jln. RA. Kartini Gg. Childoxs', '26', '10', 'Soklat', '', 19, '41215', 2, 3, 3, '', '', '', 148, 45, 1, NULL, '2012-11-29 23:19:38', '2012-11-29 23:19:38', 1),
('121307113', 'REVITHA VIRGIANY LARAS PUTRI MULYONO', 2, '0000488837', '3213037008000009', 'SUBANG', '2000-08-30', 1, '', 1, '', 'Jln. DI. Panjaitan Sukun 3 No. 10 Kebon Kalapa', '46', '12', 'Karanganyar', '', 19, '41211', 1, 0, 2, '0260 421637', '081320123493', '', 150, 30, 1, NULL, '2012-11-29 23:19:39', '2012-11-29 23:19:39', 1),
('121307114', 'RUBBY JOVAN PRIMANANDA', 1, '0002189332', '3213031201000010', 'SUBANG', '2000-01-12', 1, '', 1, '', 'Jln. Otista Gg. Johar No. 03', '50', '13', 'Karanganyar', '', 19, '41211', 1, 0, 3, '0260 415032', '082128481754', 'rubby_jovan@yahoo.com', 151, 59, 1, NULL, '2012-11-29 23:19:39', '2012-11-29 23:19:39', 1),
('121307115', 'SHAFIRA THASYA ADIARIEZA', 2, '', '', 'BOGOR', '2000-04-14', 1, '', 1, '', 'RS. Sidodadi', '46', '15', 'Pasirkareumbi', '', 19, '41214', 2, 3, 2, '', '085691243722', '', 153, 50, 1, NULL, '2012-11-29 23:19:39', '2012-11-29 23:19:39', 1),
('121307116', 'SITI AGUSTINA NURAPRIANI', 2, '0006976267', '', 'SUBANG', '2000-08-16', 1, '', 1, '', 'Jln. A. Yani Gg. Pangrango No. 2', '11', '04', 'Pasirkareumbi', '', 19, '41214', 1, 0, 2, '0260 413102', '08122355799', '', 136, 35, 1, NULL, '2012-11-29 23:19:40', '2012-11-29 23:19:40', 1),
('121307117', 'SOFIATUL ASPIA', 2, '0003256650', '', 'SUBANG', '2000-07-04', 1, '', 1, '', 'Lebaksiuh', '03', '05', 'Sukasari', '', 19, '41200', 2, 5, 2, '', '08121456990', '', 145, 32, 1, NULL, '2012-11-29 23:19:40', '2012-11-29 23:19:40', 1),
('121307118', 'WEGA FABIA PRAWIRA', 1, '0007316609', '', 'SUBANG', '2000-02-26', 1, '', 1, '', 'Bunihayu', '04', '01', 'Bunihayu', '', 19, '41281', 2, 14, 2, '', '085321061747', 'wegafabia@ymail.com', 148, 40, 1, NULL, '2012-11-29 23:19:40', '2012-11-29 23:19:40', 1),
('121307119', 'YOSRIZAL MARTKA', 1, '0006953783', '', 'SUBANG', '2000-03-08', 1, '', 1, '', 'BTN Sukajaya Blok A No. 13', '57', '17', 'Cigadung', '', 19, '41213', 2, 2, 2, '0260 418155', '085318926187', 'ymartka@yahoo.com', 167, 52, 1, NULL, '2012-11-29 23:19:40', '2012-11-29 23:19:40', 1),
('121307120', 'AJENG MUKTIWIDARI', 2, '0014273392', '121307120', 'BANDUNG', '2001-01-12', 1, '', 1, '', 'Griya Pesona Praja B3 No. 3', '19', '06', 'Cinangsi', '', 19, '41200', 2, 5, 2, '', '087823451730', 'ajeng.muktiwidari@yahoo.com', 150, 45, 1, NULL, '2012-11-29 23:19:32', '2012-11-29 23:19:32', 1),
('121307121', 'AMANDA OKTAVIA PUSPITASARI', 2, '0003256632', '', 'SUBANG', '2000-10-02', 1, '', 1, '', 'Kp. Lebaksiuh', '03', '05', 'Sukasari', '', 19, '41200', 2, 3, 2, '0260 414028', '085295554361', '', 153, 54, 1, NULL, '2012-11-29 23:19:32', '2012-11-29 23:19:32', 1),
('121307122', 'ANI RAHMAWATI ', 2, '0004037995', '3213074410000005', 'SUBANG', '2000-10-04', 1, '', 1, '', 'Kp. Nagrogjaya', '06', '02', 'Sukamulya', '', 19, '41200', 2, 13, 3, '', '082126699467', '', 142, 35, 1, NULL, '2012-11-29 23:19:32', '2012-11-29 23:19:32', 1),
('121307123', 'ASRI RIZKI KHAERUNISA', 2, '0006956865', '', 'BANDUNG', '2000-10-31', 1, '', 1, '', 'Puri Subang Asri Jln. Kentang No. D1', '66', '17', 'Sukamelang', '', 19, '41200', 2, 5, -1, '', '085222891923', 'asri_rizki_kh@yahoo.com', 152, 54, 1, NULL, '2012-11-29 23:19:33', '2012-11-29 23:19:33', 1),
('121307124', 'AZIZ DWI PRIYATMOKO', 1, '9995239340', '', 'MAGETAN', '1999-11-19', 1, '', 1, '', 'Kp. Rancabogo', '17', '05', 'Rancabogo', '', 19, '41252', 2, 15, 2, '0260 452107', '081322608146', '', 152, 42, 1, NULL, '2012-11-29 23:19:33', '2012-11-29 23:19:33', 1),
('121307125', 'BELLA SILVIA RHAMADANY F.', 2, '0004217545', '3213184812000003', 'SUBANG', '2000-12-08', 1, '', 1, '', 'Kp. Tanjung', '07', '03', 'Cipunagara', '', 19, '41257', 2, 23, 2, '', '', 'bellasilvia@yahoo.com', 148, 40, 1, NULL, '2012-11-29 23:19:33', '2012-11-29 23:19:33', 1),
('121307126', 'DANI JUHANDA', 1, '0012596750', '', 'SUBANG', '2001-01-19', 1, '', 1, '', 'BTN. Ciheuleut Blok A4 No. 65', '45', '14', 'Pasirkareumbi', '', 19, '41214', 2, 3, 3, '0260 421808', '089639719245', 'juanda1345@yahoo.com', 146, 35, 1, NULL, '2012-11-29 23:19:33', '2012-11-29 23:19:33', 1),
('121307127', 'DILLA SYLVANIA DHEWI', 2, '0004037760', '', 'SUBANG', '2000-09-10', 1, '', 1, '', 'Jln. Raya Kamarung Utara No. 6', '22', '06', 'Kamarung', '', 19, '41252', 2, 13, 3, '0260 4504405', '081312209966', '', 130, 30, 1, NULL, '2012-11-29 23:19:34', '2012-11-29 23:19:34', 1),
('121307128', 'FARHAN FADHILA HABIBULLAH', 1, '9998155651', '3213033009990001', 'SUBANG', '1999-09-30', 1, '', 1, '', 'BTN Ciheuleut B12 125', '40', '13', 'Pasirkareumbi', '', 19, '41214', 2, 3, 3, '', '08997255866', '', 145, 32, 1, NULL, '2012-11-29 23:19:34', '2012-11-29 23:19:34', 1),
('121307129', 'FINZHA MUHAMAD HAVIDZ', 1, '0006956210', '3213271202000005', 'SUBANG', '2000-02-12', 1, '', 1, '', 'Jln. Subang-Kalijati No. 30 Kp. Cikondang', '09', '02', 'Sukasari', '', 19, '41200', 2, 5, 2, '0260 7423377', '', '', 153, 43, 1, NULL, '2012-11-29 23:19:34', '2012-11-29 23:19:34', 1),
('121307130', 'FIRDAUS ANDRI PRAMANA', 1, '0007476511', '', 'PROBOLINGGO', '2000-01-13', 1, '', 1, '', 'BTN Griya Cinangsi Asri B66', '16', '07', 'Cinangsi', '', 19, '41285', 2, 5, 3, '', '081912543512', '', 143, 32, 1, NULL, '2012-11-29 23:19:34', '2012-11-29 23:19:34', 1),
('121307131', 'HAFIZH INDRIYANTO', 1, '0006978076', '', 'BANDUNG', '2000-04-22', 1, '', 1, '', 'RSS. Sidodadi Blok D No. 285', '46', '15', 'Pasirkareumbi', '', 19, '41214', 2, 3, 3, '0260 7423048', '', '', 145, 30, 1, NULL, '2012-11-29 23:19:35', '2012-11-29 23:19:35', 1),
('121307132', 'IKHWAN SUGIH PRATAMA', 1, '0000488861', '3213030812000008', 'SUBANG', '2000-12-08', 1, '', 1, '', 'Jln. Otista Gg. Tanjung No. 7', '52', '14', 'Karanganyar', '', 19, '41211', 2, 2, 2, '', '089630640301', '', 152, 48, 1, NULL, '2012-11-29 23:19:35', '2012-11-29 23:19:35', 1),
('121307133', 'JYLAN ANGGIANI PUTRI', 2, '0006976264', '3213032903068431', 'SUBANG', '2000-07-27', 1, '', 1, '', 'Jln. KH. Muhyidin Blok Sukamanah', '56', '15', 'Cigadung', '', 19, '41213', 2, 3, 2, '', '085295678814', 'anggianijylan@yahoo.com', 155, 45, 1, NULL, '2012-11-29 23:19:36', '2012-11-29 23:19:36', 1),
('121307134', 'KARUNIA ISLAMI HARTINI SUTANTO', 2, '0006972630', '', 'SUBANG', '2001-02-17', 1, '', 1, '', 'BTN Griya Cinangsi Asri Blok C36', '14', '05', 'Cinangsi', '', 19, '41200', 2, 5, 2, '0260 421266', '082118954605', '', 142, 30, 1, NULL, '2012-11-29 23:19:35', '2012-11-29 23:19:35', 1),
('121307135', 'KHOIRUNNISA', 2, '9992620814', '', 'SUBANG', '1999-09-25', 1, '', 1, '', 'Jln. KH. Dewantara No. 100', '22', '05', 'Dangdeur', '', 19, '41212', 2, 3, 3, '', '085295525138', '', 145, 48, 1, NULL, '2012-11-29 23:19:35', '2012-11-29 23:19:35', 1),
('121307136', 'LETTI NURLATIFAH', 2, '0006956214', '', 'SUBANG', '2000-03-30', 1, '', 1, '', 'Jln. H. Agus Salim Blok Purwasari', '17', '03', 'Cigadung', '', 19, '41213', 1, 0, 1, '', '', '', 143, 38, 1, NULL, '2012-11-29 23:19:35', '2012-11-29 23:19:35', 1),
('121307137', 'LOUIS APRILIA PRATAMA', 1, '0004051143', '', 'SUBANG', '2000-03-27', 1, '', 1, '', 'Kp. Tambaksari', '04', '03', 'Tambakdahan', '', 19, '41200', 2, 33, 3, '', '081324090424', '', 149, 50, 1, NULL, '2012-11-29 23:19:35', '2012-11-29 23:19:35', 1),
('121307138', 'MUHAMAD RIZAL SARIF HIDAYAT', 1, '0012613657', '', 'SUBANG', '2001-01-17', 1, '', 1, '', 'Jln. Mayjen Sutoyo Blok Sukaasih 2 No. 14', '65', '18', 'Karanganyar', '', 19, '41211', 1, 0, 2, '', '082127327641', 'rakarizal_90@yahoo.co.id', 157, 54, 1, NULL, '2012-11-29 23:19:37', '2012-11-29 23:19:37', 1),
('121307139', 'NENDEN ADITYA PURSITA NINGRUM', 2, '0002628586', '', 'SUBANG', '2000-03-03', 1, '', 1, '', 'Jln. DI. Panjaitan Sukasari', '43', '05', 'Soklat', '', 19, '41215', 2, 2, 3, '', '081394053065', '', 145, 33, 1, NULL, '2012-11-29 23:19:38', '2012-11-29 23:19:38', 1),
('121307140', 'RAI MUHAMMAD DZAKY', 1, '0000488848', '', 'BANDUNG', '2000-08-03', 1, '', 1, '', 'Jln. A. Yani No. 11', '04', '02', 'Karanganyar', '', 19, '41211', 1, 0, 1, '0260 421036', '08156005640', '', 148, 43, 1, NULL, '2012-11-29 23:19:39', '2012-11-29 23:19:39', 1),
('121307141', 'RAZAN NAUFAL FALAH', 1, '0000496340', '', 'TASIKMALAYA', '2000-02-28', 1, '', 1, '', 'Jln. P. Sulawesi No. 4 Cikalapa', '29', '10', 'Pasirkareumbi', '', 19, '41214', 1, 0, 3, '', '', '', 146, 40, 1, NULL, '2012-11-29 23:19:39', '2012-11-29 23:19:39', 1),
('121307142', 'RIKA YULIYANTI', 2, '0002450803', '', 'BOGOR', '2000-07-25', 1, '', 1, '', 'Komp. BPPU Blok Werasari', '33', '11', 'Dangdeur', '', 19, '41212', 2, 2, 3, '', '085210256000', '', 150, 46, 1, NULL, '2012-11-29 23:19:39', '2012-11-29 23:19:39', 1),
('121307143', 'RISTIA HANZARI', 2, '0007032796', '3213036003000008', 'SUBANG', '2000-03-20', 1, '', 1, '', 'Jln. Kanikir No. 35 Sukarahayu', '72', '19', 'Karanganyar', '', 19, '41211', 2, 2, 3, '0260 415820', '082120717626', '', 150, 40, 1, NULL, '2012-11-29 23:19:39', '2012-11-29 23:19:39', 1);
INSERT INTO `academic_student` (`student_nis`, `student_name`, `student_gender`, `student_nisn`, `student_nik`, `student_birthplace`, `student_birthdate`, `student_religion`, `student_religionother`, `student_residance`, `student_residanceother`, `student_address`, `student_rt`, `student_rw`, `student_village`, `student_subdisctrict`, `student_city`, `student_zipcode`, `student_distance`, `student_distanceother`, `student_transportation`, `student_phonenumber1`, `student_phonenumber2`, `student_email`, `student_height`, `student_weight`, `student_specialneeds`, `student_pin`, `student_entry`, `student_entry_update`, `student_status`) VALUES
('121307144', 'RIZAL PRATAMA FAJAR RAMDHANI', 1, '0006956867', '', 'SUBANG', '2000-12-05', 1, '', 1, '', 'Jln. KH. Dewantara Komp. PDK', '22', '05', 'Dangdeur', '', 19, '41212', 2, 2, 3, '0260 414570', '', '', 148, 40, 1, NULL, '2012-11-29 23:19:39', '2012-11-29 23:19:39', 1),
('121307145', 'SHABILA ZAHIRA SHAFA', 2, '9998156670', '', 'SUBANG', '2000-02-10', 1, '', 1, '', 'Jln. RA. Kartini No. 21', '36', '10', 'Soklat', '', 19, '41215', 2, 2, 2, '0260 413537', '085224261522', 'shabilla.zahira@gmail.com', 147, 30, 1, NULL, '2012-11-29 23:19:39', '2012-11-29 23:19:39', 1),
('121307146', 'SRI YUNITA WULANDARI', 2, '0006957525', '', 'SUBANG', '2000-06-21', 1, '', 1, '', 'Jln. Mangga V No. 12 Perumnas Blok 8', '42', '12', 'Sukamelang', '', 19, '41200', 2, 3, 2, '0260 412592', '085624839400', 'moon_is_mulan@yahoo.com', 155, 42, 1, NULL, '2012-11-29 23:19:40', '2012-11-29 23:19:40', 1),
('121307147', 'SYAFFINA AULYA', 2, '0002628587', '', 'BANDUNG', '2000-05-25', 1, '', 1, '', 'BTN Ciheuleut Indah B.XI/233', '39', '13', 'Pasirkareumbi', '', 19, '41214', 2, 2, 2, '', '085624877924', 'syaffinaprabowo@yahoo.co.id', 140, 40, 1, NULL, '2012-11-29 23:19:40', '2012-11-29 23:19:40', 1),
('121307148', 'TRIA RAMADHAN', 1, '0006976287', '3213032312000001', 'SUBANG', '2000-12-23', 1, '', 1, '', 'Surya Cigadung Blok H No. 18', '70', '23', 'Cigadung', '', 19, '41213', 1, 0, 4, '', '081221956222', 'ramadhantria@yahoo.com', 155, 42, 1, NULL, '2012-11-29 23:19:40', '2012-11-29 23:19:40', 1),
('121307149', 'WULAN RACHMAWATI', 2, '0006972631', '3213175004000006', 'SUBANG', '2000-02-19', 1, '', 1, '', 'Griya Cinangsi Asri Blok A No. 19A', '14', '05', 'Cinangsi', '', 19, '41285', 2, 5, 3, '0260 411943', '087828087483', '', 160, 44, 1, NULL, '2012-11-29 23:19:40', '2012-11-29 23:19:40', 1),
('121307150', 'ADITYA RAHMADI KARYA', 1, '0005131671', '', 'SUBANG', '2000-05-30', 1, '', 1, '', 'Kp. Sukajaya', '03', '04', 'Kasomalang Kulon', '', 19, '41281', 2, 25, 2, '0260 480156', '08122487632', 'aditya.rahmadikarya@yahoo.com', 152, 32, 1, NULL, '2012-11-29 23:19:32', '2012-11-29 23:19:32', 1),
('121307151', 'ALYSSA MAULIDA NURSYIFA', 2, '0000488140', '', 'SUBANG', '2000-06-08', 1, '', 1, '', 'Jl. Sutaatmaja', '27', '06', 'Karanganyar', '', 19, '41211', 1, 0, 2, '', '', '', 145, 38, 1, NULL, '2012-11-29 23:19:32', '2012-11-29 23:19:32', 1),
('121307152', 'ANNISA NUR FAUZIYAH', 2, '9998157842', '3213034210990008', 'SUBANG', '1999-11-02', 1, '', 1, '', 'Jln. KH. Muhidin No. 10', '08', '03', 'Karanganyar', '', 19, '41211', 1, 0, 2, '0260 415415', '081313535650', 'a_nurfauziyah@yahoo.com', 143, 43, 1, NULL, '2012-11-29 23:19:33', '2012-11-29 23:19:33', 1),
('121307153', 'BIMO AJI PRASETYO', 1, '0006956825', '3213032305000014', 'BANDUNG', '2000-05-25', 1, '', 1, '', 'Jln. KH. Dewantara Komp. PDK No. 15', '22', '05', 'Dangdeur', '', 19, '41212', 2, 3, 3, '0260 417368', '085318917731', 'bimoaji.prasetyo@yahoo.co.id', 137, 40, 1, NULL, '2012-11-29 23:19:33', '2012-11-29 23:19:33', 1),
('121307154', 'DIMAS AFRIZAL RACHMAT', 1, '9998178262', '', 'SUBANG', '2000-04-18', 1, '', 1, '', 'Perum Depag No. 38', '35', '08', 'Cigadung', '', 19, '41213', 2, 4, 2, '', '089639950995', '', 152, 41, 1, NULL, '2012-11-29 23:19:33', '2012-11-29 23:19:33', 1),
('121307155', 'DIVA GEOVANY', 2, '0000488924', '', 'SUBANG', '2000-05-26', 1, '', 1, '', 'Jln. Raya Bandung-Subang No. 43', '02', '06', 'Cileuleuy', '', 19, '41200', 2, 4, 2, '', '', '', 142, 35, 1, NULL, '2012-11-29 23:19:34', '2012-11-29 23:19:34', 1),
('121307156', 'DWINA FRIDAYANTI', 2, '9998156173', '', 'SUBANG', '1999-12-24', 1, '', 1, '', 'Jabong', '27', '07', 'Jabong', '', 19, '41200', 2, 5, 2, '', '085351112597', '', 138, 40, 1, NULL, '2012-11-29 23:19:34', '2012-11-29 23:19:34', 1),
('121307157', 'ELVINA LAKSMI KHAIRUNISA', 2, '0017135111', '', 'SUBANG', '2001-02-07', 1, '', 1, '', 'Jln. RA. Kartini No. 12', '27', '09', 'Pasirkareumbi', '', 19, '41214', 2, 2, 7, '0260 421809', '087821064812', 'laksmi_miku@yahoo.com', 150, 40, 1, NULL, '2012-11-29 23:19:34', '2012-11-29 23:19:34', 1),
('121307158', 'FAKHRIZAL HASYA RAIHANSYAH', 1, '0012614740', '3213030405010004', 'BANDUNG', '2001-05-04', 1, '', 1, '', 'BTN. Ciheuleut Indah B3 No. 57', '40', '13', 'Pasirkareumbi', '', 19, '41214', 1, 0, 3, '0260 414826', '081519751601', '', 135, 40, 1, NULL, '2012-11-29 23:19:34', '2012-11-29 23:19:34', 1),
('121307159', 'FIKRY ALZAIDAN RADIAN', 1, '0000488859', '', 'SUBANG', '2000-11-11', 1, '', 1, '', 'Jln. Sutaatmadja No. 36', '34', '09', 'Karanganyar', '', 19, '41211', 1, 0, 2, '0260 417846', '082130841153', 'alzaidan11_fy@gmail.com', 154, 50, 1, NULL, '2012-11-29 23:19:34', '2012-11-29 23:19:34', 1),
('121307160', 'GHEA GRACIELLA JUANDA', 2, '0000488853', '3213034609000009', 'SUBANG', '2000-09-06', 1, '', 1, '', 'Jln. Sutaatmadja Gg. Harmam No. 18', '25', '06', 'Karanganyar', '', 19, '41211', 1, 0, 2, '', '085316301577', 'ghea_graciella@yahoo.com', 155, 38, 1, NULL, '2012-11-29 23:19:35', '2012-11-29 23:19:35', 1),
('121307161', 'HASBI HASBULLAH HADIANSYAH', 1, '0004019549', '', 'SUBANG', '2000-06-24', 1, '', 1, '', 'Bumi Pagaden Permai Blok A No. 9/11', '', '', 'Kamarung', '', 19, '41252', 2, 13, 2, '', '087770990999', 'kakashi_00@rocketmail.com', 157, 56, 1, NULL, '2012-11-29 23:19:35', '2012-11-29 23:19:35', 1),
('121307162', 'JERIKHO YUDHATAMA', 1, '0000488906', '3213272707070008', 'SEMARANG', '2000-01-06', 2, '', 1, '', 'Jln. DI Panjaitan No. 59', '', '', 'Soklat', '', 19, '41215', 2, 3, 7, '0260 415919', '', '', 155, 56, 1, NULL, '2012-11-29 23:19:36', '2012-11-29 23:19:36', 1),
('121307163', 'MAHENDRA ALFATH FIRDAUS', 1, '0003256096', '', 'SUBANG', '2000-11-14', 1, '', 1, '', 'Jln. Lanud Suryadarma No. 89', '13', '04', 'Kalijati Barat', '', 19, '41271', 2, 16, 2, '0260 460338', '081313384475', '', 150, 58, 1, NULL, '2012-11-29 23:19:36', '2012-11-29 23:19:36', 1),
('121307164', 'MISHBAHUL ALAM KAMILA', 2, '0006994550', '', 'KARAWANG', '2000-06-10', 1, '', 1, '', 'Jln. Sompi Gg. Bangbangkaca', '06', '16', 'Cigadung', '', 19, '41213', 1, 0, 3, '', '', '', 155, 45, 1, NULL, '2012-11-29 23:19:36', '2012-11-29 23:19:36', 1),
('121307165', 'MOCH. RAYHAN NIDHAR', 1, '0006976243', '', 'SUBANG', '2000-03-31', 1, '', 1, '', 'Jl. Arief Rahman Hakim No. 7', '', '', 'Cigadung', '', 19, '41213', 2, 2, -1, '', '', 'rayhannidhar@gmail.com', 155, 45, 1, NULL, '2012-11-29 23:19:36', '2012-11-29 23:19:36', 1),
('121307166', 'MUHAMMAD ARSYAD TWIESHA RAHMAN', 1, '0000488982', '3213170812000003', 'SUBANG', '2000-12-08', 1, '', 1, '', 'Griya Pesona Praja A-9', '20', '06', 'Cinangsi', '', 19, '41200', 2, 5, 2, '0260 418021', '085353324523', 'conan.edogawa1645@ymail.com', 140, 45, 1, NULL, '2012-11-29 23:19:37', '2012-11-29 23:19:37', 1),
('121307167', 'MUHAMMAD DZULFIKAR RIVAI', 1, '9995239343', '', 'SUBANG', '1999-11-23', 1, '', 1, '', 'Kp. Julang', '34', '09', 'Sukamulya', '', 19, '41252', 2, 15, 2, '', '085221362333', '', 143, 35, 1, NULL, '2012-11-29 23:19:37', '2012-11-29 23:19:37', 1),
('121307168', 'NABILA HAFNA SALSABILA', 2, '0003256106', '', 'SUBANG', '2000-05-22', 1, '', 1, '', 'Kalijati Timur', '15', '05', 'Kalijati Timur', '', 19, '41271', 2, 15, 3, '', '081220680065', 'nabilahafna.salsabila@rocketmail.com', 146, 36, 1, NULL, '2012-11-29 23:19:37', '2012-11-29 23:19:37', 1),
('121307169', 'NASYIA SALMA', 2, '0006953785', '3213036303000009', 'SUBANG', '2000-03-23', 1, '', 1, '', 'Jln. Bima Sukamaju No. 18', '28', '07', 'Cigadung', '', 19, '41213', 2, 2, 3, '0260 411726', '085710805266', 'nasyia_s@yahoo.com', 153, 43, 1, NULL, '2012-11-29 23:19:38', '2012-11-29 23:19:38', 1),
('121307170', 'NISRINA FEBRIANI', 2, '0006976238', '3213035702000008', 'SUMEDANG', '2000-02-17', 1, '', 1, '', 'Jln. Sutaatmaja Gg. Sukagalih 1', '62', '17', 'Karanganyar', '', 19, '41211', 2, 2, 2, '', '08996872349', 'nisrina_febriani@ymail.com', 153, 35, 1, NULL, '2012-11-29 23:19:38', '2012-11-29 23:19:38', 1),
('121307171', 'NOVA INDRIANA PERMANA', 2, '9998156649', '', 'SUBANG', '1999-11-29', 1, '', 1, '', 'Blok Sukahayu', '63', '09', 'Cigadung', '', 19, '41213', 2, 2, 3, '', '081395066066', 'novaindriana@rocketmail.com', 153, 40, 1, NULL, '2012-11-29 23:19:38', '2012-11-29 23:19:38', 1),
('121307172', 'R. RAISYA INSANI PRASIWI', 2, '0006978065', '3213034103000016', 'SUBANG', '2000-03-01', 1, '', 1, '', 'Komp. Bumi Abdi Negara Jln. Atlek No. 33', '56', '16', 'Pasirkareumbi', '', 19, '41214', 2, 5, 2, '0260 7423094', '081324224297', 'insaniraisya@yahoo.com', 150, 40, 1, NULL, '2012-11-29 23:19:38', '2012-11-29 23:19:38', 1),
('121307173', 'RIVAN NUR IHSAN', 1, '0000488955', '3213031109000008', 'SUBANG', '2000-09-11', 1, '', 1, '', 'BTN Ciheuleut Blok B XI No. 225', '42', '14', 'Pasirkareumbi', '', 19, '41214', 2, 2, 2, '0260 421825', '', '', 165, 60, 1, NULL, '2012-11-29 23:19:39', '2012-11-29 23:19:39', 1),
('121307174', 'SALSA BILLA ALYSIA', 2, '0000488850', '3213070304060020', 'SUBANG', '2000-08-07', 1, '', 1, '', 'Gardu Langkap Ds. Gunung Sari', '03', '02', 'Gunung Sari', '', 19, '41252', 2, 3, 2, '0260 451218', '08112432933', 'salsa_fujika@yahoo.com', 154, 36, 1, NULL, '2012-11-29 23:19:39', '2012-11-29 23:19:39', 1),
('121307175', 'SEFHIA NUR HANYFAN VIYADAIKA', 2, '0007476569', '', 'SUBANG', '2000-11-15', 1, '', 1, '', 'BTN Ciheuleut Blok B3 No. 43', '38', '13', 'Pasirkareumbi', '', 19, '41214', 2, 2, 2, '', '082173760088', '', 150, 30, 1, NULL, '2012-11-29 23:19:39', '2012-11-29 23:19:39', 1),
('121307176', 'SINDI CINTIA', 2, '0006976711', '', 'SUBANG', '2000-10-09', 1, '', 1, '', 'Jln. MT. Haryono No. 26 Kartadara', '45', '12', 'Cigadung', '', 19, '41213', 1, 0, 2, '', '087726888834', '', 141, 36, 1, NULL, '2012-11-29 23:19:39', '2012-11-29 23:19:39', 1),
('121307177', 'VERRY CHANDRA GUNAWAN', 1, '9991444895', '', 'SUBANG', '1999-12-15', 1, '', 1, '', 'Cimerta Jln. Mayor Dedeng', '23', '08', 'Pasirkareumbi', '', 19, '41214', 2, 2, 2, '', '08996064755', 'vryanonha@yahoo.com', 155, 55, 1, NULL, '2012-11-29 23:19:40', '2012-11-29 23:19:40', 1),
('121307178', 'YOGA ADI RESTU MUZAKKI', 1, '0006957572', '3213032903062320', 'SUBANG', '2000-01-07', 1, '', 1, '', 'Kp. Palabuan', '05', '01', 'Sukamelang', '', 19, '41251', 2, 4, 2, '', '087726713699', 'gx_muzaqi12@yahoo.com', 147, 32, 1, NULL, '2012-11-29 23:19:40', '2012-11-29 23:19:40', 1),
('121307179', 'ANGGITA NUR BAETI', 2, '0006994567', '3213037008000010', 'SUBANG', '2000-08-30', 1, '', 1, '', 'Jln. MT. Haryono Gg. Abimanyu No. 50', '26', '06', 'Cigadung', '', 19, '41213', 1, 0, 3, '', '087760805299', '', 155, 35, 1, NULL, '2012-11-29 23:19:32', '2012-11-29 23:19:32', 1),
('121307180', 'ANNISA FITRIANA', 2, '', '', 'CIAMIS', '1999-08-26', 1, '', 1, '', 'BTN Sukajaya', '57', '17', 'Cigadung', '', 19, '41213', 2, 2, 2, '', '087760826989', 'fitrianaannisa@yahoo.co.id', 149, 42, 1, NULL, '2012-11-29 23:19:33', '2012-11-29 23:19:33', 1),
('121307181', 'ARIF RAHMAN HAKIM', 1, '0006671730', '3213030905000010', 'BATAM', '2000-05-09', 1, '', 1, '', 'BTN Ciheuleut Blok A5 No. 52', '45', '14', 'Pasirkareumbi', '', 19, '41214', 2, 3, 2, '', '0811155683', '', 153, 40, 1, NULL, '2012-11-29 23:19:33', '2012-11-29 23:19:33', 1),
('121307182', 'DINDA PERMATA KUSHERAWATI', 2, '0000488714', '', 'SUBANG', '2000-03-24', 1, '', 1, '', 'Jln. Pramuka No. 68', '28', '09', 'Sukamelang', '', 19, '41251', 2, 5, 3, '0260 413647', '08156089872', '', 150, 36, 1, NULL, '2012-11-29 23:19:34', '2012-11-29 23:19:34', 1),
('121307183', 'ELSA ALFIYOLA', 2, '0000487521', '', 'BANDUNG', '2000-04-26', 1, '', 1, '', 'Bantarsema', '03', '02', 'Cisaga', '', 19, '41200', 2, 5, 3, '0260 417156', '087760812020', '', 151, 35, 1, NULL, '2012-11-29 23:19:34', '2012-11-29 23:19:34', 1),
('121307184', 'FAHMI AMARULLAH', 1, '9994813975', '', 'SUBANG', '1999-11-08', 1, '', 1, '', 'Dusun Hambaro', '02', '08', 'Jati Baru', '', 19, '41256', 2, 25, 2, '', '081322412176', 'f.amarullah@ymail.com', 152, 35, 1, NULL, '2012-11-29 23:19:34', '2012-11-29 23:19:34', 1),
('121307185', 'FAKHRIZAL AZHAR ARYASA', 1, '0000488923', '3213031205000013', 'BANDUNG', '2000-05-12', 1, '', 1, '', 'Jln. Kinanti B5 No. 65 BTN Ciheuleut Indah', '40', '13', 'Pasirkareumbi', '', 19, '41214', 1, 0, -1, '0260 414749', '087760720555', 'fakhriza_ichal@yahoo.co.id', 164, 60, 1, NULL, '2012-11-29 23:19:34', '2012-11-29 23:19:34', 1),
('121307186', 'FAUZAN RIZKI MUHARAM', 1, '0004276294', '3213170804000001', 'BANDUNG', '2000-04-08', 1, '', 1, '', 'Griya Pesona Praja Blok D3 No. 17', '20', '06', 'Cinangsi', '', 19, '41285', 2, 5, 2, '', '085224241998', '', 152, 45, 1, NULL, '2012-11-29 23:19:34', '2012-11-29 23:19:34', 1),
('121307187', 'FENA ERLINA RAHMATUNNISA', 2, '0006956819', '3213035304000008', 'SUBANG', '2000-04-13', 1, '', 1, '', 'Komp. PDK No. 61', '22', '05', 'Dangdeur', '', 19, '41212', 2, 2, 3, '', '082120982321', 'fena_erina@yahoo.com', 139, 26, 1, NULL, '2012-11-29 23:19:34', '2012-11-29 23:19:34', 1),
('121307188', 'FERNANDA LOVITA PUTRI', 2, '0014273427', '', 'SUBANG', '2001-11-29', 1, '', 1, '', 'Perum Surya Cigadung B33', '76', '23', 'Cigadung', '', 19, '41213', 1, 0, 2, '0260 415282', '081395161106', '', 145, 30, 1, NULL, '2012-11-29 23:19:34', '2012-11-29 23:19:34', 1),
('121307189', 'HEKSA AINUN ZAKYAH', 2, '0006953862', '3213034610100000', 'SUBANG', '2000-10-06', 1, '', 1, '', 'Jln. Kinanti BTN Ciheuleut B8 No. 190 Pepabri', '43', '14', 'Pasirkareumbi', '', 19, '41214', 2, 2, 2, '', '082128068395', '', 144, 27, 1, NULL, '2012-11-29 23:19:35', '2012-11-29 23:19:35', 1),
('121307190', 'IMA MASRIFAH', 2, '9995237967', '', 'SUBANG', '1999-08-08', 1, '', 1, '', 'Ds. Gunung Sembung Kp. Sembung 2', '05', '03', 'Gunung Sembung', '', 19, '41252', 2, 8, 3, '', '081324680537', 'ima_masrifah@yahoo.co.id', 159, 40, 1, NULL, '2012-11-29 23:19:35', '2012-11-29 23:19:35', 1),
('121307191', 'IRVANJAYA RAMDAN', 1, '9998190028', '', 'SUBANG', '1999-12-22', 1, '', 1, '', 'Perum Bumi Abdi Negara Jln. Volly No. 141', '52', '16', 'Pasirkareumbi', '', 19, '41214', 2, 4, 2, '', '085294042736', '', 160, 45, 1, NULL, '2012-11-29 23:19:35', '2012-11-29 23:19:35', 1),
('121307192', 'ISE WAFIQ AZIZAH', 2, '0010712815', '3213176601010001', 'SUBANG', '2001-01-26', 1, '', 1, '', 'Rancasari', '01', '01', 'Majasari', '', 19, '41285', 2, 6, 3, '', '085722722339', '', 142, 30, 1, NULL, '2012-11-29 23:19:35', '2012-11-29 23:19:35', 1),
('121307193', 'KHOIRUN NISA ASYFA', 2, '0006978078', '', 'SUBANG', '2000-05-08', 1, '', 1, '', 'BTN Ciheuleut Jln. Jurudemung', '39', '13', 'Pasirkareumbi', '', 19, '41214', 2, 3, 3, '', '085794263158', 'khoirunisa.asyfa@yahoo.com', 149, 42, 1, NULL, '2012-11-29 23:19:35', '2012-11-29 23:19:35', 1),
('121307194', 'KINTAN NISRINA', 2, '0000488808', '', 'SUMEDANG', '2000-09-01', 1, '', 1, '', 'RSS. Sidodadi Blok A No. 74', '49', '15', 'Pasirkareumbi', '', 19, '41214', 2, 2, 2, '', '087726631865', '', 147, 39, 1, NULL, '2012-11-29 23:19:35', '2012-11-29 23:19:35', 1),
('121307195', 'MUHAMAD RHEZA NARASUKIRNA', 1, '0000488969', '3213031012070160', 'SUBANG', '2000-07-07', 1, '', 1, '', 'Jln. Otista Gg. Cendrawasih No. 4', '07', '02', 'Soklat', '', 19, '41215', 1, 0, 1, '', '082111808182', '', 155, 66, 1, NULL, '2012-11-29 23:19:37', '2012-11-29 23:19:37', 1),
('121307196', 'MUHAMMAD ARBIAN MADJID', 1, '0000488962', '321303150500009', 'SUBANG', '2000-05-15', 1, '', 1, '', 'Jln. Anggur Raya Blok VII No. 45', '41', '12', 'Sukamelang', '', 19, '41251', 1, 0, -1, '0260 414041', '085317515116', 'arbian_maulid@yahoo.com', 145, 41, 1, NULL, '2012-11-29 23:19:37', '2012-11-29 23:19:37', 1),
('121307197', 'MUHAMMAD HAFIZH IMAM MUTTAQIEN', 1, '0006955942', '', 'JAKARTA', '2000-02-01', 1, '', 1, '', 'Blok Dangdeur', '04', '12', 'Dangdeur', '', 19, '41212', 2, 5, 3, '', '081394807080', '', 145, 40, 1, NULL, '2012-11-29 23:19:37', '2012-11-29 23:19:37', 1),
('121307198', 'NABHAN SHIDQI FARGHANI', 1, '0002189344', '3213030507000008', 'SUBANG', '2000-07-05', 1, '', 1, '', 'Jln. KH. Dewantara Komp. PDK No. 08', '22', '05', 'Dangdeur', '', 19, '41212', 2, 3, 2, '0260 412637', '085224258009', 'ummudhidqi@ymail.com', 158, 48, 1, NULL, '2012-11-29 23:19:37', '2012-11-29 23:19:37', 1),
('121307199', 'NURUL IKHRIMAH', 2, '0007476573', '3213036310000005', 'SUBANG', '2000-10-23', 1, '', 1, '', 'Jln. Duren I No. 7 Perumnas', '35', '15', 'Sukamelang', '', 19, '41251', 2, 3, 3, '0260 414336', '08122252663', '', 140, 33, 1, NULL, '2012-11-29 23:19:38', '2012-11-29 23:19:38', 1),
('121307200', 'NURULLINA SALSABILA', 2, '0004912308', '', 'SUBANG', '2000-11-24', 1, '', 1, '', 'Jalancagak Gg. Saluyu', '10', '02', 'Jalancagak', '', 19, '41281', 2, 16, 3, '', '081320073349', '', 156, 42, 1, NULL, '2012-11-29 23:19:38', '2012-11-29 23:19:38', 1),
('121307201', 'PUTRI NURLAILA FAJRIAH', 2, '0004051163', '', 'SUBANG', '2000-05-15', 1, '', 1, '', 'Kamarung Selatan', '36', '09', 'Kamarung', '', 19, '41252', 2, 15, 3, '0260 450028', '', '', 143, 30, 1, NULL, '2012-11-29 23:19:38', '2012-11-29 23:19:38', 1),
('121307202', 'RENITA LAIRA MAHURI', 2, '0005656567', '', 'JAMBI', '2000-05-17', 1, '', 1, '', 'Graha Subang Kencana I Blok A No. 1', '81', '19', 'Cigadung', '', 19, '41213', 2, 2, 2, '', '085353874125', 'layra.mahury@yahoo.com', 145, 37, 1, NULL, '2012-11-29 23:19:38', '2012-11-29 23:19:38', 1),
('121307203', 'RIAR QUR''ANA TRIPUTRA', 1, '0011055960', '3213270901010001', 'SUBANG', '2001-01-09', 1, '', 1, '', 'Desa Sukasari', '14', '04', 'Sukasari', '', 19, '41271', 2, 15, 3, '', '085723215852', '', 166, 55, 1, NULL, '2012-11-29 23:19:39', '2012-11-29 23:19:39', 1),
('121307204', 'RIZQI RAHMANIA', 2, '0005132534', '', 'BANDUNG', '2000-12-22', 1, '', 1, '', 'Blok Kopti', '', '', 'Cigadung', '', 19, '41213', 2, 3, 3, '', '', '', 132, 35, 1, NULL, '2012-11-29 23:19:39', '2012-11-29 23:19:39', 1),
('121307205', 'ROBBY CHANDRA HARDI', 1, '0006976252', '', 'SUBANG', '2000-06-11', 1, '', 1, '', 'Jln. Brigjen Katamso No. 65', '', '', 'Dangdeur', '', 19, '41212', 2, 3, 2, '0260 413063', '08212086236', 'robby_hardi2@yahoo.co.id', 152, 85, 1, NULL, '2012-11-29 23:19:39', '2012-11-29 23:19:39', 1),
('121307206', 'VIRGI INDIRA DAMAYANTI RAFIUDIN', 2, '0006955827', '3213035601000008', 'SUBANG', '2000-01-16', 1, '', 1, '', 'Jln. Otista Gg. Cendrawasih No. 3', '09', '02', 'Soklat', '', 19, '41215', 1, 0, 1, '0260 412090', '081395531477', '', 149, 48, 1, NULL, '2012-11-29 23:19:40', '2012-11-29 23:19:40', 1),
('121307207', 'ZAHRA LUTHFIANASARI', 2, '0003256130', '3213044108010010', 'CIMAHI', '2000-03-01', 1, '', 1, '', 'Jln. Yudhawinata', '01', '01', 'Tanggulun Barat', '', 19, '41200', 2, 20, 3, '0260 7491660', '081286209445', 'zahra.sari61@yahoo.co.id', 158, 45, 1, NULL, '2012-11-29 23:19:40', '2012-11-29 23:19:40', 1),
('121307208', 'ALYAA NAZALA AWWALIA', 2, '0004778985', '3213195708000001', 'SUBANG', '2000-08-17', 1, '', 1, '', 'Kp. Sukajadi', '24', '08', 'Cijambe', '', 19, '41200', 2, 9, 3, '', '081322107691', 'alyaa.nazala@yahoo.co.id', 140, 30, 1, NULL, '2012-11-29 23:19:32', '2012-11-29 23:19:32', 1),
('121307209', 'ANI NOVIANTI', 2, '9995238320', '3213075211991428', 'SUBANG', '1999-11-12', 1, '', 1, '', 'Pagaden Gembor', '19', '06', 'Gembor', '', 19, '41252', 2, 5, 3, '', '081395952127', '', 145, 33, 1, NULL, '2012-11-29 23:19:32', '2012-11-29 23:19:32', 1),
('121307210', 'ANISAH FAUZIYYAH', 2, '0006955952', '3213035406000001', 'PEMATANG SIANTAR', '2000-06-14', 1, '', 1, '', 'BTN Ciereng Blok G4', '45', '13', 'Dangdeur', '', 19, '41212', 2, 3, 3, '', '085220309251', 'cacacalista43@yahoo.com', 154, 45, 1, NULL, '2012-11-29 23:19:33', '2012-11-29 23:19:33', 1),
('121307211', 'ANNIDA FADHILAH SUBEKTI', 2, '9996012094', '3213195312990003', 'SUBANG', '1999-12-13', 1, '', 1, '', 'Jln. Raya Cijambe No. 07', '02', '01', 'Cijambe', '', 19, '41200', 2, 9, 3, '', '081324560090', 'annidasubekti@yahoo.com', 150, 42, 1, NULL, '2012-11-29 23:19:33', '2012-11-29 23:19:33', 1),
('121307212', 'BELLA AUFA SUHARTO', 2, '0003617807', '', 'SUBANG', '2000-08-29', 1, '', 1, '', 'Sukamulya', '14', '04', 'Cibogo', '', 19, '41285', 2, 4, 3, '', '081322650270', '', 135, 31, 1, NULL, '2012-11-29 23:19:33', '2012-11-29 23:19:33', 1),
('121307213', 'DAFFA HAKIM ALAINA NUGROHO', 1, '0002189335', '3213031303000007', 'SUBANG', '2000-03-13', 1, '', 1, '', 'RS. Bumi Abdi Negara Jln. Renang No. 154', '52', '16', 'Pasirkareumbi', '', 19, '41214', 2, 3, 2, '', '085759991344', '', 151, 60, 1, NULL, '2012-11-29 23:19:33', '2012-11-29 23:19:33', 1),
('121307214', 'DENNYSHA PRIECILLA AULIA NUR''IZMHA', 2, '0007572321', '', 'SUBANG', '2000-11-03', 1, '', 1, '', 'Blok Malandang', '20', '04', 'Cigadung', '', 19, '41215', 1, 0, 2, '0260 415664', '', '', 150, 55, 1, NULL, '2012-11-29 23:19:33', '2012-11-29 23:19:33', 1),
('121307215', 'DEWI INTAN PERMATASARI RAMDHANI', 2, '0006956238', '3213035112000011', 'SUBANG', '2000-12-11', 1, '', 1, '', 'Jln. Pasar Baru No. 1', '03', '02', 'Karanganyar', '', 19, '41211', 1, 0, 1, '0260 412632', '085318432345', '', 147, 44, 1, NULL, '2012-11-29 23:19:34', '2012-11-29 23:19:34', 1),
('121307216', 'FADILLA NAILA DIAFARANI', 2, '0014272908', '', 'SUBANG', '2001-01-19', 1, '', 1, '', 'BTN Ciheuleut B2 No. 45', '39', '13', 'Pasirkareumbi', '', 19, '41214', 2, 2, 2, '', '', '', 143, 43, 1, NULL, '2012-11-29 23:19:34', '2012-11-29 23:19:34', 1),
('121307217', 'FATHURRASYID IBRAHIM', 1, '9991565633', '3213030612990017', 'SUBANG', '1999-12-06', 1, '', 1, '', 'Komp. Sakina Residence Kav. G', '', '', 'Cigadung', '', 19, '41213', 2, 2, -1, '', '085223699676', '', 162, 54, 1, NULL, '2012-11-29 23:19:34', '2012-11-29 23:19:34', 1),
('121307218', 'GIVSON GABRIEL SIHOMBING HST', 1, '0000488921', '3213032209032254', 'SUBANG', '2000-05-08', 2, '', 1, '', 'BTN. Puskopad Blok A No. 18', '57', '17', 'Cilaja', '', 19, '41200', 2, 2, 2, '', '085323502811', 'givson.gabriel@yahoo.com', 149, 44, 1, NULL, '2012-11-29 23:19:35', '2012-11-29 23:19:35', 1),
('121307219', 'HENRY THEO PRAWIRA SUGITO', 1, '0000488937', '3213172803060559', 'SUBANG', '2000-10-05', 3, '', 1, '', 'Kartawigenda Gg. Palabuan 80', '36', '09', 'Cigadung', '', 19, '41213', 1, 0, 2, '0260 416760', '0817610106', '', 160, 66, 1, NULL, '2012-11-29 23:19:35', '2012-11-29 23:19:35', 1),
('121307220', 'LUTHFAN SYAUQI MUNGGARAN', 1, '0006954841', '', 'SUBANG', '2000-07-28', 1, '', 1, '', 'Ciereng Permai Blok B No. 9', '45', '13', 'Dangdeur', '', 19, '41212', 2, 2, 2, '', '085324989576', '', 145, 45, 1, NULL, '2012-11-29 23:19:36', '2012-11-29 23:19:36', 1),
('121307221', 'MAULINA ZAHWA', 2, '', '', 'SUBANG', '2001-05-30', 1, '', 1, '', 'Jln. S. Parman Gg. Bungbulang No. 52', '21', '06', 'Soklat', '', 19, '41215', 1, 0, 3, '', '081395322622', 'maulinazahwat@ymail.com', 132, 30, 1, NULL, '2012-11-29 23:19:36', '2012-11-29 23:19:36', 1),
('121307222', 'MUHAMMAD THORIQ ZULHAJ', 1, '0004051160', '', 'SUBANG', '2000-03-17', 1, '', 1, '', 'Kp. Buher', '03', '02', 'Munjul', '', 19, '41200', 2, 27, 2, '', '081320516131', 'm.thoriq88@yahoo.co.id', 144, 44, 1, NULL, '2012-11-29 23:19:37', '2012-11-29 23:19:37', 1),
('121307223', 'NYDHA NOVIANI', 2, '0004134694', '3213273003069184', 'BANDUNG', '2000-11-03', 1, '', 1, '', 'Manyeti', '09', '02', 'Manyeti', '', 19, '41271', 2, 8, 3, '', '081320037165', '', 139, 39, 1, NULL, '2012-11-29 23:19:38', '2012-11-29 23:19:38', 1),
('121307224', 'PRAWIRO WENINGGALIH ', 1, '0000488835', '3213033102091366', 'SUBANG', '2000-05-14', 1, '', 1, '', 'Jln. Brigjen Katamso No. 54', '50', '06', 'Dangdeur', '', 19, '41212', 2, 3, 2, '0260 411284', '081320719621', '', 145, 35, 1, NULL, '2012-11-29 23:19:38', '2012-11-29 23:19:38', 1),
('121307225', 'PUTRI SALSABILLA RACHMAN', 2, '0911003065', '3213033003066042', 'BANDUNG', '2000-09-13', 1, '', 1, '', 'Gg. Melati Jln. Amapuradiredja', '11', '03', 'Karanganyar', '', 19, '41211', 1, 0, 2, '', '087726882984', 'princess.salsa13@yahoo.co.id', 149, 38, 1, NULL, '2012-11-29 23:19:38', '2012-11-29 23:19:38', 1),
('121307226', 'RAFLI ALFAIN', 1, '0002844774', '', 'JAKARTA', '2000-05-23', 1, '', 1, '', 'Kp. Binawarga', '13', '04', 'Kalijati Timur', '', 19, '41271', 2, 15, 3, '0260 462782', '085220522385', '', 155, 51, 1, NULL, '2012-11-29 23:19:38', '2012-11-29 23:19:38', 1),
('121307227', 'RAKA FARIDHAN ALAMSYAH', 1, '9980883093', '', 'SUMEDANG', '2000-02-12', 1, '', 1, '', 'Jln. RA. Kartini No. 51', '27', '10', 'Soklat', '', 19, '41215', 2, 2, 3, '0260 413679', '', '', 145, 32, 1, NULL, '2012-11-29 23:19:38', '2012-11-29 23:19:38', 1),
('121307228', 'RAMDHINA FINITA', 2, '0007476591', '3213034912000005', 'PURWAKARTA', '2000-12-09', 1, '', 1, '', 'Jln. dukuh Raya No. 22 Blok VI', '36', '08', 'Sukamelang', '', 19, '41250', 2, 2, 3, '0260 7727351', '', '', 136, 27, 1, NULL, '2012-11-29 23:19:39', '2012-11-29 23:19:39', 1),
('121307229', 'REDHA MAULANA MAHENDRA', 1, '9998677066', '3213032306990007', 'SUBANG', '1999-06-23', 1, '', 1, '', 'Jln. Sawo 2 No. 21 Blok I Perumnas', '82', '23', 'Karanganyar', '', 19, '41211', 2, 2, 3, '', '085721808034', '', 145, 35, 1, NULL, '2012-11-29 23:19:38', '2012-11-29 23:19:38', 1),
('121307230', 'REVA MERLIANA NUGRAHA', 2, '0012598291', '', 'SUBANG', '2001-03-10', 1, '', 1, '', 'Jln. Otista No. 208', '92', '26', 'Karanganyar', '', 19, '41211', 2, 3, 3, '0260 412120', '', '', 140, 30, 1, NULL, '2012-11-29 23:19:39', '2012-11-29 23:19:39', 1),
('121307231', 'RIZKY WIHANTIKA', 1, '0006978070', '', 'BANDUNG', '2000-03-29', 1, '', 1, '', 'Perum Bumi Abdi Negara Jln. Bilyar No. 52', '52', '16', 'Pasirkareumbi', '', 19, '41214', 2, 3, 2, '', '085224991432', '', 140, 32, 1, NULL, '2012-11-29 23:19:39', '2012-11-29 23:19:39', 1),
('121307232', 'SHAFFA PADLURAHMAN', 1, '0004451881', '3213032606000010', 'SUBANG', '2000-06-26', 1, '', 1, '', 'Jln. DI. Panjaitan Gg. Sukun No. 8', '47', '12', 'Karanganyar', '', 19, '41211', 1, 0, 3, '', '081395922400', '', 143, 35, 1, NULL, '2012-11-29 23:19:39', '2012-11-29 23:19:39', 1),
('121307233', 'SHAFIRA LEVYMIA ASHIDIQ', 2, '', '3213035008000011', 'BANDUNG', '2000-08-10', 1, '', 1, '', 'BTN Ciheuleut Jln. Kendang No. 63', '40', '13', 'Pasirkareumbi', '', 19, '41214', 2, 2, 3, '', '085222097297', '', 140, 30, 1, NULL, '2012-11-29 23:19:39', '2012-11-29 23:19:39', 1),
('121307234', 'TANTI YOSSI LATIFAH', 2, '9995459452', '3213045003994409', 'SUBANG', '1999-03-10', 1, '', 1, '', 'Sukasari ', '07', '02', 'Situ Sari', '', 19, '41271', 2, 4, 3, '', '085721874930', 'tantyosi@yahoo.co.id', 150, 45, 1, NULL, '2012-11-29 23:19:40', '2012-11-29 23:19:40', 1),
('121307235', 'TARI PUTRIE TRI SEPTIAN', 2, '0004050157', '3213074904003731', 'SUBANG', '2000-09-06', 1, '', 1, '', 'Kp. Gembor II', '16', '05', 'Gembor', '', 19, '41200', 2, 5, 3, '', '085224772327', '', 154, 43, 1, NULL, '2012-11-29 23:19:40', '2012-11-29 23:19:40', 1),
('121307236', 'VICKY ALTARIQ', 1, '0000488163', '', 'SUBANG', '2000-10-31', 1, '', 1, '', 'Kartini No. 101', '30', '08', 'Soklat', '', 19, '41215', 1, 0, 2, '0260 412707', '081220771819', '', 143, 35, 1, NULL, '2012-11-29 23:19:40', '2012-11-29 23:19:40', 1);

-- --------------------------------------------------------

--
-- Table structure for table `academic_student_academic_history`
--

CREATE TABLE IF NOT EXISTS `academic_student_academic_history` (
  `academic_history_id` bigint(20) unsigned NOT NULL,
  `academic_history_student` varchar(10) NOT NULL,
  `academic_history_level` tinyint(4) NOT NULL,
  `academic_history_description` varchar(50) NOT NULL,
  `academic_history_year` int(4) unsigned NOT NULL,
  `academic_history_entry` datetime NOT NULL,
  `academic_history_update` datetime NOT NULL,
  PRIMARY KEY (`academic_history_id`),
  KEY `academic_student_academic_history_fk1` (`academic_history_student`),
  KEY `academic_student_academic_history_fk2` (`academic_history_level`)
) ENGINE=InnoDB DEFAULT CHARSET=latin1;

-- --------------------------------------------------------

--
-- Table structure for table `academic_student_achievement`
--

CREATE TABLE IF NOT EXISTS `academic_student_achievement` (
  `student_achievement_id` bigint(20) unsigned NOT NULL,
  `student_achievement_student` varchar(10) NOT NULL,
  `student_achievement_year` int(4) unsigned NOT NULL,
  `student_achievement_contest` varchar(50) NOT NULL,
  `student_achievement_rank` int(10) unsigned NOT NULL,
  `student_achievement_level` tinyint(1) NOT NULL,
  `student_achievement_contest_type` tinyint(2) NOT NULL,
  `student_achievement_entry` datetime NOT NULL,
  `student_achievement_update` datetime NOT NULL,
  PRIMARY KEY (`student_achievement_id`),
  KEY `academic_student_achievement_fk1` (`student_achievement_student`),
  KEY `academic_student_achievement_fk3` (`student_achievement_contest_type`),
  KEY `academic_student_achievement_fk2` (`student_achievement_level`)
) ENGINE=InnoDB DEFAULT CHARSET=latin1;

-- --------------------------------------------------------

--
-- Table structure for table `academic_student_achievement_level`
--

CREATE TABLE IF NOT EXISTS `academic_student_achievement_level` (
  `achievement_level_id` tinyint(1) NOT NULL,
  `achievement_level_title` varchar(30) NOT NULL,
  `achievement_level_entry` datetime NOT NULL,
  `achievement_level_entry_update` datetime NOT NULL,
  PRIMARY KEY (`achievement_level_id`)
) ENGINE=InnoDB DEFAULT CHARSET=latin1;

--
-- Dumping data for table `academic_student_achievement_level`
--

INSERT INTO `academic_student_achievement_level` (`achievement_level_id`, `achievement_level_title`, `achievement_level_entry`, `achievement_level_entry_update`) VALUES
(1, 'Sekolah', '2012-11-10 08:40:51', '2012-11-10 08:40:53'),
(2, 'Kecamatan', '2012-11-10 08:41:10', '2012-11-10 08:41:12'),
(3, 'Kabupaten / Kota', '2012-11-10 08:41:30', '2012-11-10 08:41:33'),
(4, 'Provinsi', '2012-11-10 08:42:06', '2012-11-10 08:42:10'),
(5, 'Nasional', '2012-11-10 08:45:22', '2012-11-10 08:45:24'),
(6, 'Internasional', '2012-11-10 08:45:37', '2012-11-10 08:45:39');

-- --------------------------------------------------------

--
-- Table structure for table `academic_student_parent`
--

CREATE TABLE IF NOT EXISTS `academic_student_parent` (
  `student_parent_id` int(11) NOT NULL,
  `student_parent_name` varchar(100) NOT NULL,
  `student_parent_address` int(11) DEFAULT NULL,
  `student_parent_rt` varchar(3) DEFAULT NULL,
  `student_parent_rw` varchar(3) DEFAULT NULL,
  `student_parent_village` varchar(50) DEFAULT NULL,
  `student_parent_subdistrict` varchar(50) DEFAULT NULL,
  `student_parent_city` int(11) NOT NULL,
  `student_parent_religion` tinyint(1) NOT NULL,
  `student_parent_job` tinyint(4) NOT NULL,
  `student_parent_lasteducation` tinyint(4) NOT NULL,
  `student_parent_backdegree` varchar(10) DEFAULT NULL,
  `student_parent_frontdegree` varchar(10) DEFAULT NULL,
  `student_parent_icome` tinyint(2) DEFAULT NULL,
  `student_parent_identity` tinyint(1) NOT NULL,
  `student_parent_email` varchar(50) DEFAULT NULL,
  `student_parent_of` varchar(10) DEFAULT NULL,
  `student_parent_entry` datetime NOT NULL,
  `student_parent_update` datetime NOT NULL,
  PRIMARY KEY (`student_parent_id`),
  KEY `academic_student_parent_fk6` (`student_parent_city`),
  KEY `academic_student_parent_fk1` (`student_parent_of`),
  KEY `academic_student_parent_fk5` (`student_parent_identity`),
  KEY `academic_student_parent_fk3` (`student_parent_lasteducation`),
  KEY `academic_student_parent_fk2` (`student_parent_job`),
  KEY `academic_student_parent_fk4` (`student_parent_icome`),
  KEY `academic_student_parent_fk7` (`student_parent_religion`)
) ENGINE=InnoDB DEFAULT CHARSET=latin1;

-- --------------------------------------------------------

--
-- Table structure for table `academic_student_parent_icome`
--

CREATE TABLE IF NOT EXISTS `academic_student_parent_icome` (
  `student_parent_icome_id` tinyint(2) NOT NULL,
  `student_parent_icome_description` varchar(20) NOT NULL,
  `student_parent_icome_entry` datetime NOT NULL,
  `student_parent_icome_entry_update` datetime NOT NULL,
  PRIMARY KEY (`student_parent_icome_id`)
) ENGINE=InnoDB DEFAULT CHARSET=latin1;

--
-- Dumping data for table `academic_student_parent_icome`
--

INSERT INTO `academic_student_parent_icome` (`student_parent_icome_id`, `student_parent_icome_description`, `student_parent_icome_entry`, `student_parent_icome_entry_update`) VALUES
(1, 'Kurang dari Rp. 1.00', '2012-11-10 09:02:26', '2012-11-10 09:02:29'),
(2, 'Rp. 1.000.000 - Rp. ', '2012-11-10 09:03:10', '2012-11-10 09:03:15'),
(3, 'Lebih dar Rp. 2.000.', '2012-11-10 09:03:38', '2012-11-10 09:03:41');

-- --------------------------------------------------------

--
-- Table structure for table `academic_student_parent_identity`
--

CREATE TABLE IF NOT EXISTS `academic_student_parent_identity` (
  `student_parent_identity_id` tinyint(1) NOT NULL,
  `student_parent_identity_title` varchar(20) NOT NULL,
  `student_parent_identity_entry` datetime NOT NULL,
  `student_parent_identity_entry_update` datetime NOT NULL,
  PRIMARY KEY (`student_parent_identity_id`)
) ENGINE=InnoDB DEFAULT CHARSET=latin1;

--
-- Dumping data for table `academic_student_parent_identity`
--

INSERT INTO `academic_student_parent_identity` (`student_parent_identity_id`, `student_parent_identity_title`, `student_parent_identity_entry`, `student_parent_identity_entry_update`) VALUES
(1, 'Ayah', '2012-11-10 09:04:52', '2012-11-10 09:04:54'),
(2, 'Ibu', '2012-11-10 09:05:01', '2012-11-10 09:05:05'),
(3, 'Wali', '2012-11-10 09:05:13', '2012-11-10 09:05:16');

-- --------------------------------------------------------

--
-- Table structure for table `academic_student_residance`
--

CREATE TABLE IF NOT EXISTS `academic_student_residance` (
  `student_residance_id` tinyint(2) NOT NULL,
  `student_residance_name` varchar(50) NOT NULL,
  `student_resident_isother` tinyint(1) unsigned DEFAULT NULL,
  `student_residance_entry` datetime NOT NULL,
  `student_residance_entry_update` datetime NOT NULL,
  PRIMARY KEY (`student_residance_id`)
) ENGINE=InnoDB DEFAULT CHARSET=latin1;

--
-- Dumping data for table `academic_student_residance`
--

INSERT INTO `academic_student_residance` (`student_residance_id`, `student_residance_name`, `student_resident_isother`, `student_residance_entry`, `student_residance_entry_update`) VALUES
(-1, 'Lainnya', 1, '2012-11-10 09:09:12', '2012-11-10 09:09:15'),
(1, 'Bersama Orang Tua', 0, '2012-11-10 09:06:59', '2012-11-10 09:07:04'),
(2, 'Bersama Wali', 0, '2012-11-10 09:07:35', '2012-11-10 09:07:37'),
(3, 'Kost', 0, '2012-11-10 09:07:46', '2012-11-10 09:07:49'),
(4, 'Asrama', 0, '2012-11-10 09:08:26', '2012-11-10 09:08:29'),
(5, 'Panti Asuhan', 0, '2012-11-10 09:08:46', '2012-11-10 09:08:49');

-- --------------------------------------------------------

--
-- Table structure for table `academic_student_scholarship`
--

CREATE TABLE IF NOT EXISTS `academic_student_scholarship` (
  `student_scholarship_id` bigint(20) unsigned NOT NULL,
  `student_scholarship_source` varchar(50) NOT NULL,
  `student_scholarship_type` tinyint(1) NOT NULL,
  `student_scholarship_start` int(4) unsigned NOT NULL,
  `student_scholarship_end` int(4) unsigned NOT NULL,
  `student_scholarship_entry` datetime NOT NULL,
  `student_scholarship_update` datetime NOT NULL,
  `student_scholarship_student` varchar(10) NOT NULL,
  PRIMARY KEY (`student_scholarship_id`),
  KEY `academic_student_scholarship_fk1` (`student_scholarship_student`),
  KEY `academic_student_scholarship_fk2` (`student_scholarship_type`)
) ENGINE=InnoDB DEFAULT CHARSET=latin1;

-- --------------------------------------------------------

--
-- Table structure for table `academic_student_scholarship_type`
--

CREATE TABLE IF NOT EXISTS `academic_student_scholarship_type` (
  `scholarship_type_id` tinyint(1) NOT NULL,
  `scholarship_type_title` varchar(30) NOT NULL,
  `scholarship_isother` tinyint(1) NOT NULL,
  `scholarship_type_entry` datetime NOT NULL,
  `scholarship_type_entry_update` datetime NOT NULL,
  PRIMARY KEY (`scholarship_type_id`)
) ENGINE=InnoDB DEFAULT CHARSET=latin1;

--
-- Dumping data for table `academic_student_scholarship_type`
--

INSERT INTO `academic_student_scholarship_type` (`scholarship_type_id`, `scholarship_type_title`, `scholarship_isother`, `scholarship_type_entry`, `scholarship_type_entry_update`) VALUES
(-1, 'Lainnya', 1, '2012-11-10 08:37:27', '2012-11-10 08:37:31'),
(1, 'Anak Berprestasi', 0, '2012-11-10 08:29:29', '2012-11-10 08:29:32'),
(2, 'Anak Kurang Mampu', 0, '2012-11-10 08:29:59', '2012-11-10 08:30:03'),
(3, 'Pendidikan', 0, '2012-11-10 08:30:22', '2012-11-10 08:30:24'),
(4, 'Unggulan', 0, '2012-11-10 08:30:35', '2012-11-10 08:30:46');

-- --------------------------------------------------------

--
-- Table structure for table `academic_student_special_needs`
--

CREATE TABLE IF NOT EXISTS `academic_student_special_needs` (
  `student_special_needs_id` tinyint(2) NOT NULL,
  `student_special_needs_name` varchar(30) NOT NULL,
  `student_special_needs_isother` tinyint(1) unsigned NOT NULL,
  `student_special_needs_entry` datetime NOT NULL,
  `student_special_needs_entry_update` datetime NOT NULL,
  PRIMARY KEY (`student_special_needs_id`)
) ENGINE=InnoDB DEFAULT CHARSET=latin1;

--
-- Dumping data for table `academic_student_special_needs`
--

INSERT INTO `academic_student_special_needs` (`student_special_needs_id`, `student_special_needs_name`, `student_special_needs_isother`, `student_special_needs_entry`, `student_special_needs_entry_update`) VALUES
(-1, 'Lainnya', 1, '2012-11-10 09:18:09', '2012-11-10 09:18:12'),
(1, 'Tidak', 0, '2012-11-10 09:10:19', '2012-11-10 09:10:22'),
(2, 'Netra', 0, '2012-11-10 09:10:36', '2012-11-10 09:10:40'),
(3, 'Rungu', 0, '2012-11-10 09:11:15', '2012-11-10 09:11:17'),
(4, 'Grahita Ringan', 0, '2012-11-10 09:11:32', '2012-11-10 09:11:34'),
(5, 'Grahita Sedang', 0, '2012-11-10 09:11:52', '2012-11-10 09:11:55'),
(6, 'Daksa Ringan', 0, '2012-11-10 09:12:09', '2012-11-10 09:12:13'),
(7, 'Daksa Sedang', 0, '2012-11-10 09:12:26', '2012-11-10 09:12:29'),
(8, 'Laras', 0, '2012-11-10 09:12:40', '2012-11-10 09:12:43'),
(9, 'Wicara', 0, '2012-11-10 09:12:54', '2012-11-10 09:12:57'),
(10, 'Tuna Ganda', 0, '2012-11-10 09:13:24', '2012-11-10 09:13:27'),
(11, 'Hyperaktif', 0, '2012-11-10 09:13:42', '2012-11-10 09:13:44'),
(12, 'Cerdas Istimewa', 0, '2012-11-10 09:14:14', '2012-11-10 09:14:17'),
(13, 'Bakat Istimewa', 0, '2012-11-10 09:14:35', '2012-11-10 09:14:38'),
(14, 'Kesulitan Belajar', 0, '2012-11-10 09:14:53', '2012-11-10 09:14:56'),
(15, 'Narkoba', 0, '2012-11-10 09:15:15', '2012-11-10 09:15:18'),
(16, 'Indigo', 0, '2012-11-10 09:15:31', '2012-11-10 09:15:33'),
(17, 'Down Syndrom', 0, '2012-11-10 09:15:59', '2012-11-10 09:16:03'),
(18, 'Autis', 0, '2012-11-10 09:16:28', '2012-11-10 09:16:31'),
(19, 'Terpencil/Terbelakang', 0, '2012-11-10 09:16:56', '2012-11-10 09:16:59'),
(20, 'Bencana Alam/Sosial', 0, '2012-11-10 09:17:15', '2012-11-10 09:17:18'),
(21, 'Tidak Mampu Ekonomi', 0, '2012-11-10 09:17:39', '2012-11-10 09:17:42');

-- --------------------------------------------------------

--
-- Table structure for table `academic_subject`
--

CREATE TABLE IF NOT EXISTS `academic_subject` (
  `subject_id` tinyint(4) NOT NULL,
  `subject_name` varchar(100) NOT NULL,
  `subject_parent` tinyint(4) DEFAULT NULL,
  `subject_entry` datetime NOT NULL,
  `subject_entry_update` datetime NOT NULL,
  PRIMARY KEY (`subject_id`),
  KEY `academic_subject_fk1` (`subject_parent`)
) ENGINE=InnoDB DEFAULT CHARSET=latin1;

--
-- Dumping data for table `academic_subject`
--

INSERT INTO `academic_subject` (`subject_id`, `subject_name`, `subject_parent`, `subject_entry`, `subject_entry_update`) VALUES
(1, 'Pendidikan Agama', NULL, '2012-11-17 22:44:36', '2012-11-17 22:44:38'),
(2, 'Teknologi Informasi dan Komunikasi', NULL, '2012-11-17 23:05:03', '2012-11-17 23:05:06'),
(3, 'Pendidikan Kewarganegaraan (PKn)', NULL, '2012-11-17 23:05:47', '2012-11-17 23:05:49'),
(4, 'Bahasa Indonesia', NULL, '2012-11-17 23:06:29', '2012-11-17 23:06:34'),
(5, 'Bahasa Inggris', NULL, '2012-11-17 23:06:58', '2012-11-17 23:07:00'),
(6, 'Matematika', NULL, '2012-11-17 23:07:15', '2012-11-17 23:07:17'),
(7, 'Ilmu Pengetahuan Alam', NULL, '2012-11-17 23:08:22', '2012-11-17 23:08:24'),
(8, 'Ilmu Pengetahuan Sosial', NULL, '2012-11-17 23:08:36', '2012-11-17 23:08:38'),
(9, 'Seni Budaya', NULL, '2012-11-17 23:08:49', '2012-11-17 23:08:51'),
(10, 'Penjaskes', NULL, '2012-11-17 23:09:05', '2012-11-17 23:09:07'),
(11, 'Muatan Lokal', NULL, '2012-11-17 23:09:37', '2012-11-17 23:09:39'),
(12, 'Fisika', 7, '2012-11-17 23:29:41', '2012-11-17 23:29:43'),
(13, 'Biologi', 7, '2012-11-17 23:31:05', '2012-11-17 23:31:09'),
(14, 'Bahasa Sunda', 11, '2012-11-17 23:31:20', '2012-11-17 23:31:22'),
(15, 'Desain Grafis', 11, '2012-11-17 23:32:19', '2012-11-17 23:32:21'),
(16, 'Seni Kriya', 11, '2012-11-17 23:32:40', '2012-11-17 23:32:44'),
(17, 'PC Assembling', 11, '2012-11-17 23:33:09', '2012-11-17 23:33:11'),
(18, 'Tata Boga', 11, '2012-11-17 23:33:57', '2012-11-17 23:34:00');

-- --------------------------------------------------------

--
-- Table structure for table `academic_task_description`
--

CREATE TABLE IF NOT EXISTS `academic_task_description` (
  `task_description_id` varchar(12) NOT NULL,
  `task_description_subject` tinyint(4) NOT NULL,
  `task_description_teacher` varchar(12) NOT NULL,
  `task_description_period` tinyint(4) NOT NULL,
  `task_description_semester` tinyint(1) NOT NULL,
  `task_description_garde` tinyint(2) NOT NULL,
  `task_description_title` varchar(250) NOT NULL,
  `task_description` text,
  `task_description_mlc` float NOT NULL,
  `task_description_entry` datetime NOT NULL,
  `task_description_entry_update` datetime NOT NULL,
  PRIMARY KEY (`task_description_id`),
  KEY `academic_task_description_fk1` (`task_description_semester`),
  KEY `academic_task_description_fk2` (`task_description_teacher`),
  KEY `academic_task_description_fk3` (`task_description_period`),
  KEY `academic_task_description_fk4` (`task_description_subject`),
  KEY `academic_task_description_fk5` (`task_description_garde`)
) ENGINE=InnoDB DEFAULT CHARSET=latin1;

--
-- Dumping data for table `academic_task_description`
--

INSERT INTO `academic_task_description` (`task_description_id`, `task_description_subject`, `task_description_teacher`, `task_description_period`, `task_description_semester`, `task_description_garde`, `task_description_title`, `task_description`, `task_description_mlc`, `task_description_entry`, `task_description_entry_update`) VALUES
('201212130001', 2, '201212010049', 1, 1, 1, 'sang juaran', 'harus coba', 90, '2012-12-13 00:00:00', '2012-12-27 12:41:03'),
('201212130002', 2, '201212010048', 1, 1, 1, 'Membuat Kabel Jaringan', '', 0, '2012-12-13 00:00:00', '2012-12-13 00:00:00');

-- --------------------------------------------------------

--
-- Table structure for table `academic_teaching`
--

CREATE TABLE IF NOT EXISTS `academic_teaching` (
  `teaching_id` varchar(12) NOT NULL,
  `teaching_teacher` varchar(12) NOT NULL,
  `teaching_classgroup` varchar(12) NOT NULL,
  `teaching_subject` tinyint(4) NOT NULL,
  `teaching_total_time` int(2) NOT NULL,
  `teaching_period` tinyint(4) NOT NULL,
  `teaching_semester` tinyint(1) NOT NULL,
  `teaching_entry` datetime NOT NULL,
  `teaching_entry_update` datetime NOT NULL,
  PRIMARY KEY (`teaching_id`),
  KEY `academic_teaching_fk1` (`teaching_teacher`),
  KEY `academic_teaching_fk3` (`teaching_subject`),
  KEY `academic_teaching_fk2` (`teaching_classgroup`),
  KEY `academic_teaching_fk4` (`teaching_period`),
  KEY `academic_teaching_fk5` (`teaching_semester`)
) ENGINE=InnoDB DEFAULT CHARSET=latin1;

--
-- Dumping data for table `academic_teaching`
--

INSERT INTO `academic_teaching` (`teaching_id`, `teaching_teacher`, `teaching_classgroup`, `teaching_subject`, `teaching_total_time`, `teaching_period`, `teaching_semester`, `teaching_entry`, `teaching_entry_update`) VALUES
('201212050001', '201212010049', '1', 2, 2, 1, 1, '2012-12-18 11:03:54', '2012-12-18 11:03:54'),
('201212050002', '201212010049', '12', 2, 2, 1, 1, '2012-12-18 11:03:54', '2012-12-18 11:03:54'),
('201212050003', '201212010049', '2', 2, 2, 1, 1, '2012-12-18 14:09:55', '2012-12-18 14:10:00'),
('201212130001', '201212010004', '1', 6, 1, 1, 1, '2012-12-18 11:03:54', '2012-12-18 11:03:54'),
('201212130002', '201212010004', '2', 6, 1, 1, 1, '2012-12-18 11:03:54', '2012-12-18 11:03:54'),
('201212130003', '201212010004', '3', 6, 1, 1, 1, '2012-12-18 11:03:54', '2012-12-18 11:03:54'),
('201212130004', '201212010004', '4', 6, 1, 1, 1, '2012-12-18 11:03:54', '2012-12-18 11:03:54'),
('201212130005', '201212010004', '5', 6, 1, 1, 1, '2012-12-18 11:03:54', '2012-12-18 11:03:54'),
('201212130006', '201212010004', '6', 6, 1, 1, 1, '2012-12-18 11:03:54', '2012-12-18 11:03:54'),
('201212130007', '201212010004', '7', 6, 1, 1, 1, '2012-12-18 11:03:54', '2012-12-18 11:03:54'),
('201212130008', '201212010004', '8', 6, 1, 1, 1, '2012-12-18 11:03:54', '2012-12-18 11:03:54'),
('201212130009', '201212010056', '17', 6, 3, 1, 1, '2012-12-18 11:03:54', '2012-12-18 11:03:54'),
('201212130010', '201212010056', '18', 6, 3, 1, 1, '2012-12-18 11:03:54', '2012-12-18 11:03:54'),
('201212130011', '201212010056', '19', 6, 3, 1, 1, '2012-12-18 11:03:54', '2012-12-18 11:03:54'),
('201212130012', '201212010056', '20', 6, 3, 1, 1, '2012-12-18 11:03:54', '2012-12-18 11:03:54'),
('201212130013', '201212010056', '21', 6, 3, 1, 1, '2012-12-18 11:03:54', '2012-12-18 11:03:54'),
('201212130014', '201212010056', '22', 6, 3, 1, 1, '2012-12-18 11:03:54', '2012-12-18 11:03:54'),
('201212130015', '201212010056', '23', 6, 3, 1, 1, '2012-12-18 11:03:54', '2012-12-18 11:03:54'),
('201212130016', '201212010056', '24', 6, 3, 1, 1, '2012-12-18 11:03:54', '2012-12-18 11:03:54'),
('201212130017', '201212010006', '1', 5, 3, 1, 1, '2012-12-18 11:03:54', '2012-12-18 11:03:54'),
('201212130018', '201212010006', '2', 5, 3, 1, 1, '2012-12-18 11:03:54', '2012-12-18 11:03:54'),
('201212130019', '201212010006', '3', 5, 3, 1, 1, '2012-12-18 11:03:54', '2012-12-18 11:03:54'),
('201212130020', '201212010006', '4', 5, 3, 1, 1, '2012-12-18 11:03:54', '2012-12-18 11:03:54'),
('201212130021', '201212010006', '5', 5, 3, 1, 1, '2012-12-18 11:03:54', '2012-12-18 11:03:54'),
('201212130022', '201212010006', '6', 5, 3, 1, 1, '2012-12-18 11:03:54', '2012-12-18 11:03:54'),
('201212130023', '201212010006', '7', 5, 3, 1, 1, '2012-12-18 11:03:54', '2012-12-18 11:03:54'),
('201212130024', '201212010006', '8', 5, 3, 1, 1, '2012-12-18 11:03:54', '2012-12-18 11:03:54'),
('201212130025', '201212010008', '19', 4, 4, 1, 1, '2012-12-18 11:03:54', '2012-12-18 11:03:54'),
('201212130026', '201212010008', '20', 4, 4, 1, 1, '2012-12-18 11:03:54', '2012-12-18 11:03:54'),
('201212130027', '201212010008', '21', 4, 4, 1, 1, '2012-12-18 11:03:54', '2012-12-18 11:03:54'),
('201212130028', '201212010008', '22', 4, 4, 1, 1, '2012-12-18 11:03:54', '2012-12-18 11:03:54'),
('201212130029', '201212010008', '23', 4, 4, 1, 1, '2012-12-18 11:03:54', '2012-12-18 11:03:54'),
('201212130030', '201212010008', '24', 4, 4, 1, 1, '2012-12-18 11:03:54', '2012-12-18 11:03:54'),
('201212130031', '201212010001', '1', 10, 2, 1, 1, '2012-12-18 11:03:54', '2012-12-18 11:03:54'),
('201212130032', '201212010001', '2', 10, 2, 1, 1, '2012-12-18 11:03:54', '2012-12-18 11:03:54'),
('201212130033', '201212010001', '3', 10, 2, 1, 1, '2012-12-18 11:03:54', '2012-12-18 11:03:54'),
('201212130034', '201212010001', '4', 10, 2, 1, 1, '2012-12-18 11:03:54', '2012-12-18 11:03:54'),
('201212130035', '201212010001', '5', 10, 2, 1, 1, '2012-12-18 11:03:54', '2012-12-18 11:03:54'),
('201212130036', '201212010001', '6', 10, 2, 1, 1, '2012-12-18 11:03:54', '2012-12-18 11:03:54'),
('201212130037', '201212010001', '7', 10, 2, 1, 1, '2012-12-18 11:03:54', '2012-12-18 11:03:54'),
('201212130038', '201212010001', '8', 10, 2, 1, 1, '2012-12-18 11:03:54', '2012-12-18 11:03:54'),
('201212130039', '201212010011', '1', 13, 3, 1, 1, '2012-12-18 11:03:54', '2012-12-18 11:03:54'),
('201212130040', '201212010011', '2', 13, 3, 1, 1, '2012-12-18 11:03:54', '2012-12-18 11:03:54'),
('201212130041', '201212010011', '3', 13, 3, 1, 1, '2012-12-18 11:03:54', '2012-12-18 11:03:54'),
('201212130042', '201212010011', '4', 13, 3, 1, 1, '2012-12-18 11:03:54', '2012-12-18 11:03:54'),
('201212130043', '201212010011', '5', 13, 3, 1, 1, '2012-12-18 11:03:54', '2012-12-18 11:03:54'),
('201212130044', '201212010011', '6', 13, 3, 1, 1, '2012-12-18 11:03:54', '2012-12-18 11:03:54'),
('201212130045', '201212010011', '7', 13, 3, 1, 1, '2012-12-18 11:03:54', '2012-12-18 11:03:54'),
('201212130046', '201212010011', '8', 13, 3, 1, 1, '2012-12-18 11:03:54', '2012-12-18 11:03:54'),
('201212130047', '201212010007', '9', 6, 3, 1, 1, '2012-12-18 11:03:54', '2012-12-18 11:03:54'),
('201212130048', '201212010007', '10', 6, 3, 1, 1, '2012-12-18 11:03:54', '2012-12-18 11:03:54'),
('201212130049', '201212010007', '11', 6, 3, 1, 1, '2012-12-18 11:03:54', '2012-12-18 11:03:54'),
('201212130050', '201212010007', '12', 6, 3, 1, 1, '2012-12-18 11:03:54', '2012-12-18 11:03:54'),
('201212130051', '201212010007', '13', 6, 3, 1, 1, '2012-12-18 11:03:54', '2012-12-18 11:03:54'),
('201212130052', '201212010007', '14', 6, 3, 1, 1, '2012-12-18 11:03:54', '2012-12-18 11:03:54'),
('201212130053', '201212010007', '15', 6, 3, 1, 1, '2012-12-18 11:03:54', '2012-12-18 11:03:54'),
('201212130054', '201212010007', '16', 6, 3, 1, 1, '2012-12-18 11:03:54', '2012-12-18 11:03:54'),
('201212130055', '201212010013', '1', 12, 3, 1, 1, '2012-12-18 11:03:54', '2012-12-18 11:03:54'),
('201212130056', '201212010013', '2', 12, 3, 1, 1, '2012-12-18 11:03:54', '2012-12-18 11:03:54'),
('201212130057', '201212010013', '3', 12, 3, 1, 1, '2012-12-18 11:03:54', '2012-12-18 11:03:54'),
('201212130058', '201212010013', '4', 12, 3, 1, 1, '2012-12-18 11:03:54', '2012-12-18 11:03:54'),
('201212130059', '201212010013', '5', 12, 3, 1, 1, '2012-12-18 11:03:54', '2012-12-18 11:03:54'),
('201212130060', '201212010013', '6', 12, 3, 1, 1, '2012-12-18 11:03:54', '2012-12-18 11:03:54'),
('201212130061', '201212010013', '7', 12, 3, 1, 1, '2012-12-18 11:03:54', '2012-12-18 11:03:54'),
('201212130062', '201212010013', '8', 12, 3, 1, 1, '2012-12-18 11:03:54', '2012-12-18 11:03:54'),
('201212130063', '201212010003', '5', 3, 2, 1, 1, '2012-12-18 11:03:54', '2012-12-18 11:03:54'),
('201212130064', '201212010003', '6', 3, 2, 1, 1, '2012-12-18 11:03:54', '2012-12-18 11:03:54'),
('201212130065', '201212010003', '7', 3, 2, 1, 1, '2012-12-18 11:03:54', '2012-12-18 11:03:54'),
('201212130066', '201212010003', '8', 3, 2, 1, 1, '2012-12-18 11:03:54', '2012-12-18 11:03:54'),
('201212130067', '201212010003', '9', 3, 2, 1, 1, '2012-12-18 11:03:54', '2012-12-18 11:03:54'),
('201212130068', '201212010003', '10', 3, 2, 1, 1, '2012-12-18 11:03:54', '2012-12-18 11:03:54'),
('201212130069', '201212010003', '11', 3, 2, 1, 1, '2012-12-18 11:03:54', '2012-12-18 11:03:54'),
('201212130070', '201212010003', '12', 3, 2, 1, 1, '2012-12-18 11:03:54', '2012-12-18 11:03:54'),
('201212130071', '201212010003', '13', 3, 2, 1, 1, '2012-12-18 11:03:54', '2012-12-18 11:03:54'),
('201212130072', '201212010003', '14', 3, 2, 1, 1, '2012-12-18 11:03:54', '2012-12-18 11:03:54'),
('201212130073', '201212010003', '15', 3, 2, 1, 1, '2012-12-18 11:03:54', '2012-12-18 11:03:54'),
('201212130074', '201212010003', '16', 3, 2, 1, 1, '2012-12-18 11:03:54', '2012-12-18 11:03:54'),
('201212130075', '201212010014', '1', 6, 3, 1, 1, '2012-12-18 11:03:54', '2012-12-18 11:03:54'),
('201212130076', '201212010014', '2', 6, 3, 1, 1, '2012-12-18 11:03:54', '2012-12-18 11:03:54'),
('201212130077', '201212010014', '3', 6, 3, 1, 1, '2012-12-18 11:03:54', '2012-12-18 11:03:54'),
('201212130078', '201212010014', '4', 6, 3, 1, 1, '2012-12-18 11:03:54', '2012-12-18 11:03:54'),
('201212130079', '201212010014', '5', 6, 3, 1, 1, '2012-12-18 11:03:54', '2012-12-18 11:03:54'),
('201212130080', '201212010014', '6', 6, 3, 1, 1, '2012-12-18 11:03:54', '2012-12-18 11:03:54'),
('201212130081', '201212010014', '7', 6, 3, 1, 1, '2012-12-18 11:03:54', '2012-12-18 11:03:54'),
('201212130082', '201212010014', '8', 6, 3, 1, 1, '2012-12-18 11:03:54', '2012-12-18 11:03:54'),
('201212130083', '201212010026', '9', 8, 4, 1, 1, '2012-12-18 11:03:54', '2012-12-18 11:03:54'),
('201212130084', '201212010026', '10', 8, 4, 1, 1, '2012-12-18 11:03:54', '2012-12-18 11:03:54'),
('201212130085', '201212010026', '11', 8, 4, 1, 1, '2012-12-18 11:03:54', '2012-12-18 11:03:54'),
('201212130086', '201212010026', '12', 8, 4, 1, 1, '2012-12-18 11:03:54', '2012-12-18 11:03:54'),
('201212130087', '201212010026', '13', 8, 4, 1, 1, '2012-12-18 11:03:54', '2012-12-18 11:03:54'),
('201212130088', '201212010026', '14', 8, 4, 1, 1, '2012-12-18 11:03:54', '2012-12-18 11:03:54'),
('201212130089', '201212010010', '15', 8, 4, 1, 1, '2012-12-18 11:03:54', '2012-12-18 11:03:54'),
('201212130090', '201212010010', '16', 8, 4, 1, 1, '2012-12-18 11:03:54', '2012-12-18 11:03:54'),
('201212130091', '201212010010', '17', 8, 4, 1, 1, '2012-12-18 11:03:54', '2012-12-18 11:03:54'),
('201212130092', '201212010010', '18', 8, 4, 1, 1, '2012-12-18 11:03:54', '2012-12-18 11:03:54'),
('201212130093', '201212010010', '19', 8, 4, 1, 1, '2012-12-18 11:03:54', '2012-12-18 11:03:54'),
('201212130094', '201212010010', '20', 8, 4, 1, 1, '2012-12-18 11:03:54', '2012-12-18 11:03:54'),
('201212130095', '201212010016', '1', 6, 2, 1, 1, '2012-12-18 11:03:54', '2012-12-18 11:03:54'),
('201212130096', '201212010016', '2', 6, 2, 1, 1, '2012-12-18 11:03:54', '2012-12-18 11:03:54'),
('201212130097', '201212010016', '3', 6, 2, 1, 1, '2012-12-18 11:03:54', '2012-12-18 11:03:54'),
('201212130098', '201212010016', '4', 6, 2, 1, 1, '2012-12-18 11:03:54', '2012-12-18 11:03:54'),
('201212130099', '201212010016', '5', 6, 2, 1, 1, '2012-12-18 11:03:54', '2012-12-18 11:03:54'),
('201212130100', '201212010016', '6', 6, 2, 1, 1, '2012-12-18 11:03:54', '2012-12-18 11:03:54'),
('201212130101', '201212010016', '7', 6, 2, 1, 1, '2012-12-18 11:03:54', '2012-12-18 11:03:54'),
('201212130102', '201212010016', '8', 6, 2, 1, 1, '2012-12-18 11:03:54', '2012-12-18 11:03:54'),
('201212130103', '201212010022', '1', 14, 2, 1, 1, '2012-12-18 11:03:54', '2012-12-18 11:03:54'),
('201212130104', '201212010022', '2', 14, 2, 1, 1, '2012-12-18 11:03:54', '2012-12-18 11:03:54'),
('201212130105', '201212010022', '3', 14, 2, 1, 1, '2012-12-18 11:03:54', '2012-12-18 11:03:54'),
('201212130106', '201212010022', '4', 14, 2, 1, 1, '2012-12-18 11:03:54', '2012-12-18 11:03:54'),
('201212130107', '201212010022', '5', 14, 2, 1, 1, '2012-12-18 11:03:54', '2012-12-18 11:03:54'),
('201212130108', '201212010022', '6', 14, 2, 1, 1, '2012-12-18 11:03:54', '2012-12-18 11:03:54'),
('201212130109', '201212010022', '7', 14, 2, 1, 1, '2012-12-18 11:03:54', '2012-12-18 11:03:54'),
('201212130110', '201212010022', '8', 14, 2, 1, 1, '2012-12-18 11:03:54', '2012-12-18 11:03:54'),
('201212130111', '201212010025', '9', 13, 3, 1, 1, '2012-12-18 11:03:54', '2012-12-18 11:03:54'),
('201212130112', '201212010025', '10', 13, 3, 1, 1, '2012-12-18 11:03:54', '2012-12-18 11:03:54'),
('201212130113', '201212010025', '11', 13, 3, 1, 1, '2012-12-18 11:03:54', '2012-12-18 11:03:54'),
('201212130114', '201212010025', '12', 13, 3, 1, 1, '2012-12-18 11:03:54', '2012-12-18 11:03:54'),
('201212130115', '201212010025', '13', 13, 3, 1, 1, '2012-12-18 11:03:54', '2012-12-18 11:03:54'),
('201212130116', '201212010025', '14', 13, 3, 1, 1, '2012-12-18 11:03:54', '2012-12-18 11:03:54'),
('201212130117', '201212010025', '15', 13, 3, 1, 1, '2012-12-18 11:03:54', '2012-12-18 11:03:54'),
('201212130118', '201212010025', '16', 13, 3, 1, 1, '2012-12-18 11:03:54', '2012-12-18 11:03:54'),
('201212130119', '201212010018', '17', 6, 3, 1, 1, '2012-12-18 11:03:54', '2012-12-18 11:03:54'),
('201212130120', '201212010018', '18', 6, 3, 1, 1, '2012-12-18 11:03:54', '2012-12-18 11:03:54'),
('201212130121', '201212010018', '19', 6, 3, 1, 1, '2012-12-18 11:03:54', '2012-12-18 11:03:54'),
('201212130122', '201212010018', '20', 6, 3, 1, 1, '2012-12-18 11:03:54', '2012-12-18 11:03:54'),
('201212130123', '201212010018', '21', 6, 3, 1, 1, '2012-12-18 11:03:54', '2012-12-18 11:03:54'),
('201212130124', '201212010018', '22', 6, 3, 1, 1, '2012-12-18 11:03:54', '2012-12-18 11:03:54'),
('201212130125', '201212010018', '23', 6, 3, 1, 1, '2012-12-18 11:03:54', '2012-12-18 11:03:54'),
('201212130126', '201212010018', '24', 6, 3, 1, 1, '2012-12-18 11:03:54', '2012-12-18 11:03:54'),
('201212130127', '201212010028', '3', 4, 4, 1, 1, '2012-12-18 11:03:54', '2012-12-18 11:03:54'),
('201212130128', '201212010028', '4', 4, 4, 1, 1, '2012-12-18 11:03:54', '2012-12-18 11:03:54'),
('201212130129', '201212010028', '5', 4, 4, 1, 1, '2012-12-18 11:03:54', '2012-12-18 11:03:54'),
('201212130130', '201212010028', '6', 4, 4, 1, 1, '2012-12-18 11:03:54', '2012-12-18 11:03:54'),
('201212130131', '201212010028', '7', 4, 4, 1, 1, '2012-12-18 11:03:54', '2012-12-18 11:03:54'),
('201212130132', '201212010028', '8', 4, 4, 1, 1, '2012-12-18 11:03:54', '2012-12-18 11:03:54'),
('201212130133', '201212010031', '17', 13, 3, 1, 1, '2012-12-18 11:03:54', '2012-12-18 11:03:54'),
('201212130134', '201212010031', '18', 13, 3, 1, 1, '2012-12-18 11:03:54', '2012-12-18 11:03:54'),
('201212130135', '201212010031', '19', 13, 3, 1, 1, '2012-12-18 11:03:54', '2012-12-18 11:03:54'),
('201212130136', '201212010031', '20', 13, 3, 1, 1, '2012-12-18 11:03:54', '2012-12-18 11:03:54'),
('201212130137', '201212010031', '21', 13, 3, 1, 1, '2012-12-18 11:03:54', '2012-12-18 11:03:54'),
('201212130138', '201212010031', '22', 13, 3, 1, 1, '2012-12-18 11:03:54', '2012-12-18 11:03:54'),
('201212130139', '201212010031', '23', 13, 3, 1, 1, '2012-12-18 11:03:54', '2012-12-18 11:03:54'),
('201212130140', '201212010031', '24', 13, 3, 1, 1, '2012-12-18 11:03:54', '2012-12-18 11:03:54'),
('201212130141', '201212010021', '5', 1, 2, 1, 1, '2012-12-18 11:03:54', '2012-12-18 11:03:54'),
('201212130142', '201212010021', '6', 1, 2, 1, 1, '2012-12-18 11:03:54', '2012-12-18 11:03:54'),
('201212130143', '201212010021', '7', 1, 2, 1, 1, '2012-12-18 11:03:54', '2012-12-18 11:03:54'),
('201212130144', '201212010021', '8', 1, 2, 1, 1, '2012-12-18 11:03:54', '2012-12-18 11:03:54'),
('201212130145', '201212010021', '9', 1, 2, 1, 1, '2012-12-18 11:03:54', '2012-12-18 11:03:54'),
('201212130146', '201212010021', '10', 1, 2, 1, 1, '2012-12-18 11:03:54', '2012-12-18 11:03:54'),
('201212130147', '201212010021', '11', 1, 2, 1, 1, '2012-12-18 11:03:54', '2012-12-18 11:03:54'),
('201212130148', '201212010021', '12', 1, 2, 1, 1, '2012-12-18 11:03:54', '2012-12-18 11:03:54'),
('201212130149', '201212010021', '13', 1, 2, 1, 1, '2012-12-18 11:03:54', '2012-12-18 11:03:54'),
('201212130150', '201212010021', '14', 1, 2, 1, 1, '2012-12-18 11:03:54', '2012-12-18 11:03:54'),
('201212130151', '201212010021', '15', 1, 2, 1, 1, '2012-12-18 11:03:54', '2012-12-18 11:03:54'),
('201212130152', '201212010021', '16', 1, 2, 1, 1, '2012-12-18 11:03:54', '2012-12-18 11:03:54'),
('201212130153', '201212010027', '21', 8, 4, 1, 1, '2012-12-18 11:03:54', '2012-12-18 11:03:54'),
('201212130154', '201212010027', '22', 8, 4, 1, 1, '2012-12-18 11:03:54', '2012-12-18 11:03:54'),
('201212130155', '201212010027', '23', 8, 4, 1, 1, '2012-12-18 11:03:54', '2012-12-18 11:03:54'),
('201212130156', '201212010027', '24', 8, 4, 1, 1, '2012-12-18 11:03:54', '2012-12-18 11:03:54'),
('201212130157', '201212010032', '17', 5, 2, 1, 1, '2012-12-18 11:03:54', '2012-12-18 11:03:54'),
('201212130158', '201212010032', '18', 5, 2, 1, 1, '2012-12-18 11:03:54', '2012-12-18 11:03:54'),
('201212130159', '201212010032', '19', 5, 2, 1, 1, '2012-12-18 11:03:54', '2012-12-18 11:03:54'),
('201212130160', '201212010032', '20', 5, 2, 1, 1, '2012-12-18 11:03:54', '2012-12-18 11:03:54'),
('201212130161', '201212010032', '21', 5, 2, 1, 1, '2012-12-18 11:03:54', '2012-12-18 11:03:54'),
('201212130162', '201212010032', '22', 5, 2, 1, 1, '2012-12-18 11:03:54', '2012-12-18 11:03:54'),
('201212130163', '201212010032', '23', 5, 2, 1, 1, '2012-12-18 11:03:54', '2012-12-18 11:03:54'),
('201212130164', '201212010032', '24', 5, 2, 1, 1, '2012-12-18 11:03:54', '2012-12-18 11:03:54'),
('201212130165', '201212010054', '17', 5, 4, 1, 1, '2012-12-18 11:03:54', '2012-12-18 11:03:54'),
('201212130166', '201212010054', '18', 5, 4, 1, 1, '2012-12-18 11:03:54', '2012-12-18 11:03:54'),
('201212130167', '201212010054', '19', 5, 4, 1, 1, '2012-12-18 11:03:54', '2012-12-18 11:03:54'),
('201212130168', '201212010054', '20', 5, 4, 1, 1, '2012-12-18 11:03:54', '2012-12-18 11:03:54'),
('201212130169', '201212010054', '21', 5, 4, 1, 1, '2012-12-18 11:03:54', '2012-12-18 11:03:54'),
('201212130170', '201212010054', '22', 5, 4, 1, 1, '2012-12-18 11:03:54', '2012-12-18 11:03:54'),
('201212130171', '201212010029', '9', 6, 3, 1, 1, '2012-12-18 11:03:54', '2012-12-18 11:03:54'),
('201212130172', '201212010029', '10', 6, 3, 1, 1, '2012-12-18 11:03:54', '2012-12-18 11:03:54'),
('201212130173', '201212010029', '11', 6, 3, 1, 1, '2012-12-18 11:03:54', '2012-12-18 11:03:54'),
('201212130174', '201212010029', '12', 6, 3, 1, 1, '2012-12-18 11:03:54', '2012-12-18 11:03:54'),
('201212130175', '201212010029', '13', 6, 3, 1, 1, '2012-12-18 11:03:54', '2012-12-18 11:03:54'),
('201212130176', '201212010029', '14', 6, 3, 1, 1, '2012-12-18 11:03:54', '2012-12-18 11:03:54'),
('201212130177', '201212010029', '15', 6, 3, 1, 1, '2012-12-18 11:03:54', '2012-12-18 11:03:54'),
('201212130178', '201212010029', '16', 6, 3, 1, 1, '2012-12-18 11:03:54', '2012-12-18 11:03:54'),
('201212130179', '201212010019', '9', 14, 2, 1, 1, '2012-12-18 11:03:54', '2012-12-18 11:03:54'),
('201212130180', '201212010019', '10', 14, 2, 1, 1, '2012-12-18 11:03:54', '2012-12-18 11:03:54'),
('201212130181', '201212010019', '11', 14, 2, 1, 1, '2012-12-18 11:03:54', '2012-12-18 11:03:54'),
('201212130182', '201212010019', '12', 14, 2, 1, 1, '2012-12-18 11:03:54', '2012-12-18 11:03:54'),
('201212130183', '201212010019', '17', 14, 2, 1, 1, '2012-12-18 11:03:54', '2012-12-18 11:03:54'),
('201212130184', '201212010019', '18', 14, 2, 1, 1, '2012-12-18 11:03:54', '2012-12-18 11:03:54'),
('201212130185', '201212010019', '19', 14, 2, 1, 1, '2012-12-18 11:03:54', '2012-12-18 11:03:54'),
('201212130186', '201212010019', '20', 14, 2, 1, 1, '2012-12-18 11:03:54', '2012-12-18 11:03:54'),
('201212130187', '201212010019', '21', 14, 2, 1, 1, '2012-12-18 11:03:54', '2012-12-18 11:03:54'),
('201212130188', '201212010019', '22', 14, 2, 1, 1, '2012-12-18 11:03:54', '2012-12-18 11:03:54'),
('201212130189', '201212010019', '23', 14, 2, 1, 1, '2012-12-18 11:03:54', '2012-12-18 11:03:54'),
('201212130190', '201212010019', '24', 14, 2, 1, 1, '2012-12-18 11:03:54', '2012-12-18 11:03:54'),
('201212130191', '201212010015', '2', 4, 4, 1, 1, '2012-12-18 11:03:54', '2012-12-18 11:03:54'),
('201212130192', '201212010015', '12', 4, 4, 1, 1, '2012-12-18 11:03:54', '2012-12-18 11:03:54'),
('201212130193', '201212010015', '13', 4, 4, 1, 1, '2012-12-18 11:03:54', '2012-12-18 11:03:54'),
('201212130194', '201212010015', '14', 4, 4, 1, 1, '2012-12-18 11:03:54', '2012-12-18 11:03:54'),
('201212130195', '201212010015', '15', 4, 4, 1, 1, '2012-12-18 11:03:54', '2012-12-18 11:03:54'),
('201212130196', '201212010015', '16', 4, 4, 1, 1, '2012-12-18 11:03:54', '2012-12-18 11:03:54'),
('201212130197', '201212010023', '1', 4, 4, 1, 1, '2012-12-18 11:03:54', '2012-12-18 11:03:54'),
('201212130198', '201212010023', '9', 4, 4, 1, 1, '2012-12-18 11:03:54', '2012-12-18 11:03:54'),
('201212130199', '201212010023', '10', 4, 4, 1, 1, '2012-12-18 11:03:54', '2012-12-18 11:03:54'),
('201212130200', '201212010023', '11', 4, 4, 1, 1, '2012-12-18 11:03:54', '2012-12-18 11:03:54'),
('201212130201', '201212010023', '17', 4, 4, 1, 1, '2012-12-18 11:03:54', '2012-12-18 11:03:54'),
('201212130202', '201212010023', '18', 4, 4, 1, 1, '2012-12-18 11:03:54', '2012-12-18 11:03:54'),
('201212130203', '201212010005', '9', 5, 3, 1, 1, '2012-12-18 11:03:54', '2012-12-18 11:03:54'),
('201212130204', '201212010005', '10', 5, 3, 1, 1, '2012-12-18 11:03:54', '2012-12-18 11:03:54'),
('201212130205', '201212010005', '11', 5, 3, 1, 1, '2012-12-18 11:03:54', '2012-12-18 11:03:54'),
('201212130206', '201212010005', '12', 5, 3, 1, 1, '2012-12-18 11:03:54', '2012-12-18 11:03:54'),
('201212130207', '201212010005', '13', 5, 3, 1, 1, '2012-12-18 11:03:54', '2012-12-18 11:03:54'),
('201212130208', '201212010005', '14', 5, 3, 1, 1, '2012-12-18 11:03:54', '2012-12-18 11:03:54'),
('201212130209', '201212010005', '15', 5, 3, 1, 1, '2012-12-18 11:03:54', '2012-12-18 11:03:54'),
('201212130210', '201212010005', '16', 5, 3, 1, 1, '2012-12-18 11:03:54', '2012-12-18 11:03:54'),
('201212130211', '201212010020', '9', 10, 2, 1, 1, '2012-12-18 11:03:54', '2012-12-18 11:03:54'),
('201212130212', '201212010020', '10', 10, 2, 1, 1, '2012-12-18 11:03:54', '2012-12-18 11:03:54'),
('201212130213', '201212010020', '11', 10, 2, 1, 1, '2012-12-18 11:03:54', '2012-12-18 11:03:54'),
('201212130214', '201212010020', '12', 10, 2, 1, 1, '2012-12-18 11:03:54', '2012-12-18 11:03:54'),
('201212130215', '201212010020', '13', 10, 2, 1, 1, '2012-12-18 11:03:54', '2012-12-18 11:03:54'),
('201212130216', '201212010020', '14', 10, 2, 1, 1, '2012-12-18 11:03:54', '2012-12-18 11:03:54'),
('201212130217', '201212010020', '15', 10, 2, 1, 1, '2012-12-18 11:03:54', '2012-12-18 11:03:54'),
('201212130218', '201212010020', '16', 10, 2, 1, 1, '2012-12-18 11:03:54', '2012-12-18 11:03:54'),
('201212130219', '201212010042', '17', 10, 2, 1, 1, '2012-12-18 11:03:54', '2012-12-18 11:03:54'),
('201212130220', '201212010042', '18', 10, 2, 1, 1, '2012-12-18 11:03:54', '2012-12-18 11:03:54'),
('201212130221', '201212010042', '19', 10, 2, 1, 1, '2012-12-18 11:03:54', '2012-12-18 11:03:54'),
('201212130222', '201212010042', '20', 10, 2, 1, 1, '2012-12-18 11:03:54', '2012-12-18 11:03:54'),
('201212130223', '201212010042', '21', 10, 2, 1, 1, '2012-12-18 11:03:54', '2012-12-18 11:03:54'),
('201212130224', '201212010042', '22', 10, 2, 1, 1, '2012-12-18 11:03:54', '2012-12-18 11:03:54'),
('201212130225', '201212010042', '23', 10, 2, 1, 1, '2012-12-18 11:03:54', '2012-12-18 11:03:54'),
('201212130226', '201212010042', '24', 10, 2, 1, 1, '2012-12-18 11:03:54', '2012-12-18 11:03:54'),
('201212130227', '201212010038', '1', 3, 2, 1, 1, '2012-12-18 11:03:54', '2012-12-18 11:03:54'),
('201212130228', '201212010038', '2', 3, 2, 1, 1, '2012-12-18 11:03:54', '2012-12-18 11:03:54'),
('201212130229', '201212010038', '3', 3, 2, 1, 1, '2012-12-18 11:03:54', '2012-12-18 11:03:54'),
('201212130230', '201212010038', '4', 3, 2, 1, 1, '2012-12-18 11:03:54', '2012-12-18 11:03:54'),
('201212130231', '201212010038', '17', 3, 2, 1, 1, '2012-12-18 11:03:54', '2012-12-18 11:03:54'),
('201212130232', '201212010038', '18', 3, 2, 1, 1, '2012-12-18 11:03:54', '2012-12-18 11:03:54'),
('201212130233', '201212010038', '19', 3, 2, 1, 1, '2012-12-18 11:03:54', '2012-12-18 11:03:54'),
('201212130234', '201212010038', '20', 3, 2, 1, 1, '2012-12-18 11:03:54', '2012-12-18 11:03:54'),
('201212130235', '201212010038', '21', 3, 2, 1, 1, '2012-12-18 11:03:54', '2012-12-18 11:03:54'),
('201212130236', '201212010038', '22', 3, 2, 1, 1, '2012-12-18 11:03:54', '2012-12-18 11:03:54'),
('201212130237', '201212010038', '23', 3, 2, 1, 1, '2012-12-18 11:03:54', '2012-12-18 11:03:54'),
('201212130238', '201212010038', '24', 3, 2, 1, 1, '2012-12-18 11:03:54', '2012-12-18 11:03:54'),
('201212130239', '201212010045', '4', 8, 5, 1, 1, '2012-12-18 11:03:54', '2012-12-18 11:03:54'),
('201212130240', '201212010045', '5', 8, 5, 1, 1, '2012-12-18 11:03:54', '2012-12-18 11:03:54'),
('201212130241', '201212010045', '6', 8, 5, 1, 1, '2012-12-18 11:03:54', '2012-12-18 11:03:54'),
('201212130242', '201212010045', '7', 8, 5, 1, 1, '2012-12-18 11:03:54', '2012-12-18 11:03:54'),
('201212130243', '201212010045', '8', 8, 5, 1, 1, '2012-12-18 11:03:54', '2012-12-18 11:03:54'),
('201212130244', '201212010002', '1', 1, 2, 1, 1, '2012-12-18 11:03:54', '2012-12-18 11:03:54'),
('201212130245', '201212010002', '2', 1, 2, 1, 1, '2012-12-18 11:03:54', '2012-12-18 11:03:54'),
('201212130246', '201212010002', '3', 1, 2, 1, 1, '2012-12-18 11:03:54', '2012-12-18 11:03:54'),
('201212130247', '201212010002', '4', 1, 2, 1, 1, '2012-12-18 11:03:54', '2012-12-18 11:03:54'),
('201212130248', '201212010002', '17', 1, 2, 1, 1, '2012-12-18 11:03:54', '2012-12-18 11:03:54'),
('201212130249', '201212010002', '18', 1, 2, 1, 1, '2012-12-18 11:03:54', '2012-12-18 11:03:54'),
('201212130250', '201212010002', '19', 1, 2, 1, 1, '2012-12-18 11:03:54', '2012-12-18 11:03:54'),
('201212130251', '201212010002', '20', 1, 2, 1, 1, '2012-12-18 11:03:54', '2012-12-18 11:03:54'),
('201212130252', '201212010002', '21', 1, 2, 1, 1, '2012-12-18 11:03:54', '2012-12-18 11:03:54'),
('201212130253', '201212010002', '22', 1, 2, 1, 1, '2012-12-18 11:03:54', '2012-12-18 11:03:54'),
('201212130254', '201212010002', '23', 1, 2, 1, 1, '2012-12-18 11:03:54', '2012-12-18 11:03:54'),
('201212130255', '201212010002', '24', 1, 2, 1, 1, '2012-12-18 11:03:54', '2012-12-18 11:03:54'),
('201212130256', '201212010039', '1', 2, 2, 1, 1, '2012-12-18 11:03:54', '2012-12-18 11:03:54'),
('201212130257', '201212010039', '2', 2, 2, 1, 1, '2012-12-18 11:03:54', '2012-12-18 11:03:54'),
('201212130258', '201212010039', '3', 2, 2, 1, 1, '2012-12-18 11:03:54', '2012-12-18 11:03:54'),
('201212130259', '201212010039', '4', 2, 2, 1, 1, '2012-12-18 11:03:54', '2012-12-18 11:03:54'),
('201212130260', '201212010039', '5', 2, 2, 1, 1, '2012-12-18 11:03:54', '2012-12-18 11:03:54'),
('201212130261', '201212010039', '6', 2, 2, 1, 1, '2012-12-18 11:03:54', '2012-12-18 11:03:54'),
('201212130262', '201212010039', '7', 2, 2, 1, 1, '2012-12-18 11:03:54', '2012-12-18 11:03:54'),
('201212130263', '201212010039', '8', 2, 2, 1, 1, '2012-12-18 11:03:54', '2012-12-18 11:03:54'),
('201212130264', '201212010039', '9', 2, 2, 1, 1, '2012-12-18 11:03:54', '2012-12-18 11:03:54'),
('201212130265', '201212010039', '10', 2, 2, 1, 1, '2012-12-18 11:03:54', '2012-12-18 11:03:54'),
('201212130266', '201212010039', '11', 2, 2, 1, 1, '2012-12-18 11:03:54', '2012-12-18 11:03:54'),
('201212130267', '201212010039', '12', 2, 2, 1, 1, '2012-12-18 11:03:54', '2012-12-18 11:03:54'),
('201212130268', '201212010036', '13', 14, 2, 1, 1, '2012-12-18 11:03:54', '2012-12-18 11:03:54'),
('201212130269', '201212010036', '14', 14, 2, 1, 1, '2012-12-18 11:03:54', '2012-12-18 11:03:54'),
('201212130270', '201212010036', '15', 14, 2, 1, 1, '2012-12-18 11:03:54', '2012-12-18 11:03:54'),
('201212130271', '201212010036', '16', 14, 2, 1, 1, '2012-12-18 11:03:54', '2012-12-18 11:03:54'),
('201212130272', '201212010036', '1', 8, 5, 1, 1, '2012-12-18 11:03:54', '2012-12-18 11:03:54'),
('201212130273', '201212010036', '2', 8, 5, 1, 1, '2012-12-18 11:03:54', '2012-12-18 11:03:54'),
('201212130274', '201212010036', '3', 8, 5, 1, 1, '2012-12-18 11:03:54', '2012-12-18 11:03:54'),
('201212130275', '201212010035', '1', 9, 2, 1, 1, '2012-12-18 11:03:54', '2012-12-18 11:03:54'),
('201212130276', '201212010035', '2', 9, 2, 1, 1, '2012-12-18 11:03:54', '2012-12-18 11:03:54'),
('201212130277', '201212010035', '3', 9, 2, 1, 1, '2012-12-18 11:03:54', '2012-12-18 11:03:54'),
('201212130278', '201212010035', '4', 9, 2, 1, 1, '2012-12-18 11:03:54', '2012-12-18 11:03:54'),
('201212130279', '201212010035', '5', 9, 2, 1, 1, '2012-12-18 11:03:54', '2012-12-18 11:03:54'),
('201212130280', '201212010035', '6', 9, 2, 1, 1, '2012-12-18 11:03:54', '2012-12-18 11:03:54'),
('201212130281', '201212010035', '7', 9, 2, 1, 1, '2012-12-18 11:03:54', '2012-12-18 11:03:54'),
('201212130282', '201212010035', '8', 9, 2, 1, 1, '2012-12-18 11:03:54', '2012-12-18 11:03:54'),
('201212130283', '201212010047', '9', 9, 2, 1, 1, '2012-12-18 11:03:54', '2012-12-18 11:03:54'),
('201212130284', '201212010047', '10', 9, 2, 1, 1, '2012-12-18 11:03:54', '2012-12-18 11:03:54'),
('201212130285', '201212010047', '11', 9, 2, 1, 1, '2012-12-18 11:03:54', '2012-12-18 11:03:54'),
('201212130286', '201212010047', '12', 9, 2, 1, 1, '2012-12-18 11:03:54', '2012-12-18 11:03:54'),
('201212130287', '201212010047', '13', 9, 2, 1, 1, '2012-12-18 11:03:54', '2012-12-18 11:03:54'),
('201212130288', '201212010047', '14', 9, 2, 1, 1, '2012-12-18 11:03:54', '2012-12-18 11:03:54'),
('201212130289', '201212010047', '15', 9, 2, 1, 1, '2012-12-18 11:03:54', '2012-12-18 11:03:54'),
('201212130290', '201212010047', '16', 9, 2, 1, 1, '2012-12-18 11:03:54', '2012-12-18 11:03:54'),
('201212130291', '201212010047', '17', 9, 2, 1, 1, '2012-12-18 11:03:54', '2012-12-18 11:03:54'),
('201212130292', '201212010047', '18', 9, 2, 1, 1, '2012-12-18 11:03:54', '2012-12-18 11:03:54'),
('201212130293', '201212010047', '19', 9, 2, 1, 1, '2012-12-18 11:03:54', '2012-12-18 11:03:54'),
('201212130294', '201212010047', '20', 9, 2, 1, 1, '2012-12-18 11:03:54', '2012-12-18 11:03:54'),
('201212130295', '201212010047', '21', 9, 2, 1, 1, '2012-12-18 11:03:54', '2012-12-18 11:03:54'),
('201212130296', '201212010047', '22', 9, 2, 1, 1, '2012-12-18 11:03:54', '2012-12-18 11:03:54'),
('201212130297', '201212010047', '23', 9, 2, 1, 1, '2012-12-18 11:03:54', '2012-12-18 11:03:54'),
('201212130298', '201212010047', '24', 9, 2, 1, 1, '2012-12-18 11:03:54', '2012-12-18 11:03:54'),
('201212130299', '201212010048', '13', 2, 2, 1, 1, '2012-12-18 11:03:54', '2012-12-18 11:03:54'),
('201212130300', '201212010048', '14', 2, 2, 1, 1, '2012-12-18 11:03:54', '2012-12-18 11:03:54'),
('201212130301', '201212010048', '15', 2, 2, 1, 1, '2012-12-18 11:03:54', '2012-12-18 11:03:54'),
('201212130302', '201212010048', '16', 2, 2, 1, 1, '2012-12-18 11:03:54', '2012-12-18 11:03:54'),
('201212130303', '201212010048', '17', 2, 2, 1, 1, '2012-12-18 11:03:54', '2012-12-18 11:03:54'),
('201212130304', '201212010048', '18', 2, 2, 1, 1, '2012-12-18 11:03:54', '2012-12-18 11:03:54'),
('201212130305', '201212010048', '19', 2, 2, 1, 1, '2012-12-18 11:03:54', '2012-12-18 11:03:54'),
('201212130306', '201212010048', '20', 2, 2, 1, 1, '2012-12-18 11:03:54', '2012-12-18 11:03:54'),
('201212130307', '201212010048', '21', 2, 2, 1, 1, '2012-12-18 11:03:54', '2012-12-18 11:03:54'),
('201212130308', '201212010048', '22', 2, 2, 1, 1, '2012-12-18 11:03:54', '2012-12-18 11:03:54'),
('201212130309', '201212010048', '23', 2, 2, 1, 1, '2012-12-18 11:03:54', '2012-12-18 11:03:54'),
('201212130310', '201212010048', '24', 2, 2, 1, 1, '2012-12-18 11:03:54', '2012-12-18 11:03:54'),
('201212130311', '201212010053', '9', 5, 3, 1, 1, '2012-12-18 11:03:54', '2012-12-18 11:03:54'),
('201212130312', '201212010053', '10', 5, 3, 1, 1, '2012-12-18 11:03:54', '2012-12-18 11:03:54'),
('201212130313', '201212010053', '11', 5, 3, 1, 1, '2012-12-18 11:03:54', '2012-12-18 11:03:54'),
('201212130314', '201212010053', '12', 5, 3, 1, 1, '2012-12-18 11:03:54', '2012-12-18 11:03:54'),
('201212130315', '201212010053', '13', 5, 3, 1, 1, '2012-12-18 11:03:54', '2012-12-18 11:03:54'),
('201212130316', '201212010053', '14', 5, 3, 1, 1, '2012-12-18 11:03:54', '2012-12-18 11:03:54'),
('201212130317', '201212010053', '15', 5, 3, 1, 1, '2012-12-18 11:03:54', '2012-12-18 11:03:54'),
('201212130318', '201212010053', '16', 5, 3, 1, 1, '2012-12-18 11:03:54', '2012-12-18 11:03:54'),
('201212130319', '201212010055', '1', 5, 3, 1, 1, '2012-12-18 11:03:54', '2012-12-18 11:03:54'),
('201212130320', '201212010055', '2', 5, 3, 1, 1, '2012-12-18 11:03:54', '2012-12-18 11:03:54'),
('201212130321', '201212010055', '3', 5, 3, 1, 1, '2012-12-18 11:03:54', '2012-12-18 11:03:54'),
('201212130322', '201212010055', '4', 5, 3, 1, 1, '2012-12-18 11:03:54', '2012-12-18 11:03:54'),
('201212130323', '201212010055', '5', 5, 3, 1, 1, '2012-12-18 11:03:54', '2012-12-18 11:03:54'),
('201212130324', '201212010055', '6', 5, 3, 1, 1, '2012-12-18 11:03:54', '2012-12-18 11:03:54'),
('201212130325', '201212010055', '7', 5, 3, 1, 1, '2012-12-18 11:03:54', '2012-12-18 11:03:54'),
('201212130326', '201212010055', '8', 5, 3, 1, 1, '2012-12-18 11:03:54', '2012-12-18 11:03:54'),
('201212130327', '201212010050', '9', 12, 3, 1, 1, '2012-12-18 11:03:54', '2012-12-18 11:03:54'),
('201212130328', '201212010050', '10', 12, 3, 1, 1, '2012-12-18 11:03:54', '2012-12-18 11:03:54'),
('201212130329', '201212010050', '11', 12, 3, 1, 1, '2012-12-18 11:03:54', '2012-12-18 11:03:54'),
('201212130330', '201212010050', '12', 12, 3, 1, 1, '2012-12-18 11:03:54', '2012-12-18 11:03:54'),
('201212130331', '201212010050', '13', 12, 3, 1, 1, '2012-12-18 11:03:54', '2012-12-18 11:03:54'),
('201212130332', '201212010050', '14', 12, 3, 1, 1, '2012-12-18 11:03:54', '2012-12-18 11:03:54'),
('201212130333', '201212010050', '15', 12, 3, 1, 1, '2012-12-18 11:03:54', '2012-12-18 11:03:54'),
('201212130334', '201212010050', '16', 12, 3, 1, 1, '2012-12-18 11:03:54', '2012-12-18 11:03:54'),
('201212130335', '201212010052', '1', 5, 3, 1, 1, '2012-12-18 11:03:54', '2012-12-18 11:03:54'),
('201212130336', '201212010052', '2', 5, 3, 1, 1, '2012-12-18 11:03:54', '2012-12-18 11:03:54'),
('201212130337', '201212010052', '3', 5, 3, 1, 1, '2012-12-18 11:03:54', '2012-12-18 11:03:54'),
('201212130338', '201212010052', '4', 5, 3, 1, 1, '2012-12-18 11:03:54', '2012-12-18 11:03:54'),
('201212130339', '201212010052', '5', 5, 3, 1, 1, '2012-12-18 11:03:54', '2012-12-18 11:03:54'),
('201212130340', '201212010052', '6', 5, 3, 1, 1, '2012-12-18 11:03:54', '2012-12-18 11:03:54'),
('201212130341', '201212010052', '7', 5, 3, 1, 1, '2012-12-18 11:03:54', '2012-12-18 11:03:54'),
('201212130342', '201212010052', '8', 5, 3, 1, 1, '2012-12-18 11:03:54', '2012-12-18 11:03:54');

-- --------------------------------------------------------

--
-- Table structure for table `asset_infrastructure`
--

CREATE TABLE IF NOT EXISTS `asset_infrastructure` (
  `infrastructure_id` int(11) NOT NULL,
  `infrastructure_name` varchar(30) NOT NULL,
  `infrastructure_wide` varchar(30) NOT NULL,
  `infrastructure_description` varchar(250) DEFAULT NULL,
  `infrastructure_condition` tinyint(1) NOT NULL,
  `infrastructure_entry` datetime NOT NULL,
  `infrastructure_entry_update` datetime NOT NULL,
  PRIMARY KEY (`infrastructure_id`),
  KEY `asset_infrastructure_fk1` (`infrastructure_condition`)
) ENGINE=InnoDB DEFAULT CHARSET=latin1;

--
-- Dumping data for table `asset_infrastructure`
--

INSERT INTO `asset_infrastructure` (`infrastructure_id`, `infrastructure_name`, `infrastructure_wide`, `infrastructure_description`, `infrastructure_condition`, `infrastructure_entry`, `infrastructure_entry_update`) VALUES
(-1, 'Lainnya..', ' ', NULL, 1, '2012-12-01 10:47:28', '2012-12-01 10:47:31');

-- --------------------------------------------------------

--
-- Table structure for table `asset_infrastructure_condition`
--

CREATE TABLE IF NOT EXISTS `asset_infrastructure_condition` (
  `infrastructure_condition_id` tinyint(1) NOT NULL,
  `infrastructure_condition_title` varchar(20) NOT NULL,
  `infrastructure_condition_entry` datetime NOT NULL,
  `infrastructure_condition_update` datetime NOT NULL,
  PRIMARY KEY (`infrastructure_condition_id`)
) ENGINE=InnoDB DEFAULT CHARSET=latin1;

--
-- Dumping data for table `asset_infrastructure_condition`
--

INSERT INTO `asset_infrastructure_condition` (`infrastructure_condition_id`, `infrastructure_condition_title`, `infrastructure_condition_entry`, `infrastructure_condition_update`) VALUES
(1, 'Baik', '2012-12-01 10:44:21', '2012-12-01 10:44:24'),
(2, 'Rusak', '2012-12-01 10:44:39', '2012-12-01 10:44:43'),
(3, 'Sedang Diperbaiki', '2012-12-01 10:45:09', '2012-12-01 10:45:15');

-- --------------------------------------------------------

--
-- Table structure for table `employees`
--

CREATE TABLE IF NOT EXISTS `employees` (
  `employees_id` varchar(12) NOT NULL,
  `employees_nik` varchar(16) DEFAULT NULL,
  `employees_nip` varchar(18) DEFAULT NULL,
  `employees_nuptk` varchar(16) DEFAULT NULL,
  `employess_name` varchar(50) NOT NULL,
  `employees_gender` tinyint(1) NOT NULL,
  `employees_birthplace` int(10) unsigned NOT NULL,
  `employees_birthdate` date NOT NULL,
  `employees_religion` tinyint(2) NOT NULL,
  `employees_religionother` varchar(50) DEFAULT NULL,
  `employees_address` varchar(200) NOT NULL,
  `employees_rt` int(5) DEFAULT NULL,
  `employees_rw` int(5) DEFAULT NULL,
  `employees_village` varchar(50) DEFAULT NULL,
  `employees_subdisctrict` varchar(50) DEFAULT NULL,
  `employees_city` int(11) NOT NULL,
  `employees_zipcode` varchar(6) DEFAULT NULL,
  `employees_transportation` tinyint(2) NOT NULL,
  `employees_distance` tinyint(2) NOT NULL,
  `employees_distanceother` varchar(50) DEFAULT NULL,
  `employees_phone1` varchar(12) DEFAULT NULL,
  `employees_phone2` varchar(12) DEFAULT NULL,
  `employees_email` varchar(30) DEFAULT NULL,
  `employees_photo` varchar(50) DEFAULT NULL,
  `employees_desc` tinyint(2) NOT NULL,
  `employees_marriage_status` tinyint(1) NOT NULL,
  `employees_total_children` int(11) DEFAULT NULL,
  `employees_mother_name` varchar(50) DEFAULT NULL,
  `employees_status` tinyint(1) NOT NULL,
  `employees_entry` datetime NOT NULL,
  `employees_entry_update` datetime NOT NULL,
  PRIMARY KEY (`employees_id`),
  KEY `employees_fk6` (`employees_status`),
  KEY `employees_fk1` (`employees_desc`),
  KEY `employees_fk2` (`employees_gender`),
  KEY `employees_fk3` (`employees_religion`),
  KEY `employees_fk4` (`employees_transportation`),
  KEY `employees_fk5` (`employees_city`),
  KEY `employees_fk7` (`employees_marriage_status`)
) ENGINE=InnoDB DEFAULT CHARSET=latin1;

--
-- Dumping data for table `employees`
--

INSERT INTO `employees` (`employees_id`, `employees_nik`, `employees_nip`, `employees_nuptk`, `employess_name`, `employees_gender`, `employees_birthplace`, `employees_birthdate`, `employees_religion`, `employees_religionother`, `employees_address`, `employees_rt`, `employees_rw`, `employees_village`, `employees_subdisctrict`, `employees_city`, `employees_zipcode`, `employees_transportation`, `employees_distance`, `employees_distanceother`, `employees_phone1`, `employees_phone2`, `employees_email`, `employees_photo`, `employees_desc`, `employees_marriage_status`, `employees_total_children`, `employees_mother_name`, `employees_status`, `employees_entry`, `employees_entry_update`) VALUES
('201212010001', '3215011001015644', '195505021980031007', '1834733635200032', 'Hasanuddin', 1, 0, '1955-05-02', 1, '', 'Jln. Jeruk 1 No. 28 Blok 3 Perumnas', 74, 20, 'KARANGANYAR', '1964', 170, '41211', -1, -1, '', '(0260) 42013', '085294632255', '', '', 1, 1, 3, 'Hj. Wasiah', 1, '2012-12-01 09:32:22', '2012-12-01 09:32:22'),
('201212010002', '3213035803560012', '150218831', '5644734636300022', 'Titi Reswati', 2, 0, '1956-03-12', 1, '', 'Blok Mekarwangi', 65, 14, 'CIGADUNG', '1964', 170, '41213', -1, -1, '', '0260-413016', '081572048414', '', '', 1, 1, 3, 'Upi', 1, '2012-12-01 09:32:22', '2012-12-01 09:32:22'),
('201212010003', '32130156475', '195607161982060100', '1048734636200023', 'Munawir', 1, 0, '1956-07-16', 1, '', 'Btn. Kartini 175', 17, 6, 'WANAREJA', '1964', 170, '41200', -1, -1, '', '(0260) 41378', '085222033509', '', '', 1, 1, 2, 'Isah', 1, '2012-12-01 09:32:22', '2012-12-01 09:32:22'),
('201212010004', '3213036603570004', '195703264977032002', '1658735636300012', 'E. Heni Rodiah', 2, 0, '1957-03-26', 1, '', 'Komp. P Dan K No. 1 Tegal Kalapa ', 22, 5, 'DANGDEUR', '1964', 170, '41212', -1, -1, '', '0260-412098', '08122411885', 'henimulyadi@yahoo.com', '', 1, 1, 1, 'H. Siti Djuaenah', 1, '2012-12-01 09:32:22', '2012-12-01 09:32:22'),
('201212010005', '3213031001580003', '195801101991031002', '4442736637200032', 'Buddy Kusnadi', 1, 0, '1958-01-10', 1, '', 'Jl. Sawo 1 No. 27 Blok III Perumnas Subang', 73, 20, 'KARANGANYAR', '1964', 170, '41211', -1, -1, '', '0260-413126', '08122243898', 'kusnadi_b@yahoo.com', '', 1, 1, 0, 'Siti Mariah', 1, '2012-12-01 09:32:22', '2012-12-01 09:32:22'),
('201212010006', '3213171310580003', '195810131984031007', '5345736638200013', 'Iing Harin', 1, 0, '1958-10-13', 1, '', 'Griya Cinangsi Pesona Praja B1 No. 4', 18, 5, 'CINANGSI', '2133', 170, '41285', -1, -1, '', '', '082115340120', 'harin_iing@yahoo.co.id', '', 1, 1, 3, 'Odah Karyah', 1, '2012-12-01 09:32:22', '2012-12-01 09:32:22'),
('201212010007', '3213034610590008', '195910061981032005', '9338737639300033', 'Endang Eko Harini Muchtari', 2, 0, '1959-10-06', 3, '', 'Btn. Ciheuleut Indah A14', 38, 13, 'PASIRKAREUMBI', '1964', 170, '41214', -1, -1, '', '0260-412640', '081322912443', '', '', 1, 1, 2, 'Sri Hartini', 1, '2012-12-01 09:32:22', '2012-12-01 09:32:22'),
('201212010008', '3213172802611809', '196102281981121001', '3560739640200012', 'Joko Triyoga Nursanto', 1, 0, '1961-02-28', 1, '', 'Perum Btn. Kartini', 17, 6, 'WANAREJA', '1964', 170, '41200', -1, -1, '', '(0260) 42065', '085659928061', '', '', 1, 1, 3, 'Sumiyatini', 1, '2012-12-01 09:32:22', '2012-12-01 09:32:22'),
('201212010009', '3213020407616960', '196107041983031008', '8036739640200023', 'Sukenda', 1, 0, '1961-07-04', 1, '', 'Cisaat Bojongloa Cisalak', 10, 3, 'BOJONGLOA', '2118', 170, '41283', -1, -1, '', '0260-472262', '081321963357', '', '', 1, 1, 3, 'Surpi', 1, '2012-12-01 09:32:22', '2012-12-01 09:32:22'),
('201212010010', '3213036909610003', '196109191981112001', '1251739640300043', 'Siswati Marliana', 2, 0, '1961-09-19', 1, '', 'Jln. Mangga V Perumnas Blok 8 ', 38, 12, 'SUKAMELANG', '1964', 170, '41251', -1, -1, '', '0260-421215', '085221882811', '', '', 1, 1, 2, 'Rd. Patimah', 1, '2012-12-01 09:32:22', '2012-12-01 09:32:22'),
('201212010011', '3215011003016425', '196206051984032016', '3937740641300092', 'Endang Winarni', 2, 0, '1962-05-06', 1, '', 'Btn. Ciheuleut Blok A3 No. 31', 42, 14, 'PASIRKAREUMBI', '1964', 170, '41214', -1, -1, '', '0260-414461', '081320444151', '', '', 1, 1, 2, 'Siti Aminah', 1, '2012-12-01 09:32:22', '2012-12-01 09:32:22'),
('201212010012', '3213032508620001', '196208251987031006', '9160740641200033', 'Dayat', 1, 0, '1962-08-25', 1, '', 'Jln. RA. Kartini', 32, 12, 'SOKLAT', '1964', 170, '41215', -1, -1, '', '', '', '', '', 1, 1, 2, 'Karyati', 1, '2012-12-01 09:32:22', '2012-12-01 09:32:22'),
('201212010013', '3213035007620004', '196202101983022003', '7542740641300042', 'Arminah', 2, 0, '1962-10-02', 1, '', 'Jln. Sawo Iv No. 5 Perumnas', 83, 23, 'KARANGANYAR', '1964', 170, '41211', -1, -1, '', '(0260) 41374', '', '', '', 1, 1, 2, 'Ukat Sukati', 1, '2012-12-01 09:32:22', '2012-12-01 09:32:22'),
('201212010014', '3213032604630005', '196304261984121003', '6758741642200022', 'R. Muhamad Zaenal Arifin', 1, 0, '1963-04-26', 1, '', 'Btn. Subang Jaya Blok C/31', 40, 10, 'KARANGANYAR', '1964', 170, '41211', -1, -1, '', '0260-420402', '08122259466', 'ramza63@gmail.com', '', 1, 1, 3, 'E. Suangsih', 1, '2012-12-01 09:32:22', '2012-12-01 09:32:22'),
('201212010015', '3213035402640010', '196402141998032001', '3546742642300012', 'Suryati', 2, 0, '1964-02-14', 1, '', 'Cimereta', 22, 8, 'Pasirkareumbi', '1964', 170, '41214', -1, -1, '', '', '085324222514', '', '', 1, 1, 3, 'A. Anengsih', 1, '2012-12-01 09:32:22', '2012-12-01 09:32:22'),
('201212010016', '3213032302640004', '196402231984121001', '7555742643200012', 'Misjum Komarudin', 1, 0, '1964-02-23', 1, '', 'Jl. Panji Blok Sukamekar', 71, 19, 'CIGADUNG', '1964', 170, '41213', -1, -1, '', '0260-418193', '085222597819', '', '', 1, 1, 3, 'Walsih', 1, '2012-12-01 09:32:22', '2012-12-01 09:32:22'),
('201212010017', '3213035504640005', '196404151998022003', '5737742642300012', 'Ade Hetti Heriyani', 2, 0, '1964-04-15', 1, '', 'Jl. Apel Raya Blok2 No. 74 Perumnas', 81, 22, 'Karanganyar', '1964', 170, '41211', -1, -1, '', '0260-415907', '08122185794', '', '', 1, 1, 3, 'Saonah Kurniatin', 1, '2012-12-01 09:32:22', '2012-12-01 09:32:22'),
('201212010018', '3213034907660869', '196607091991032004', '9041744646300043', 'Rini Supiani', 2, 0, '1966-07-09', 1, '', 'Btn. Ciereng Blok D No.2', 45, 13, 'DANGDEUR', '1964', 170, '41212', -1, -1, '', '', '081321522437', 'rinisupiani@yahoo.com', '', 1, 1, 4, 'Encum Supiah', 1, '2012-12-01 09:32:22', '2012-12-01 09:32:22'),
('201212010019', '3213036712660003', '196612271990032010', '5559744644300003', 'Karwati', 2, 0, '1966-12-27', 1, '', 'Kp. Palabuan', 3, 7, 'Sukamelang', '1964', 170, '41251', -1, -1, '', '', '081321462336', '', '', 1, 1, 3, 'Armesih', 1, '2012-12-01 09:32:22', '2012-12-01 09:32:22'),
('201212010020', '3213030104670008', '196704011995121001', '5733745648200042', 'Nurhadi', 1, 0, '1967-04-01', 1, '', 'Jln. Jaksa No. 1 Sukajaya', 50, 13, 'Sukamelang', '1964', 170, '41251', -1, -1, '', '', '085220744774', 'nahateki@yahoo.com', '', 1, 1, 2, 'Mianah', 1, '2012-12-01 09:32:22', '2012-12-01 09:32:22'),
('201212010021', '3213036707670008', '196707271998022002', '6059745647300083', 'Enok Ratnaningsih', 2, 0, '1967-07-27', 1, '', 'Jl. Letjen Soeprapto  No. 33', 4, 1, 'SOKLAT', '1964', 170, '41215', -1, -1, '', '', '085221463256', 'enokratnaningsih@yahoo.co.id', '', 1, 3, 3, 'Uneh', 1, '2012-12-01 09:32:22', '2012-12-01 09:32:22'),
('201212010022', '3213030209670004', '196709021992011001', '3234745647200023', 'Ii Heri Hermawan', 1, 0, '1967-09-02', 1, '', 'Palabuan', 3, 7, 'SUKAMELANG', '1964', 170, '41251', -1, -1, '', '', '081321462337', 'i2heri@yahoo.co.id', '', 1, 1, 3, 'Mas Mariam Pramulyati', 1, '2012-12-01 09:32:22', '2012-12-01 09:32:22'),
('201212010023', '3213126812670001', '19671281992022001', '5550745648300033', 'Ema Nurmala', 2, 0, '1967-12-18', 1, '', 'Blok Mekarwangi', 73, 14, 'Cigadung', '1964', 170, '41213', -1, -1, '', '0260-480179', '081214691410', '', '', 1, 1, 2, 'MS. Juariah', 1, '2012-12-01 09:32:22', '2012-12-01 09:32:22'),
('201212010024', '3213034203680009', '196803021994032007', '7634746648300062', 'Wara Sri Utami', 2, 0, '1968-03-02', 1, '', 'Jln. R. Dedeng S No. 40', 19, 7, 'PASIRKAREUMBI', '1964', 170, '41214', -1, -1, '', '0260-414268', '082129462807', 'warasriutami@yahoo.co.id', '', 1, 1, 2, 'Hj. Djuhrijah', 1, '2012-12-01 09:32:22', '2012-12-01 09:32:22'),
('201212010025', '3213170903690002', '196903091995121001', '6641747649200032', 'Entuy Kurniayusup', 1, 0, '1969-03-09', 1, '', 'Griya Cinangsi Asri Blok A No 19 B', 14, 5, 'CINANGSI', '2133', 170, '41285', -1, -1, '', '0260-421661', '08157046693', '', '', 1, 1, 2, 'Hj. Ii', 1, '2012-12-01 09:32:22', '2012-12-01 09:32:22'),
('201212010026', '3213281303690001', '196903131994121003', '0645747649200042', 'H. Opa Mustopa', 1, 0, '1969-03-13', 1, '', 'Kp. Pulekan', 18, 5, 'BALINGBING', '2144', 170, '41252', -1, -1, '', '', '081320967272', '', '', 1, 1, 3, 'Hj. Khodijah', 1, '2012-12-01 09:32:22', '2012-12-01 09:32:22'),
('201212010027', '3213037010690003', '196910301998022002', '3362747649300033', 'Siti Suci Winarni', 2, 0, '1969-10-30', 1, '', 'RSS Sidodadi Blok C No. 292', 47, 15, 'PASIRKAREUMBI', '1964', 170, '41214', -1, -1, '', '0260-7423040', '081394520073', 'chi_wien@ymail.com', '', 1, 1, 1, 'Hj. Siti Halimah', 1, '2012-12-01 09:32:22', '2012-12-01 09:32:22'),
('201212010028', '3213036407700003', '197007241995122001', '3056748650300063', 'Rina Diana Dewi', 2, 0, '1970-07-24', 1, '', 'Jl. P. Timor No. 1 Cikalapa', 31, 11, 'PASIRKAREUMBI', '1964', 170, '41214', -1, -1, '', '0260-421709', '081220208724', '', '', 1, 1, 3, 'E. Suherti', 1, '2012-12-01 09:32:22', '2012-12-01 09:32:22'),
('201212010029', '3213032903063743', '197103271999031001', '2659745652200002', 'Warlim Setiawan', 1, 0, '1971-03-27', 1, '', 'Jl. Kh. Dewantara Komp Pdk No. 8', 22, 5, 'DANGDEUR', '1964', 170, '41212', -1, -1, '', '0260- 412637', '085321221941', 'warlimsetiawan@yahoo.co.id', '', 1, 1, 3, 'Umi', 1, '2012-12-01 09:32:22', '2012-12-01 09:32:22'),
('201212010030', '3213191206710002', '197106121998022002', '2944749650300022', 'Umas Mastuti', 2, 0, '1971-06-12', 1, '', 'Kp. Cikahuripan', 1, 1, 'Sukahurip', '2135', 170, '41286', -1, -1, '', '', '085222302196', '', '', 1, 1, 2, 'Rohati', 1, '2012-12-01 09:32:23', '2012-12-01 09:32:23'),
('201212010031', '3213036507710008', '197107251997022003', '1057749651300063', 'Euis Haura Puspanurani', 2, 0, '1971-07-25', 1, '', 'Jln. Sutaatmaja Blok Sukahayu', 63, 9, 'CIGADUNG', '1964', 170, '41213', -1, -1, '', '0260-414795', '081320054784', 'euishaura@yahoo.co.id', '', 1, 1, 3, 'Hj. E. Hapsoh', 1, '2012-12-01 09:32:23', '2012-12-01 09:32:23'),
('201212010032', '3213037108720001', '197208311998022002', '8163750652300043', 'Sri Suryanti', 2, 0, '1972-08-31', 1, '', 'Perumahan Surya Cigadung Blok L.21', 34, 8, 'CIGADUNG', '1964', 170, '41213', -1, -1, '', '0260-413275', '08122145407', 'suryanti308@ymail.com', '', 1, 1, 0, 'Maryati', 1, '2012-12-01 09:32:23', '2012-12-01 09:32:23'),
('201212010033', '3213174409720001', '', '6236750652300053', 'Nur Romlah', 2, 0, '1972-09-04', 1, '', 'Griya Cipaku Blok E1 No. 26', 29, 7, 'CIBOGO', '2133', 170, '41200', -1, -1, '', '', '085222665003', 'nur_spensa@yahoo.co.id', '', 9, 1, 2, 'Yayah Rugayah', 1, '2012-12-01 09:32:23', '2012-12-01 09:32:23'),
('201212010034', '3213031603730015', '', '5648751653200022', 'R. Rahadian Kusuma', 1, 0, '1973-03-16', 1, '', 'Jl. Mayjen Mt. Haryono 26', 23, 5, 'CIGADUNG', '1964', 170, '41213', -1, -1, '', '0260-411740', '085221108822', '', '', 9, 2, 0, 'Ade Suparsih', 1, '2012-12-01 09:32:23', '2012-12-01 09:32:23'),
('201212010035', '3213035304740001', '', '3745752653300022', 'Ine Laksmi Mayasari', 2, 0, '1974-04-13', 1, '', 'Jln. Otista No. 235/6 ', 94, 26, 'KARANGANYAR', '1964', 170, '41211', -1, -1, '', '', '087828255690', '', '', 5, 1, 2, 'Dindin Rosdianah', 1, '2012-12-01 09:32:23', '2012-12-01 09:32:23'),
('201212010036', '3213172812750003', '', '6560753655200013', 'Dadan Gunawan', 1, 0, '1975-12-28', 1, '', 'Griya Pesona Praja Blok. C4/10', 20, 6, 'Cinangsi', '2133', 170, '41285', -1, -1, '', '0260-417842', '085315499123', 'dadan.gunawan73@yahoo.com', '', 8, 1, 3, 'Imas Wirat Suwartika', 1, '2012-12-01 09:32:23', '2012-12-01 09:32:23'),
('201212010037', '3213175307760001', '', '7045754657300003', 'M. Suryamah', 2, 0, '1976-07-13', 1, '', 'Griya Permata Blok D2/01', 31, 1, 'Cibogo', '2133', 170, '41285', -1, -1, '', '', '081127872976', 'suryamah.mamah@yahoo.com', '', 9, 1, 2, 'Oneng', 1, '2012-12-01 09:32:23', '2012-12-01 09:32:23'),
('201212010038', '3213031512760001', '197612152008011002', '', 'Budi Sagitariawan', 1, 0, '1976-12-15', 1, '', 'BTN Ciheuleut', 41, 13, 'Pasirkareumbi', '1964', 170, '41214', -1, -1, '', '', '081322514662', '', '', 1, 1, 2, 'Dede Nawangsih', 1, '2012-12-01 09:32:23', '2012-12-01 09:32:23'),
('201212010039', '3213033005710010', '', '8862755657200012', 'Meidilah Yusup', 1, 0, '1977-05-30', 1, '', 'Jln. S. Sukandi 69 Gg. Asem No. 1', 26, 7, 'KARANGANYAR', '1964', 170, '41211', -1, -1, '', '0260-420577', '085223321235', 'm3d1_skl@yahoo.com', '', 6, 1, 1, 'Yayah Rugayah', 1, '2012-12-01 09:32:23', '2012-12-01 09:32:23'),
('201212010040', '3215011002014947', '', '1448757659200012', 'Dodo Suryadi', 1, 0, '1979-01-16', 1, '', 'Jln. Ra. Kartini Rt. 29 Rw. 08', 29, 8, 'SOKLAT', '1964', 170, '41215', -1, -1, '', '', '085222871565', '', '', 9, 1, 1, 'Rasih', 1, '2012-12-01 09:32:23', '2012-12-01 09:32:23'),
('201212010041', '3215011002012079', '', '3538758660200033', 'Dicky Mulyana', 1, 0, '1980-06-12', 1, '', 'Jln. Di. Panjaitan No. 47 Sukasari', 17, 5, 'SOKLAT', '1964', 170, '41215', -1, -1, '', '0260-416085', '08170221018', '', '', 8, 1, 2, 'Yuyu Sukaesih', 1, '2012-12-01 09:32:23', '2012-12-01 09:32:23'),
('201212010042', '3215011004016619', '198107022008011016', '4034759660200030', 'Budi Ramdhani', 1, 0, '1981-07-02', 1, '', 'Jln. Emo K No. 67', 27, 9, 'Pasirkareumbi', '1964', 170, '41214', -1, -1, '', '', '085221106932', '', '', 1, 1, 2, 'Ade Anengsih', 1, '2012-12-01 09:32:23', '2012-12-01 09:32:23'),
('201212010043', '3213031212810011', '', '', 'Asep Sugandi', 1, 0, '1981-12-12', 1, '', 'Jln. Mayor Dedeng S No. 27', 18, 6, 'Pasirkareumbi', '1964', 170, '41214', -1, -1, '', '', '085220214097', 'soe_ganteng@yahoo.com', '', 9, 2, 0, 'Ernah', 1, '2012-12-01 09:32:23', '2012-12-01 09:32:23'),
('201212010044', '3213036306830014', '', '4955761663300022', 'May Budi Susanty', 2, 0, '1983-06-23', 1, '', 'Jl. S. Parman No. 18', 40, 6, 'SOKLAT', '1964', 170, '41215', -1, -1, '', '0260-413805', '085624974816', '', '', 9, 1, 1, 'Heni Hanafiah', 1, '2012-12-01 09:32:23', '2012-12-01 09:32:23'),
('201212010045', '3213031209830003', '198309122009021003', '9244761662200033', 'Purwanto', 1, 0, '1983-09-12', 1, '', 'Perumnas Blok V No. 22', 0, 0, 'Sukamelang', '1964', 170, '41251', -1, -1, '', '', '081215686180', '', '', 1, 1, 1, 'Sariyah', 1, '2012-12-01 09:32:23', '2012-12-01 09:32:23'),
('201212010046', '3213034301840009', '19840132006042005', '7435762662300002', 'Fera Maulidya Sukarno', 2, 0, '1984-01-03', 1, '', 'Komp. Puri Subang Asri Blok. A No. 01', 0, 0, 'Sukamelang', '1964', 170, '41251', -1, -1, '', '', '082127710711', 'feramaulidya84@yahoo.com', '', 1, 1, 1, 'ST Sjubaedah', 1, '2012-12-01 09:32:23', '2012-12-01 09:32:23'),
('201212010047', '3213174110840020', '', '6333762663300073', 'Oktafiyanti', 2, 0, '1984-10-01', 1, '', 'BTN Griya Pesona Praja Blok. C7 No. 32', 22, 6, 'Cinangsi', '2133', 170, '41285', -1, -1, '', '', '085315224888', '', '', 6, 1, 1, 'Nining Yuningsih', 1, '2012-12-01 09:32:23', '2012-12-01 09:32:23'),
('201212010048', '3273161412870003', '', '', 'Iman Muttaqin', 1, 0, '1987-12-14', 1, '', 'Jln. Ibrahim Adjie No. 433', 7, 8, 'Kebon Kangkung', '2260', 177, '40284', -1, -1, '', '', '085750285030', 'kura_kura_terbang@yahoo.com', '', 8, 2, 0, 'Sri Supartini', 1, '2012-12-01 09:32:23', '2012-12-01 09:32:23'),
('201212010049', '3213072409880002', '', '', 'Warman Suganda, S.Kom.', 1, 0, '1988-09-24', 1, '', 'Kp. Jawura', 7, 3, 'Sumbersari', '2123', 170, '41200', -1, -1, '', '', '085222229880', 'warmansuganda@yahoo.com', '', 9, 2, 0, 'Kaltem', 1, '2012-12-01 09:32:23', '2012-12-01 09:32:23'),
('201212010050', '3213034211890008', '', '', 'Pipit Siti Latifah', 2, 0, '1989-11-02', 1, '', 'Jln. Nenas 2 No. 36 Perumnas', 45, 8, 'Sukamelang', '1964', 170, '41251', -1, -1, '', '0260-411382', '085722475499', 'luvarista@gmail.com', '', 8, 2, 0, 'Titin Sumartini', 1, '2012-12-01 09:32:23', '2012-12-01 09:32:23'),
('201212010051', '3213110408900001', '', '', 'Risnandar', 1, 0, '1990-08-04', 1, '', 'Jln. Eyang Tirtapraja Pamanukan', 2, 3, 'Pamanukan', '2127', 170, '41254', -1, -1, '', '', '08987170840', 'rhyeez@gmail.com', '', 9, 2, 0, 'Tinah', 1, '2012-12-01 09:32:23', '2012-12-01 09:32:23'),
('201212010052', '3213034408800004', '', '', 'Hilga Salita Agnetiyas', 2, 0, '1998-09-04', 1, '', 'Jln. Otista Gg. Lika No. 34', 38, 10, 'Karanganyar', '1964', 170, '41211', -1, -1, '', '0260-420458', '085659078850', 'hilga_englishc@yahoo.com', '', 8, 2, 0, 'Aat Setiawati', 1, '2012-12-01 09:32:23', '2012-12-01 09:32:23'),
('201212010053', '1461758659300052', '', '1461758659300052', 'Yeyen Rohaemi', 2, 0, '1980-01-29', 1, '', 'Kp. Cibatu', 1, 1, 'Tanjungsiang', '2130', 170, '41284', -1, -1, '', '', '081320166819', 'yeyenrohaemi@ymail.com', '', 6, 1, 1, 'Oyah Rukoyah', 1, '2012-12-01 09:32:23', '2012-12-01 09:32:23'),
('201212010054', '3213030512690006', '196912051997021005', '0537747650200023', 'A. Kuswara Abdul Gani', 1, 0, '1969-12-05', 1, '', 'Blok Sukahayu Jln. Sutaatmaja', 63, 9, 'Cigadung', '1964', 170, '41213', -1, -1, '', '', '081320734014', 'ganiabdul53@ymail.com', '', 1, 1, 3, 'Usih Rustini', 1, '2012-12-01 09:32:23', '2012-12-01 09:32:23'),
('201212010055', '321303550989009', '', '', 'Sekar Fitri Puji Lestari', 2, 0, '1989-09-15', 1, '', 'Pasirharja No. 156', 16, 10, 'Sukamelang', '1964', 170, '41251', -1, -1, '', '', '082121729628', 'dhe_unga@yahoo.co.id', '', 8, 1, 0, 'Nia Heni Kania', 1, '2012-12-01 09:32:23', '2012-12-01 09:32:23'),
('201212010056', '3213032310710006', '197110231995121001', '3355749650200003', 'Asep Wahyudin', 1, 0, '1971-10-23', 1, '', 'BTN Sukajaya', 59, 17, 'Cigadung', '1964', 170, '41213', -1, -1, '', '', '085220935198', 'cheepy_ydas@yahoo.co.id', '', 1, 1, 2, 'Solihat', 1, '2012-12-01 09:32:23', '2012-12-01 09:32:23'),
('201212010057', '3213030508850042', '', '', 'Eman Sulaeman', 1, 0, '1985-08-05', 1, '', 'Kp. Palabuan Sukamelang', 3, 7, 'Sukamelang', '1964', 170, '41251', -1, -1, '', '', '085222335469', '', '', 9, 1, 1, 'Ate Setiawati', 1, '2012-12-01 09:32:23', '2012-12-01 09:32:23'),
('201212010058', '3213032805860002', '', '', 'Wawan Setiawan', 1, 0, '1986-05-28', 1, '', 'Kp. Palabuan Sukamelang', 3, 7, 'Sukamelang', '1964', 170, '41251', -1, -1, '', '', '082127287600', 'setiawan_wawan68@ymail.com', '', 9, 1, 2, 'Sewi', 1, '2012-12-01 09:32:23', '2012-12-01 09:32:23'),
('201212010059', '3213031511750001', '', '', 'Hafit Supriadi', 1, 0, '1975-11-15', 1, '', 'BTN Kartini No. 235', 17, 6, 'Wanareja', '1964', 170, '41285', -1, -1, '', '0260-413559', '082128661975', 'supriyadihafiet30@gmail.com', '', 9, 2, 0, 'T. Mia Ratmiati', 1, '2012-12-01 09:32:23', '2012-12-01 09:32:23'),
('201212010060', '3213030404790002', '', '', 'Enang Surahmat', 1, 0, '1980-07-07', 1, '', 'Palabuan Sukamelang', 3, 7, 'Sukamelang', '1964', 170, '41251', -1, -1, '', '', '083818037894', '', '', 9, 2, 0, 'Jumnah', 1, '2012-12-01 09:32:24', '2012-12-01 09:32:24'),
('201212010061', '3213034201890012', '', '', 'Yeni Mulyani Agustin', 2, 0, '1989-01-02', 1, '', 'Jln. Nusa Indah Blok Cicadas', 44, 3, 'Dangdeur', '1964', 170, '41212', -1, -1, '', '', '087760646036', '', '', 9, 1, 0, 'Suminar Sari', 1, '2012-12-01 09:32:24', '2012-12-01 09:32:24'),
('201212010062', '3213036407940008', '', '', 'Herda Shavaringga Fadilah', 1, 0, '1994-07-24', 1, '', 'Sukamekar', 30, 19, 'Cigadung', '1964', 170, '41213', -1, -1, '', '', '08985617317', 'ndha_the_andity@yahoo.co.id', '', 9, 2, 0, 'Tati Zubaedah', 1, '2012-12-01 09:32:24', '2012-12-01 09:32:24'),
('201212010063', '3213030406680003', '195606041979031005', '9936734637200010', 'Rasidi', 1, 0, '1956-06-04', 1, '', 'Kampung Cicadas', 12, 17, 'DANGDEUR', '1964', 170, '41212', -1, -1, '', '', '085220005046', '', '', 1, 1, 3, 'Sulikah Calmi', 7, '2012-12-01 09:32:24', '2012-12-01 09:32:24');

-- --------------------------------------------------------

--
-- Table structure for table `employees_jobdescription`
--

CREATE TABLE IF NOT EXISTS `employees_jobdescription` (
  `jobdescription_id` tinyint(2) NOT NULL,
  `jobdescription_title` varchar(100) NOT NULL,
  `jobdescription_status` tinyint(1) NOT NULL,
  `jobdescription_entry` datetime NOT NULL,
  `jobdescription_entry_update` datetime NOT NULL,
  PRIMARY KEY (`jobdescription_id`)
) ENGINE=InnoDB DEFAULT CHARSET=latin1;

--
-- Dumping data for table `employees_jobdescription`
--

INSERT INTO `employees_jobdescription` (`jobdescription_id`, `jobdescription_title`, `jobdescription_status`, `jobdescription_entry`, `jobdescription_entry_update`) VALUES
(1, 'PNS', 1, '2012-11-30 21:43:35', '2012-11-30 21:43:38'),
(2, 'PNS Diperbantukan', 1, '2012-11-30 21:43:58', '2012-11-30 21:44:00'),
(3, 'PNS Depag', 1, '2012-11-30 22:57:59', '2012-11-30 22:58:02'),
(4, 'GTY/PTY', 1, '2012-11-30 22:58:17', '2012-11-30 22:58:19'),
(5, 'GTT/PTT Provinsi', 1, '2012-11-30 22:58:38', '2012-11-30 22:58:41'),
(6, 'GTT/PTT Kab/Kota', 1, '2012-11-30 22:59:07', '2012-11-30 22:59:10'),
(7, 'Guru Bantu Pusat', 1, '2012-11-30 22:59:31', '2012-11-30 22:59:35'),
(8, 'Guru Honor Sekolah', 1, '2012-11-30 22:59:58', '2012-11-30 23:00:00'),
(9, 'Tenaga Honor Sekolah', 1, '2012-11-30 23:00:20', '2012-11-30 23:00:22');

-- --------------------------------------------------------

--
-- Table structure for table `employees_marriage_status`
--

CREATE TABLE IF NOT EXISTS `employees_marriage_status` (
  `marriage_status_id` tinyint(1) NOT NULL,
  `marriage_status_title` varchar(20) NOT NULL,
  `marriage_status_entry` datetime NOT NULL,
  `marriage_status_entry_update` datetime NOT NULL,
  PRIMARY KEY (`marriage_status_id`)
) ENGINE=InnoDB DEFAULT CHARSET=latin1;

--
-- Dumping data for table `employees_marriage_status`
--

INSERT INTO `employees_marriage_status` (`marriage_status_id`, `marriage_status_title`, `marriage_status_entry`, `marriage_status_entry_update`) VALUES
(1, 'Kawin', '2012-11-30 22:50:31', '2012-11-30 22:50:33'),
(2, 'Belum Kawin', '2012-11-30 22:50:46', '2012-11-30 22:50:49'),
(3, 'Duda / Janda', '2012-11-30 22:51:04', '2012-11-30 22:51:09');

-- --------------------------------------------------------

--
-- Table structure for table `employees_status`
--

CREATE TABLE IF NOT EXISTS `employees_status` (
  `employees_status_id` tinyint(1) NOT NULL,
  `employees_status_title` varchar(50) NOT NULL,
  `employees_status_entry` datetime NOT NULL,
  `employees_status_entry_update` datetime NOT NULL,
  PRIMARY KEY (`employees_status_id`)
) ENGINE=InnoDB DEFAULT CHARSET=latin1;

--
-- Dumping data for table `employees_status`
--

INSERT INTO `employees_status` (`employees_status_id`, `employees_status_title`, `employees_status_entry`, `employees_status_entry_update`) VALUES
(1, 'Aktif', '2012-11-30 22:18:27', '2012-11-30 22:18:30'),
(2, 'Cuti', '2012-11-30 22:18:51', '2012-11-30 22:18:53'),
(3, 'Cuti di luar tanggungan negara', '2012-11-30 22:19:32', '2012-11-30 22:19:35'),
(4, 'Tugas Belajar', '2012-11-30 22:20:00', '2012-11-30 22:20:02'),
(5, 'Mutasi', '2012-11-30 22:20:14', '2012-11-30 22:20:17'),
(6, 'Berhenti', '2012-11-30 22:20:31', '2012-11-30 22:20:38'),
(7, 'Pensiun', '2012-11-30 22:20:53', '2012-11-30 22:20:55'),
(8, 'Wafat', '2012-11-30 22:21:02', '2012-11-30 22:21:04');

-- --------------------------------------------------------

--
-- Table structure for table `myschool_apps`
--

CREATE TABLE IF NOT EXISTS `myschool_apps` (
  `apps_id` varchar(12) NOT NULL,
  `apps_alias` varchar(20) NOT NULL,
  `apps_name` varchar(20) NOT NULL,
  `apps_short_description` varchar(250) DEFAULT NULL,
  `apps_baner` varchar(30) DEFAULT NULL,
  `apps_status` tinyint(1) unsigned NOT NULL,
  `apps_entry` datetime NOT NULL,
  `apps_entry_update` datetime NOT NULL,
  PRIMARY KEY (`apps_id`)
) ENGINE=InnoDB DEFAULT CHARSET=latin1;

--
-- Dumping data for table `myschool_apps`
--

INSERT INTO `myschool_apps` (`apps_id`, `apps_alias`, `apps_name`, `apps_short_description`, `apps_baner`, `apps_status`, `apps_entry`, `apps_entry_update`) VALUES
('1', 'nilaionline', 'Nilai Online', 'This is a website for check score of student.', NULL, 1, '2012-10-09 15:12:19', '2012-10-09 15:12:22'),
('2', 'hots', 'HOTS', 'Heigher Order Thinking Skill', NULL, 0, '2012-10-09 15:14:13', '2012-10-09 15:14:16');

-- --------------------------------------------------------

--
-- Table structure for table `myschool_apps_access`
--

CREATE TABLE IF NOT EXISTS `myschool_apps_access` (
  `access_id` int(10) unsigned NOT NULL,
  `access_usergroup` int(10) unsigned NOT NULL,
  `access_apps` varchar(12) NOT NULL,
  `access_status` tinyint(1) unsigned NOT NULL,
  `access_entry` datetime NOT NULL,
  `access_update` datetime NOT NULL,
  PRIMARY KEY (`access_id`),
  KEY `myschool_apps_access_fk2` (`access_apps`),
  KEY `myschool_apps_access_fk1` (`access_usergroup`)
) ENGINE=InnoDB DEFAULT CHARSET=latin1;

-- --------------------------------------------------------

--
-- Table structure for table `myschool_apps_accessdetail`
--

CREATE TABLE IF NOT EXISTS `myschool_apps_accessdetail` (
  `accessdetail_id` bigint(20) unsigned NOT NULL,
  `accessdetail_access` int(10) unsigned NOT NULL,
  `accessdetail_modul` bigint(20) unsigned NOT NULL,
  `accessdetail_create` tinyint(1) unsigned NOT NULL,
  `accessdetail_read` tinyint(1) unsigned NOT NULL,
  `accessdetail_update` tinyint(1) unsigned NOT NULL,
  `accessdetail_delete` tinyint(1) unsigned NOT NULL,
  `accessdetail_entry` datetime NOT NULL,
  `accessdetail_entry_update` datetime NOT NULL,
  PRIMARY KEY (`accessdetail_id`),
  KEY `myschool_apps_accessdetail_fk1` (`accessdetail_access`),
  KEY `myschool_apps_accessdetail_fk2` (`accessdetail_modul`)
) ENGINE=InnoDB DEFAULT CHARSET=latin1;

-- --------------------------------------------------------

--
-- Table structure for table `myschool_apps_menu`
--

CREATE TABLE IF NOT EXISTS `myschool_apps_menu` (
  `menu_id` varchar(12) NOT NULL,
  `menu_apps` varchar(12) NOT NULL,
  `menu_title` varchar(30) NOT NULL,
  `menu_link` varchar(30) NOT NULL,
  `menu_level` tinyint(1) unsigned NOT NULL,
  `menu_parent` varchar(12) DEFAULT NULL,
  `menu_icons` int(11) DEFAULT NULL,
  `menu_status` tinyint(1) unsigned NOT NULL,
  `menu_entry` datetime NOT NULL,
  `menu_entry_update` datetime NOT NULL,
  PRIMARY KEY (`menu_id`),
  KEY `myschool_apps_menu_fk1` (`menu_apps`)
) ENGINE=InnoDB DEFAULT CHARSET=latin1;

--
-- Dumping data for table `myschool_apps_menu`
--

INSERT INTO `myschool_apps_menu` (`menu_id`, `menu_apps`, `menu_title`, `menu_link`, `menu_level`, `menu_parent`, `menu_icons`, `menu_status`, `menu_entry`, `menu_entry_update`) VALUES
('1', '1', 'Index', 'index', 1, NULL, NULL, 1, '2012-10-11 09:43:03', '2012-10-11 09:43:07'),
('2', '1', 'About', 'about', 1, NULL, NULL, 1, '2012-10-11 10:09:20', '2012-10-11 10:09:23'),
('3', '1', 'Guest Book', 'guest/book', 1, NULL, NULL, 1, '2012-10-11 10:10:49', '2012-10-11 10:10:54');

-- --------------------------------------------------------

--
-- Table structure for table `myschool_apps_modul`
--

CREATE TABLE IF NOT EXISTS `myschool_apps_modul` (
  `modul_id` bigint(20) unsigned NOT NULL,
  `modul_apps` varchar(12) NOT NULL,
  `modul_name` varchar(30) NOT NULL,
  `modul_description` varchar(250) DEFAULT NULL,
  `modul_parent` bigint(20) unsigned DEFAULT NULL,
  `modul_status` tinyint(4) NOT NULL,
  `modul_entry` datetime NOT NULL,
  `modul_update` datetime NOT NULL,
  PRIMARY KEY (`modul_id`),
  KEY `myschool_apps_modul_fk1` (`modul_apps`)
) ENGINE=InnoDB DEFAULT CHARSET=latin1;

--
-- Dumping data for table `myschool_apps_modul`
--

INSERT INTO `myschool_apps_modul` (`modul_id`, `modul_apps`, `modul_name`, `modul_description`, `modul_parent`, `modul_status`, `modul_entry`, `modul_update`) VALUES
(1, '1', 'Index', NULL, NULL, 1, '2012-10-11 09:22:39', '2012-10-11 09:22:44');

-- --------------------------------------------------------

--
-- Table structure for table `myschool_isa`
--

CREATE TABLE IF NOT EXISTS `myschool_isa` (
  `isa_id` tinyint(2) unsigned NOT NULL,
  `isa_title` varchar(30) NOT NULL,
  `isa_dbroot` varchar(30) NOT NULL,
  `isa_entry` datetime NOT NULL,
  `isa_update` datetime NOT NULL,
  PRIMARY KEY (`isa_id`)
) ENGINE=InnoDB DEFAULT CHARSET=latin1;

--
-- Dumping data for table `myschool_isa`
--

INSERT INTO `myschool_isa` (`isa_id`, `isa_title`, `isa_dbroot`, `isa_entry`, `isa_update`) VALUES
(1, 'student', 'academic_student', '2012-10-14 21:44:50', '2012-10-14 21:44:53'),
(2, 'employee', 'employees', '2012-12-10 20:07:09', '2012-12-10 20:07:12');

-- --------------------------------------------------------

--
-- Table structure for table `myschool_user`
--

CREATE TABLE IF NOT EXISTS `myschool_user` (
  `user_id` varchar(16) NOT NULL,
  `user_references` varchar(20) NOT NULL COMMENT 'field ini untuk menyimpan id asli dari user',
  `user_name` varchar(20) NOT NULL,
  `user_password` varchar(100) DEFAULT NULL,
  `user_about` varchar(250) DEFAULT NULL,
  `user_photo_profile` varchar(50) DEFAULT NULL,
  `user_isa` tinyint(2) unsigned NOT NULL,
  `user_entry` datetime NOT NULL,
  `user_update` datetime NOT NULL,
  `user_status` int(11) DEFAULT NULL,
  PRIMARY KEY (`user_id`),
  KEY `myschool_user_fk1` (`user_isa`)
) ENGINE=InnoDB DEFAULT CHARSET=latin1;

--
-- Dumping data for table `myschool_user`
--

INSERT INTO `myschool_user` (`user_id`, `user_references`, `user_name`, `user_password`, `user_about`, `user_photo_profile`, `user_isa`, `user_entry`, `user_update`, `user_status`) VALUES
('201210140000001', '201212010049', 'warman.suganda', '*2470C0C06DEE42FD1618BB99005ADCA2EC9D1E19', NULL, '2012121010400001.jpg', 2, '2012-10-14 21:56:23', '2012-10-14 21:56:27', 1),
('201212140000001', '201212010004', 'heni.rodiah', '*D9229F87D2F8BE61DECD305A8F925F7AEF348C27', NULL, 'default-thumbnail.png', 2, '2012-12-14 02:58:47', '2012-12-14 02:58:47', 1),
('201212140000002', '201212010056', 'asep.wahyudin', '*1FDBABE4EEE5C8B7C1BA2FFFF58F1556DBF30E35', NULL, 'default-thumbnail.png', 2, '2012-12-14 02:58:47', '2012-12-14 02:58:47', 1),
('201212140000003', '201212010006', 'iing.harin', '*1D6F9C135CB392CB53C7ADF85E0AF45B69D14423', NULL, 'default-thumbnail.png', 2, '2012-12-14 02:58:47', '2012-12-14 02:58:47', 1),
('201212140000004', '201212010008', 'joko.triyoga', '*7F383073D0BEA24CADFA0A6BEC7A38E6FD2253C4', NULL, 'default-thumbnail.png', 2, '2012-12-14 02:58:47', '2012-12-14 02:58:47', 1),
('201212140000005', '201212010001', 'hasanuddin', '*B4BB25257002282CFFB70C718C3FA3745E8BFB46', NULL, 'default-thumbnail.png', 2, '2012-12-14 02:58:47', '2012-12-14 02:58:47', 1),
('201212140000006', '201212010011', 'endang.winarni', '*7347FDD230DFD090017096BA5DBA54D3BAD0C011', NULL, 'default-thumbnail.png', 2, '2012-12-14 02:58:47', '2012-12-14 02:58:47', 1),
('201212140000007', '201212010007', 'endang.eko', '*4B2A8B5DCD3587CE582EB2CC25FF61E0619A669B', NULL, 'default-thumbnail.png', 2, '2012-12-14 02:58:47', '2012-12-14 02:58:47', 1),
('201212140000008', '201212010013', 'arminah', '*60F55262FAE10768A312C6DF8F8C29CB65CC76C5', NULL, 'default-thumbnail.png', 2, '2012-12-14 02:58:47', '2012-12-14 02:58:47', 1),
('201212140000009', '201212010003', 'munawir', '*9F1452B401D296406366CD1413E07E57954F7A86', NULL, 'default-thumbnail.png', 2, '2012-12-14 02:58:47', '2012-12-14 02:58:47', 1),
('201212140000010', '201212010014', 'rm.zaenal', '*60BA93E61F4AAFBCC357151479461A633BFA90E6', NULL, 'default-thumbnail.png', 2, '2012-12-14 02:58:47', '2012-12-14 02:58:47', 1),
('201212140000011', '201212010026', 'h.opa.mustopa', '*BB7936F5C9346EC2857B33AE2D1365F0A3F5A678', NULL, 'default-thumbnail.png', 2, '2012-12-14 02:58:47', '2012-12-14 02:58:47', 1),
('201212140000012', '201212010024', 'wara.sriutami', '*C8A5ED2D17C2E40A693E6B3BFF36E736C1D1BB52', NULL, 'default-thumbnail.png', 2, '2012-12-14 02:58:47', '2012-12-14 02:58:47', 1),
('201212140000013', '201212010010', 'siswati.marliana', '*B3A697702486553379B20C39F12A587E129A240A', NULL, 'default-thumbnail.png', 2, '2012-12-14 02:58:47', '2012-12-14 02:58:47', 1),
('201212140000014', '201212010016', 'm.komarudin', '*321E11AE34C5F85024C001A94EE69E1FB8C170C1', NULL, 'default-thumbnail.png', 2, '2012-12-14 02:58:47', '2012-12-14 02:58:47', 1),
('201212140000015', '201212010022', 'ii.heri', '*2C4227F019A324D03968C259FAB2B1F4E4BBA4CC', NULL, 'default-thumbnail.png', 2, '2012-12-14 02:58:47', '2012-12-14 02:58:47', 1),
('201212140000016', '201212010025', 'entuy.kurnia', '*E7A67CFE849A9E20F258259BAAE79624CB2C3523', NULL, 'default-thumbnail.png', 2, '2012-12-14 02:58:47', '2012-12-14 02:58:47', 1),
('201212140000017', '201212010017', 'ade.hetti', '*68DF102DF7B644B8751E02628D897C747A229B64', NULL, 'default-thumbnail.png', 2, '2012-12-14 02:58:47', '2012-12-14 02:58:47', 1),
('201212140000018', '201212010018', 'rini.supiani', '*B8197E5E1CB26EDC6D51709396181A5A1275A1AB', NULL, 'default-thumbnail.png', 2, '2012-12-14 02:58:47', '2012-12-14 02:58:47', 1),
('201212140000019', '201212010028', 'rina.diana', '*CA01316D360E7065BBD0611212806CBB1947045C', NULL, 'default-thumbnail.png', 2, '2012-12-14 02:58:47', '2012-12-14 02:58:47', 1),
('201212140000020', '201212010031', 'euis.haura', '*2B2652D4093654FC248DA147DE2D969DE6470B74', NULL, 'default-thumbnail.png', 2, '2012-12-14 02:58:47', '2012-12-14 02:58:47', 1),
('201212140000021', '201212010021', 'enok.ratnaningsih', '*7D3419FF3F936F460BB8E6A1A259AC1EE805620D', NULL, 'default-thumbnail.png', 2, '2012-12-14 02:58:47', '2012-12-14 02:58:47', 1),
('201212140000022', '201212010027', 'siti.suci', '*FB638426F90D801C812D6C4D5D8CEA6FFA486BE9', NULL, 'default-thumbnail.png', 2, '2012-12-14 02:58:47', '2012-12-14 02:58:47', 1),
('201212140000023', '201212010032', 'sri.suryanti', '*1E80E40E8047AA14592B6B77F73B9D231F575543', NULL, 'default-thumbnail.png', 2, '2012-12-14 02:58:48', '2012-12-14 02:58:48', 1),
('201212140000024', '201212010054', 'a.k.abdul.gani', '*6C2EC68D4701BE72AF281FF117434AD62C797EDD', NULL, 'default-thumbnail.png', 2, '2012-12-14 02:58:48', '2012-12-14 02:58:48', 1),
('201212140000025', '201212010029', 'warlim.setiawan', '*C2C7CE1DA245923D1AFE0EE4C17695C1A548112A', NULL, 'default-thumbnail.png', 2, '2012-12-14 02:58:48', '2012-12-14 02:58:48', 1),
('201212140000026', '201212010019', 'karwati', '*8C60E26228AB1BB1C7DE1690DC2DEEABBD7A615D', NULL, 'default-thumbnail.png', 2, '2012-12-14 02:58:48', '2012-12-14 02:58:48', 1),
('201212140000027', '201212010015', 'suryati', '*638612F5EBD77C3FA89FB06F48908F2D6AB7776F', NULL, 'default-thumbnail.png', 2, '2012-12-14 02:58:48', '2012-12-14 02:58:48', 1),
('201212140000028', '201212010023', 'ema.nurmala', '*8661CC58A2180D8D330842971DEB2401D3A46B6E', NULL, 'default-thumbnail.png', 2, '2012-12-14 02:58:48', '2012-12-14 02:58:48', 1),
('201212140000029', '201212010005', 'buddy.kusnadi', '*E07A5BF43FE4E872C8B60644FBE7785542F89A59', NULL, 'default-thumbnail.png', 2, '2012-12-14 02:58:48', '2012-12-14 02:58:48', 1),
('201212140000030', '201212010020', 'nurhadi', '*8DC06EC798A12C99BFAFF6EE5F21D3D50D29476E', NULL, 'default-thumbnail.png', 2, '2012-12-14 02:58:48', '2012-12-14 02:58:48', 1),
('201212140000031', '201212010042', 'budi.ramdhani', '*5241B1A023CE6E9DD19012421514833EED2E6C7F', NULL, 'default-thumbnail.png', 2, '2012-12-14 02:58:48', '2012-12-14 02:58:48', 1),
('201212140000032', '201212010046', 'fera.maulidya', '*669AFF4B71BA4E78A34A418424EE9C7B36B9C9E5', NULL, 'default-thumbnail.png', 2, '2012-12-14 02:58:48', '2012-12-14 02:58:48', 1),
('201212140000033', '201212010038', 'budi.sagita', '*DF92F586FAA29FDFA62ADF981ABB4A4E959BC48C', NULL, 'default-thumbnail.png', 2, '2012-12-14 02:58:48', '2012-12-14 02:58:48', 1),
('201212140000034', '201212010045', 'purwanto', '*69A46A07D0721F4E44C78802C5F6FF03A78675C1', NULL, 'default-thumbnail.png', 2, '2012-12-14 02:58:48', '2012-12-14 02:58:48', 1),
('201212140000035', '201212010002', 'titi.reswati', '*2C5DA8A5EEAD690F92560FA36A24F727B9FD3F99', NULL, 'default-thumbnail.png', 2, '2012-12-14 02:58:48', '2012-12-14 02:58:48', 1),
('201212140000036', '201212010039', 'meidilah.yusup', '*62E134BB26497B0129A9EED1B83EC07B166677D0', NULL, 'default-thumbnail.png', 2, '2012-12-14 02:58:48', '2012-12-14 02:58:48', 1),
('201212140000037', '201212010036', 'dadan.gunawan', '*806677A6B7BCA3214135E6894D34BFB72282DD2C', NULL, 'default-thumbnail.png', 2, '2012-12-14 02:58:48', '2012-12-14 02:58:48', 1),
('201212140000038', '201212010035', 'ine.laksmi', '*268A2F7025A1EFBBCE113D78FB57EE656E683C4B', NULL, 'default-thumbnail.png', 2, '2012-12-14 02:58:48', '2012-12-14 02:58:48', 1),
('201212140000039', '201212010047', 'oktafiyanti', '*FBB4989770F5620F3838DE8CF8009040CFA1C065', NULL, 'default-thumbnail.png', 2, '2012-12-14 02:58:48', '2012-12-14 02:58:48', 1),
('201212140000040', '201212010048', 'iman.muttaqin', '*6F04081FC1BA13A1E306D43E08563454D814E3F7', NULL, 'default-thumbnail.png', 2, '2012-12-14 02:58:48', '2012-12-14 02:58:48', 1),
('201212140000041', '201212010053', 'yeyen.rohaemi', '*7A2B33C5D54BDC1B3BBF65391D67EBEC4F7C2801', NULL, 'default-thumbnail.png', 2, '2012-12-14 02:58:48', '2012-12-14 02:58:48', 1),
('201212140000042', '201212010055', 'sekar.fuji', '*DEE1F7978D5DCE1A24B773D1D981CFA1382C3E2A', NULL, 'default-thumbnail.png', 2, '2012-12-14 02:58:48', '2012-12-14 02:58:48', 1),
('201212140000043', '201212010050', 'pipit.latifah', '*F5BF95F2877D9281B78FF7258380B82C17B1CA87', NULL, 'default-thumbnail.png', 2, '2012-12-14 02:58:48', '2012-12-14 02:58:48', 1),
('201212140000044', '201212010052', 'hilga.salita', '*7BC56E81F6E8626DDEC5F67E78B8DAF298055D46', NULL, 'default-thumbnail.png', 2, '2012-12-14 02:58:48', '2012-12-14 02:58:48', 1),
('201212140000045', '201212010051', 'risnandar', '*0F5E94F03BA31FA609C6A1D068127C092CCDE300', NULL, 'default-thumbnail.png', 2, '2012-12-14 02:58:48', '2012-12-14 02:58:48', 1);

-- --------------------------------------------------------

--
-- Table structure for table `myschool_usergroup`
--

CREATE TABLE IF NOT EXISTS `myschool_usergroup` (
  `usergroup_id` int(10) unsigned NOT NULL,
  `usergroup_name` varchar(20) NOT NULL,
  `usergroup_status` tinyint(1) unsigned NOT NULL,
  `usergroup_entry` datetime NOT NULL,
  `usergroup_update` datetime NOT NULL,
  PRIMARY KEY (`usergroup_id`)
) ENGINE=InnoDB DEFAULT CHARSET=latin1;

-- --------------------------------------------------------

--
-- Table structure for table `myschool_userprivilege`
--

CREATE TABLE IF NOT EXISTS `myschool_userprivilege` (
  `userprivilege_id` bigint(20) unsigned NOT NULL,
  `userprivilege_user` varchar(16) NOT NULL,
  `userprivilege_group` int(10) unsigned NOT NULL,
  `userprivilege_entry` datetime NOT NULL,
  PRIMARY KEY (`userprivilege_id`),
  KEY `myschool_userprivilege_fk1` (`userprivilege_user`),
  KEY `myschool_userprivilege_fk2` (`userprivilege_group`)
) ENGINE=InnoDB DEFAULT CHARSET=latin1;

-- --------------------------------------------------------

--
-- Table structure for table `public_city`
--

CREATE TABLE IF NOT EXISTS `public_city` (
  `city_id` int(11) NOT NULL,
  `city_name` varchar(30) NOT NULL,
  `city_province` int(11) NOT NULL,
  `city_status` tinyint(1) NOT NULL,
  `city_entry` datetime NOT NULL,
  `city_entry_update` datetime NOT NULL,
  PRIMARY KEY (`city_id`),
  KEY `public_city_fk1` (`city_province`)
) ENGINE=InnoDB DEFAULT CHARSET=latin1;

--
-- Dumping data for table `public_city`
--

INSERT INTO `public_city` (`city_id`, `city_name`, `city_province`, `city_status`, `city_entry`, `city_entry_update`) VALUES
(1, 'KEPULAUAN SERIBU', 1, 1, '2012-10-18 00:00:00', '2012-10-18 00:00:00'),
(2, 'JAKARTA SELATAN', 1, 1, '2012-10-18 00:00:00', '2012-10-18 00:00:00'),
(3, 'JAKARTA TIMUR', 1, 1, '2012-10-18 00:00:00', '2012-10-18 00:00:00'),
(4, 'JAKARTA PUSAT', 1, 1, '2012-10-18 00:00:00', '2012-10-18 00:00:00'),
(5, 'JAKARTA BARAT', 1, 1, '2012-10-18 00:00:00', '2012-10-18 00:00:00'),
(6, 'JAKARTA UTARA', 1, 1, '2012-10-18 00:00:00', '2012-10-18 00:00:00'),
(7, 'BOGOR', 2, 1, '2012-10-18 00:00:00', '2012-10-18 00:00:00'),
(8, 'SUKABUMI', 2, 1, '2012-10-18 00:00:00', '2012-10-18 00:00:00'),
(9, 'CIANJUR', 2, 1, '2012-10-18 00:00:00', '2012-10-18 00:00:00'),
(10, 'BANDUNG', 2, 1, '2012-10-18 00:00:00', '2012-10-18 00:00:00'),
(11, 'GARUT', 2, 1, '2012-10-18 00:00:00', '2012-10-18 00:00:00'),
(12, 'TASIKMALAYA', 2, 1, '2012-10-18 00:00:00', '2012-10-18 00:00:00'),
(13, 'CIAMIS', 2, 1, '2012-10-18 00:00:00', '2012-10-18 00:00:00'),
(14, 'KUNINGAN', 2, 1, '2012-10-18 00:00:00', '2012-10-18 00:00:00'),
(15, 'CIREBON', 2, 1, '2012-10-18 00:00:00', '2012-10-18 00:00:00'),
(16, 'MAJALENGKA', 2, 1, '2012-10-18 00:00:00', '2012-10-18 00:00:00'),
(17, 'SUMEDANG', 2, 1, '2012-10-18 00:00:00', '2012-10-18 00:00:00'),
(18, 'INDRAMAYU', 2, 1, '2012-10-18 00:00:00', '2012-10-18 00:00:00'),
(19, 'SUBANG', 2, 1, '2012-10-18 00:00:00', '2012-10-18 00:00:00'),
(20, 'PURWAKARTA', 2, 1, '2012-10-18 00:00:00', '2012-10-18 00:00:00'),
(21, 'KARAWANG', 2, 1, '2012-10-18 00:00:00', '2012-10-18 00:00:00'),
(22, 'BEKASI', 2, 1, '2012-10-18 00:00:00', '2012-10-18 00:00:00'),
(28, 'DEPOK', 2, 1, '2012-10-18 00:00:00', '2012-10-18 00:00:00'),
(29, 'CIMAHI', 2, 1, '2012-10-18 00:00:00', '2012-10-18 00:00:00'),
(31, 'BANJAR', 2, 1, '2012-10-18 00:00:00', '2012-10-18 00:00:00'),
(32, 'CILACAP', 3, 1, '2012-10-18 00:00:00', '2012-10-18 00:00:00'),
(33, 'BANYUMAS', 3, 1, '2012-10-18 00:00:00', '2012-10-18 00:00:00'),
(34, 'PURBALINGGA', 3, 1, '2012-10-18 00:00:00', '2012-10-18 00:00:00'),
(35, 'BANJARNEGARA', 3, 1, '2012-10-18 00:00:00', '2012-10-18 00:00:00'),
(36, 'KEBUMEN', 3, 1, '2012-10-18 00:00:00', '2012-10-18 00:00:00'),
(37, 'PURWOREJO', 3, 1, '2012-10-18 00:00:00', '2012-10-18 00:00:00'),
(38, 'WONOSOBO', 3, 1, '2012-10-18 00:00:00', '2012-10-18 00:00:00'),
(39, 'MAGELANG', 3, 1, '2012-10-18 00:00:00', '2012-10-18 00:00:00'),
(40, 'BOYOLALI', 3, 1, '2012-10-18 00:00:00', '2012-10-18 00:00:00'),
(41, 'KLATEN', 3, 1, '2012-10-18 00:00:00', '2012-10-18 00:00:00'),
(42, 'SUKOHARJO', 3, 1, '2012-10-18 00:00:00', '2012-10-18 00:00:00'),
(43, 'WONOGIRI', 3, 1, '2012-10-18 00:00:00', '2012-10-18 00:00:00'),
(44, 'KARANG ANYAR', 3, 1, '2012-10-18 00:00:00', '2012-10-18 00:00:00'),
(45, 'SRAGEN', 3, 1, '2012-10-18 00:00:00', '2012-10-18 00:00:00'),
(46, 'GROBOGAN', 3, 1, '2012-10-18 00:00:00', '2012-10-18 00:00:00'),
(47, 'BLORA', 3, 1, '2012-10-18 00:00:00', '2012-10-18 00:00:00'),
(48, 'REMBANG', 3, 1, '2012-10-18 00:00:00', '2012-10-18 00:00:00'),
(49, 'PATI', 3, 1, '2012-10-18 00:00:00', '2012-10-18 00:00:00'),
(50, 'KUDUS', 3, 1, '2012-10-18 00:00:00', '2012-10-18 00:00:00'),
(51, 'JEPARA', 3, 1, '2012-10-18 00:00:00', '2012-10-18 00:00:00'),
(52, 'DEMAK', 3, 1, '2012-10-18 00:00:00', '2012-10-18 00:00:00'),
(53, 'SEMARANG', 3, 1, '2012-10-18 00:00:00', '2012-10-18 00:00:00'),
(54, 'TEMANGGUNG', 3, 1, '2012-10-18 00:00:00', '2012-10-18 00:00:00'),
(55, 'KENDAL', 3, 1, '2012-10-18 00:00:00', '2012-10-18 00:00:00'),
(56, 'BATANG', 3, 1, '2012-10-18 00:00:00', '2012-10-18 00:00:00'),
(57, 'PEKALONGAN', 3, 1, '2012-10-18 00:00:00', '2012-10-18 00:00:00'),
(58, 'PEMALANG', 3, 1, '2012-10-18 00:00:00', '2012-10-18 00:00:00'),
(59, 'TEGAL', 3, 1, '2012-10-18 00:00:00', '2012-10-18 00:00:00'),
(60, 'BREBES', 3, 1, '2012-10-18 00:00:00', '2012-10-18 00:00:00'),
(62, 'SURAKARTA', 3, 1, '2012-10-18 00:00:00', '2012-10-18 00:00:00'),
(63, 'SALATIGA', 3, 1, '2012-10-18 00:00:00', '2012-10-18 00:00:00'),
(67, 'KULON PROGO', 4, 1, '2012-10-18 00:00:00', '2012-10-18 00:00:00'),
(68, 'BANTUL', 4, 1, '2012-10-18 00:00:00', '2012-10-18 00:00:00'),
(69, 'GUNUNG KIDUL', 4, 1, '2012-10-18 00:00:00', '2012-10-18 00:00:00'),
(70, 'SLEMAN', 4, 1, '2012-10-18 00:00:00', '2012-10-18 00:00:00'),
(71, 'YOGYAKARTA', 4, 1, '2012-10-18 00:00:00', '2012-10-18 00:00:00'),
(72, 'PACITAN', 5, 1, '2012-10-18 00:00:00', '2012-10-18 00:00:00'),
(73, 'PONOROGO', 5, 1, '2012-10-18 00:00:00', '2012-10-18 00:00:00'),
(74, 'TRENGGALEK', 5, 1, '2012-10-18 00:00:00', '2012-10-18 00:00:00'),
(75, 'TULUNGAGUNG', 5, 1, '2012-10-18 00:00:00', '2012-10-18 00:00:00'),
(76, 'BLITAR', 5, 1, '2012-10-18 00:00:00', '2012-10-18 00:00:00'),
(77, 'KEDIRI', 5, 1, '2012-10-18 00:00:00', '2012-10-18 00:00:00'),
(78, 'MALANG', 5, 1, '2012-10-18 00:00:00', '2012-10-18 00:00:00'),
(79, 'LUMAJANG', 5, 1, '2012-10-18 00:00:00', '2012-10-18 00:00:00'),
(80, 'JEMBER', 5, 1, '2012-10-18 00:00:00', '2012-10-18 00:00:00'),
(81, 'BANYUWANGI', 5, 1, '2012-10-18 00:00:00', '2012-10-18 00:00:00'),
(82, 'BONDOWOSO', 5, 1, '2012-10-18 00:00:00', '2012-10-18 00:00:00'),
(83, 'SITUBONDO', 5, 1, '2012-10-18 00:00:00', '2012-10-18 00:00:00'),
(84, 'PROBOLINGGO', 5, 1, '2012-10-18 00:00:00', '2012-10-18 00:00:00'),
(85, 'PASURUAN', 5, 1, '2012-10-18 00:00:00', '2012-10-18 00:00:00'),
(86, 'SIDOARJO', 5, 1, '2012-10-18 00:00:00', '2012-10-18 00:00:00'),
(87, 'MOJOKERTO', 5, 1, '2012-10-18 00:00:00', '2012-10-18 00:00:00'),
(88, 'JOMBANG', 5, 1, '2012-10-18 00:00:00', '2012-10-18 00:00:00'),
(89, 'NGANJUK', 5, 1, '2012-10-18 00:00:00', '2012-10-18 00:00:00'),
(90, 'MADIUN', 5, 1, '2012-10-18 00:00:00', '2012-10-18 00:00:00'),
(91, 'MAGETAN', 5, 1, '2012-10-18 00:00:00', '2012-10-18 00:00:00'),
(92, 'NGAWI', 5, 1, '2012-10-18 00:00:00', '2012-10-18 00:00:00'),
(93, 'BOJONEGORO', 5, 1, '2012-10-18 00:00:00', '2012-10-18 00:00:00'),
(94, 'TUBAN', 5, 1, '2012-10-18 00:00:00', '2012-10-18 00:00:00'),
(95, 'LAMONGAN', 5, 1, '2012-10-18 00:00:00', '2012-10-18 00:00:00'),
(96, 'GRESIK', 5, 1, '2012-10-18 00:00:00', '2012-10-18 00:00:00'),
(97, 'BANGKALAN', 5, 1, '2012-10-18 00:00:00', '2012-10-18 00:00:00'),
(98, 'SAMPANG', 5, 1, '2012-10-18 00:00:00', '2012-10-18 00:00:00'),
(99, 'PAMEKASAN', 5, 1, '2012-10-18 00:00:00', '2012-10-18 00:00:00'),
(100, 'SUMENEP', 5, 1, '2012-10-18 00:00:00', '2012-10-18 00:00:00'),
(108, 'SURABAYA', 5, 1, '2012-10-18 00:00:00', '2012-10-18 00:00:00'),
(109, 'BATU', 5, 1, '2012-10-18 00:00:00', '2012-10-18 00:00:00'),
(110, 'SIMEULUE SINABUNG', 6, 1, '2012-10-18 00:00:00', '2012-10-18 00:00:00'),
(111, 'ACEH SINGKIL', 6, 1, '2012-10-18 00:00:00', '2012-10-18 00:00:00'),
(112, 'ACEH SELATAN', 6, 1, '2012-10-18 00:00:00', '2012-10-18 00:00:00'),
(113, 'ACEH TENGGARA', 6, 1, '2012-10-18 00:00:00', '2012-10-18 00:00:00'),
(114, 'ACEH TIMUR', 6, 1, '2012-10-18 00:00:00', '2012-10-18 00:00:00'),
(115, 'ACEH TENGAH', 6, 1, '2012-10-18 00:00:00', '2012-10-18 00:00:00'),
(116, 'ACEH BARAT', 6, 1, '2012-10-18 00:00:00', '2012-10-18 00:00:00'),
(117, 'ACEH BESAR', 6, 1, '2012-10-18 00:00:00', '2012-10-18 00:00:00'),
(118, 'PIDIE', 6, 1, '2012-10-18 00:00:00', '2012-10-18 00:00:00'),
(119, 'BIREUEN', 6, 1, '2012-10-18 00:00:00', '2012-10-18 00:00:00'),
(120, 'ACEH UTARA', 6, 1, '2012-10-18 00:00:00', '2012-10-18 00:00:00'),
(121, 'ACEH BARAT DAYA', 6, 1, '2012-10-18 00:00:00', '2012-10-18 00:00:00'),
(122, 'GAYO LUES', 6, 1, '2012-10-18 00:00:00', '2012-10-18 00:00:00'),
(123, 'ACEH TAMIANG', 6, 1, '2012-10-18 00:00:00', '2012-10-18 00:00:00'),
(124, 'NAGAN RAYA', 6, 1, '2012-10-18 00:00:00', '2012-10-18 00:00:00'),
(125, 'ACEH JAYA', 6, 1, '2012-10-18 00:00:00', '2012-10-18 00:00:00'),
(126, 'BANDA ACEH', 6, 1, '2012-10-18 00:00:00', '2012-10-18 00:00:00'),
(127, 'SABANG', 6, 1, '2012-10-18 00:00:00', '2012-10-18 00:00:00'),
(128, 'LANGSA', 6, 1, '2012-10-18 00:00:00', '2012-10-18 00:00:00'),
(129, 'LHOKSEUMAWE', 6, 1, '2012-10-18 00:00:00', '2012-10-18 00:00:00'),
(130, 'NIAS', 7, 1, '2012-10-18 00:00:00', '2012-10-18 00:00:00'),
(131, 'MANDAILING NATAL', 7, 1, '2012-10-18 00:00:00', '2012-10-18 00:00:00'),
(132, 'TAPANULI SELATAN', 7, 1, '2012-10-18 00:00:00', '2012-10-18 00:00:00'),
(133, 'TAPANULI TENGAH', 7, 1, '2012-10-18 00:00:00', '2012-10-18 00:00:00'),
(134, 'TAPANULI UTARA', 7, 1, '2012-10-18 00:00:00', '2012-10-18 00:00:00'),
(135, 'TOBA SAMOSIR', 7, 1, '2012-10-18 00:00:00', '2012-10-18 00:00:00'),
(136, 'LABUHAN BATU', 7, 1, '2012-10-18 00:00:00', '2012-10-18 00:00:00'),
(137, 'ASAHAN', 7, 1, '2012-10-18 00:00:00', '2012-10-18 00:00:00'),
(138, 'SIMALUNGUN', 7, 1, '2012-10-18 00:00:00', '2012-10-18 00:00:00'),
(139, 'DAIRI', 7, 1, '2012-10-18 00:00:00', '2012-10-18 00:00:00'),
(140, 'KARO', 7, 1, '2012-10-18 00:00:00', '2012-10-18 00:00:00'),
(141, 'DELI SERDANG', 7, 1, '2012-10-18 00:00:00', '2012-10-18 00:00:00'),
(142, 'LANGKAT', 7, 1, '2012-10-18 00:00:00', '2012-10-18 00:00:00'),
(143, 'NIAS SELATAN', 7, 1, '2012-10-18 00:00:00', '2012-10-18 00:00:00'),
(144, 'HUMBANG HASUNDUTAN', 7, 1, '2012-10-18 00:00:00', '2012-10-18 00:00:00'),
(145, 'PAK-PAK BARAT', 7, 1, '2012-10-18 00:00:00', '2012-10-18 00:00:00'),
(146, 'SIBOLGA', 7, 1, '2012-10-18 00:00:00', '2012-10-18 00:00:00'),
(147, 'TANJUNG BALAI', 7, 1, '2012-10-18 00:00:00', '2012-10-18 00:00:00'),
(148, 'PEMATANG SIANTAR', 7, 1, '2012-10-18 00:00:00', '2012-10-18 00:00:00'),
(149, 'TEBING TINGGI', 7, 1, '2012-10-18 00:00:00', '2012-10-18 00:00:00'),
(150, 'MEDAN', 7, 1, '2012-10-18 00:00:00', '2012-10-18 00:00:00'),
(151, 'BINJAI', 7, 1, '2012-10-18 00:00:00', '2012-10-18 00:00:00'),
(152, 'PADANG SIDEMPUAN', 7, 1, '2012-10-18 00:00:00', '2012-10-18 00:00:00'),
(153, 'KEPULAUAN MENTAWAI', 8, 1, '2012-10-18 00:00:00', '2012-10-18 00:00:00'),
(154, 'PESISIR SELATAN', 8, 1, '2012-10-18 00:00:00', '2012-10-18 00:00:00'),
(155, 'SOLOK', 8, 1, '2012-10-18 00:00:00', '2012-10-18 00:00:00'),
(156, 'SAWAH LUNTO', 8, 1, '2012-10-18 00:00:00', '2012-10-18 00:00:00'),
(157, 'TANAH DATAR', 8, 1, '2012-10-18 00:00:00', '2012-10-18 00:00:00'),
(158, 'PADANG PARIAMAN', 8, 1, '2012-10-18 00:00:00', '2012-10-18 00:00:00'),
(159, 'AGAM', 8, 1, '2012-10-18 00:00:00', '2012-10-18 00:00:00'),
(160, 'LIMA PULUH KOTO', 8, 1, '2012-10-18 00:00:00', '2012-10-18 00:00:00'),
(161, 'PASAMAN', 8, 1, '2012-10-18 00:00:00', '2012-10-18 00:00:00'),
(162, 'PADANG', 8, 1, '2012-10-18 00:00:00', '2012-10-18 00:00:00'),
(165, 'PADANG PANJANG', 8, 1, '2012-10-18 00:00:00', '2012-10-18 00:00:00'),
(166, 'BUKITTINGGI', 8, 1, '2012-10-18 00:00:00', '2012-10-18 00:00:00'),
(167, 'PAYAKUMBUH', 8, 1, '2012-10-18 00:00:00', '2012-10-18 00:00:00'),
(168, 'PARIAMAN', 8, 1, '2012-10-18 00:00:00', '2012-10-18 00:00:00'),
(169, 'KUANTAN SINGINGI', 9, 1, '2012-10-18 00:00:00', '2012-10-18 00:00:00'),
(170, 'INDRAGIRI HULU', 9, 1, '2012-10-18 00:00:00', '2012-10-18 00:00:00'),
(171, 'INDRAGIRI HILIR', 9, 1, '2012-10-18 00:00:00', '2012-10-18 00:00:00'),
(172, 'PELALAWAN', 9, 1, '2012-10-18 00:00:00', '2012-10-18 00:00:00'),
(173, 'SIAK', 9, 1, '2012-10-18 00:00:00', '2012-10-18 00:00:00'),
(174, 'KAMPAR', 9, 1, '2012-10-18 00:00:00', '2012-10-18 00:00:00'),
(175, 'ROKAN HULU', 9, 1, '2012-10-18 00:00:00', '2012-10-18 00:00:00'),
(176, 'BENGKALIS', 9, 1, '2012-10-18 00:00:00', '2012-10-18 00:00:00'),
(177, 'ROKAN HILIR', 9, 1, '2012-10-18 00:00:00', '2012-10-18 00:00:00'),
(178, 'PEKANBARU', 9, 1, '2012-10-18 00:00:00', '2012-10-18 00:00:00'),
(179, 'DUMAI', 9, 1, '2012-10-18 00:00:00', '2012-10-18 00:00:00'),
(180, 'KERINCI', 10, 1, '2012-10-18 00:00:00', '2012-10-18 00:00:00'),
(181, 'MERANGIN', 10, 1, '2012-10-18 00:00:00', '2012-10-18 00:00:00'),
(182, 'SAROLANGUN', 10, 1, '2012-10-18 00:00:00', '2012-10-18 00:00:00'),
(183, 'BATANG HARI', 10, 1, '2012-10-18 00:00:00', '2012-10-18 00:00:00'),
(184, 'MUARO JAMBI', 10, 1, '2012-10-18 00:00:00', '2012-10-18 00:00:00'),
(185, 'TANJUNG JABUNG TIMUR', 10, 1, '2012-10-18 00:00:00', '2012-10-18 00:00:00'),
(186, 'TANJUNG JABUNG BARAT', 10, 1, '2012-10-18 00:00:00', '2012-10-18 00:00:00'),
(187, 'TEBO', 10, 1, '2012-10-18 00:00:00', '2012-10-18 00:00:00'),
(188, 'BUNGO', 10, 1, '2012-10-18 00:00:00', '2012-10-18 00:00:00'),
(189, 'JAMBI', 10, 1, '2012-10-18 00:00:00', '2012-10-18 00:00:00'),
(190, 'OGAN KOMERING ULU', 11, 1, '2012-10-18 00:00:00', '2012-10-18 00:00:00'),
(191, 'OGAN KOMERING ILIR', 11, 1, '2012-10-18 00:00:00', '2012-10-18 00:00:00'),
(192, 'MUARA ENIM', 11, 1, '2012-10-18 00:00:00', '2012-10-18 00:00:00'),
(193, 'LAHAT', 11, 1, '2012-10-18 00:00:00', '2012-10-18 00:00:00'),
(194, 'MUSI RAWAS', 11, 1, '2012-10-18 00:00:00', '2012-10-18 00:00:00'),
(195, 'MUSI BANYUASIN', 11, 1, '2012-10-18 00:00:00', '2012-10-18 00:00:00'),
(196, 'BANYUASIN', 11, 1, '2012-10-18 00:00:00', '2012-10-18 00:00:00'),
(197, 'PALEMBANG', 11, 1, '2012-10-18 00:00:00', '2012-10-18 00:00:00'),
(198, 'PRABUMULIH', 11, 1, '2012-10-18 00:00:00', '2012-10-18 00:00:00'),
(199, 'PAGARALAM', 11, 1, '2012-10-18 00:00:00', '2012-10-18 00:00:00'),
(200, 'LUBUK LINGGAU', 11, 1, '2012-10-18 00:00:00', '2012-10-18 00:00:00'),
(201, 'LAMPUNG BARAT', 12, 1, '2012-10-18 00:00:00', '2012-10-18 00:00:00'),
(202, 'TANGGAMUS', 12, 1, '2012-10-18 00:00:00', '2012-10-18 00:00:00'),
(203, 'LAMPUNG SELATAN', 12, 1, '2012-10-18 00:00:00', '2012-10-18 00:00:00'),
(204, 'LAMPUNG TIMUR', 12, 1, '2012-10-18 00:00:00', '2012-10-18 00:00:00'),
(205, 'LAMPUNG TENGAH', 12, 1, '2012-10-18 00:00:00', '2012-10-18 00:00:00'),
(206, 'LAMPUNG UTARA', 12, 1, '2012-10-18 00:00:00', '2012-10-18 00:00:00'),
(207, 'WAY KANAN', 12, 1, '2012-10-18 00:00:00', '2012-10-18 00:00:00'),
(208, 'TULANGBAWANG', 12, 1, '2012-10-18 00:00:00', '2012-10-18 00:00:00'),
(209, 'BANDAR LAMPUNG', 12, 1, '2012-10-18 00:00:00', '2012-10-18 00:00:00'),
(210, 'METRO', 12, 1, '2012-10-18 00:00:00', '2012-10-18 00:00:00'),
(211, 'SAMBAS', 13, 1, '2012-10-18 00:00:00', '2012-10-18 00:00:00'),
(212, 'BENGKAYANG', 13, 1, '2012-10-18 00:00:00', '2012-10-18 00:00:00'),
(213, 'LANDAK', 13, 1, '2012-10-18 00:00:00', '2012-10-18 00:00:00'),
(214, 'PONTIANAK', 13, 1, '2012-10-18 00:00:00', '2012-10-18 00:00:00'),
(215, 'SANGGAU', 13, 1, '2012-10-18 00:00:00', '2012-10-18 00:00:00'),
(216, 'KETAPANG', 13, 1, '2012-10-18 00:00:00', '2012-10-18 00:00:00'),
(217, 'SINTANG', 13, 1, '2012-10-18 00:00:00', '2012-10-18 00:00:00'),
(218, 'KAPUAS HULU', 13, 1, '2012-10-18 00:00:00', '2012-10-18 00:00:00'),
(220, 'SINGKAWANG', 13, 1, '2012-10-18 00:00:00', '2012-10-18 00:00:00'),
(221, 'KOTAWARINGIN BARAT', 14, 1, '2012-10-18 00:00:00', '2012-10-18 00:00:00'),
(222, 'KOTAWARINGIN TIMUR', 14, 1, '2012-10-18 00:00:00', '2012-10-18 00:00:00'),
(223, 'KAPUAS', 14, 1, '2012-10-18 00:00:00', '2012-10-18 00:00:00'),
(224, 'BARITO SELATAN', 14, 1, '2012-10-18 00:00:00', '2012-10-18 00:00:00'),
(225, 'BARITO UTARA', 14, 1, '2012-10-18 00:00:00', '2012-10-18 00:00:00'),
(226, 'SUKAMARA', 14, 1, '2012-10-18 00:00:00', '2012-10-18 00:00:00'),
(227, 'LAMANDAU', 14, 1, '2012-10-18 00:00:00', '2012-10-18 00:00:00'),
(228, 'SERUYAN', 14, 1, '2012-10-18 00:00:00', '2012-10-18 00:00:00'),
(229, 'KATINGAN', 14, 1, '2012-10-18 00:00:00', '2012-10-18 00:00:00'),
(230, 'PULANG PISAU', 14, 1, '2012-10-18 00:00:00', '2012-10-18 00:00:00'),
(231, 'GUNUNG MAS', 14, 1, '2012-10-18 00:00:00', '2012-10-18 00:00:00'),
(232, 'BARITO TIMUR', 14, 1, '2012-10-18 00:00:00', '2012-10-18 00:00:00'),
(233, 'MURUNG RAYA', 14, 1, '2012-10-18 00:00:00', '2012-10-18 00:00:00'),
(234, 'PALANGKA RAYA', 14, 1, '2012-10-18 00:00:00', '2012-10-18 00:00:00'),
(235, 'TANAH LAUT', 15, 1, '2012-10-18 00:00:00', '2012-10-18 00:00:00'),
(236, 'KOTABARU', 15, 1, '2012-10-18 00:00:00', '2012-10-18 00:00:00'),
(238, 'BARITO KUALA', 15, 1, '2012-10-18 00:00:00', '2012-10-18 00:00:00'),
(239, 'TAPIN', 15, 1, '2012-10-18 00:00:00', '2012-10-18 00:00:00'),
(240, 'HULU SUNGAI SELATAN', 15, 1, '2012-10-18 00:00:00', '2012-10-18 00:00:00'),
(241, 'HULU SUNGAI TENGAH', 15, 1, '2012-10-18 00:00:00', '2012-10-18 00:00:00'),
(242, 'HULU SUNGAI UTARA', 15, 1, '2012-10-18 00:00:00', '2012-10-18 00:00:00'),
(243, 'TABALONG', 15, 1, '2012-10-18 00:00:00', '2012-10-18 00:00:00'),
(244, 'TANAH BUMBU', 15, 1, '2012-10-18 00:00:00', '2012-10-18 00:00:00'),
(245, 'BALANGAN', 15, 1, '2012-10-18 00:00:00', '2012-10-18 00:00:00'),
(246, 'BANJARMASIN', 15, 1, '2012-10-18 00:00:00', '2012-10-18 00:00:00'),
(247, 'BANJARBARU', 15, 1, '2012-10-18 00:00:00', '2012-10-18 00:00:00'),
(248, 'PASIR', 16, 1, '2012-10-18 00:00:00', '2012-10-18 00:00:00'),
(249, 'KUTAI BARAT', 16, 1, '2012-10-18 00:00:00', '2012-10-18 00:00:00'),
(250, 'KUTAI', 16, 1, '2012-10-18 00:00:00', '2012-10-18 00:00:00'),
(251, 'KUTAI TIMUR', 16, 1, '2012-10-18 00:00:00', '2012-10-18 00:00:00'),
(252, 'BERAU', 16, 1, '2012-10-18 00:00:00', '2012-10-18 00:00:00'),
(253, 'MALINAU', 16, 1, '2012-10-18 00:00:00', '2012-10-18 00:00:00'),
(254, 'BULUNGAN', 16, 1, '2012-10-18 00:00:00', '2012-10-18 00:00:00'),
(255, 'NUNUKAN', 16, 1, '2012-10-18 00:00:00', '2012-10-18 00:00:00'),
(256, 'PENAJAM PASIR UTARA', 16, 1, '2012-10-18 00:00:00', '2012-10-18 00:00:00'),
(257, 'BALIKPAPAN', 16, 1, '2012-10-18 00:00:00', '2012-10-18 00:00:00'),
(258, 'SAMARINDA', 16, 1, '2012-10-18 00:00:00', '2012-10-18 00:00:00'),
(259, 'TARAKAN', 16, 1, '2012-10-18 00:00:00', '2012-10-18 00:00:00'),
(260, 'BONTANG', 16, 1, '2012-10-18 00:00:00', '2012-10-18 00:00:00'),
(261, 'BOLAANG MONGONDOW', 17, 1, '2012-10-18 00:00:00', '2012-10-18 00:00:00'),
(262, 'MINAHASA', 17, 1, '2012-10-18 00:00:00', '2012-10-18 00:00:00'),
(263, 'SANGIHE', 17, 1, '2012-10-18 00:00:00', '2012-10-18 00:00:00'),
(264, 'TALAUD', 17, 1, '2012-10-18 00:00:00', '2012-10-18 00:00:00'),
(265, 'MINAHASA SELATAN', 17, 1, '2012-10-18 00:00:00', '2012-10-18 00:00:00'),
(266, 'MANADO', 17, 1, '2012-10-18 00:00:00', '2012-10-18 00:00:00'),
(267, 'BITUNG', 17, 1, '2012-10-18 00:00:00', '2012-10-18 00:00:00'),
(268, 'TOMOHON', 17, 1, '2012-10-18 00:00:00', '2012-10-18 00:00:00'),
(269, 'PULAU BANGGAI', 18, 1, '2012-10-18 00:00:00', '2012-10-18 00:00:00'),
(270, 'BANGGAI', 18, 1, '2012-10-18 00:00:00', '2012-10-18 00:00:00'),
(271, 'MOROWALI', 18, 1, '2012-10-18 00:00:00', '2012-10-18 00:00:00'),
(272, 'POSO', 18, 1, '2012-10-18 00:00:00', '2012-10-18 00:00:00'),
(273, 'DONGGALA', 18, 1, '2012-10-18 00:00:00', '2012-10-18 00:00:00'),
(274, 'TOLI-TOLI', 18, 1, '2012-10-18 00:00:00', '2012-10-18 00:00:00'),
(275, 'BUOL', 18, 1, '2012-10-18 00:00:00', '2012-10-18 00:00:00'),
(276, 'PARIGI MOUTONG', 18, 1, '2012-10-18 00:00:00', '2012-10-18 00:00:00'),
(277, 'PALU', 18, 1, '2012-10-18 00:00:00', '2012-10-18 00:00:00'),
(278, 'SELAYAR', 19, 1, '2012-10-18 00:00:00', '2012-10-18 00:00:00'),
(279, 'BULUKUMBA', 19, 1, '2012-10-18 00:00:00', '2012-10-18 00:00:00'),
(280, 'BANTAENG', 19, 1, '2012-10-18 00:00:00', '2012-10-18 00:00:00'),
(281, 'JENEPONTO', 19, 1, '2012-10-18 00:00:00', '2012-10-18 00:00:00'),
(282, 'TAKALAR', 19, 1, '2012-10-18 00:00:00', '2012-10-18 00:00:00'),
(283, 'GOWA', 19, 1, '2012-10-18 00:00:00', '2012-10-18 00:00:00'),
(284, 'SINJAI', 19, 1, '2012-10-18 00:00:00', '2012-10-18 00:00:00'),
(285, 'MAROS', 19, 1, '2012-10-18 00:00:00', '2012-10-18 00:00:00'),
(286, 'PANGKAJENE', 19, 1, '2012-10-18 00:00:00', '2012-10-18 00:00:00'),
(287, 'BARRU', 19, 1, '2012-10-18 00:00:00', '2012-10-18 00:00:00'),
(288, 'BONE', 19, 1, '2012-10-18 00:00:00', '2012-10-18 00:00:00'),
(289, 'SOPPENG', 19, 1, '2012-10-18 00:00:00', '2012-10-18 00:00:00'),
(290, 'WAJO', 19, 1, '2012-10-18 00:00:00', '2012-10-18 00:00:00'),
(291, 'SIDENRENG RAPPANG', 19, 1, '2012-10-18 00:00:00', '2012-10-18 00:00:00'),
(292, 'PINRANG', 19, 1, '2012-10-18 00:00:00', '2012-10-18 00:00:00'),
(293, 'ENREKANG', 19, 1, '2012-10-18 00:00:00', '2012-10-18 00:00:00'),
(294, 'LUWU', 19, 1, '2012-10-18 00:00:00', '2012-10-18 00:00:00'),
(295, 'TANA TORAJA', 19, 1, '2012-10-18 00:00:00', '2012-10-18 00:00:00'),
(296, 'LUWU UTARA', 19, 1, '2012-10-18 00:00:00', '2012-10-18 00:00:00'),
(297, 'LUWU TIMUR', 19, 1, '2012-10-18 00:00:00', '2012-10-18 00:00:00'),
(298, 'MAKASSAR', 19, 1, '2012-10-18 00:00:00', '2012-10-18 00:00:00'),
(299, 'PARE-PARE', 19, 1, '2012-10-18 00:00:00', '2012-10-18 00:00:00'),
(300, 'PALOPO', 19, 1, '2012-10-18 00:00:00', '2012-10-18 00:00:00'),
(301, 'BUTON', 20, 1, '2012-10-18 00:00:00', '2012-10-18 00:00:00'),
(302, 'MUNA', 20, 1, '2012-10-18 00:00:00', '2012-10-18 00:00:00'),
(303, 'KENDARI', 20, 1, '2012-10-18 00:00:00', '2012-10-18 00:00:00'),
(304, 'KOLAKA', 20, 1, '2012-10-18 00:00:00', '2012-10-18 00:00:00'),
(306, 'BAU-BAU', 20, 1, '2012-10-18 00:00:00', '2012-10-18 00:00:00'),
(307, 'KONAWE SELATAN', 20, 1, '2012-10-18 00:00:00', '2012-10-18 00:00:00'),
(308, 'MALUKU TENGGARA BARA', 21, 1, '2012-10-18 00:00:00', '2012-10-18 00:00:00'),
(309, 'MALUKU TENGGARA', 21, 1, '2012-10-18 00:00:00', '2012-10-18 00:00:00'),
(310, 'MALUKU TENGAH', 21, 1, '2012-10-18 00:00:00', '2012-10-18 00:00:00'),
(311, 'BURU', 21, 1, '2012-10-18 00:00:00', '2012-10-18 00:00:00'),
(312, 'AMBON', 21, 1, '2012-10-18 00:00:00', '2012-10-18 00:00:00'),
(313, 'JEMBRANA', 22, 1, '2012-10-18 00:00:00', '2012-10-18 00:00:00'),
(314, 'TABANAN', 22, 1, '2012-10-18 00:00:00', '2012-10-18 00:00:00'),
(315, 'BADUNG', 22, 1, '2012-10-18 00:00:00', '2012-10-18 00:00:00'),
(316, 'GIANYAR', 22, 1, '2012-10-18 00:00:00', '2012-10-18 00:00:00'),
(317, 'KLUNGKUNG', 22, 1, '2012-10-18 00:00:00', '2012-10-18 00:00:00'),
(318, 'BANGLI', 22, 1, '2012-10-18 00:00:00', '2012-10-18 00:00:00'),
(319, 'KARANG ASEM', 22, 1, '2012-10-18 00:00:00', '2012-10-18 00:00:00'),
(320, 'BULELENG', 22, 1, '2012-10-18 00:00:00', '2012-10-18 00:00:00'),
(321, 'DENPASAR', 22, 1, '2012-10-18 00:00:00', '2012-10-18 00:00:00'),
(322, 'LOMBOK BARAT', 23, 1, '2012-10-18 00:00:00', '2012-10-18 00:00:00'),
(323, 'LOMBOK TENGAH', 23, 1, '2012-10-18 00:00:00', '2012-10-18 00:00:00'),
(324, 'LOMBOK TIMUR', 23, 1, '2012-10-18 00:00:00', '2012-10-18 00:00:00'),
(325, 'SUMBAWA', 23, 1, '2012-10-18 00:00:00', '2012-10-18 00:00:00'),
(326, 'DOMPU', 23, 1, '2012-10-18 00:00:00', '2012-10-18 00:00:00'),
(327, 'BIMA', 23, 1, '2012-10-18 00:00:00', '2012-10-18 00:00:00'),
(328, 'MATARAM', 23, 1, '2012-10-18 00:00:00', '2012-10-18 00:00:00'),
(330, 'SUMBA BARAT', 24, 1, '2012-10-18 00:00:00', '2012-10-18 00:00:00'),
(331, 'SUMBA TIMUR', 24, 1, '2012-10-18 00:00:00', '2012-10-18 00:00:00'),
(332, 'KUPANG', 24, 1, '2012-10-18 00:00:00', '2012-10-18 00:00:00'),
(333, 'TIMOR TENGAH SELATAN', 24, 1, '2012-10-18 00:00:00', '2012-10-18 00:00:00'),
(334, 'TIMOR TENGAH UTARA', 24, 1, '2012-10-18 00:00:00', '2012-10-18 00:00:00'),
(335, 'BELU', 24, 1, '2012-10-18 00:00:00', '2012-10-18 00:00:00'),
(336, 'ALOR', 24, 1, '2012-10-18 00:00:00', '2012-10-18 00:00:00'),
(337, 'LEMBATA', 24, 1, '2012-10-18 00:00:00', '2012-10-18 00:00:00'),
(338, 'FLORES TIMUR', 24, 1, '2012-10-18 00:00:00', '2012-10-18 00:00:00'),
(339, 'SIKKA', 24, 1, '2012-10-18 00:00:00', '2012-10-18 00:00:00'),
(340, 'ENDE', 24, 1, '2012-10-18 00:00:00', '2012-10-18 00:00:00'),
(341, 'NGADA', 24, 1, '2012-10-18 00:00:00', '2012-10-18 00:00:00'),
(342, 'MANGGARAI', 24, 1, '2012-10-18 00:00:00', '2012-10-18 00:00:00'),
(343, 'ROTE NDAO', 24, 1, '2012-10-18 00:00:00', '2012-10-18 00:00:00'),
(344, 'MANGGARAI BARAT', 24, 1, '2012-10-18 00:00:00', '2012-10-18 00:00:00'),
(346, 'MERAUKE', 25, 1, '2012-10-18 00:00:00', '2012-10-18 00:00:00'),
(347, 'JAYA WIJAYA', 25, 1, '2012-10-18 00:00:00', '2012-10-18 00:00:00'),
(348, 'JAYAPURA', 25, 1, '2012-10-18 00:00:00', '2012-10-18 00:00:00'),
(349, 'NABIRE', 25, 1, '2012-10-18 00:00:00', '2012-10-18 00:00:00'),
(350, 'YAPEN WAROPEN', 25, 1, '2012-10-18 00:00:00', '2012-10-18 00:00:00'),
(351, 'BIAK NUMFOR', 25, 1, '2012-10-18 00:00:00', '2012-10-18 00:00:00'),
(352, 'PANIAI', 25, 1, '2012-10-18 00:00:00', '2012-10-18 00:00:00'),
(353, 'PUNCAK JAYA', 25, 1, '2012-10-18 00:00:00', '2012-10-18 00:00:00'),
(354, 'MIMIKA', 25, 1, '2012-10-18 00:00:00', '2012-10-18 00:00:00'),
(355, 'BOVEN DIGOEL', 25, 1, '2012-10-18 00:00:00', '2012-10-18 00:00:00'),
(356, 'MAPPI', 25, 1, '2012-10-18 00:00:00', '2012-10-18 00:00:00'),
(357, 'ASMAT', 25, 1, '2012-10-18 00:00:00', '2012-10-18 00:00:00'),
(358, 'YAKUHIMO', 25, 1, '2012-10-18 00:00:00', '2012-10-18 00:00:00'),
(359, 'GUNUNG BINTANG', 25, 1, '2012-10-18 00:00:00', '2012-10-18 00:00:00'),
(360, 'TOLIKARA', 25, 1, '2012-10-18 00:00:00', '2012-10-18 00:00:00'),
(361, 'SARMI', 25, 1, '2012-10-18 00:00:00', '2012-10-18 00:00:00'),
(362, 'KEEROM', 25, 1, '2012-10-18 00:00:00', '2012-10-18 00:00:00'),
(363, 'WAROPEN', 25, 1, '2012-10-18 00:00:00', '2012-10-18 00:00:00'),
(365, 'BENGKULU SELATAN', 26, 1, '2012-10-18 00:00:00', '2012-10-18 00:00:00'),
(366, 'REJANG LEBONG', 26, 1, '2012-10-18 00:00:00', '2012-10-18 00:00:00'),
(367, 'BENGKULU UTARA', 26, 1, '2012-10-18 00:00:00', '2012-10-18 00:00:00'),
(368, 'KAUR', 26, 1, '2012-10-18 00:00:00', '2012-10-18 00:00:00'),
(369, 'SELUMA', 26, 1, '2012-10-18 00:00:00', '2012-10-18 00:00:00'),
(370, 'MUKO-MUKO', 26, 1, '2012-10-18 00:00:00', '2012-10-18 00:00:00'),
(371, 'BENGKULU', 26, 1, '2012-10-18 00:00:00', '2012-10-18 00:00:00'),
(372, 'PANDEGLANG', 27, 1, '2012-10-18 00:00:00', '2012-10-18 00:00:00'),
(373, 'LEBAK', 27, 1, '2012-10-18 00:00:00', '2012-10-18 00:00:00'),
(374, 'TANGERANG', 27, 1, '2012-10-18 00:00:00', '2012-10-18 00:00:00'),
(375, 'SERANG', 27, 1, '2012-10-18 00:00:00', '2012-10-18 00:00:00'),
(377, 'CILEGON', 27, 1, '2012-10-18 00:00:00', '2012-10-18 00:00:00'),
(378, 'HALMAHERA BARAT', 28, 1, '2012-10-18 00:00:00', '2012-10-18 00:00:00'),
(379, 'HALMAHERA TENGAH', 28, 1, '2012-10-18 00:00:00', '2012-10-18 00:00:00'),
(380, 'PULAU SULA', 28, 1, '2012-10-18 00:00:00', '2012-10-18 00:00:00'),
(381, 'HALMAHERA SELATAN', 28, 1, '2012-10-18 00:00:00', '2012-10-18 00:00:00'),
(382, 'HALMAHERA UTARA', 28, 1, '2012-10-18 00:00:00', '2012-10-18 00:00:00'),
(383, 'HALMAHERA TIMUR', 28, 1, '2012-10-18 00:00:00', '2012-10-18 00:00:00'),
(384, 'TERNATE', 28, 1, '2012-10-18 00:00:00', '2012-10-18 00:00:00'),
(385, 'TIDORE', 28, 1, '2012-10-18 00:00:00', '2012-10-18 00:00:00'),
(386, 'BANGKA', 29, 1, '2012-10-18 00:00:00', '2012-10-18 00:00:00'),
(387, 'BELITUNG', 29, 1, '2012-10-18 00:00:00', '2012-10-18 00:00:00'),
(388, 'BANGKA SELATAN', 29, 1, '2012-10-18 00:00:00', '2012-10-18 00:00:00'),
(389, 'BANGKA TENGAH', 29, 1, '2012-10-18 00:00:00', '2012-10-18 00:00:00'),
(390, 'BANGKA BARAT', 29, 1, '2012-10-18 00:00:00', '2012-10-18 00:00:00'),
(391, 'BELITUNG TIMUR', 29, 1, '2012-10-18 00:00:00', '2012-10-18 00:00:00'),
(392, 'PANGKALPINANG', 29, 1, '2012-10-18 00:00:00', '2012-10-18 00:00:00'),
(393, 'BOALEMO', 30, 1, '2012-10-18 00:00:00', '2012-10-18 00:00:00'),
(394, 'GORONTALO', 30, 1, '2012-10-18 00:00:00', '2012-10-18 00:00:00'),
(395, 'PUHUWATO', 30, 1, '2012-10-18 00:00:00', '2012-10-18 00:00:00'),
(396, 'BONE BOLANGO', 30, 1, '2012-10-18 00:00:00', '2012-10-18 00:00:00'),
(398, 'FAK-FAK', 31, 1, '2012-10-18 00:00:00', '2012-10-18 00:00:00'),
(399, 'SORONG', 31, 1, '2012-10-18 00:00:00', '2012-10-18 00:00:00'),
(400, 'MANOKWARI', 31, 1, '2012-10-18 00:00:00', '2012-10-18 00:00:00'),
(401, 'KAIMANA', 31, 1, '2012-10-18 00:00:00', '2012-10-18 00:00:00'),
(402, 'SORONG SELATAN', 31, 1, '2012-10-18 00:00:00', '2012-10-18 00:00:00'),
(403, 'RAJA AMPAT', 31, 1, '2012-10-18 00:00:00', '2012-10-18 00:00:00'),
(404, 'TELUK BINTUNI', 31, 1, '2012-10-18 00:00:00', '2012-10-18 00:00:00'),
(405, 'TELUK WONDANA', 31, 1, '2012-10-18 00:00:00', '2012-10-18 00:00:00'),
(407, 'KARIMUN', 32, 1, '2012-10-18 00:00:00', '2012-10-18 00:00:00'),
(408, 'KEPULAUAN RIAU', 32, 1, '2012-10-18 00:00:00', '2012-10-18 00:00:00'),
(409, 'NATUNA', 32, 1, '2012-10-18 00:00:00', '2012-10-18 00:00:00'),
(410, 'BATAM', 32, 1, '2012-10-18 00:00:00', '2012-10-18 00:00:00'),
(411, 'TANJUNG PINANG', 32, 1, '2012-10-18 00:00:00', '2012-10-18 00:00:00'),
(412, 'MAMUJU', 33, 1, '2012-10-18 00:00:00', '2012-10-18 00:00:00'),
(413, 'MAMUJU UTARA', 33, 1, '2012-10-18 00:00:00', '2012-10-18 00:00:00'),
(414, 'MAJENE', 33, 1, '2012-10-18 00:00:00', '2012-10-18 00:00:00'),
(415, 'POLEWALI MANDAR', 33, 1, '2012-10-18 00:00:00', '2012-10-18 00:00:00'),
(416, 'MAMASA', 33, 1, '2012-10-18 00:00:00', '2012-10-18 00:00:00'),
(417, 'OGAN ILIR', 11, 1, '2012-10-18 00:00:00', '2012-10-18 00:00:00'),
(418, 'OKU TIMUR', 11, 1, '2012-10-18 00:00:00', '2012-10-18 00:00:00'),
(419, 'OKU SELATAN', 11, 1, '2012-10-18 00:00:00', '2012-10-18 00:00:00'),
(420, 'SERAM BAGIAN BARAT', 21, 1, '2012-10-18 00:00:00', '2012-10-18 00:00:00'),
(421, 'SERAM BARAT TIMUR', 21, 1, '2012-10-18 00:00:00', '2012-10-18 00:00:00'),
(422, 'ARU', 21, 1, '2012-10-18 00:00:00', '2012-10-18 00:00:00'),
(423, 'MINAHASA UTARA', 17, 1, '2012-10-18 00:00:00', '2012-10-18 00:00:00'),
(424, 'SUPIORI', 25, 1, '2012-10-18 00:00:00', '2012-10-18 00:00:00'),
(425, 'SOLO', 3, 1, '2012-11-26 00:00:00', '2012-11-26 00:00:00');

-- --------------------------------------------------------

--
-- Table structure for table `public_country`
--

CREATE TABLE IF NOT EXISTS `public_country` (
  `country_id` int(11) NOT NULL,
  `country_name` varchar(30) NOT NULL,
  `country_entry` datetime NOT NULL,
  `country_entry_update` datetime NOT NULL,
  PRIMARY KEY (`country_id`)
) ENGINE=InnoDB DEFAULT CHARSET=latin1;

--
-- Dumping data for table `public_country`
--

INSERT INTO `public_country` (`country_id`, `country_name`, `country_entry`, `country_entry_update`) VALUES
(1, 'INDONESIA', '2012-11-10 22:12:40', '2012-11-10 22:12:43');

-- --------------------------------------------------------

--
-- Table structure for table `public_distance`
--

CREATE TABLE IF NOT EXISTS `public_distance` (
  `distance_id` tinyint(2) NOT NULL,
  `distance_title` varchar(50) NOT NULL,
  `distance_isother` tinyint(1) NOT NULL,
  `distance_entry` datetime DEFAULT NULL,
  `distance_entry_update` datetime NOT NULL,
  PRIMARY KEY (`distance_id`)
) ENGINE=InnoDB DEFAULT CHARSET=latin1;

--
-- Dumping data for table `public_distance`
--

INSERT INTO `public_distance` (`distance_id`, `distance_title`, `distance_isother`, `distance_entry`, `distance_entry_update`) VALUES
(1, 'Kurang dari 1 Km', 0, '2012-11-29 23:08:34', '2012-11-29 23:08:36'),
(2, 'Lebih dari 1 Km', 1, '2012-11-29 23:08:56', '2012-11-29 23:08:59');

-- --------------------------------------------------------

--
-- Table structure for table `public_education`
--

CREATE TABLE IF NOT EXISTS `public_education` (
  `education_id` tinyint(4) NOT NULL,
  `educaition_title` varchar(20) NOT NULL,
  `education_entry` datetime NOT NULL,
  `education_entry_update` datetime NOT NULL,
  PRIMARY KEY (`education_id`)
) ENGINE=InnoDB DEFAULT CHARSET=latin1;

--
-- Dumping data for table `public_education`
--

INSERT INTO `public_education` (`education_id`, `educaition_title`, `education_entry`, `education_entry_update`) VALUES
(1, 'Tidak Sekolah', '2012-11-10 08:55:11', '2012-11-10 08:55:16'),
(2, 'SD / Sederajat', '2012-11-10 08:55:42', '2012-11-10 08:55:45'),
(3, 'SMP / Sederajat', '2012-11-10 08:56:05', '2012-11-10 08:56:07'),
(4, 'SMA / Sederajat', '2012-11-10 08:56:18', '2012-11-10 08:56:20'),
(5, 'D1', '2012-11-10 08:56:39', '2012-11-10 08:56:42'),
(6, 'D2', '2012-11-10 08:57:02', '2012-11-10 08:57:04'),
(7, 'D3', '2012-11-10 08:57:12', '2012-11-10 08:57:15'),
(8, 'D4/S1', '2012-11-10 08:57:36', '2012-11-10 08:57:38'),
(9, 'S2', '2012-11-10 08:57:45', '2012-11-10 08:57:52'),
(10, 'S3', '2012-11-10 08:58:05', '2012-11-10 08:58:08');

-- --------------------------------------------------------

--
-- Table structure for table `public_gender`
--

CREATE TABLE IF NOT EXISTS `public_gender` (
  `gender_id` tinyint(1) NOT NULL,
  `gender_title` varchar(20) NOT NULL,
  PRIMARY KEY (`gender_id`)
) ENGINE=InnoDB DEFAULT CHARSET=latin1;

--
-- Dumping data for table `public_gender`
--

INSERT INTO `public_gender` (`gender_id`, `gender_title`) VALUES
(1, 'Laki - Laki'),
(2, 'Perempuan');

-- --------------------------------------------------------

--
-- Table structure for table `public_job`
--

CREATE TABLE IF NOT EXISTS `public_job` (
  `job_id` tinyint(4) NOT NULL,
  `job_name` varchar(30) NOT NULL,
  `job_isother` tinyint(1) unsigned NOT NULL,
  `job_entry` datetime NOT NULL,
  `job_entry_update` datetime NOT NULL,
  PRIMARY KEY (`job_id`)
) ENGINE=InnoDB DEFAULT CHARSET=latin1;

--
-- Dumping data for table `public_job`
--

INSERT INTO `public_job` (`job_id`, `job_name`, `job_isother`, `job_entry`, `job_entry_update`) VALUES
(-1, 'Lainnya', 1, '2012-11-10 08:53:10', '2012-11-10 08:53:15'),
(1, 'Tidak Bekerja', 0, '2012-11-10 08:48:48', '2012-11-10 08:48:50'),
(2, 'Nelayan', 0, '2012-11-10 08:49:08', '2012-11-10 08:49:10'),
(3, 'Petani', 0, '2012-11-10 08:49:24', '2012-11-10 08:49:26'),
(4, 'Peternak', 0, '2012-11-10 08:49:53', '2012-11-10 08:49:55'),
(5, 'PNS/TNI/Polri', 0, '2012-11-10 08:50:25', '2012-11-10 08:50:28'),
(6, 'Karyawan Swasta', 0, '2012-11-10 08:51:05', '2012-11-10 08:51:07'),
(7, 'Pedagang Kecil', 0, '2012-11-10 08:51:23', '2012-11-10 08:51:26'),
(8, 'Pedagang Besar', 0, '2012-11-10 08:51:43', '2012-11-10 08:51:46'),
(9, 'Wiraswasta', 0, '2012-11-10 08:52:03', '2012-11-10 08:52:05'),
(10, 'Wirausaha', 0, '2012-11-10 08:52:27', '2012-11-10 08:52:29'),
(11, 'Buruh', 0, '2012-11-10 08:52:42', '2012-11-10 08:52:44'),
(12, 'Pensiun', 0, '2012-11-10 08:52:54', '2012-11-10 08:52:58');

-- --------------------------------------------------------

--
-- Table structure for table `public_province`
--

CREATE TABLE IF NOT EXISTS `public_province` (
  `province_id` int(11) NOT NULL,
  `province_name` varchar(30) NOT NULL,
  `province_country` int(11) NOT NULL,
  `province_status` tinyint(1) NOT NULL,
  `province_entry` datetime NOT NULL,
  `province_entry_update` datetime NOT NULL,
  PRIMARY KEY (`province_id`),
  KEY `public_province_fk1` (`province_country`)
) ENGINE=InnoDB DEFAULT CHARSET=latin1;

--
-- Dumping data for table `public_province`
--

INSERT INTO `public_province` (`province_id`, `province_name`, `province_country`, `province_status`, `province_entry`, `province_entry_update`) VALUES
(1, 'DKI JAKARTA', 1, 1, '2012-10-18 00:00:00', '2012-10-18 00:00:00'),
(2, 'JAWA BARAT', 1, 1, '2012-10-18 00:00:00', '2012-10-18 00:00:00'),
(3, 'JAWA TENGAH', 1, 1, '2012-10-18 00:00:00', '2012-10-18 00:00:00'),
(4, 'D I YOGYAKARTA', 1, 1, '2012-10-18 00:00:00', '2012-10-18 00:00:00'),
(5, 'JAWA TIMUR', 1, 1, '2012-10-18 00:00:00', '2012-10-18 00:00:00'),
(6, 'ACEH DARUSSALAM', 1, 1, '2012-10-18 00:00:00', '2012-10-18 00:00:00'),
(7, 'SUMATERA UTARA', 1, 1, '2012-10-18 00:00:00', '2012-10-18 00:00:00'),
(8, 'SUMATERA BARAT', 1, 1, '2012-10-18 00:00:00', '2012-10-18 00:00:00'),
(9, 'RIAU', 1, 1, '2012-10-18 00:00:00', '2012-10-18 00:00:00'),
(10, 'JAMBI', 1, 1, '2012-10-18 00:00:00', '2012-10-18 00:00:00'),
(11, 'SUMATERA SELATAN', 1, 1, '2012-10-18 00:00:00', '2012-10-18 00:00:00'),
(12, 'LAMPUNG', 1, 1, '2012-10-18 00:00:00', '2012-10-18 00:00:00'),
(13, 'KALIMANTAN BARAT', 1, 1, '2012-10-18 00:00:00', '2012-10-18 00:00:00'),
(14, 'KALIMANTAN TENGAH', 1, 1, '2012-10-18 00:00:00', '2012-10-18 00:00:00'),
(15, 'KALIMANTAN SELATAN', 1, 1, '2012-10-18 00:00:00', '2012-10-18 00:00:00'),
(16, 'KALIMANTAN TIMUR', 1, 1, '2012-10-18 00:00:00', '2012-10-18 00:00:00'),
(17, 'SULAWESI UTARA', 1, 1, '2012-10-18 00:00:00', '2012-10-18 00:00:00'),
(18, 'SULAWESI TENGAH', 1, 1, '2012-10-18 00:00:00', '2012-10-18 00:00:00'),
(19, 'SULAWESI SELATAN', 1, 1, '2012-10-18 00:00:00', '2012-10-18 00:00:00'),
(20, 'SULAWESI TENGGARA', 1, 1, '2012-10-18 00:00:00', '2012-10-18 00:00:00'),
(21, 'MALUKU', 1, 1, '2012-10-18 00:00:00', '2012-10-18 00:00:00'),
(22, 'BALI', 1, 1, '2012-10-18 00:00:00', '2012-10-18 00:00:00'),
(23, 'NUSA TENGGARA BARAT', 1, 1, '2012-10-18 00:00:00', '2012-10-18 00:00:00'),
(24, 'NUSA TENGGARA TIMUR', 1, 1, '2012-10-18 00:00:00', '2012-10-18 00:00:00'),
(25, 'PAPUA', 1, 1, '2012-10-18 00:00:00', '2012-10-18 00:00:00'),
(26, 'BENGKULU', 1, 1, '2012-10-18 00:00:00', '2012-10-18 00:00:00'),
(27, 'BANTEN', 1, 1, '2012-10-18 00:00:00', '2012-10-18 00:00:00'),
(28, 'MALUKU UTARA', 1, 1, '2012-10-18 00:00:00', '2012-10-18 00:00:00'),
(29, 'BANGKA BELITUNG', 1, 1, '2012-10-18 00:00:00', '2012-10-18 00:00:00'),
(30, 'GORONTALO', 1, 1, '2012-10-18 00:00:00', '2012-10-18 00:00:00'),
(31, 'IRIAN JAYA BARAT', 1, 1, '2012-10-18 00:00:00', '2012-10-18 00:00:00'),
(32, 'KEPULAUAN RIAU', 1, 1, '2012-10-18 00:00:00', '2012-10-18 00:00:00'),
(33, 'SULAWESI BARAT', 1, 1, '2012-10-18 00:00:00', '2012-10-18 00:00:00');

-- --------------------------------------------------------

--
-- Table structure for table `public_religion`
--

CREATE TABLE IF NOT EXISTS `public_religion` (
  `religion_id` tinyint(2) NOT NULL,
  `religion_name` varchar(30) NOT NULL,
  `religion_isother` tinyint(1) NOT NULL,
  `religion_entry` datetime NOT NULL,
  `religion_entry_update` datetime NOT NULL,
  PRIMARY KEY (`religion_id`)
) ENGINE=InnoDB DEFAULT CHARSET=latin1;

--
-- Dumping data for table `public_religion`
--

INSERT INTO `public_religion` (`religion_id`, `religion_name`, `religion_isother`, `religion_entry`, `religion_entry_update`) VALUES
(-1, 'Lainnya', 1, '2012-11-10 08:23:12', '2012-11-10 08:23:25'),
(1, 'Islam', 0, '2012-11-10 08:22:47', '2012-11-10 08:22:50'),
(2, 'Kristen / Protestan', 0, '2012-11-10 08:22:53', '2012-11-10 08:22:56'),
(3, 'Katholik', 0, '2012-11-10 08:23:00', '2012-11-10 08:23:15'),
(4, 'Hindu', 0, '2012-11-10 08:23:03', '2012-11-10 08:23:18'),
(5, 'Budha', 0, '2012-11-10 08:23:06', '2012-11-10 08:23:20'),
(6, 'Khong Hu Chu', 0, '2012-11-10 08:23:09', '2012-11-10 08:23:22');

-- --------------------------------------------------------

--
-- Table structure for table `public_transportation`
--

CREATE TABLE IF NOT EXISTS `public_transportation` (
  `transportation_id` tinyint(2) NOT NULL,
  `transportation_name` varchar(100) NOT NULL,
  `transportation_isother` tinyint(1) unsigned DEFAULT NULL,
  `transportation_entry` datetime NOT NULL,
  `transportation_update` datetime NOT NULL,
  PRIMARY KEY (`transportation_id`)
) ENGINE=InnoDB DEFAULT CHARSET=latin1;

--
-- Dumping data for table `public_transportation`
--

INSERT INTO `public_transportation` (`transportation_id`, `transportation_name`, `transportation_isother`, `transportation_entry`, `transportation_update`) VALUES
(-1, 'Lainnya', 1, '2012-11-10 09:22:30', '2012-11-10 09:22:32'),
(1, 'Jalan Kaki', 0, '2012-11-10 09:19:55', '2012-11-10 09:19:57'),
(2, 'Kendaraan Pribadi', 0, '2012-11-10 09:20:08', '2012-11-10 09:20:10'),
(3, 'Kendaraan Umum/Angkot/Pete-pete', 0, '2012-11-10 09:20:36', '2012-11-10 09:20:39'),
(4, 'Jemputan Sekolah', 0, '2012-11-10 09:21:01', '2012-11-10 09:21:04'),
(5, 'Kereta Api', 0, '2012-11-10 09:21:21', '2012-11-10 09:21:23'),
(6, 'Andong/Bendi/Sado/Delman/Becak', 0, '2012-11-10 09:21:51', '2012-11-10 09:21:54'),
(7, 'Perahu Penyebrangan/Rakit/Getek', 0, '2012-11-10 09:22:19', '2012-11-10 09:22:21');

--
-- Constraints for dumped tables
--

--
-- Constraints for table `academic_base_competence`
--
ALTER TABLE `academic_base_competence`
  ADD CONSTRAINT `academic_base_competence_fk1` FOREIGN KEY (`base_competence_teacher`) REFERENCES `employees` (`employees_id`) ON UPDATE CASCADE,
  ADD CONSTRAINT `academic_base_competence_fk2` FOREIGN KEY (`base_competence_period`) REFERENCES `academic_period` (`period_id`) ON UPDATE CASCADE,
  ADD CONSTRAINT `academic_base_competence_fk3` FOREIGN KEY (`base_competence_semester`) REFERENCES `academic_semester` (`semester_id`) ON UPDATE CASCADE,
  ADD CONSTRAINT `academic_base_competence_fk4` FOREIGN KEY (`base_competence_subject`) REFERENCES `academic_subject` (`subject_id`) ON UPDATE CASCADE,
  ADD CONSTRAINT `academic_base_competence_fk5` FOREIGN KEY (`base_competence_grade`) REFERENCES `academic_grade` (`grade_id`) ON UPDATE CASCADE;

--
-- Constraints for table `academic_classgroup`
--
ALTER TABLE `academic_classgroup`
  ADD CONSTRAINT `academic_classgroup_fk1` FOREIGN KEY (`classgroup_grade`) REFERENCES `academic_grade` (`grade_id`) ON UPDATE CASCADE,
  ADD CONSTRAINT `academic_classgroup_fk2` FOREIGN KEY (`classgroup_name`) REFERENCES `academic_classroom` (`classroom_id`) ON UPDATE CASCADE,
  ADD CONSTRAINT `academic_classgroup_fk3` FOREIGN KEY (`classgroup_guardian`) REFERENCES `employees` (`employees_id`) ON UPDATE CASCADE,
  ADD CONSTRAINT `academic_classgroup_fk4` FOREIGN KEY (`classgroup_period`) REFERENCES `academic_period` (`period_id`) ON UPDATE CASCADE,
  ADD CONSTRAINT `academic_classgroup_fk5` FOREIGN KEY (`classgroup_room`) REFERENCES `asset_infrastructure` (`infrastructure_id`) ON UPDATE CASCADE;

--
-- Constraints for table `academic_classhistory`
--
ALTER TABLE `academic_classhistory`
  ADD CONSTRAINT `academic_classhistory_fk1` FOREIGN KEY (`classhistory_student`) REFERENCES `academic_student` (`student_nis`) ON UPDATE CASCADE,
  ADD CONSTRAINT `academic_classhistory_fk2` FOREIGN KEY (`classhistory_classgroup`) REFERENCES `academic_classgroup` (`classgroup_id`) ON UPDATE CASCADE,
  ADD CONSTRAINT `academic_classhistory_fk3` FOREIGN KEY (`classhistory_status`) REFERENCES `academic_classhistory_status` (`classhistory_status_id`) ON UPDATE CASCADE;

--
-- Constraints for table `academic_extracurricular_coach_history`
--
ALTER TABLE `academic_extracurricular_coach_history`
  ADD CONSTRAINT `academic_extracurricular_coach_history_fk1` FOREIGN KEY (`extracurricular_coach_history_name`) REFERENCES `employees` (`employees_id`) ON UPDATE CASCADE,
  ADD CONSTRAINT `academic_extracurricular_coach_history_fk2` FOREIGN KEY (`extracurricular_coach_history_field`) REFERENCES `academic_extracurricular` (`extracurricular_id`) ON UPDATE CASCADE,
  ADD CONSTRAINT `academic_extracurricular_coach_history_fk3` FOREIGN KEY (`extracurricular_coach_history_period`) REFERENCES `academic_period` (`period_id`) ON UPDATE CASCADE;

--
-- Constraints for table `academic_mlc`
--
ALTER TABLE `academic_mlc`
  ADD CONSTRAINT `academic_mlc_fk1` FOREIGN KEY (`mlc_subject`) REFERENCES `academic_subject` (`subject_id`) ON UPDATE CASCADE,
  ADD CONSTRAINT `academic_mlc_fk2` FOREIGN KEY (`mlc_period`) REFERENCES `academic_period` (`period_id`) ON UPDATE CASCADE,
  ADD CONSTRAINT `academic_mlc_fk3` FOREIGN KEY (`mlc_grade`) REFERENCES `academic_grade` (`grade_id`) ON UPDATE CASCADE;

--
-- Constraints for table `academic_score`
--
ALTER TABLE `academic_score`
  ADD CONSTRAINT `academic_score_fk1` FOREIGN KEY (`score_period`) REFERENCES `academic_period` (`period_id`) ON UPDATE CASCADE,
  ADD CONSTRAINT `academic_score_fk2` FOREIGN KEY (`score_semester`) REFERENCES `academic_semester` (`semester_id`) ON UPDATE CASCADE,
  ADD CONSTRAINT `academic_score_fk3` FOREIGN KEY (`score_student`) REFERENCES `academic_student` (`student_nis`) ON UPDATE CASCADE,
  ADD CONSTRAINT `academic_score_fk4` FOREIGN KEY (`score_subject`) REFERENCES `academic_subject` (`subject_id`) ON UPDATE CASCADE,
  ADD CONSTRAINT `academic_score_fk5` FOREIGN KEY (`score_status`) REFERENCES `academic_score_status` (`score_status_id`) ON UPDATE CASCADE;

--
-- Constraints for table `academic_score_attitude`
--
ALTER TABLE `academic_score_attitude`
  ADD CONSTRAINT `academic_score_attitude_fk1` FOREIGN KEY (`score_attitude_student`) REFERENCES `academic_student` (`student_nis`) ON UPDATE CASCADE,
  ADD CONSTRAINT `academic_score_attitude_fk2` FOREIGN KEY (`score_attitude_period`) REFERENCES `academic_period` (`period_id`) ON UPDATE CASCADE,
  ADD CONSTRAINT `academic_score_attitude_fk3` FOREIGN KEY (`score_attitude_semester`) REFERENCES `academic_semester` (`semester_id`) ON UPDATE CASCADE,
  ADD CONSTRAINT `academic_score_attitude_fk4` FOREIGN KEY (`score_attitude_subject`) REFERENCES `academic_subject` (`subject_id`) ON UPDATE CASCADE;

--
-- Constraints for table `academic_score_daily`
--
ALTER TABLE `academic_score_daily`
  ADD CONSTRAINT `academic_score_daily_fk1` FOREIGN KEY (`score_daily_type`) REFERENCES `academic_score_type` (`score_type_id`) ON UPDATE CASCADE,
  ADD CONSTRAINT `academic_score_daily_fk2` FOREIGN KEY (`score_daily_competence`) REFERENCES `academic_base_competence` (`base_competence_id`) ON UPDATE CASCADE,
  ADD CONSTRAINT `academic_score_daily_fk3` FOREIGN KEY (`score_daily_period`) REFERENCES `academic_period` (`period_id`) ON UPDATE CASCADE,
  ADD CONSTRAINT `academic_score_daily_fk5` FOREIGN KEY (`score_daily_student`) REFERENCES `academic_student` (`student_nis`) ON UPDATE CASCADE,
  ADD CONSTRAINT `academic_score_daily_fk6` FOREIGN KEY (`score_daily_semester`) REFERENCES `academic_semester` (`semester_id`) ON UPDATE CASCADE;

--
-- Constraints for table `academic_score_extracurricular`
--
ALTER TABLE `academic_score_extracurricular`
  ADD CONSTRAINT `academic_score_extracurricular_fk1` FOREIGN KEY (`score_extracurricular`) REFERENCES `academic_extracurricular` (`extracurricular_id`) ON UPDATE CASCADE,
  ADD CONSTRAINT `academic_score_extracurricular_fk2` FOREIGN KEY (`score_extracurricular_period`) REFERENCES `academic_period` (`period_id`) ON UPDATE CASCADE,
  ADD CONSTRAINT `academic_score_extracurricular_fk3` FOREIGN KEY (`score_extracurricular_semester`) REFERENCES `academic_semester` (`semester_id`) ON UPDATE CASCADE,
  ADD CONSTRAINT `academic_score_extracurricular_fk4` FOREIGN KEY (`score_extracurricular_student`) REFERENCES `academic_student` (`student_nis`) ON UPDATE CASCADE;

--
-- Constraints for table `academic_score_final`
--
ALTER TABLE `academic_score_final`
  ADD CONSTRAINT `academic_score_final_fk1` FOREIGN KEY (`score_final_student`) REFERENCES `academic_student` (`student_nis`) ON UPDATE CASCADE,
  ADD CONSTRAINT `academic_score_final_fk2` FOREIGN KEY (`score_final_subject`) REFERENCES `academic_subject` (`subject_id`) ON UPDATE CASCADE,
  ADD CONSTRAINT `academic_score_final_fk3` FOREIGN KEY (`score_final_period`) REFERENCES `academic_period` (`period_id`) ON UPDATE CASCADE,
  ADD CONSTRAINT `academic_score_final_fk4` FOREIGN KEY (`score_final_semester`) REFERENCES `academic_semester` (`semester_id`) ON UPDATE CASCADE,
  ADD CONSTRAINT `academic_score_final_fk5` FOREIGN KEY (`score_final_type`) REFERENCES `academic_score_type` (`score_type_id`) ON UPDATE CASCADE;

--
-- Constraints for table `academic_score_mid`
--
ALTER TABLE `academic_score_mid`
  ADD CONSTRAINT `academic_score_mid_fk1` FOREIGN KEY (`score_mid_student`) REFERENCES `academic_student` (`student_nis`) ON UPDATE CASCADE,
  ADD CONSTRAINT `academic_score_mid_fk2` FOREIGN KEY (`score_mid_period`) REFERENCES `academic_period` (`period_id`) ON UPDATE CASCADE,
  ADD CONSTRAINT `academic_score_mid_fk3` FOREIGN KEY (`score_mid_semester`) REFERENCES `academic_semester` (`semester_id`) ON UPDATE CASCADE,
  ADD CONSTRAINT `academic_score_mid_fk4` FOREIGN KEY (`score_mid_subject`) REFERENCES `academic_subject` (`subject_id`) ON UPDATE CASCADE;

--
-- Constraints for table `academic_score_percentase`
--
ALTER TABLE `academic_score_percentase`
  ADD CONSTRAINT `academic_score_percentase_fk1` FOREIGN KEY (`score_percentase_recap`) REFERENCES `academic_recapitulation_type` (`recapitulation_type_id`) ON UPDATE CASCADE,
  ADD CONSTRAINT `academic_score_percentase_fk2` FOREIGN KEY (`score_percentase_teacher`) REFERENCES `employees` (`employees_id`) ON UPDATE CASCADE,
  ADD CONSTRAINT `academic_score_percentase_fk3` FOREIGN KEY (`score_percentase_subject`) REFERENCES `academic_subject` (`subject_id`) ON UPDATE CASCADE,
  ADD CONSTRAINT `academic_score_percentase_fk4` FOREIGN KEY (`score_percentase_grade`) REFERENCES `academic_grade` (`grade_id`) ON UPDATE CASCADE,
  ADD CONSTRAINT `academic_score_percentase_fk5` FOREIGN KEY (`score_percentase_period`) REFERENCES `academic_period` (`period_id`) ON UPDATE CASCADE,
  ADD CONSTRAINT `academic_score_percentase_fk6` FOREIGN KEY (`score_percentase_semester`) REFERENCES `academic_semester` (`semester_id`) ON UPDATE CASCADE;

--
-- Constraints for table `academic_score_task`
--
ALTER TABLE `academic_score_task`
  ADD CONSTRAINT `academic_score_task_fk1` FOREIGN KEY (`score_task_student`) REFERENCES `academic_student` (`student_nis`) ON UPDATE CASCADE,
  ADD CONSTRAINT `academic_score_task_fk2` FOREIGN KEY (`score_task_description`) REFERENCES `academic_task_description` (`task_description_id`) ON UPDATE CASCADE;

--
-- Constraints for table `academic_student`
--
ALTER TABLE `academic_student`
  ADD CONSTRAINT `academic_student_fk1` FOREIGN KEY (`student_gender`) REFERENCES `public_gender` (`gender_id`) ON UPDATE CASCADE,
  ADD CONSTRAINT `academic_student_fk2` FOREIGN KEY (`student_religion`) REFERENCES `public_religion` (`religion_id`) ON UPDATE CASCADE,
  ADD CONSTRAINT `academic_student_fk3` FOREIGN KEY (`student_transportation`) REFERENCES `public_transportation` (`transportation_id`) ON UPDATE CASCADE,
  ADD CONSTRAINT `academic_student_fk4` FOREIGN KEY (`student_residance`) REFERENCES `academic_student_residance` (`student_residance_id`) ON UPDATE CASCADE,
  ADD CONSTRAINT `academic_student_fk5` FOREIGN KEY (`student_specialneeds`) REFERENCES `academic_student_special_needs` (`student_special_needs_id`) ON UPDATE CASCADE,
  ADD CONSTRAINT `academic_student_fk6` FOREIGN KEY (`student_city`) REFERENCES `public_city` (`city_id`) ON UPDATE CASCADE,
  ADD CONSTRAINT `academic_student_fk7` FOREIGN KEY (`student_distance`) REFERENCES `public_distance` (`distance_id`) ON UPDATE CASCADE;

--
-- Constraints for table `academic_student_academic_history`
--
ALTER TABLE `academic_student_academic_history`
  ADD CONSTRAINT `academic_student_academic_history_fk1` FOREIGN KEY (`academic_history_student`) REFERENCES `academic_student` (`student_nis`) ON UPDATE CASCADE,
  ADD CONSTRAINT `academic_student_academic_history_fk2` FOREIGN KEY (`academic_history_level`) REFERENCES `public_education` (`education_id`) ON UPDATE CASCADE;

--
-- Constraints for table `academic_student_achievement`
--
ALTER TABLE `academic_student_achievement`
  ADD CONSTRAINT `academic_student_achievement_fk1` FOREIGN KEY (`student_achievement_student`) REFERENCES `academic_student` (`student_nis`) ON UPDATE CASCADE,
  ADD CONSTRAINT `academic_student_achievement_fk2` FOREIGN KEY (`student_achievement_level`) REFERENCES `academic_student_achievement_level` (`achievement_level_id`) ON UPDATE CASCADE,
  ADD CONSTRAINT `academic_student_achievement_fk3` FOREIGN KEY (`student_achievement_contest_type`) REFERENCES `academic_achievement_contest_type` (`achievement_contest_type_id`) ON UPDATE CASCADE;

--
-- Constraints for table `academic_student_parent`
--
ALTER TABLE `academic_student_parent`
  ADD CONSTRAINT `academic_student_parent_fk1` FOREIGN KEY (`student_parent_of`) REFERENCES `academic_student` (`student_nis`) ON UPDATE CASCADE,
  ADD CONSTRAINT `academic_student_parent_fk2` FOREIGN KEY (`student_parent_job`) REFERENCES `public_job` (`job_id`) ON UPDATE CASCADE,
  ADD CONSTRAINT `academic_student_parent_fk3` FOREIGN KEY (`student_parent_lasteducation`) REFERENCES `public_education` (`education_id`) ON UPDATE CASCADE,
  ADD CONSTRAINT `academic_student_parent_fk4` FOREIGN KEY (`student_parent_icome`) REFERENCES `academic_student_parent_icome` (`student_parent_icome_id`) ON UPDATE CASCADE,
  ADD CONSTRAINT `academic_student_parent_fk5` FOREIGN KEY (`student_parent_identity`) REFERENCES `academic_student_parent_identity` (`student_parent_identity_id`) ON UPDATE CASCADE,
  ADD CONSTRAINT `academic_student_parent_fk6` FOREIGN KEY (`student_parent_city`) REFERENCES `public_city` (`city_id`) ON UPDATE CASCADE,
  ADD CONSTRAINT `academic_student_parent_fk7` FOREIGN KEY (`student_parent_religion`) REFERENCES `public_religion` (`religion_id`) ON UPDATE CASCADE;

--
-- Constraints for table `academic_student_scholarship`
--
ALTER TABLE `academic_student_scholarship`
  ADD CONSTRAINT `academic_student_scholarship_fk1` FOREIGN KEY (`student_scholarship_student`) REFERENCES `academic_student` (`student_nis`) ON UPDATE CASCADE,
  ADD CONSTRAINT `academic_student_scholarship_fk2` FOREIGN KEY (`student_scholarship_type`) REFERENCES `academic_student_scholarship_type` (`scholarship_type_id`) ON UPDATE CASCADE;

--
-- Constraints for table `academic_subject`
--
ALTER TABLE `academic_subject`
  ADD CONSTRAINT `academic_subject_fk1` FOREIGN KEY (`subject_parent`) REFERENCES `academic_subject` (`subject_id`) ON UPDATE CASCADE;

--
-- Constraints for table `academic_task_description`
--
ALTER TABLE `academic_task_description`
  ADD CONSTRAINT `academic_task_description_fk1` FOREIGN KEY (`task_description_semester`) REFERENCES `academic_semester` (`semester_id`) ON UPDATE CASCADE,
  ADD CONSTRAINT `academic_task_description_fk2` FOREIGN KEY (`task_description_teacher`) REFERENCES `employees` (`employees_id`) ON UPDATE CASCADE,
  ADD CONSTRAINT `academic_task_description_fk3` FOREIGN KEY (`task_description_period`) REFERENCES `academic_period` (`period_id`) ON UPDATE CASCADE,
  ADD CONSTRAINT `academic_task_description_fk4` FOREIGN KEY (`task_description_subject`) REFERENCES `academic_subject` (`subject_id`) ON UPDATE CASCADE,
  ADD CONSTRAINT `academic_task_description_fk5` FOREIGN KEY (`task_description_garde`) REFERENCES `academic_grade` (`grade_id`) ON UPDATE CASCADE;

--
-- Constraints for table `academic_teaching`
--
ALTER TABLE `academic_teaching`
  ADD CONSTRAINT `academic_teaching_fk1` FOREIGN KEY (`teaching_teacher`) REFERENCES `employees` (`employees_id`) ON UPDATE CASCADE,
  ADD CONSTRAINT `academic_teaching_fk2` FOREIGN KEY (`teaching_classgroup`) REFERENCES `academic_classgroup` (`classgroup_id`) ON UPDATE CASCADE,
  ADD CONSTRAINT `academic_teaching_fk3` FOREIGN KEY (`teaching_subject`) REFERENCES `academic_subject` (`subject_id`) ON UPDATE CASCADE,
  ADD CONSTRAINT `academic_teaching_fk4` FOREIGN KEY (`teaching_period`) REFERENCES `academic_period` (`period_id`) ON UPDATE CASCADE,
  ADD CONSTRAINT `academic_teaching_fk5` FOREIGN KEY (`teaching_semester`) REFERENCES `academic_semester` (`semester_id`) ON UPDATE CASCADE;

--
-- Constraints for table `asset_infrastructure`
--
ALTER TABLE `asset_infrastructure`
  ADD CONSTRAINT `asset_infrastructure_fk1` FOREIGN KEY (`infrastructure_condition`) REFERENCES `asset_infrastructure_condition` (`infrastructure_condition_id`) ON UPDATE CASCADE;

--
-- Constraints for table `employees`
--
ALTER TABLE `employees`
  ADD CONSTRAINT `employees_fk1` FOREIGN KEY (`employees_desc`) REFERENCES `employees_jobdescription` (`jobdescription_id`) ON UPDATE CASCADE,
  ADD CONSTRAINT `employees_fk2` FOREIGN KEY (`employees_gender`) REFERENCES `public_gender` (`gender_id`) ON UPDATE CASCADE,
  ADD CONSTRAINT `employees_fk3` FOREIGN KEY (`employees_religion`) REFERENCES `public_religion` (`religion_id`) ON UPDATE CASCADE,
  ADD CONSTRAINT `employees_fk4` FOREIGN KEY (`employees_transportation`) REFERENCES `public_transportation` (`transportation_id`) ON UPDATE CASCADE,
  ADD CONSTRAINT `employees_fk5` FOREIGN KEY (`employees_city`) REFERENCES `public_city` (`city_id`) ON UPDATE CASCADE,
  ADD CONSTRAINT `employees_fk6` FOREIGN KEY (`employees_status`) REFERENCES `employees_status` (`employees_status_id`) ON UPDATE CASCADE,
  ADD CONSTRAINT `employees_fk7` FOREIGN KEY (`employees_marriage_status`) REFERENCES `employees_marriage_status` (`marriage_status_id`) ON UPDATE CASCADE;

--
-- Constraints for table `myschool_apps_access`
--
ALTER TABLE `myschool_apps_access`
  ADD CONSTRAINT `myschool_apps_access_fk1` FOREIGN KEY (`access_usergroup`) REFERENCES `myschool_usergroup` (`usergroup_id`) ON UPDATE CASCADE,
  ADD CONSTRAINT `myschool_apps_access_fk2` FOREIGN KEY (`access_apps`) REFERENCES `myschool_apps` (`apps_id`) ON UPDATE CASCADE;

--
-- Constraints for table `myschool_apps_accessdetail`
--
ALTER TABLE `myschool_apps_accessdetail`
  ADD CONSTRAINT `myschool_apps_accessdetail_fk1` FOREIGN KEY (`accessdetail_access`) REFERENCES `myschool_apps_access` (`access_id`) ON UPDATE CASCADE,
  ADD CONSTRAINT `myschool_apps_accessdetail_fk2` FOREIGN KEY (`accessdetail_modul`) REFERENCES `myschool_apps_modul` (`modul_id`) ON UPDATE CASCADE;

--
-- Constraints for table `myschool_apps_menu`
--
ALTER TABLE `myschool_apps_menu`
  ADD CONSTRAINT `myschool_apps_menu_fk1` FOREIGN KEY (`menu_apps`) REFERENCES `myschool_apps` (`apps_id`) ON UPDATE CASCADE;

--
-- Constraints for table `myschool_apps_modul`
--
ALTER TABLE `myschool_apps_modul`
  ADD CONSTRAINT `myschool_apps_modul_fk1` FOREIGN KEY (`modul_apps`) REFERENCES `myschool_apps` (`apps_id`) ON UPDATE CASCADE;

--
-- Constraints for table `myschool_user`
--
ALTER TABLE `myschool_user`
  ADD CONSTRAINT `myschool_user_fk1` FOREIGN KEY (`user_isa`) REFERENCES `myschool_isa` (`isa_id`) ON UPDATE CASCADE;

--
-- Constraints for table `myschool_userprivilege`
--
ALTER TABLE `myschool_userprivilege`
  ADD CONSTRAINT `myschool_userprivilege_fk1` FOREIGN KEY (`userprivilege_user`) REFERENCES `myschool_user` (`user_id`) ON UPDATE CASCADE,
  ADD CONSTRAINT `myschool_userprivilege_fk2` FOREIGN KEY (`userprivilege_group`) REFERENCES `myschool_usergroup` (`usergroup_id`) ON UPDATE CASCADE;

--
-- Constraints for table `public_city`
--
ALTER TABLE `public_city`
  ADD CONSTRAINT `public_city_fk1` FOREIGN KEY (`city_province`) REFERENCES `public_province` (`province_id`) ON UPDATE CASCADE;

--
-- Constraints for table `public_province`
--
ALTER TABLE `public_province`
  ADD CONSTRAINT `public_province_fk1` FOREIGN KEY (`province_country`) REFERENCES `public_country` (`country_id`) ON UPDATE CASCADE;

/*!40101 SET CHARACTER_SET_CLIENT=@OLD_CHARACTER_SET_CLIENT */;
/*!40101 SET CHARACTER_SET_RESULTS=@OLD_CHARACTER_SET_RESULTS */;
/*!40101 SET COLLATION_CONNECTION=@OLD_COLLATION_CONNECTION */;
