-- phpMyAdmin SQL Dump
-- version 3.4.5
-- http://www.phpmyadmin.net
--
-- Host: localhost
-- Generation Time: Mar 21, 2013 at 05:07 PM
-- Server version: 5.5.16
-- PHP Version: 5.3.8

SET SQL_MODE="NO_AUTO_VALUE_ON_ZERO";
SET time_zone = "+00:00";


/*!40101 SET @OLD_CHARACTER_SET_CLIENT=@@CHARACTER_SET_CLIENT */;
/*!40101 SET @OLD_CHARACTER_SET_RESULTS=@@CHARACTER_SET_RESULTS */;
/*!40101 SET @OLD_COLLATION_CONNECTION=@@COLLATION_CONNECTION */;
/*!40101 SET NAMES utf8 */;

--
-- Database: `myschool`
--

-- --------------------------------------------------------

--
-- Table structure for table `academic_achievement_contest_type`
--

CREATE TABLE IF NOT EXISTS `academic_achievement_contest_type` (
  `achievement_contest_type_id` tinyint(2) NOT NULL,
  `achievement_contest_type_title` varchar(30) NOT NULL,
  `achievement_contest_type_isother` tinyint(1) NOT NULL,
  `achievement_contest_type_entry` datetime NOT NULL,
  `achievement_contest_type_entry_update` datetime NOT NULL,
  PRIMARY KEY (`achievement_contest_type_id`)
) ENGINE=InnoDB DEFAULT CHARSET=latin1;

--
-- Dumping data for table `academic_achievement_contest_type`
--

INSERT INTO `academic_achievement_contest_type` (`achievement_contest_type_id`, `achievement_contest_type_title`, `achievement_contest_type_isother`, `achievement_contest_type_entry`, `achievement_contest_type_entry_update`) VALUES
(1, 'Sains', 0, '2012-11-10 08:46:02', '2012-11-10 08:46:06'),
(2, 'Seni', 0, '2012-11-10 08:46:23', '2012-11-10 08:46:28'),
(3, 'Olahraga', 0, '2012-11-10 08:46:50', '2012-11-10 08:46:54'),
(4, 'Lain-Lain', 1, '2012-11-10 08:47:11', '2012-11-10 08:47:14');

-- --------------------------------------------------------

--
-- Table structure for table `academic_attendance`
--

CREATE TABLE IF NOT EXISTS `academic_attendance` (
  `attendance_id` varchar(12) NOT NULL,
  `attendance_student` varchar(10) NOT NULL,
  `attendance_guidance` varchar(12) NOT NULL,
  `attendance_sick` int(11) NOT NULL,
  `attendance_leave` int(11) NOT NULL,
  `attendance_alpha` int(11) NOT NULL,
  `attendance_score_type` tinyint(4) NOT NULL,
  `attendance_entry` datetime NOT NULL,
  `attendance_entry_update` datetime NOT NULL,
  PRIMARY KEY (`attendance_id`),
  KEY `academic_attendance_fk1` (`attendance_student`),
  KEY `academic_attendance_fk2` (`attendance_guidance`),
  KEY `academic_attendance_fk3` (`attendance_score_type`)
) ENGINE=InnoDB DEFAULT CHARSET=latin1;

--
-- Dumping data for table `academic_attendance`
--

INSERT INTO `academic_attendance` (`attendance_id`, `attendance_student`, `attendance_guidance`, `attendance_sick`, `attendance_leave`, `attendance_alpha`, `attendance_score_type`, `attendance_entry`, `attendance_entry_update`) VALUES
('201302140001', '121307001', '201302140013', 2, 1, 0, 1, '2013-02-14 21:22:23', '2013-02-14 21:31:14'),
('201302140002', '121307002', '201302140013', 0, 0, 0, 1, '2013-02-14 21:22:23', '2013-02-14 21:31:14'),
('201302140003', '121307003', '201302140013', 0, 0, 0, 1, '2013-02-14 21:22:23', '2013-02-14 21:31:14'),
('201302140004', '121307004', '201302140013', 0, 0, 0, 1, '2013-02-14 21:22:23', '2013-02-14 21:31:14'),
('201302140005', '121307005', '201302140013', 0, 0, 0, 1, '2013-02-14 21:22:23', '2013-02-14 21:31:14'),
('201302140006', '121307006', '201302140013', 0, 0, 0, 1, '2013-02-14 21:22:23', '2013-02-14 21:31:14'),
('201302140007', '121307007', '201302140013', 0, 0, 0, 1, '2013-02-14 21:22:23', '2013-02-14 21:31:14'),
('201302140008', '121307008', '201302140013', 0, 0, 0, 1, '2013-02-14 21:22:23', '2013-02-14 21:31:14'),
('201302140009', '121307009', '201302140013', 0, 0, 0, 1, '2013-02-14 21:22:23', '2013-02-14 21:31:14'),
('201302140010', '121307010', '201302140013', 0, 0, 0, 1, '2013-02-14 21:22:23', '2013-02-14 21:31:14'),
('201302140011', '121307011', '201302140013', 0, 0, 0, 1, '2013-02-14 21:22:23', '2013-02-14 21:31:14'),
('201302140012', '121307012', '201302140013', 0, 0, 0, 1, '2013-02-14 21:22:23', '2013-02-14 21:31:14'),
('201302140013', '121307013', '201302140013', 0, 0, 0, 1, '2013-02-14 21:22:23', '2013-02-14 21:31:14'),
('201302140014', '121307014', '201302140013', 0, 0, 0, 1, '2013-02-14 21:22:23', '2013-02-14 21:31:14'),
('201302140015', '121307015', '201302140013', 0, 0, 0, 1, '2013-02-14 21:22:23', '2013-02-14 21:31:14'),
('201302140016', '121307016', '201302140013', 0, 0, 0, 1, '2013-02-14 21:22:23', '2013-02-14 21:31:14'),
('201302140017', '121307017', '201302140013', 0, 0, 0, 1, '2013-02-14 21:22:23', '2013-02-14 21:31:14'),
('201302140018', '121307018', '201302140013', 0, 0, 0, 1, '2013-02-14 21:22:23', '2013-02-14 21:31:14'),
('201302140019', '121307019', '201302140013', 0, 0, 0, 1, '2013-02-14 21:22:23', '2013-02-14 21:31:14'),
('201302140020', '121307020', '201302140013', 0, 0, 0, 1, '2013-02-14 21:22:23', '2013-02-14 21:31:14'),
('201302140021', '121307021', '201302140013', 0, 0, 0, 1, '2013-02-14 21:22:23', '2013-02-14 21:31:14'),
('201302140022', '121307022', '201302140013', 0, 0, 0, 1, '2013-02-14 21:22:24', '2013-02-14 21:31:14'),
('201302140023', '121307023', '201302140013', 0, 0, 0, 1, '2013-02-14 21:22:24', '2013-02-14 21:31:14'),
('201302140024', '121307024', '201302140013', 0, 0, 0, 1, '2013-02-14 21:22:24', '2013-02-14 21:31:14'),
('201302140025', '121307025', '201302140013', 0, 0, 0, 1, '2013-02-14 21:22:24', '2013-02-14 21:31:14'),
('201302140026', '121307026', '201302140013', 0, 0, 0, 1, '2013-02-14 21:22:24', '2013-02-14 21:31:14'),
('201302140027', '121307027', '201302140013', 0, 0, 0, 1, '2013-02-14 21:22:24', '2013-02-14 21:31:14'),
('201302140028', '121307028', '201302140013', 0, 0, 0, 1, '2013-02-14 21:22:24', '2013-02-14 21:31:14'),
('201302140029', '121307029', '201302140013', 0, 0, 0, 1, '2013-02-14 21:22:24', '2013-02-14 21:31:14'),
('201302140030', '121307030', '201302140013', 0, 0, 0, 1, '2013-02-14 21:22:24', '2013-02-14 21:31:14'),
('201302140031', '111207105', '201302140022', 0, 0, 0, 1, '2013-02-14 22:46:34', '2013-02-14 22:46:34'),
('201302140032', '111207052', '201302140022', 0, 0, 0, 1, '2013-02-14 22:46:34', '2013-02-14 22:46:34'),
('201302140033', '111207107', '201302140022', 0, 0, 0, 1, '2013-02-14 22:46:34', '2013-02-14 22:46:34'),
('201302140034', '111207134', '201302140022', 0, 0, 0, 1, '2013-02-14 22:46:34', '2013-02-14 22:46:34'),
('201302140035', '111207083', '201302140022', 0, 0, 0, 1, '2013-02-14 22:46:34', '2013-02-14 22:46:34'),
('201302140036', '111207135', '201302140022', 0, 0, 0, 1, '2013-02-14 22:46:34', '2013-02-14 22:46:34'),
('201302140037', '111207034', '201302140022', 0, 0, 0, 1, '2013-02-14 22:46:34', '2013-02-14 22:46:34'),
('201302140038', '111207055', '201302140022', 0, 0, 0, 1, '2013-02-14 22:46:34', '2013-02-14 22:46:34'),
('201302140039', '111207115', '201302140022', 0, 0, 0, 1, '2013-02-14 22:46:34', '2013-02-14 22:46:34'),
('201302140040', '111207140', '201302140022', 0, 0, 0, 1, '2013-02-14 22:46:34', '2013-02-14 22:46:34'),
('201302140041', '111207168', '201302140022', 0, 0, 0, 1, '2013-02-14 22:46:34', '2013-02-14 22:46:34'),
('201302140042', '111207036', '201302140022', 0, 0, 0, 1, '2013-02-14 22:46:34', '2013-02-14 22:46:34'),
('201302140043', '111207192', '201302140022', 0, 0, 0, 1, '2013-02-14 22:46:34', '2013-02-14 22:46:34'),
('201302140044', '111207170', '201302140022', 0, 0, 0, 1, '2013-02-14 22:46:34', '2013-02-14 22:46:34'),
('201302140045', '111207038', '201302140022', 0, 0, 0, 1, '2013-02-14 22:46:34', '2013-02-14 22:46:34'),
('201302140046', '111207090', '201302140022', 0, 0, 0, 1, '2013-02-14 22:46:34', '2013-02-14 22:46:34'),
('201302140047', '111207063', '201302140022', 0, 0, 0, 1, '2013-02-14 22:46:34', '2013-02-14 22:46:34'),
('201302140048', '111207039', '201302140022', 0, 0, 0, 1, '2013-02-14 22:46:34', '2013-02-14 22:46:34'),
('201302140049', '111207045', '201302140022', 0, 0, 0, 1, '2013-02-14 22:46:34', '2013-02-14 22:46:34'),
('201302140050', '111207178', '201302140022', 0, 0, 0, 1, '2013-02-14 22:46:34', '2013-02-14 22:46:34'),
('201302140051', '111207206', '201302140022', 0, 0, 0, 1, '2013-02-14 22:46:34', '2013-02-14 22:46:34'),
('201302140052', '111207047', '201302140022', 0, 0, 0, 1, '2013-02-14 22:46:34', '2013-02-14 22:46:34'),
('201302140053', '111207126', '201302140022', 0, 0, 0, 1, '2013-02-14 22:46:34', '2013-02-14 22:46:34'),
('201302140054', '111207127', '201302140022', 0, 0, 0, 1, '2013-02-14 22:46:34', '2013-02-14 22:46:34'),
('201302140055', '111207152', '201302140022', 0, 0, 0, 1, '2013-02-14 22:46:34', '2013-02-14 22:46:34'),
('201302140056', '111207128', '201302140022', 0, 0, 0, 1, '2013-02-14 22:46:34', '2013-02-14 22:46:34'),
('201303200001', '121307001', '201303200013', 0, 0, 0, 1, '2013-03-20 17:18:36', '2013-03-20 17:18:36'),
('201303200002', '121307002', '201303200013', 0, 0, 0, 1, '2013-03-20 17:18:36', '2013-03-20 17:18:36'),
('201303200003', '121307003', '201303200013', 0, 0, 0, 1, '2013-03-20 17:18:36', '2013-03-20 17:18:36'),
('201303200004', '121307004', '201303200013', 0, 0, 0, 1, '2013-03-20 17:18:36', '2013-03-20 17:18:36'),
('201303200005', '121307005', '201303200013', 0, 0, 0, 1, '2013-03-20 17:18:36', '2013-03-20 17:18:36'),
('201303200006', '121307006', '201303200013', 0, 0, 0, 1, '2013-03-20 17:18:36', '2013-03-20 17:18:36'),
('201303200007', '121307007', '201303200013', 0, 0, 0, 1, '2013-03-20 17:18:36', '2013-03-20 17:18:36'),
('201303200008', '121307008', '201303200013', 0, 0, 0, 1, '2013-03-20 17:18:36', '2013-03-20 17:18:36'),
('201303200009', '121307009', '201303200013', 0, 0, 0, 1, '2013-03-20 17:18:36', '2013-03-20 17:18:36'),
('201303200010', '121307010', '201303200013', 0, 0, 0, 1, '2013-03-20 17:18:36', '2013-03-20 17:18:36'),
('201303200011', '121307011', '201303200013', 0, 0, 0, 1, '2013-03-20 17:18:36', '2013-03-20 17:18:36'),
('201303200012', '121307012', '201303200013', 0, 0, 0, 1, '2013-03-20 17:18:36', '2013-03-20 17:18:36'),
('201303200013', '121307013', '201303200013', 0, 0, 0, 1, '2013-03-20 17:18:36', '2013-03-20 17:18:36'),
('201303200014', '121307014', '201303200013', 0, 0, 0, 1, '2013-03-20 17:18:36', '2013-03-20 17:18:36'),
('201303200015', '121307015', '201303200013', 0, 0, 0, 1, '2013-03-20 17:18:36', '2013-03-20 17:18:36'),
('201303200016', '121307016', '201303200013', 0, 0, 0, 1, '2013-03-20 17:18:36', '2013-03-20 17:18:36'),
('201303200017', '121307017', '201303200013', 0, 0, 0, 1, '2013-03-20 17:18:36', '2013-03-20 17:18:36'),
('201303200018', '121307018', '201303200013', 0, 0, 0, 1, '2013-03-20 17:18:36', '2013-03-20 17:18:36'),
('201303200019', '121307019', '201303200013', 0, 0, 0, 1, '2013-03-20 17:18:36', '2013-03-20 17:18:36'),
('201303200020', '121307020', '201303200013', 0, 0, 0, 1, '2013-03-20 17:18:36', '2013-03-20 17:18:36'),
('201303200021', '121307021', '201303200013', 0, 0, 0, 1, '2013-03-20 17:18:36', '2013-03-20 17:18:36'),
('201303200022', '121307022', '201303200013', 0, 0, 0, 1, '2013-03-20 17:18:36', '2013-03-20 17:18:36'),
('201303200023', '121307023', '201303200013', 0, 0, 0, 1, '2013-03-20 17:18:36', '2013-03-20 17:18:36'),
('201303200024', '121307024', '201303200013', 0, 0, 0, 1, '2013-03-20 17:18:36', '2013-03-20 17:18:36'),
('201303200025', '121307025', '201303200013', 0, 0, 0, 1, '2013-03-20 17:18:36', '2013-03-20 17:18:36'),
('201303200026', '121307026', '201303200013', 0, 0, 0, 1, '2013-03-20 17:18:36', '2013-03-20 17:18:36'),
('201303200027', '121307027', '201303200013', 0, 0, 0, 1, '2013-03-20 17:18:36', '2013-03-20 17:18:36'),
('201303200028', '121307028', '201303200013', 0, 0, 0, 1, '2013-03-20 17:18:36', '2013-03-20 17:18:36'),
('201303200029', '121307029', '201303200013', 0, 0, 0, 1, '2013-03-20 17:18:36', '2013-03-20 17:18:36'),
('201303200030', '121307030', '201303200013', 0, 0, 0, 1, '2013-03-20 17:18:36', '2013-03-20 17:18:36');

-- --------------------------------------------------------

--
-- Table structure for table `academic_base_competence`
--

CREATE TABLE IF NOT EXISTS `academic_base_competence` (
  `base_competence_id` varchar(12) NOT NULL,
  `base_competence_title` varchar(250) NOT NULL,
  `base_competence_period` tinyint(4) NOT NULL,
  `base_competence_semester` tinyint(4) NOT NULL,
  `base_competence_teacher` varchar(12) NOT NULL,
  `base_competence_subject` tinyint(4) NOT NULL,
  `base_competence_grade` tinyint(2) NOT NULL,
  `base_competence_mlc` float NOT NULL,
  `base_competence_entry` datetime NOT NULL,
  `base_competence_entry_update` datetime NOT NULL,
  PRIMARY KEY (`base_competence_id`),
  KEY `academic_base_competence_fk2` (`base_competence_period`),
  KEY `academic_base_competence_fk3` (`base_competence_semester`),
  KEY `academic_base_competence_fk4` (`base_competence_subject`),
  KEY `academic_base_competence_fk5` (`base_competence_grade`),
  KEY `academic_base_competence_fk1` (`base_competence_teacher`)
) ENGINE=InnoDB DEFAULT CHARSET=latin1;

--
-- Dumping data for table `academic_base_competence`
--

INSERT INTO `academic_base_competence` (`base_competence_id`, `base_competence_title`, `base_competence_period`, `base_competence_semester`, `base_competence_teacher`, `base_competence_subject`, `base_competence_grade`, `base_competence_mlc`, `base_competence_entry`, `base_competence_entry_update`) VALUES
('201212060001', 'Pengenalan Komputer', 1, 1, '201212010049', 10, 1, 80, '2012-12-06 12:26:44', '2012-12-19 12:06:45'),
('201212060002', 'Internet', 1, 1, '201212010049', 10, 2, 75, '2012-12-06 13:22:37', '2012-12-06 13:22:42'),
('201212190001', 'Perkembangan Komputer', 1, 1, '201212010049', 10, 1, 80, '2012-12-19 09:53:09', '2012-12-19 11:59:02'),
('201301290001', 'Belajar Mengetik', 1, 1, '201212010049', 10, 1, 80, '2013-01-29 22:56:48', '2013-01-29 22:56:48');

-- --------------------------------------------------------

--
-- Table structure for table `academic_classgroup`
--

CREATE TABLE IF NOT EXISTS `academic_classgroup` (
  `classgroup_id` varchar(12) NOT NULL,
  `classgroup_grade` tinyint(2) NOT NULL,
  `classgroup_name` tinyint(2) NOT NULL,
  `classgroup_room` int(11) NOT NULL,
  `classgroup_period` tinyint(4) NOT NULL,
  `classgroup_semester` tinyint(1) NOT NULL,
  `classgroup_guardian` varchar(12) NOT NULL,
  `classgroup_entry` datetime NOT NULL,
  `classgroup_entry_update` datetime NOT NULL,
  PRIMARY KEY (`classgroup_id`),
  KEY `academic_classgroup_fk1` (`classgroup_grade`),
  KEY `academic_classgroup_fk5` (`classgroup_room`),
  KEY `academic_classgroup_fk4` (`classgroup_period`),
  KEY `academic_classgroup_fk3` (`classgroup_guardian`),
  KEY `academic_classgroup_fk2` (`classgroup_name`),
  KEY `academic_classgroup_fk6` (`classgroup_semester`)
) ENGINE=InnoDB DEFAULT CHARSET=latin1;

--
-- Dumping data for table `academic_classgroup`
--

INSERT INTO `academic_classgroup` (`classgroup_id`, `classgroup_grade`, `classgroup_name`, `classgroup_room`, `classgroup_period`, `classgroup_semester`, `classgroup_guardian`, `classgroup_entry`, `classgroup_entry_update`) VALUES
('1', 1, 1, -1, 1, 1, '201212010049', '2012-12-03 08:58:45', '2012-12-03 08:58:45'),
('10', 2, 2, -1, 1, 1, '201212010005', '2012-12-03 09:02:24', '2012-12-03 09:02:24'),
('11', 2, 3, -1, 1, 1, '201212010007', '2012-12-03 09:02:45', '2012-12-03 09:02:45'),
('12', 2, 4, -1, 1, 1, '201212010025', '2012-12-03 09:03:05', '2012-12-03 09:03:05'),
('13', 2, 5, -1, 1, 1, '201212010029', '2012-12-03 09:03:32', '2012-12-03 09:03:32'),
('14', 2, 6, -1, 1, 1, '201212010053', '2012-12-03 09:03:55', '2012-12-03 09:03:55'),
('15', 2, 7, -1, 1, 1, '201212010015', '2012-12-03 09:04:22', '2012-12-03 09:04:22'),
('16', 2, 8, -1, 1, 1, '201212010021', '2012-12-03 09:04:46', '2012-12-03 09:04:46'),
('17', 3, 1, -1, 1, 1, '201212010023', '2012-12-03 09:05:07', '2012-12-03 09:05:07'),
('18', 3, 2, -1, 1, 1, '201212010038', '2012-12-03 09:05:33', '2012-12-03 09:05:33'),
('19', 3, 3, -1, 1, 1, '201212010010', '2012-12-03 09:06:07', '2012-12-03 09:06:07'),
('2', 1, 2, -1, 1, 1, '201212010011', '2012-12-03 08:59:04', '2012-12-03 08:59:04'),
('20', 3, 4, -1, 1, 1, '201212010031', '2012-12-03 09:06:29', '2012-12-03 09:06:29'),
('201303190001', 1, 1, -1, 1, 2, '201212010049', '2013-03-19 17:18:12', '2013-03-19 17:18:12'),
('201303190002', 2, 2, -1, 1, 2, '201212010005', '2013-03-19 17:18:12', '2013-03-19 17:18:12'),
('201303190003', 2, 3, -1, 1, 2, '201212010007', '2013-03-19 17:18:12', '2013-03-19 17:18:12'),
('201303190004', 2, 4, -1, 1, 2, '201212010025', '2013-03-19 17:18:12', '2013-03-19 17:18:12'),
('201303190005', 2, 5, -1, 1, 2, '201212010029', '2013-03-19 17:18:12', '2013-03-19 17:18:12'),
('201303190006', 2, 6, -1, 1, 2, '201212010053', '2013-03-19 17:18:12', '2013-03-19 17:18:12'),
('201303190007', 2, 7, -1, 1, 2, '201212010015', '2013-03-19 17:18:12', '2013-03-19 17:18:12'),
('201303190008', 2, 8, -1, 1, 2, '201212010021', '2013-03-19 17:18:12', '2013-03-19 17:18:12'),
('201303190009', 3, 1, -1, 1, 2, '201212010023', '2013-03-19 17:18:12', '2013-03-19 17:18:12'),
('201303190010', 3, 2, -1, 1, 2, '201212010038', '2013-03-19 17:18:12', '2013-03-19 17:18:12'),
('201303190011', 3, 3, -1, 1, 2, '201212010010', '2013-03-19 17:18:12', '2013-03-19 17:18:12'),
('201303190012', 1, 2, -1, 1, 2, '201212010011', '2013-03-19 17:18:12', '2013-03-19 17:18:12'),
('201303190013', 3, 4, -1, 1, 2, '201212010031', '2013-03-19 17:18:12', '2013-03-19 17:18:12'),
('201303190014', 3, 5, -1, 1, 2, '201212010018', '2013-03-19 17:18:12', '2013-03-19 17:18:12'),
('201303190015', 3, 6, -1, 1, 2, '201212010002', '2013-03-19 17:18:12', '2013-03-19 17:18:12'),
('201303190016', 3, 7, -1, 1, 2, '201212010042', '2013-03-19 17:18:12', '2013-03-19 17:18:12'),
('201303190017', 3, 8, -1, 1, 2, '201212010019', '2013-03-19 17:18:12', '2013-03-19 17:18:12'),
('201303190018', 1, 9, -1, 1, 2, '000000000000', '2013-03-19 17:18:12', '2013-03-19 17:18:12'),
('201303190019', 1, 10, -1, 1, 2, '000000000000', '2013-03-19 17:18:12', '2013-03-19 17:18:12'),
('201303190020', 2, 12, -1, 1, 2, '000000000000', '2013-03-19 17:18:12', '2013-03-19 17:18:12'),
('201303190021', 1, 12, -1, 1, 2, '000000000000', '2013-03-19 17:18:12', '2013-03-19 17:18:12'),
('201303190022', 2, 11, -1, 1, 2, '000000000000', '2013-03-19 17:18:12', '2013-03-19 17:18:12'),
('201303190023', 1, 3, -1, 1, 2, '201212010014', '2013-03-19 17:18:12', '2013-03-19 17:18:12'),
('201303190024', 1, 11, -1, 1, 2, '000000000000', '2013-03-19 17:18:12', '2013-03-19 17:18:12'),
('201303190025', 2, 13, -1, 1, 2, '000000000000', '2013-03-19 17:18:12', '2013-03-19 17:18:12'),
('201303190026', 1, 13, -1, 1, 2, '000000000000', '2013-03-19 17:18:12', '2013-03-19 17:18:12'),
('201303190027', 2, 9, -1, 1, 2, '000000000000', '2013-03-19 17:18:12', '2013-03-19 17:18:12'),
('201303190028', 2, 10, -1, 1, 2, '000000000000', '2013-03-19 17:18:12', '2013-03-19 17:18:12'),
('201303190029', 2, 14, -1, 1, 2, '000000000000', '2013-03-19 17:18:12', '2013-03-19 17:18:12'),
('201303190030', 1, 14, -1, 1, 2, '000000000000', '2013-03-19 17:18:13', '2013-03-19 17:18:13'),
('201303190031', 2, 15, -1, 1, 2, '000000000000', '2013-03-19 17:18:13', '2013-03-19 17:18:13'),
('201303190032', 1, 15, -1, 1, 2, '000000000000', '2013-03-19 17:18:13', '2013-03-19 17:18:13'),
('201303190033', 2, 16, -1, 1, 2, '000000000000', '2013-03-19 17:18:13', '2013-03-19 17:18:13'),
('201303190034', 1, 4, -1, 1, 2, '201212010022', '2013-03-19 17:18:13', '2013-03-19 17:18:13'),
('201303190035', 1, 16, -1, 1, 2, '000000000000', '2013-03-19 17:18:13', '2013-03-19 17:18:13'),
('201303190036', 2, 17, -1, 1, 2, '000000000000', '2013-03-19 17:18:13', '2013-03-19 17:18:13'),
('201303190037', 1, 17, -1, 1, 2, '000000000000', '2013-03-19 17:18:13', '2013-03-19 17:18:13'),
('201303190038', 2, 18, -1, 1, 2, '000000000000', '2013-03-19 17:18:13', '2013-03-19 17:18:13'),
('201303190039', 1, 18, -1, 1, 2, '000000000000', '2013-03-19 17:18:13', '2013-03-19 17:18:13'),
('201303190040', 1, 19, -1, 1, 2, '000000000000', '2013-03-19 17:18:13', '2013-03-19 17:18:13'),
('201303190041', 2, 11, -1, 1, 2, '000000000000', '2013-03-19 17:18:13', '2013-03-19 17:18:13'),
('201303190042', 1, 5, -1, 1, 2, '201212010013', '2013-03-19 17:18:13', '2013-03-19 17:18:13'),
('201303190043', 1, 6, -1, 1, 2, '201212010045', '2013-03-19 17:18:13', '2013-03-19 17:18:13'),
('201303190044', 1, 7, -1, 1, 2, '201212010028', '2013-03-19 17:18:13', '2013-03-19 17:18:13'),
('201303190045', 1, 8, -1, 1, 2, '201212010006', '2013-03-19 17:18:13', '2013-03-19 17:18:13'),
('201303190046', 2, 1, -1, 1, 2, '201212010026', '2013-03-19 17:18:13', '2013-03-19 17:18:13'),
('21', 3, 5, -1, 1, 1, '201212010018', '2012-12-03 09:06:53', '2012-12-03 09:06:53'),
('22', 3, 6, -1, 1, 1, '201212010002', '2012-12-03 09:07:23', '2012-12-03 09:07:23'),
('23', 3, 7, -1, 1, 1, '201212010042', '2012-12-03 09:07:42', '2012-12-03 09:07:42'),
('24', 3, 8, -1, 1, 1, '201212010019', '2012-12-03 09:08:09', '2012-12-03 09:08:09'),
('25', 1, 9, -1, 1, 1, '000000000000', '2013-02-06 10:44:16', '2013-02-06 10:44:19'),
('26', 1, 10, -1, 1, 1, '000000000000', '2013-02-09 13:29:41', '2013-02-09 13:29:44'),
('27', 2, 12, -1, 1, 1, '000000000000', '2013-02-14 08:32:42', '2013-02-14 08:32:44'),
('28', 1, 12, -1, 1, 1, '000000000000', '2013-02-14 08:34:30', '2013-02-14 08:34:35'),
('29', 2, 11, -1, 1, 1, '000000000000', '2013-02-14 08:36:45', '2013-02-14 08:36:49'),
('3', 1, 3, -1, 1, 1, '201212010014', '2012-12-03 08:59:28', '2012-12-03 08:59:28'),
('30', 1, 11, -1, 1, 1, '000000000000', '2013-02-14 08:37:38', '2013-02-14 08:37:41'),
('31', 2, 13, -1, 1, 1, '000000000000', '2013-02-14 08:39:43', '2013-02-14 08:39:45'),
('32', 1, 13, -1, 1, 1, '000000000000', '2013-02-14 08:40:28', '2013-02-14 08:40:31'),
('33', 2, 9, -1, 1, 1, '000000000000', '2013-02-14 08:41:34', '2013-02-14 08:41:36'),
('34', 2, 10, -1, 1, 1, '000000000000', '2013-02-14 08:42:46', '2013-02-14 08:42:48'),
('35', 2, 14, -1, 1, 1, '000000000000', '2013-02-14 08:43:54', '2013-02-14 08:43:56'),
('36', 1, 14, -1, 1, 1, '000000000000', '2013-02-14 08:44:18', '2013-02-14 08:44:21'),
('37', 2, 15, -1, 1, 1, '000000000000', '2013-02-14 08:45:31', '2013-02-14 08:45:33'),
('38', 1, 15, -1, 1, 1, '000000000000', '2013-02-14 08:45:55', '2013-02-14 08:45:58'),
('39', 2, 16, -1, 1, 1, '000000000000', '2013-02-14 08:47:35', '2013-02-14 08:47:38'),
('4', 1, 4, -1, 1, 1, '201212010022', '2012-12-03 08:59:50', '2012-12-03 08:59:50'),
('40', 1, 16, -1, 1, 1, '000000000000', '2013-02-14 08:47:54', '2013-02-14 08:47:57'),
('41', 2, 17, -1, 1, 1, '000000000000', '2013-02-14 08:48:55', '2013-02-14 08:48:57'),
('42', 1, 17, -1, 1, 1, '000000000000', '2013-02-14 08:49:24', '2013-02-14 08:49:27'),
('43', 2, 18, -1, 1, 1, '000000000000', '2013-02-14 08:50:24', '2013-02-14 08:50:27'),
('44', 1, 18, -1, 1, 1, '000000000000', '2013-02-14 08:50:44', '2013-02-14 08:50:46'),
('45', 1, 19, -1, 1, 1, '000000000000', '2013-02-14 08:51:41', '2013-02-14 08:51:43'),
('46', 2, 11, -1, 1, 1, '000000000000', '2013-02-14 22:32:17', '2013-02-14 22:32:20'),
('5', 1, 5, -1, 1, 1, '201212010013', '2012-12-03 09:00:15', '2012-12-03 09:00:15'),
('6', 1, 6, -1, 1, 1, '201212010045', '2012-12-03 09:00:42', '2012-12-03 09:00:42'),
('7', 1, 7, -1, 1, 1, '201212010028', '2012-12-03 09:01:12', '2012-12-03 09:01:12'),
('8', 1, 8, -1, 1, 1, '201212010006', '2012-12-03 09:01:37', '2012-12-03 09:01:37'),
('9', 2, 1, -1, 1, 1, '201212010026', '2012-12-03 09:02:07', '2012-12-03 09:02:07');

-- --------------------------------------------------------

--
-- Table structure for table `academic_classhistory`
--

CREATE TABLE IF NOT EXISTS `academic_classhistory` (
  `classhistory_id` varchar(12) NOT NULL,
  `classhistory_student` varchar(10) NOT NULL,
  `classhistory_classgroup` varchar(12) NOT NULL,
  `classhistory_status` tinyint(2) NOT NULL,
  `classhistory_entry` datetime NOT NULL,
  `classhistory_entry_update` datetime NOT NULL,
  PRIMARY KEY (`classhistory_id`),
  KEY `academic_classhistory_fk1` (`classhistory_student`),
  KEY `academic_classhistory_fk3` (`classhistory_status`),
  KEY `academic_classhistory_fk2` (`classhistory_classgroup`)
) ENGINE=InnoDB DEFAULT CHARSET=latin1;

--
-- Dumping data for table `academic_classhistory`
--

INSERT INTO `academic_classhistory` (`classhistory_id`, `classhistory_student`, `classhistory_classgroup`, `classhistory_status`, `classhistory_entry`, `classhistory_entry_update`) VALUES
('201302130001', '121307001', '1', 1, '2013-02-13 17:16:59', '2013-02-13 17:16:59'),
('201302130002', '121307002', '1', 1, '2013-02-13 17:16:59', '2013-02-13 17:16:59'),
('201302130003', '121307003', '1', 1, '2013-02-13 17:16:59', '2013-02-13 17:16:59'),
('201302130004', '121307004', '1', 1, '2013-02-13 17:16:59', '2013-02-13 17:16:59'),
('201302130005', '121307005', '1', 1, '2013-02-13 17:16:59', '2013-02-13 17:16:59'),
('201302130006', '121307006', '1', 1, '2013-02-13 17:16:59', '2013-02-13 17:16:59'),
('201302130007', '121307007', '1', 1, '2013-02-13 17:16:59', '2013-02-13 17:16:59'),
('201302130008', '121307008', '1', 1, '2013-02-13 17:16:59', '2013-02-13 17:16:59'),
('201302130009', '121307009', '1', 1, '2013-02-13 17:16:59', '2013-02-13 17:16:59'),
('201302130010', '121307010', '1', 1, '2013-02-13 17:16:59', '2013-02-13 17:16:59'),
('201302130011', '121307011', '1', 1, '2013-02-13 17:16:59', '2013-02-13 17:16:59'),
('201302130012', '121307012', '1', 1, '2013-02-13 17:16:59', '2013-02-13 17:16:59'),
('201302130013', '121307013', '1', 1, '2013-02-13 17:16:59', '2013-02-13 17:16:59'),
('201302130014', '121307014', '1', 1, '2013-02-13 17:16:59', '2013-02-13 17:16:59'),
('201302130015', '121307015', '1', 1, '2013-02-13 17:16:59', '2013-02-13 17:16:59'),
('201302130016', '121307016', '1', 1, '2013-02-13 17:16:59', '2013-02-13 17:16:59'),
('201302130017', '121307017', '1', 1, '2013-02-13 17:16:59', '2013-02-13 17:16:59'),
('201302130018', '121307018', '1', 1, '2013-02-13 17:16:59', '2013-02-13 17:16:59'),
('201302130019', '121307019', '1', 1, '2013-02-13 17:16:59', '2013-02-13 17:16:59'),
('201302130020', '121307020', '1', 1, '2013-02-13 17:16:59', '2013-02-13 17:16:59'),
('201302130021', '121307021', '1', 1, '2013-02-13 17:16:59', '2013-02-13 17:16:59'),
('201302130022', '121307022', '1', 1, '2013-02-13 17:16:59', '2013-02-13 17:16:59'),
('201302130023', '121307023', '1', 1, '2013-02-13 17:16:59', '2013-02-13 17:16:59'),
('201302130024', '121307024', '1', 1, '2013-02-13 17:16:59', '2013-02-13 17:16:59'),
('201302130025', '121307025', '1', 1, '2013-02-13 17:16:59', '2013-02-13 17:16:59'),
('201302130026', '121307026', '1', 1, '2013-02-13 17:16:59', '2013-02-13 17:16:59'),
('201302130027', '121307027', '1', 1, '2013-02-13 17:16:59', '2013-02-13 17:16:59'),
('201302130028', '121307028', '1', 1, '2013-02-13 17:16:59', '2013-02-13 17:16:59'),
('201302130029', '121307029', '1', 1, '2013-02-13 17:16:59', '2013-02-13 17:16:59'),
('201302130030', '121307030', '1', 1, '2013-02-13 17:16:59', '2013-02-13 17:16:59'),
('201302130031', '121307031', '2', 1, '2013-02-13 17:16:59', '2013-02-13 17:16:59'),
('201302130032', '121307032', '2', 1, '2013-02-13 17:16:59', '2013-02-13 17:16:59'),
('201302130033', '121307033', '2', 1, '2013-02-13 17:16:59', '2013-02-13 17:16:59'),
('201302130034', '121307034', '2', 1, '2013-02-13 17:16:59', '2013-02-13 17:16:59'),
('201302130035', '121307035', '2', 1, '2013-02-13 17:16:59', '2013-02-13 17:16:59'),
('201302130036', '121307036', '2', 1, '2013-02-13 17:16:59', '2013-02-13 17:16:59'),
('201302130037', '121307037', '2', 1, '2013-02-13 17:16:59', '2013-02-13 17:16:59'),
('201302130038', '121307038', '2', 1, '2013-02-13 17:16:59', '2013-02-13 17:16:59'),
('201302130039', '121307039', '2', 1, '2013-02-13 17:16:59', '2013-02-13 17:16:59'),
('201302130040', '121307040', '2', 1, '2013-02-13 17:16:59', '2013-02-13 17:16:59'),
('201302130041', '121307041', '2', 1, '2013-02-13 17:16:59', '2013-02-13 17:16:59'),
('201302130042', '121307042', '2', 1, '2013-02-13 17:16:59', '2013-02-13 17:16:59'),
('201302130043', '121307043', '2', 1, '2013-02-13 17:16:59', '2013-02-13 17:16:59'),
('201302130044', '121307044', '2', 1, '2013-02-13 17:16:59', '2013-02-13 17:16:59'),
('201302130045', '121307045', '2', 1, '2013-02-13 17:16:59', '2013-02-13 17:16:59'),
('201302130046', '121307046', '2', 1, '2013-02-13 17:16:59', '2013-02-13 17:16:59'),
('201302130047', '121307047', '2', 1, '2013-02-13 17:16:59', '2013-02-13 17:16:59'),
('201302130048', '121307048', '2', 1, '2013-02-13 17:16:59', '2013-02-13 17:16:59'),
('201302130049', '121307049', '2', 1, '2013-02-13 17:16:59', '2013-02-13 17:16:59'),
('201302130050', '121307050', '2', 1, '2013-02-13 17:16:59', '2013-02-13 17:16:59'),
('201302130051', '121307051', '2', 1, '2013-02-13 17:16:59', '2013-02-13 17:16:59'),
('201302130052', '121307052', '2', 1, '2013-02-13 17:16:59', '2013-02-13 17:16:59'),
('201302130053', '121307053', '2', 1, '2013-02-13 17:16:59', '2013-02-13 17:16:59'),
('201302130054', '121307054', '2', 1, '2013-02-13 17:16:59', '2013-02-13 17:16:59'),
('201302130055', '121307055', '2', 1, '2013-02-13 17:16:59', '2013-02-13 17:16:59'),
('201302130056', '121307056', '2', 1, '2013-02-13 17:17:00', '2013-02-13 17:17:00'),
('201302130057', '121307057', '2', 1, '2013-02-13 17:17:00', '2013-02-13 17:17:00'),
('201302130058', '121307058', '2', 1, '2013-02-13 17:17:00', '2013-02-13 17:17:00'),
('201302130059', '121307059', '2', 1, '2013-02-13 17:17:00', '2013-02-13 17:17:00'),
('201302130060', '121307060', '3', 1, '2013-02-13 17:17:00', '2013-02-13 17:17:00'),
('201302130061', '121307061', '3', 1, '2013-02-13 17:17:00', '2013-02-13 17:17:00'),
('201302130062', '121307062', '3', 1, '2013-02-13 17:17:00', '2013-02-13 17:17:00'),
('201302130063', '121307063', '3', 1, '2013-02-13 17:17:00', '2013-02-13 17:17:00'),
('201302130064', '121307064', '3', 1, '2013-02-13 17:17:00', '2013-02-13 17:17:00'),
('201302130065', '121307065', '3', 1, '2013-02-13 17:17:00', '2013-02-13 17:17:00'),
('201302130066', '121307066', '3', 1, '2013-02-13 17:17:00', '2013-02-13 17:17:00'),
('201302130067', '121307067', '3', 1, '2013-02-13 17:17:00', '2013-02-13 17:17:00'),
('201302130068', '121307068', '3', 1, '2013-02-13 17:17:00', '2013-02-13 17:17:00'),
('201302130069', '121307069', '3', 1, '2013-02-13 17:17:00', '2013-02-13 17:17:00'),
('201302130070', '121307070', '3', 1, '2013-02-13 17:17:00', '2013-02-13 17:17:00'),
('201302130071', '121307071', '3', 1, '2013-02-13 17:17:00', '2013-02-13 17:17:00'),
('201302130072', '121307072', '3', 1, '2013-02-13 17:17:00', '2013-02-13 17:17:00'),
('201302130073', '121307073', '3', 1, '2013-02-13 17:17:00', '2013-02-13 17:17:00'),
('201302130074', '121307074', '3', 1, '2013-02-13 17:17:00', '2013-02-13 17:17:00'),
('201302130075', '121307075', '3', 1, '2013-02-13 17:17:00', '2013-02-13 17:17:00'),
('201302130076', '121307076', '3', 1, '2013-02-13 17:17:00', '2013-02-13 17:17:00'),
('201302130077', '121307077', '3', 1, '2013-02-13 17:17:00', '2013-02-13 17:17:00'),
('201302130078', '121307078', '3', 1, '2013-02-13 17:17:00', '2013-02-13 17:17:00'),
('201302130079', '121307079', '3', 1, '2013-02-13 17:17:00', '2013-02-13 17:17:00'),
('201302130080', '121307080', '3', 1, '2013-02-13 17:17:00', '2013-02-13 17:17:00'),
('201302130081', '121307081', '3', 1, '2013-02-13 17:17:00', '2013-02-13 17:17:00'),
('201302130082', '121307082', '3', 1, '2013-02-13 17:17:00', '2013-02-13 17:17:00'),
('201302130083', '121307083', '3', 1, '2013-02-13 17:17:00', '2013-02-13 17:17:00'),
('201302130084', '121307084', '3', 1, '2013-02-13 17:17:00', '2013-02-13 17:17:00'),
('201302130085', '121307085', '3', 1, '2013-02-13 17:17:00', '2013-02-13 17:17:00'),
('201302130086', '121307086', '3', 1, '2013-02-13 17:17:00', '2013-02-13 17:17:00'),
('201302130087', '121307087', '3', 1, '2013-02-13 17:17:00', '2013-02-13 17:17:00'),
('201302130088', '121307088', '3', 1, '2013-02-13 17:17:00', '2013-02-13 17:17:00'),
('201302130089', '121307089', '3', 1, '2013-02-13 17:17:00', '2013-02-13 17:17:00'),
('201302130090', '121307090', '4', 1, '2013-02-13 17:17:00', '2013-02-13 17:17:00'),
('201302130091', '121307091', '4', 1, '2013-02-13 17:17:00', '2013-02-13 17:17:00'),
('201302130092', '121307092', '4', 1, '2013-02-13 17:17:00', '2013-02-13 17:17:00'),
('201302130093', '121307093', '4', 1, '2013-02-13 17:17:00', '2013-02-13 17:17:00'),
('201302130094', '121307094', '4', 1, '2013-02-13 17:17:00', '2013-02-13 17:17:00'),
('201302130095', '121307095', '4', 1, '2013-02-13 17:17:00', '2013-02-13 17:17:00'),
('201302130096', '121307096', '4', 1, '2013-02-13 17:17:00', '2013-02-13 17:17:00'),
('201302130097', '121307097', '4', 1, '2013-02-13 17:17:00', '2013-02-13 17:17:00'),
('201302130098', '121307098', '4', 1, '2013-02-13 17:17:00', '2013-02-13 17:17:00'),
('201302130099', '121307099', '4', 1, '2013-02-13 17:17:00', '2013-02-13 17:17:00'),
('201302130100', '121307100', '4', 1, '2013-02-13 17:17:00', '2013-02-13 17:17:00'),
('201302130101', '121307101', '4', 1, '2013-02-13 17:17:00', '2013-02-13 17:17:00'),
('201302130102', '121307102', '4', 1, '2013-02-13 17:17:00', '2013-02-13 17:17:00'),
('201302130103', '121307103', '4', 1, '2013-02-13 17:17:00', '2013-02-13 17:17:00'),
('201302130104', '121307104', '4', 1, '2013-02-13 17:17:00', '2013-02-13 17:17:00'),
('201302130105', '121307105', '4', 1, '2013-02-13 17:17:00', '2013-02-13 17:17:00'),
('201302130106', '121307106', '4', 1, '2013-02-13 17:17:00', '2013-02-13 17:17:00'),
('201302130107', '121307107', '4', 1, '2013-02-13 17:17:00', '2013-02-13 17:17:00'),
('201302130108', '121307108', '4', 1, '2013-02-13 17:17:00', '2013-02-13 17:17:00'),
('201302130109', '121307109', '4', 1, '2013-02-13 17:17:00', '2013-02-13 17:17:00'),
('201302130110', '121307110', '4', 1, '2013-02-13 17:17:00', '2013-02-13 17:17:00'),
('201302130111', '121307111', '4', 1, '2013-02-13 17:17:00', '2013-02-13 17:17:00'),
('201302130112', '121307112', '4', 1, '2013-02-13 17:17:00', '2013-02-13 17:17:00'),
('201302130113', '121307113', '4', 1, '2013-02-13 17:17:00', '2013-02-13 17:17:00'),
('201302130114', '121307114', '4', 1, '2013-02-13 17:17:00', '2013-02-13 17:17:00'),
('201302130115', '121307115', '4', 1, '2013-02-13 17:17:00', '2013-02-13 17:17:00'),
('201302130116', '121307116', '4', 1, '2013-02-13 17:17:00', '2013-02-13 17:17:00'),
('201302130117', '121307117', '4', 1, '2013-02-13 17:17:00', '2013-02-13 17:17:00'),
('201302130118', '121307118', '4', 1, '2013-02-13 17:17:00', '2013-02-13 17:17:00'),
('201302130119', '121307119', '4', 1, '2013-02-13 17:17:00', '2013-02-13 17:17:00'),
('201302130120', '121307120', '5', 1, '2013-02-13 17:17:00', '2013-02-13 17:17:00'),
('201302130121', '121307121', '5', 1, '2013-02-13 17:17:00', '2013-02-13 17:17:00'),
('201302130122', '121307122', '5', 1, '2013-02-13 17:17:00', '2013-02-13 17:17:00'),
('201302130123', '121307123', '5', 1, '2013-02-13 17:17:00', '2013-02-13 17:17:00'),
('201302130124', '121307124', '5', 1, '2013-02-13 17:17:00', '2013-02-13 17:17:00'),
('201302130125', '121307125', '5', 1, '2013-02-13 17:17:00', '2013-02-13 17:17:00'),
('201302130126', '121307126', '5', 1, '2013-02-13 17:17:00', '2013-02-13 17:17:00'),
('201302130127', '121307127', '5', 1, '2013-02-13 17:17:00', '2013-02-13 17:17:00'),
('201302130128', '121307128', '5', 1, '2013-02-13 17:17:00', '2013-02-13 17:17:00'),
('201302130129', '121307129', '5', 1, '2013-02-13 17:17:00', '2013-02-13 17:17:00'),
('201302130130', '121307130', '5', 1, '2013-02-13 17:17:00', '2013-02-13 17:17:00'),
('201302130131', '121307131', '5', 1, '2013-02-13 17:17:00', '2013-02-13 17:17:00'),
('201302130132', '121307132', '5', 1, '2013-02-13 17:17:00', '2013-02-13 17:17:00'),
('201302130133', '121307133', '5', 1, '2013-02-13 17:17:00', '2013-02-13 17:17:00'),
('201302130134', '121307134', '5', 1, '2013-02-13 17:17:00', '2013-02-13 17:17:00'),
('201302130135', '121307135', '5', 1, '2013-02-13 17:17:00', '2013-02-13 17:17:00'),
('201302130136', '121307136', '5', 1, '2013-02-13 17:17:00', '2013-02-13 17:17:00'),
('201302130137', '121307137', '5', 1, '2013-02-13 17:17:01', '2013-02-13 17:17:01'),
('201302130138', '121307138', '5', 1, '2013-02-13 17:17:01', '2013-02-13 17:17:01'),
('201302130139', '121307139', '5', 1, '2013-02-13 17:17:01', '2013-02-13 17:17:01'),
('201302130140', '121307140', '5', 1, '2013-02-13 17:17:01', '2013-02-13 17:17:01'),
('201302130141', '121307141', '5', 1, '2013-02-13 17:17:01', '2013-02-13 17:17:01'),
('201302130142', '121307142', '5', 1, '2013-02-13 17:17:01', '2013-02-13 17:17:01'),
('201302130143', '121307143', '5', 1, '2013-02-13 17:17:01', '2013-02-13 17:17:01'),
('201302130144', '121307144', '5', 1, '2013-02-13 17:17:01', '2013-02-13 17:17:01'),
('201302130145', '121307145', '5', 1, '2013-02-13 17:17:01', '2013-02-13 17:17:01'),
('201302130146', '121307146', '5', 1, '2013-02-13 17:17:01', '2013-02-13 17:17:01'),
('201302130147', '121307147', '5', 1, '2013-02-13 17:17:01', '2013-02-13 17:17:01'),
('201302130148', '121307148', '5', 1, '2013-02-13 17:17:01', '2013-02-13 17:17:01'),
('201302130149', '121307149', '5', 1, '2013-02-13 17:17:01', '2013-02-13 17:17:01'),
('201302130150', '121307150', '6', 1, '2013-02-13 17:17:01', '2013-02-13 17:17:01'),
('201302130151', '121307151', '6', 1, '2013-02-13 17:17:01', '2013-02-13 17:17:01'),
('201302130152', '121307152', '6', 1, '2013-02-13 17:17:01', '2013-02-13 17:17:01'),
('201302130153', '121307153', '6', 1, '2013-02-13 17:17:01', '2013-02-13 17:17:01'),
('201302130154', '121307154', '6', 1, '2013-02-13 17:17:01', '2013-02-13 17:17:01'),
('201302130155', '121307155', '6', 1, '2013-02-13 17:17:01', '2013-02-13 17:17:01'),
('201302130156', '121307156', '6', 1, '2013-02-13 17:17:01', '2013-02-13 17:17:01'),
('201302130157', '121307157', '6', 1, '2013-02-13 17:17:01', '2013-02-13 17:17:01'),
('201302130158', '121307158', '6', 1, '2013-02-13 17:17:01', '2013-02-13 17:17:01'),
('201302130159', '121307159', '6', 1, '2013-02-13 17:17:01', '2013-02-13 17:17:01'),
('201302130160', '121307160', '6', 1, '2013-02-13 17:17:01', '2013-02-13 17:17:01'),
('201302130161', '121307161', '6', 1, '2013-02-13 17:17:01', '2013-02-13 17:17:01'),
('201302130162', '121307162', '6', 1, '2013-02-13 17:17:01', '2013-02-13 17:17:01'),
('201302130163', '121307163', '6', 1, '2013-02-13 17:17:01', '2013-02-13 17:17:01'),
('201302130164', '121307164', '6', 1, '2013-02-13 17:17:01', '2013-02-13 17:17:01'),
('201302130165', '121307165', '6', 1, '2013-02-13 17:17:01', '2013-02-13 17:17:01'),
('201302130166', '121307166', '6', 1, '2013-02-13 17:17:01', '2013-02-13 17:17:01'),
('201302130167', '121307167', '6', 1, '2013-02-13 17:17:01', '2013-02-13 17:17:01'),
('201302130168', '121307168', '6', 1, '2013-02-13 17:17:01', '2013-02-13 17:17:01'),
('201302130169', '121307169', '6', 1, '2013-02-13 17:17:01', '2013-02-13 17:17:01'),
('201302130170', '121307170', '6', 1, '2013-02-13 17:17:01', '2013-02-13 17:17:01'),
('201302130171', '121307171', '6', 1, '2013-02-13 17:17:01', '2013-02-13 17:17:01'),
('201302130172', '121307172', '6', 1, '2013-02-13 17:17:01', '2013-02-13 17:17:01'),
('201302130173', '121307173', '6', 1, '2013-02-13 17:17:01', '2013-02-13 17:17:01'),
('201302130174', '121307174', '6', 1, '2013-02-13 17:17:01', '2013-02-13 17:17:01'),
('201302130175', '121307175', '6', 1, '2013-02-13 17:17:01', '2013-02-13 17:17:01'),
('201302130176', '121307176', '6', 1, '2013-02-13 17:17:01', '2013-02-13 17:17:01'),
('201302130177', '121307177', '6', 1, '2013-02-13 17:17:01', '2013-02-13 17:17:01'),
('201302130178', '121307178', '6', 1, '2013-02-13 17:17:01', '2013-02-13 17:17:01'),
('201302130179', '121307179', '7', 1, '2013-02-13 17:17:01', '2013-02-13 17:17:01'),
('201302130180', '121307180', '7', 1, '2013-02-13 17:17:01', '2013-02-13 17:17:01'),
('201302130181', '121307181', '7', 1, '2013-02-13 17:17:01', '2013-02-13 17:17:01'),
('201302130182', '121307182', '7', 1, '2013-02-13 17:17:01', '2013-02-13 17:17:01'),
('201302130183', '121307183', '7', 1, '2013-02-13 17:17:01', '2013-02-13 17:17:01'),
('201302130184', '121307184', '7', 1, '2013-02-13 17:17:01', '2013-02-13 17:17:01'),
('201302130185', '121307185', '7', 1, '2013-02-13 17:17:01', '2013-02-13 17:17:01'),
('201302130186', '121307186', '7', 1, '2013-02-13 17:17:01', '2013-02-13 17:17:01'),
('201302130187', '121307187', '7', 1, '2013-02-13 17:17:01', '2013-02-13 17:17:01'),
('201302130188', '121307188', '7', 1, '2013-02-13 17:17:01', '2013-02-13 17:17:01'),
('201302130189', '121307189', '7', 1, '2013-02-13 17:17:01', '2013-02-13 17:17:01'),
('201302130190', '121307190', '7', 1, '2013-02-13 17:17:01', '2013-02-13 17:17:01'),
('201302130191', '121307191', '7', 1, '2013-02-13 17:17:01', '2013-02-13 17:17:01'),
('201302130192', '121307192', '7', 1, '2013-02-13 17:17:01', '2013-02-13 17:17:01'),
('201302130193', '121307193', '7', 1, '2013-02-13 17:17:01', '2013-02-13 17:17:01'),
('201302130194', '121307194', '7', 1, '2013-02-13 17:17:01', '2013-02-13 17:17:01'),
('201302130195', '121307195', '7', 1, '2013-02-13 17:17:01', '2013-02-13 17:17:01'),
('201302130196', '121307196', '7', 1, '2013-02-13 17:17:01', '2013-02-13 17:17:01'),
('201302130197', '121307197', '7', 1, '2013-02-13 17:17:01', '2013-02-13 17:17:01'),
('201302130198', '121307198', '7', 1, '2013-02-13 17:17:02', '2013-02-13 17:17:02'),
('201302130199', '121307199', '7', 1, '2013-02-13 17:17:02', '2013-02-13 17:17:02'),
('201302130200', '121307200', '7', 1, '2013-02-13 17:17:02', '2013-02-13 17:17:02'),
('201302130201', '121307201', '7', 1, '2013-02-13 17:17:02', '2013-02-13 17:17:02'),
('201302130202', '121307202', '7', 1, '2013-02-13 17:17:02', '2013-02-13 17:17:02'),
('201302130203', '121307203', '7', 1, '2013-02-13 17:17:02', '2013-02-13 17:17:02'),
('201302130204', '121307204', '7', 1, '2013-02-13 17:17:02', '2013-02-13 17:17:02'),
('201302130205', '121307205', '7', 1, '2013-02-13 17:17:02', '2013-02-13 17:17:02'),
('201302130206', '121307206', '7', 1, '2013-02-13 17:17:02', '2013-02-13 17:17:02'),
('201302130207', '121307207', '7', 1, '2013-02-13 17:17:02', '2013-02-13 17:17:02'),
('201302130208', '121307208', '8', 1, '2013-02-13 17:17:02', '2013-02-13 17:17:02'),
('201302130209', '121307209', '8', 1, '2013-02-13 17:17:02', '2013-02-13 17:17:02'),
('201302130210', '121307210', '8', 1, '2013-02-13 17:17:02', '2013-02-13 17:17:02'),
('201302130211', '121307211', '8', 1, '2013-02-13 17:17:02', '2013-02-13 17:17:02'),
('201302130212', '121307212', '8', 1, '2013-02-13 17:17:02', '2013-02-13 17:17:02'),
('201302130213', '121307213', '8', 1, '2013-02-13 17:17:02', '2013-02-13 17:17:02'),
('201302130214', '121307214', '8', 1, '2013-02-13 17:17:02', '2013-02-13 17:17:02'),
('201302130215', '121307215', '8', 1, '2013-02-13 17:17:02', '2013-02-13 17:17:02'),
('201302130216', '121307216', '8', 1, '2013-02-13 17:17:02', '2013-02-13 17:17:02'),
('201302130217', '121307217', '8', 1, '2013-02-13 17:17:02', '2013-02-13 17:17:02'),
('201302130218', '121307218', '8', 1, '2013-02-13 17:17:02', '2013-02-13 17:17:02'),
('201302130219', '121307219', '8', 1, '2013-02-13 17:17:02', '2013-02-13 17:17:02'),
('201302130220', '121307220', '8', 1, '2013-02-13 17:17:02', '2013-02-13 17:17:02'),
('201302130221', '121307221', '8', 1, '2013-02-13 17:17:02', '2013-02-13 17:17:02'),
('201302130222', '121307222', '8', 1, '2013-02-13 17:17:02', '2013-02-13 17:17:02'),
('201302130223', '121307223', '8', 1, '2013-02-13 17:17:02', '2013-02-13 17:17:02'),
('201302130224', '121307224', '8', 1, '2013-02-13 17:17:02', '2013-02-13 17:17:02'),
('201302130225', '121307225', '8', 1, '2013-02-13 17:17:02', '2013-02-13 17:17:02'),
('201302130226', '121307226', '8', 1, '2013-02-13 17:17:02', '2013-02-13 17:17:02'),
('201302130227', '121307227', '8', 1, '2013-02-13 17:17:02', '2013-02-13 17:17:02'),
('201302130228', '121307228', '8', 1, '2013-02-13 17:17:02', '2013-02-13 17:17:02'),
('201302130229', '121307229', '8', 1, '2013-02-13 17:17:02', '2013-02-13 17:17:02'),
('201302130230', '121307230', '8', 1, '2013-02-13 17:17:02', '2013-02-13 17:17:02'),
('201302130231', '121307231', '8', 1, '2013-02-13 17:17:02', '2013-02-13 17:17:02'),
('201302130232', '121307232', '8', 1, '2013-02-13 17:17:02', '2013-02-13 17:17:02'),
('201302130233', '121307233', '8', 1, '2013-02-13 17:17:02', '2013-02-13 17:17:02'),
('201302130234', '121307234', '8', 1, '2013-02-13 17:17:02', '2013-02-13 17:17:02'),
('201302130235', '121307235', '8', 1, '2013-02-13 17:17:02', '2013-02-13 17:17:02'),
('201302130236', '121307236', '8', 1, '2013-02-13 17:17:02', '2013-02-13 17:17:02'),
('201302130237', '111207186', '9', 3, '2013-02-13 17:23:21', '2013-02-13 17:23:21'),
('201302130238', '111207158', '9', 3, '2013-02-13 17:23:22', '2013-02-13 17:23:22'),
('201302130239', '111207026', '9', 3, '2013-02-13 17:23:22', '2013-02-13 17:23:22'),
('201302130240', '111207132', '9', 3, '2013-02-13 17:23:22', '2013-02-13 17:23:22'),
('201302130241', '111207051', '9', 3, '2013-02-13 17:23:22', '2013-02-13 17:23:22'),
('201302130242', '111207106', '9', 3, '2013-02-13 17:23:22', '2013-02-13 17:23:22'),
('201302130243', '111207031', '9', 3, '2013-02-13 17:23:22', '2013-02-13 17:23:22'),
('201302130244', '111207161', '9', 3, '2013-02-13 17:23:22', '2013-02-13 17:23:22'),
('201302130245', '111207109', '9', 3, '2013-02-13 17:23:22', '2013-02-13 17:23:22'),
('201302130246', '111207112', '9', 3, '2013-02-13 17:23:22', '2013-02-13 17:23:22'),
('201302130247', '111207113', '9', 3, '2013-02-13 17:23:22', '2013-02-13 17:23:22'),
('201302130248', '111207057', '9', 3, '2013-02-13 17:23:22', '2013-02-13 17:23:22'),
('201302130249', '111207117', '9', 3, '2013-02-13 17:23:22', '2013-02-13 17:23:22'),
('201302130250', '111207172', '9', 3, '2013-02-13 17:23:22', '2013-02-13 17:23:22'),
('201302130251', '111207194', '9', 3, '2013-02-13 17:23:22', '2013-02-13 17:23:22'),
('201302130252', '111207141', '9', 3, '2013-02-13 17:23:22', '2013-02-13 17:23:22'),
('201302130253', '111207041', '9', 3, '2013-02-13 17:23:22', '2013-02-13 17:23:22'),
('201302130254', '111207195', '9', 3, '2013-02-13 17:23:22', '2013-02-13 17:23:22'),
('201302130255', '111207092', '9', 3, '2013-02-13 17:23:22', '2013-02-13 17:23:22'),
('201302130256', '111207068', '9', 3, '2013-02-13 17:23:22', '2013-02-13 17:23:22'),
('201302130257', '111207123', '9', 3, '2013-02-13 17:23:22', '2013-02-13 17:23:22'),
('201302130258', '111207043', '9', 3, '2013-02-13 17:23:22', '2013-02-13 17:23:22'),
('201302130259', '111207204', '9', 3, '2013-02-13 17:23:22', '2013-02-13 17:23:22'),
('201302130260', '111207205', '9', 3, '2013-02-13 17:23:22', '2013-02-13 17:23:22'),
('201302130261', '111207099', '9', 3, '2013-02-13 17:23:22', '2013-02-13 17:23:22'),
('201302130262', '111207082', '10', 3, '2013-02-13 17:23:22', '2013-02-13 17:23:22'),
('201302130263', '111207108', '10', 3, '2013-02-13 17:23:22', '2013-02-13 17:23:22'),
('201302130264', '111207136', '10', 3, '2013-02-13 17:23:22', '2013-02-13 17:23:22'),
('201302130265', '111207008', '10', 3, '2013-02-13 17:23:22', '2013-02-13 17:23:22'),
('201302130266', '111207010', '10', 3, '2013-02-13 17:23:22', '2013-02-13 17:23:22'),
('201302130267', '111207139', '10', 3, '2013-02-13 17:23:22', '2013-02-13 17:23:22'),
('201302130268', '111207088', '10', 3, '2013-02-13 17:23:22', '2013-02-13 17:23:22'),
('201302130269', '111207064', '10', 3, '2013-02-13 17:23:22', '2013-02-13 17:23:22'),
('201302130270', '111207174', '10', 3, '2013-02-13 17:23:22', '2013-02-13 17:23:22'),
('201302130271', '111207197', '10', 3, '2013-02-13 17:23:22', '2013-02-13 17:23:22'),
('201302130272', '111207093', '10', 3, '2013-02-13 17:23:22', '2013-02-13 17:23:22'),
('201302130273', '111207094', '10', 3, '2013-02-13 17:23:22', '2013-02-13 17:23:22'),
('201302130274', '111207124', '10', 3, '2013-02-13 17:23:22', '2013-02-13 17:23:22'),
('201302130275', '111207147', '10', 3, '2013-02-13 17:23:22', '2013-02-13 17:23:22'),
('201302130276', '111207202', '10', 3, '2013-02-13 17:23:22', '2013-02-13 17:23:22'),
('201302130277', '111207203', '10', 3, '2013-02-13 17:23:22', '2013-02-13 17:23:22'),
('201302130278', '111207018', '10', 3, '2013-02-13 17:23:22', '2013-02-13 17:23:22'),
('201302130279', '111207151', '10', 3, '2013-02-13 17:23:22', '2013-02-13 17:23:22'),
('201302130280', '111207021', '10', 3, '2013-02-13 17:23:22', '2013-02-13 17:23:22'),
('201302130281', '111207072', '10', 3, '2013-02-13 17:23:22', '2013-02-13 17:23:22'),
('201302130282', '111207100', '10', 3, '2013-02-13 17:23:22', '2013-02-13 17:23:22'),
('201302130283', '111207209', '10', 3, '2013-02-13 17:23:22', '2013-02-13 17:23:22'),
('201302130284', '111207073', '10', 3, '2013-02-13 17:23:22', '2013-02-13 17:23:22'),
('201302130285', '111207024', '10', 3, '2013-02-13 17:23:22', '2013-02-13 17:23:22'),
('201302130286', '111207155', '10', 3, '2013-02-13 17:23:22', '2013-02-13 17:23:22'),
('201302130287', '111207156', '10', 3, '2013-02-13 17:23:22', '2013-02-13 17:23:22'),
('201302130288', '111207130', '11', 3, '2013-02-13 17:23:22', '2013-02-13 17:23:22'),
('201302130289', '111207102', '11', 3, '2013-02-13 17:23:22', '2013-02-13 17:23:22'),
('201302130290', '111207160', '11', 3, '2013-02-13 17:23:22', '2013-02-13 17:23:22'),
('201302130291', '111207030', '11', 3, '2013-02-13 17:23:22', '2013-02-13 17:23:22'),
('201302130292', '111207032', '11', 3, '2013-02-13 17:23:22', '2013-02-13 17:23:22'),
('201302130293', '111207162', '11', 3, '2013-02-13 17:23:22', '2013-02-13 17:23:22'),
('201302130294', '111207163', '11', 3, '2013-02-13 17:23:22', '2013-02-13 17:23:22'),
('201302130295', '111207054', '11', 3, '2013-02-13 17:23:22', '2013-02-13 17:23:22'),
('201302130296', '111207009', '11', 3, '2013-02-13 17:23:22', '2013-02-13 17:23:22'),
('201302130297', '111207114', '11', 3, '2013-02-13 17:23:22', '2013-02-13 17:23:22'),
('201302130298', '111207058', '11', 3, '2013-02-13 17:23:22', '2013-02-13 17:23:22'),
('201302130299', '111207037', '11', 3, '2013-02-13 17:23:22', '2013-02-13 17:23:22'),
('201302130300', '111207171', '11', 3, '2013-02-13 17:23:22', '2013-02-13 17:23:22'),
('201302130301', '111207173', '11', 3, '2013-02-13 17:23:22', '2013-02-13 17:23:22'),
('201302130302', '111207012', '11', 3, '2013-02-13 17:23:22', '2013-02-13 17:23:22'),
('201302130303', '111207013', '11', 3, '2013-02-13 17:23:22', '2013-02-13 17:23:22'),
('201302130304', '111207145', '11', 3, '2013-02-13 17:23:22', '2013-02-13 17:23:22'),
('201302130305', '111207016', '11', 3, '2013-02-13 17:23:22', '2013-02-13 17:23:22'),
('201302130306', '111207096', '11', 3, '2013-02-13 17:23:22', '2013-02-13 17:23:22'),
('201302130307', '111207097', '11', 3, '2013-02-13 17:23:22', '2013-02-13 17:23:22'),
('201302130308', '111207022', '11', 3, '2013-02-13 17:23:22', '2013-02-13 17:23:22'),
('201302130309', '111207154', '11', 3, '2013-02-13 17:23:22', '2013-02-13 17:23:22'),
('201302130310', '111207182', '11', 3, '2013-02-13 17:23:22', '2013-02-13 17:23:22'),
('201302130311', '111207210', '11', 3, '2013-02-13 17:23:22', '2013-02-13 17:23:22'),
('201302130312', '111207211', '11', 3, '2013-02-13 17:23:22', '2013-02-13 17:23:22'),
('201302130313', '111207184', '11', 3, '2013-02-13 17:23:22', '2013-02-13 17:23:22'),
('201302130314', '111207103', '12', 3, '2013-02-13 17:23:22', '2013-02-13 17:23:22'),
('201302130315', '111207028', '12', 3, '2013-02-13 17:23:22', '2013-02-13 17:23:22'),
('201302130316', '111207187', '12', 3, '2013-02-13 17:23:22', '2013-02-13 17:23:22'),
('201302130317', '111207005', '12', 3, '2013-02-13 17:23:23', '2013-02-13 17:23:23'),
('201302130318', '111207189', '12', 3, '2013-02-13 17:23:23', '2013-02-13 17:23:23'),
('201302130319', '111207138', '12', 3, '2013-02-13 17:23:23', '2013-02-13 17:23:23'),
('201302130320', '111207056', '12', 3, '2013-02-13 17:23:23', '2013-02-13 17:23:23'),
('201302130321', '111207167', '12', 3, '2013-02-13 17:23:23', '2013-02-13 17:23:23'),
('201302130322', '111207091', '12', 3, '2013-02-13 17:23:23', '2013-02-13 17:23:23'),
('201302130323', '111207062', '12', 3, '2013-02-13 17:23:23', '2013-02-13 17:23:23'),
('201302130324', '111207040', '12', 3, '2013-02-13 17:23:23', '2013-02-13 17:23:23'),
('201302130325', '111207175', '12', 3, '2013-02-13 17:23:23', '2013-02-13 17:23:23'),
('201302130326', '111207066', '12', 3, '2013-02-13 17:23:23', '2013-02-13 17:23:23'),
('201302130327', '111207067', '12', 3, '2013-02-13 17:23:23', '2013-02-13 17:23:23'),
('201302130328', '111207015', '12', 3, '2013-02-13 17:23:23', '2013-02-13 17:23:23'),
('201302130329', '111207144', '12', 3, '2013-02-13 17:23:23', '2013-02-13 17:23:23'),
('201302130330', '111207122', '12', 3, '2013-02-13 17:23:23', '2013-02-13 17:23:23'),
('201302130331', '111207199', '12', 3, '2013-02-13 17:23:23', '2013-02-13 17:23:23'),
('201302130332', '111207070', '12', 3, '2013-02-13 17:23:23', '2013-02-13 17:23:23'),
('201302130333', '111207017', '12', 3, '2013-02-13 17:23:23', '2013-02-13 17:23:23'),
('201302130334', '111207046', '12', 3, '2013-02-13 17:23:23', '2013-02-13 17:23:23'),
('201302130335', '111207179', '12', 3, '2013-02-13 17:23:23', '2013-02-13 17:23:23'),
('201302130336', '111207180', '12', 3, '2013-02-13 17:23:23', '2013-02-13 17:23:23'),
('201302130337', '111207207', '12', 3, '2013-02-13 17:23:23', '2013-02-13 17:23:23'),
('201302130338', '111207048', '12', 3, '2013-02-13 17:23:23', '2013-02-13 17:23:23'),
('201302130339', '111207020', '12', 3, '2013-02-13 17:23:23', '2013-02-13 17:23:23'),
('201302130340', '111207001', '13', 3, '2013-02-13 17:23:23', '2013-02-13 17:23:23'),
('201302130341', '111207003', '13', 3, '2013-02-13 17:23:23', '2013-02-13 17:23:23'),
('201302130342', '111207077', '13', 3, '2013-02-13 17:23:23', '2013-02-13 17:23:23'),
('201302130343', '111207029', '13', 3, '2013-02-13 17:23:23', '2013-02-13 17:23:23'),
('201302130344', '111207007', '13', 3, '2013-02-13 17:23:23', '2013-02-13 17:23:23'),
('201302130345', '111207053', '13', 3, '2013-02-13 17:23:23', '2013-02-13 17:23:23'),
('201302130346', '111207110', '13', 3, '2013-02-13 17:23:23', '2013-02-13 17:23:23'),
('201302130347', '111207166', '13', 3, '2013-02-13 17:23:23', '2013-02-13 17:23:23'),
('201302130348', '111207190', '13', 3, '2013-02-13 17:23:23', '2013-02-13 17:23:23'),
('201302130349', '111207085', '13', 3, '2013-02-13 17:23:23', '2013-02-13 17:23:23'),
('201302130350', '111207035', '13', 3, '2013-02-13 17:23:23', '2013-02-13 17:23:23'),
('201302130351', '111207087', '13', 3, '2013-02-13 17:23:23', '2013-02-13 17:23:23'),
('201302130352', '111207059', '13', 3, '2013-02-13 17:23:23', '2013-02-13 17:23:23'),
('201302130353', '111207061', '13', 3, '2013-02-13 17:23:23', '2013-02-13 17:23:23'),
('201302130354', '111207120', '13', 3, '2013-02-13 17:23:23', '2013-02-13 17:23:23'),
('201302130355', '111207200', '13', 3, '2013-02-13 17:23:23', '2013-02-13 17:23:23'),
('201302130356', '111207149', '13', 3, '2013-02-13 17:23:23', '2013-02-13 17:23:23'),
('201302130357', '111207150', '13', 3, '2013-02-13 17:23:23', '2013-02-13 17:23:23'),
('201302130358', '111207177', '13', 3, '2013-02-13 17:23:23', '2013-02-13 17:23:23'),
('201302130359', '111207019', '13', 3, '2013-02-13 17:23:23', '2013-02-13 17:23:23'),
('201302130360', '111207098', '13', 3, '2013-02-13 17:23:23', '2013-02-13 17:23:23'),
('201302130361', '111207071', '13', 3, '2013-02-13 17:23:23', '2013-02-13 17:23:23'),
('201302130362', '111207208', '13', 3, '2013-02-13 17:23:23', '2013-02-13 17:23:23'),
('201302130363', '111207153', '13', 3, '2013-02-13 17:23:23', '2013-02-13 17:23:23'),
('201302130364', '111207023', '13', 3, '2013-02-13 17:23:23', '2013-02-13 17:23:23'),
('201302130365', '111207212', '13', 3, '2013-02-13 17:23:23', '2013-02-13 17:23:23'),
('201302130366', '111207050', '13', 3, '2013-02-13 17:23:23', '2013-02-13 17:23:23'),
('201302130367', '111207105', '14', 3, '2013-02-13 17:23:23', '2013-02-13 17:23:23'),
('201302130368', '111207052', '14', 3, '2013-02-13 17:23:23', '2013-02-13 17:23:23'),
('201302130369', '111207107', '14', 3, '2013-02-13 17:23:23', '2013-02-13 17:23:23'),
('201302130370', '111207134', '14', 3, '2013-02-13 17:23:23', '2013-02-13 17:23:23'),
('201302130371', '111207083', '14', 3, '2013-02-13 17:23:23', '2013-02-13 17:23:23'),
('201302130372', '111207135', '14', 3, '2013-02-13 17:23:23', '2013-02-13 17:23:23'),
('201302130373', '111207034', '14', 3, '2013-02-13 17:23:23', '2013-02-13 17:23:23'),
('201302130374', '111207055', '14', 3, '2013-02-13 17:23:23', '2013-02-13 17:23:23'),
('201302130375', '111207115', '14', 3, '2013-02-13 17:23:23', '2013-02-13 17:23:23'),
('201302130376', '111207140', '14', 3, '2013-02-13 17:23:23', '2013-02-13 17:23:23'),
('201302130377', '111207168', '14', 3, '2013-02-13 17:23:23', '2013-02-13 17:23:23'),
('201302130378', '111207036', '14', 3, '2013-02-13 17:23:23', '2013-02-13 17:23:23'),
('201302130379', '111207192', '14', 3, '2013-02-13 17:23:23', '2013-02-13 17:23:23'),
('201302130380', '111207170', '14', 3, '2013-02-13 17:23:23', '2013-02-13 17:23:23'),
('201302130381', '111207038', '14', 3, '2013-02-13 17:23:23', '2013-02-13 17:23:23'),
('201302130382', '111207090', '14', 3, '2013-02-13 17:23:23', '2013-02-13 17:23:23'),
('201302130383', '111207063', '14', 3, '2013-02-13 17:23:23', '2013-02-13 17:23:23'),
('201302130384', '111207039', '14', 3, '2013-02-13 17:23:23', '2013-02-13 17:23:23'),
('201302130385', '111207045', '14', 3, '2013-02-13 17:23:23', '2013-02-13 17:23:23'),
('201302130386', '111207178', '14', 3, '2013-02-13 17:23:23', '2013-02-13 17:23:23'),
('201302130387', '111207206', '14', 3, '2013-02-13 17:23:23', '2013-02-13 17:23:23'),
('201302130388', '111207047', '14', 3, '2013-02-13 17:23:23', '2013-02-13 17:23:23'),
('201302130389', '111207126', '14', 3, '2013-02-13 17:23:23', '2013-02-13 17:23:23'),
('201302130390', '111207127', '14', 3, '2013-02-13 17:23:23', '2013-02-13 17:23:23'),
('201302130391', '111207152', '14', 3, '2013-02-13 17:23:24', '2013-02-13 17:23:24'),
('201302130392', '111207128', '14', 3, '2013-02-13 17:23:24', '2013-02-13 17:23:24'),
('201302130393', '111207157', '15', 3, '2013-02-13 17:23:24', '2013-02-13 17:23:24'),
('201302130394', '111207129', '15', 3, '2013-02-13 17:23:24', '2013-02-13 17:23:24'),
('201302130395', '111207002', '15', 3, '2013-02-13 17:23:24', '2013-02-13 17:23:24'),
('201302130396', '111207159', '15', 3, '2013-02-13 17:23:24', '2013-02-13 17:23:24'),
('201302130397', '111207101', '15', 3, '2013-02-13 17:23:24', '2013-02-13 17:23:24'),
('201302130398', '111207027', '15', 3, '2013-02-13 17:23:24', '2013-02-13 17:23:24'),
('201302130399', '111207004', '15', 3, '2013-02-13 17:23:24', '2013-02-13 17:23:24'),
('201302130400', '111207078', '15', 3, '2013-02-13 17:23:24', '2013-02-13 17:23:24'),
('201302130401', '111207133', '15', 3, '2013-02-13 17:23:24', '2013-02-13 17:23:24'),
('201302130402', '111207081', '15', 3, '2013-02-13 17:23:24', '2013-02-13 17:23:24'),
('201302130403', '111207033', '15', 3, '2013-02-13 17:23:24', '2013-02-13 17:23:24'),
('201302130404', '111207111', '15', 3, '2013-02-13 17:23:24', '2013-02-13 17:23:24'),
('201302130405', '111207191', '15', 3, '2013-02-13 17:23:24', '2013-02-13 17:23:24'),
('201302130406', '111207193', '15', 3, '2013-02-13 17:23:24', '2013-02-13 17:23:24'),
('201302130407', '111207142', '15', 3, '2013-02-13 17:23:24', '2013-02-13 17:23:24'),
('201302130408', '111207176', '15', 3, '2013-02-13 17:23:24', '2013-02-13 17:23:24'),
('201302130409', '111207198', '15', 3, '2013-02-13 17:23:24', '2013-02-13 17:23:24'),
('201302130410', '111207069', '15', 3, '2013-02-13 17:23:24', '2013-02-13 17:23:24'),
('201302130411', '111207125', '15', 3, '2013-02-13 17:23:24', '2013-02-13 17:23:24'),
('201302130412', '111207095', '15', 3, '2013-02-13 17:23:24', '2013-02-13 17:23:24'),
('201302130413', '111207146', '15', 3, '2013-02-13 17:23:24', '2013-02-13 17:23:24'),
('201302130414', '111207181', '15', 3, '2013-02-13 17:23:24', '2013-02-13 17:23:24'),
('201302130415', '111207074', '15', 3, '2013-02-13 17:23:24', '2013-02-13 17:23:24'),
('201302130416', '111207075', '15', 3, '2013-02-13 17:23:24', '2013-02-13 17:23:24'),
('201302130417', '111207025', '15', 3, '2013-02-13 17:23:24', '2013-02-13 17:23:24'),
('201302130418', '111207183', '15', 3, '2013-02-13 17:23:24', '2013-02-13 17:23:24'),
('201302130419', '111207185', '16', 3, '2013-02-13 17:23:24', '2013-02-13 17:23:24'),
('201302130420', '111207131', '16', 3, '2013-02-13 17:23:24', '2013-02-13 17:23:24'),
('201302130421', '111207104', '16', 3, '2013-02-13 17:23:24', '2013-02-13 17:23:24'),
('201302130422', '111207079', '16', 3, '2013-02-13 17:23:24', '2013-02-13 17:23:24'),
('201302130423', '111207006', '16', 3, '2013-02-13 17:23:24', '2013-02-13 17:23:24'),
('201302130424', '111207213', '16', 3, '2013-02-13 17:23:24', '2013-02-13 17:23:24'),
('201302130425', '111207164', '16', 3, '2013-02-13 17:23:24', '2013-02-13 17:23:24'),
('201302130426', '111207165', '16', 3, '2013-02-13 17:23:24', '2013-02-13 17:23:24'),
('201302130427', '111207137', '16', 3, '2013-02-13 17:23:24', '2013-02-13 17:23:24'),
('201302130428', '111207084', '16', 3, '2013-02-13 17:23:24', '2013-02-13 17:23:24'),
('201302130429', '111207169', '16', 3, '2013-02-13 17:23:24', '2013-02-13 17:23:24'),
('201302130430', '111207011', '16', 3, '2013-02-13 17:23:24', '2013-02-13 17:23:24'),
('201302130431', '111207060', '16', 3, '2013-02-13 17:23:24', '2013-02-13 17:23:24'),
('201302130432', '111207116', '16', 3, '2013-02-13 17:23:24', '2013-02-13 17:23:24'),
('201302130433', '111207089', '16', 3, '2013-02-13 17:23:24', '2013-02-13 17:23:24'),
('201302130434', '111207118', '16', 3, '2013-02-13 17:23:24', '2013-02-13 17:23:24'),
('201302130435', '111207119', '16', 3, '2013-02-13 17:23:24', '2013-02-13 17:23:24'),
('201302130436', '111207065', '16', 3, '2013-02-13 17:23:24', '2013-02-13 17:23:24'),
('201302130437', '111207042', '16', 3, '2013-02-13 17:23:24', '2013-02-13 17:23:24'),
('201302130438', '111207196', '16', 3, '2013-02-13 17:23:24', '2013-02-13 17:23:24'),
('201302130439', '111207014', '16', 3, '2013-02-13 17:23:24', '2013-02-13 17:23:24'),
('201302130440', '111207143', '16', 3, '2013-02-13 17:23:24', '2013-02-13 17:23:24'),
('201302130441', '111207201', '16', 3, '2013-02-13 17:23:24', '2013-02-13 17:23:24'),
('201302130442', '111207148', '16', 3, '2013-02-13 17:23:24', '2013-02-13 17:23:24'),
('201302130443', '111207044', '16', 3, '2013-02-13 17:23:24', '2013-02-13 17:23:24'),
('201302130444', '111207049', '16', 3, '2013-02-13 17:23:24', '2013-02-13 17:23:24'),
('201302130445', '101107031', '17', 3, '2013-02-13 17:26:15', '2013-02-13 17:26:15'),
('201302130446', '101107063', '17', 3, '2013-02-13 17:26:15', '2013-02-13 17:26:15'),
('201302130447', '101107182', '17', 3, '2013-02-13 17:26:15', '2013-02-13 17:26:15'),
('201302130448', '101107183', '17', 3, '2013-02-13 17:26:15', '2013-02-13 17:26:15'),
('201302130449', '101107038', '17', 3, '2013-02-13 17:26:15', '2013-02-13 17:26:15'),
('201302130450', '101107187', '17', 3, '2013-02-13 17:26:15', '2013-02-13 17:26:15'),
('201302130451', '101107010', '17', 3, '2013-02-13 17:26:15', '2013-02-13 17:26:15'),
('201302130452', '101107040', '17', 3, '2013-02-13 17:26:15', '2013-02-13 17:26:15'),
('201302130453', '101107071', '17', 3, '2013-02-13 17:26:15', '2013-02-13 17:26:15'),
('201302130454', '101107160', '17', 3, '2013-02-13 17:26:15', '2013-02-13 17:26:15'),
('201302130455', '101107106', '17', 3, '2013-02-13 17:26:15', '2013-02-13 17:26:15'),
('201302130456', '101107161', '17', 3, '2013-02-13 17:26:15', '2013-02-13 17:26:15'),
('201302130457', '101107133', '17', 3, '2013-02-13 17:26:15', '2013-02-13 17:26:15'),
('201302130458', '101107107', '17', 3, '2013-02-13 17:26:15', '2013-02-13 17:26:15'),
('201302130459', '101107047', '17', 3, '2013-02-13 17:26:15', '2013-02-13 17:26:15'),
('201302130460', '101107076', '17', 3, '2013-02-13 17:26:15', '2013-02-13 17:26:15'),
('201302130461', '101107048', '17', 3, '2013-02-13 17:26:15', '2013-02-13 17:26:15'),
('201302130462', '101107196', '17', 3, '2013-02-13 17:26:15', '2013-02-13 17:26:15'),
('201302130463', '101107021', '17', 3, '2013-02-13 17:26:15', '2013-02-13 17:26:15'),
('201302130464', '101107170', '17', 3, '2013-02-13 17:26:15', '2013-02-13 17:26:15'),
('201302130465', '101107171', '17', 3, '2013-02-13 17:26:15', '2013-02-13 17:26:15'),
('201302130466', '101107199', '17', 3, '2013-02-13 17:26:15', '2013-02-13 17:26:15'),
('201302130467', '101107085', '17', 3, '2013-02-13 17:26:15', '2013-02-13 17:26:15'),
('201302130468', '101107143', '17', 3, '2013-02-13 17:26:15', '2013-02-13 17:26:15'),
('201302130469', '101107176', '17', 3, '2013-02-13 17:26:15', '2013-02-13 17:26:15'),
('201302130470', '101107204', '17', 3, '2013-02-13 17:26:15', '2013-02-13 17:26:15'),
('201302130471', '101107149', '18', 3, '2013-02-13 17:26:15', '2013-02-13 17:26:15'),
('201302130472', '101107003', '18', 3, '2013-02-13 17:26:15', '2013-02-13 17:26:15'),
('201302130473', '101107178', '18', 3, '2013-02-13 17:26:15', '2013-02-13 17:26:15'),
('201302130474', '101107036', '18', 3, '2013-02-13 17:26:15', '2013-02-13 17:26:15'),
('201302130475', '101107124', '18', 3, '2013-02-13 17:26:15', '2013-02-13 17:26:15'),
('201302130476', '101107096', '18', 3, '2013-02-13 17:26:15', '2013-02-13 17:26:15'),
('201302130477', '101107186', '18', 3, '2013-02-13 17:26:15', '2013-02-13 17:26:15'),
('201302130478', '101107157', '18', 3, '2013-02-13 17:26:15', '2013-02-13 17:26:15'),
('201302130479', '101107101', '18', 3, '2013-02-13 17:26:15', '2013-02-13 17:26:15'),
('201302130480', '101107068', '18', 3, '2013-02-13 17:26:15', '2013-02-13 17:26:15'),
('201302130481', '101107192', '18', 3, '2013-02-13 17:26:15', '2013-02-13 17:26:15'),
('201302130482', '101107105', '18', 3, '2013-02-13 17:26:15', '2013-02-13 17:26:15'),
('201302130483', '101107015', '18', 3, '2013-02-13 17:26:15', '2013-02-13 17:26:15'),
('201302130484', '101107045', '18', 3, '2013-02-13 17:26:15', '2013-02-13 17:26:15'),
('201302130485', '101107194', '18', 3, '2013-02-13 17:26:15', '2013-02-13 17:26:15'),
('201302130486', '101107164', '18', 3, '2013-02-13 17:26:15', '2013-02-13 17:26:15'),
('201302130487', '101107166', '18', 3, '2013-02-13 17:26:15', '2013-02-13 17:26:15'),
('201302130488', '101107051', '18', 3, '2013-02-13 17:26:15', '2013-02-13 17:26:15'),
('201302130489', '101107086', '18', 3, '2013-02-13 17:26:15', '2013-02-13 17:26:15'),
('201302130490', '101107116', '18', 3, '2013-02-13 17:26:15', '2013-02-13 17:26:15'),
('201302130491', '101107141', '18', 3, '2013-02-13 17:26:15', '2013-02-13 17:26:15'),
('201302130492', '101107174', '18', 3, '2013-02-13 17:26:15', '2013-02-13 17:26:15'),
('201302130493', '101107145', '18', 3, '2013-02-13 17:26:15', '2013-02-13 17:26:15'),
('201302130494', '101107027', '18', 3, '2013-02-13 17:26:15', '2013-02-13 17:26:15'),
('201302130495', '101107205', '18', 3, '2013-02-13 17:26:15', '2013-02-13 17:26:15'),
('201302130496', '101107150', '19', 3, '2013-02-13 17:26:15', '2013-02-13 17:26:15'),
('201302130497', '101107179', '19', 3, '2013-02-13 17:26:15', '2013-02-13 17:26:15'),
('201302130498', '101107151', '19', 3, '2013-02-13 17:26:15', '2013-02-13 17:26:15'),
('201302130499', '101107093', '19', 3, '2013-02-13 17:26:15', '2013-02-13 17:26:15'),
('201302130500', '101107094', '19', 3, '2013-02-13 17:26:15', '2013-02-13 17:26:15'),
('201302130501', '101107185', '19', 3, '2013-02-13 17:26:15', '2013-02-13 17:26:15'),
('201302130502', '101107098', '19', 3, '2013-02-13 17:26:15', '2013-02-13 17:26:15'),
('201302130503', '101107126', '19', 3, '2013-02-13 17:26:15', '2013-02-13 17:26:15'),
('201302130504', '101107066', '19', 3, '2013-02-13 17:26:15', '2013-02-13 17:26:15'),
('201302130505', '101107067', '19', 3, '2013-02-13 17:26:15', '2013-02-13 17:26:15'),
('201302130506', '101107102', '19', 3, '2013-02-13 17:26:15', '2013-02-13 17:26:15'),
('201302130507', '101107042', '19', 3, '2013-02-13 17:26:15', '2013-02-13 17:26:15'),
('201302130508', '101107044', '19', 3, '2013-02-13 17:26:15', '2013-02-13 17:26:15'),
('201302130509', '101107013', '19', 3, '2013-02-13 17:26:15', '2013-02-13 17:26:15'),
('201302130510', '101107108', '19', 3, '2013-02-13 17:26:15', '2013-02-13 17:26:15'),
('201302130511', '101107195', '19', 3, '2013-02-13 17:26:15', '2013-02-13 17:26:15'),
('201302130512', '101107050', '19', 3, '2013-02-13 17:26:15', '2013-02-13 17:26:15'),
('201302130513', '101107112', '19', 3, '2013-02-13 17:26:15', '2013-02-13 17:26:15'),
('201302130514', '101107113', '19', 3, '2013-02-13 17:26:15', '2013-02-13 17:26:15'),
('201302130515', '101107023', '19', 3, '2013-02-13 17:26:15', '2013-02-13 17:26:15'),
('201302130516', '101107087', '19', 3, '2013-02-13 17:26:15', '2013-02-13 17:26:15'),
('201302130517', '101107175', '19', 3, '2013-02-13 17:26:15', '2013-02-13 17:26:15'),
('201302130518', '101107144', '19', 3, '2013-02-13 17:26:15', '2013-02-13 17:26:15'),
('201302130519', '101107029', '19', 3, '2013-02-13 17:26:15', '2013-02-13 17:26:15'),
('201302130520', '111208214', '19', 3, '2013-02-13 17:26:15', '2013-02-13 17:26:15'),
('201302130521', '101107001', '20', 3, '2013-02-13 17:26:16', '2013-02-13 17:26:16'),
('201302130522', '101107002', '20', 3, '2013-02-13 17:26:16', '2013-02-13 17:26:16'),
('201302130523', '101107004', '20', 3, '2013-02-13 17:26:16', '2013-02-13 17:26:16'),
('201302130524', '101107005', '20', 3, '2013-02-13 17:26:16', '2013-02-13 17:26:16'),
('201302130525', '101107097', '20', 3, '2013-02-13 17:26:16', '2013-02-13 17:26:16'),
('201302130526', '101107064', '20', 3, '2013-02-13 17:26:16', '2013-02-13 17:26:16'),
('201302130527', '101107100', '20', 3, '2013-02-13 17:26:16', '2013-02-13 17:26:16'),
('201302130528', '101107041', '20', 3, '2013-02-13 17:26:16', '2013-02-13 17:26:16'),
('201302130529', '101107043', '20', 3, '2013-02-13 17:26:16', '2013-02-13 17:26:16'),
('201302130530', '101107069', '20', 3, '2013-02-13 17:26:16', '2013-02-13 17:26:16'),
('201302130531', '101107104', '20', 3, '2013-02-13 17:26:16', '2013-02-13 17:26:16'),
('201302130532', '101107014', '20', 3, '2013-02-13 17:26:16', '2013-02-13 17:26:16'),
('201302130533', '101107072', '20', 3, '2013-02-13 17:26:16', '2013-02-13 17:26:16'),
('201302130534', '101107073', '20', 3, '2013-02-13 17:26:16', '2013-02-13 17:26:16'),
('201302130535', '101107016', '20', 3, '2013-02-13 17:26:16', '2013-02-13 17:26:16'),
('201302130536', '101107074', '20', 3, '2013-02-13 17:26:16', '2013-02-13 17:26:16'),
('201302130537', '101107078', '20', 3, '2013-02-13 17:26:16', '2013-02-13 17:26:16'),
('201302130538', '101107079', '20', 3, '2013-02-13 17:26:16', '2013-02-13 17:26:16'),
('201302130539', '101107052', '20', 3, '2013-02-13 17:26:16', '2013-02-13 17:26:16'),
('201302130540', '101107082', '20', 3, '2013-02-13 17:26:16', '2013-02-13 17:26:16'),
('201302130541', '101107018', '20', 3, '2013-02-13 17:26:16', '2013-02-13 17:26:16'),
('201302130542', '101107054', '20', 3, '2013-02-13 17:26:16', '2013-02-13 17:26:16'),
('201302130543', '101107058', '20', 3, '2013-02-13 17:26:16', '2013-02-13 17:26:16'),
('201302130544', '101107119', '20', 3, '2013-02-13 17:26:16', '2013-02-13 17:26:16'),
('201302130545', '101107120', '20', 3, '2013-02-13 17:26:16', '2013-02-13 17:26:16'),
('201302130546', '101107061', '21', 3, '2013-02-13 17:26:16', '2013-02-13 17:26:16'),
('201302130547', '101107034', '21', 3, '2013-02-13 17:26:16', '2013-02-13 17:26:16'),
('201302130548', '101107125', '21', 3, '2013-02-13 17:26:16', '2013-02-13 17:26:16'),
('201302130549', '101107095', '21', 3, '2013-02-13 17:26:16', '2013-02-13 17:26:16'),
('201302130550', '101107039', '21', 3, '2013-02-13 17:26:16', '2013-02-13 17:26:16'),
('201302130551', '101107129', '21', 3, '2013-02-13 17:26:16', '2013-02-13 17:26:16'),
('201302130552', '101107189', '21', 3, '2013-02-13 17:26:16', '2013-02-13 17:26:16'),
('201302130553', '101107012', '21', 3, '2013-02-13 17:26:16', '2013-02-13 17:26:16'),
('201302130554', '101107193', '21', 3, '2013-02-13 17:26:16', '2013-02-13 17:26:16'),
('201302130555', '101107135', '21', 3, '2013-02-13 17:26:16', '2013-02-13 17:26:16'),
('201302130556', '101107049', '21', 3, '2013-02-13 17:26:16', '2013-02-13 17:26:16'),
('201302130557', '101107137', '21', 3, '2013-02-13 17:26:16', '2013-02-13 17:26:16'),
('201302130558', '101107111', '21', 3, '2013-02-13 17:26:16', '2013-02-13 17:26:16'),
('201302130559', '101107083', '21', 3, '2013-02-13 17:26:16', '2013-02-13 17:26:16'),
('201302130560', '101107055', '21', 3, '2013-02-13 17:26:16', '2013-02-13 17:26:16'),
('201302130561', '101107020', '21', 3, '2013-02-13 17:26:16', '2013-02-13 17:26:16'),
('201302130562', '101107169', '21', 3, '2013-02-13 17:26:16', '2013-02-13 17:26:16'),
('201302130563', '101107056', '21', 3, '2013-02-13 17:26:16', '2013-02-13 17:26:16'),
('201302130564', '101107022', '21', 3, '2013-02-13 17:26:16', '2013-02-13 17:26:16'),
('201302130565', '101107024', '21', 3, '2013-02-13 17:26:16', '2013-02-13 17:26:16'),
('201302130566', '101107172', '21', 3, '2013-02-13 17:26:16', '2013-02-13 17:26:16'),
('201302130567', '101107025', '21', 3, '2013-02-13 17:26:16', '2013-02-13 17:26:16'),
('201302130568', '101107202', '21', 3, '2013-02-13 17:26:16', '2013-02-13 17:26:16'),
('201302130569', '101107089', '21', 3, '2013-02-13 17:26:16', '2013-02-13 17:26:16'),
('201302130570', '101107177', '21', 3, '2013-02-13 17:26:16', '2013-02-13 17:26:16'),
('201302130571', '101107206', '21', 3, '2013-02-13 17:26:16', '2013-02-13 17:26:16'),
('201302130572', '101107091', '22', 3, '2013-02-13 17:26:16', '2013-02-13 17:26:16'),
('201302130573', '101107032', '22', 3, '2013-02-13 17:26:16', '2013-02-13 17:26:16'),
('201302130574', '101107121', '22', 3, '2013-02-13 17:26:16', '2013-02-13 17:26:16'),
('201302130575', '101107033', '22', 3, '2013-02-13 17:26:16', '2013-02-13 17:26:16'),
('201302130576', '101107153', '22', 3, '2013-02-13 17:26:16', '2013-02-13 17:26:16'),
('201302130577', '101107154', '22', 3, '2013-02-13 17:26:16', '2013-02-13 17:26:16'),
('201302130578', '101107099', '22', 3, '2013-02-13 17:26:16', '2013-02-13 17:26:16'),
('201302130579', '101107188', '22', 3, '2013-02-13 17:26:16', '2013-02-13 17:26:16'),
('201302130580', '101107011', '22', 3, '2013-02-13 17:26:17', '2013-02-13 17:26:17'),
('201302130581', '101107103', '22', 3, '2013-02-13 17:26:17', '2013-02-13 17:26:17'),
('201302130582', '101107070', '22', 3, '2013-02-13 17:26:17', '2013-02-13 17:26:17'),
('201302130583', '101107134', '22', 3, '2013-02-13 17:26:17', '2013-02-13 17:26:17'),
('201302130584', '101107165', '22', 3, '2013-02-13 17:26:17', '2013-02-13 17:26:17'),
('201302130585', '101107168', '22', 3, '2013-02-13 17:26:17', '2013-02-13 17:26:17'),
('201302130586', '101107197', '22', 3, '2013-02-13 17:26:17', '2013-02-13 17:26:17'),
('201302130587', '101107019', '22', 3, '2013-02-13 17:26:17', '2013-02-13 17:26:17'),
('201302130588', '101107084', '22', 3, '2013-02-13 17:26:17', '2013-02-13 17:26:17'),
('201302130589', '101107198', '22', 3, '2013-02-13 17:26:17', '2013-02-13 17:26:17'),
('201302130590', '101107140', '22', 3, '2013-02-13 17:26:17', '2013-02-13 17:26:17'),
('201302130591', '101107200', '22', 3, '2013-02-13 17:26:17', '2013-02-13 17:26:17'),
('201302130592', '101107118', '22', 3, '2013-02-13 17:26:17', '2013-02-13 17:26:17'),
('201302130593', '101107201', '22', 3, '2013-02-13 17:26:17', '2013-02-13 17:26:17'),
('201302130594', '101107026', '22', 3, '2013-02-13 17:26:17', '2013-02-13 17:26:17'),
('201302130595', '101107059', '22', 3, '2013-02-13 17:26:17', '2013-02-13 17:26:17'),
('201302130596', '101107088', '22', 3, '2013-02-13 17:26:17', '2013-02-13 17:26:17');
INSERT INTO `academic_classhistory` (`classhistory_id`, `classhistory_student`, `classhistory_classgroup`, `classhistory_status`, `classhistory_entry`, `classhistory_entry_update`) VALUES
('201302130597', '101107092', '23', 3, '2013-02-13 17:26:17', '2013-02-13 17:26:17'),
('201302130598', '101107035', '23', 3, '2013-02-13 17:26:17', '2013-02-13 17:26:17'),
('201302130599', '101107123', '23', 3, '2013-02-13 17:26:17', '2013-02-13 17:26:17'),
('201302130600', '101107037', '23', 3, '2013-02-13 17:26:17', '2013-02-13 17:26:17'),
('201302130601', '101107181', '23', 3, '2013-02-13 17:26:17', '2013-02-13 17:26:17'),
('201302130602', '101107184', '23', 3, '2013-02-13 17:26:17', '2013-02-13 17:26:17'),
('201302130603', '101107007', '23', 3, '2013-02-13 17:26:17', '2013-02-13 17:26:17'),
('201302130604', '101107008', '23', 3, '2013-02-13 17:26:17', '2013-02-13 17:26:17'),
('201302130605', '101107009', '23', 3, '2013-02-13 17:26:17', '2013-02-13 17:26:17'),
('201302130606', '101107127', '23', 3, '2013-02-13 17:26:17', '2013-02-13 17:26:17'),
('201302130607', '101107158', '23', 3, '2013-02-13 17:26:17', '2013-02-13 17:26:17'),
('201302130608', '101107159', '23', 3, '2013-02-13 17:26:17', '2013-02-13 17:26:17'),
('201302130609', '101107191', '23', 3, '2013-02-13 17:26:17', '2013-02-13 17:26:17'),
('201302130610', '101107130', '23', 3, '2013-02-13 17:26:17', '2013-02-13 17:26:17'),
('201302130611', '101107131', '23', 3, '2013-02-13 17:26:17', '2013-02-13 17:26:17'),
('201302130612', '101107132', '23', 3, '2013-02-13 17:26:17', '2013-02-13 17:26:17'),
('201302130613', '101107075', '23', 3, '2013-02-13 17:26:17', '2013-02-13 17:26:17'),
('201302130614', '101107109', '23', 3, '2013-02-13 17:26:17', '2013-02-13 17:26:17'),
('201302130615', '101107110', '23', 3, '2013-02-13 17:26:17', '2013-02-13 17:26:17'),
('201302130616', '101107138', '23', 3, '2013-02-13 17:26:17', '2013-02-13 17:26:17'),
('201302130617', '101107115', '23', 3, '2013-02-13 17:26:17', '2013-02-13 17:26:17'),
('201302130618', '101107173', '23', 3, '2013-02-13 17:26:17', '2013-02-13 17:26:17'),
('201302130619', '101107146', '23', 3, '2013-02-13 17:26:17', '2013-02-13 17:26:17'),
('201302130620', '101107147', '23', 3, '2013-02-13 17:26:17', '2013-02-13 17:26:17'),
('201302130621', '101107203', '23', 3, '2013-02-13 17:26:17', '2013-02-13 17:26:17'),
('201302130622', '101107062', '24', 3, '2013-02-13 17:26:17', '2013-02-13 17:26:17'),
('201302130623', '101107180', '24', 3, '2013-02-13 17:26:17', '2013-02-13 17:26:17'),
('201302130624', '101107122', '24', 3, '2013-02-13 17:26:17', '2013-02-13 17:26:17'),
('201302130625', '101107152', '24', 3, '2013-02-13 17:26:17', '2013-02-13 17:26:17'),
('201302130626', '101107065', '24', 3, '2013-02-13 17:26:17', '2013-02-13 17:26:17'),
('201302130627', '101107156', '24', 3, '2013-02-13 17:26:17', '2013-02-13 17:26:17'),
('201302130628', '101107128', '24', 3, '2013-02-13 17:26:17', '2013-02-13 17:26:17'),
('201302130629', '101107190', '24', 3, '2013-02-13 17:26:17', '2013-02-13 17:26:17'),
('201302130630', '101107046', '24', 3, '2013-02-13 17:26:17', '2013-02-13 17:26:17'),
('201302130631', '101107163', '24', 3, '2013-02-13 17:26:17', '2013-02-13 17:26:17'),
('201302130632', '101107077', '24', 3, '2013-02-13 17:26:17', '2013-02-13 17:26:17'),
('201302130633', '101107017', '24', 3, '2013-02-13 17:26:17', '2013-02-13 17:26:17'),
('201302130634', '101107167', '24', 3, '2013-02-13 17:26:17', '2013-02-13 17:26:17'),
('201302130635', '101107080', '24', 3, '2013-02-13 17:26:17', '2013-02-13 17:26:17'),
('201302130636', '101107081', '24', 3, '2013-02-13 17:26:17', '2013-02-13 17:26:17'),
('201302130637', '101107053', '24', 3, '2013-02-13 17:26:17', '2013-02-13 17:26:17'),
('201302130638', '101107139', '24', 3, '2013-02-13 17:26:17', '2013-02-13 17:26:17'),
('201302130639', '101107114', '24', 3, '2013-02-13 17:26:17', '2013-02-13 17:26:17'),
('201302130640', '101107057', '24', 3, '2013-02-13 17:26:17', '2013-02-13 17:26:17'),
('201302130641', '101107117', '24', 3, '2013-02-13 17:26:17', '2013-02-13 17:26:17'),
('201302130642', '101107142', '24', 3, '2013-02-13 17:26:17', '2013-02-13 17:26:17'),
('201302130643', '101107060', '24', 3, '2013-02-13 17:26:17', '2013-02-13 17:26:17'),
('201302130644', '101107030', '24', 3, '2013-02-13 17:26:17', '2013-02-13 17:26:17'),
('201302130645', '101107148', '24', 3, '2013-02-13 17:26:17', '2013-02-13 17:26:17'),
('201302130646', '101107090', '24', 3, '2013-02-13 17:26:17', '2013-02-13 17:26:17'),
('201302140001', '111207051', '39', 3, '2013-02-14 21:44:40', '2013-02-14 21:44:40'),
('201302140002', '111207124', '39', 3, '2013-02-14 21:44:41', '2013-02-14 21:44:41'),
('201302140003', '111207203', '39', 3, '2013-02-14 21:44:41', '2013-02-14 21:44:41'),
('201302140004', '111207163', '39', 3, '2013-02-14 21:44:41', '2013-02-14 21:44:41'),
('201302140005', '111207114', '39', 3, '2013-02-14 21:44:41', '2013-02-14 21:44:41'),
('201302140006', '111207097', '39', 3, '2013-02-14 21:44:41', '2013-02-14 21:44:41'),
('201302140007', '111207154', '39', 3, '2013-02-14 21:44:41', '2013-02-14 21:44:41'),
('201302140008', '111207211', '39', 3, '2013-02-14 21:44:41', '2013-02-14 21:44:41'),
('201302140009', '111207005', '39', 3, '2013-02-14 21:44:41', '2013-02-14 21:44:41'),
('201302140010', '111207040', '39', 3, '2013-02-14 21:44:41', '2013-02-14 21:44:41'),
('201302140011', '111207070', '39', 3, '2013-02-14 21:44:41', '2013-02-14 21:44:41'),
('201302140012', '111207179', '39', 3, '2013-02-14 21:44:41', '2013-02-14 21:44:41'),
('201302140013', '111207105', '39', 3, '2013-02-14 21:44:41', '2013-02-14 21:44:41'),
('201302140014', '111207036', '39', 3, '2013-02-14 21:44:41', '2013-02-14 21:44:41'),
('201302140015', '111207047', '39', 3, '2013-02-14 21:44:41', '2013-02-14 21:44:41'),
('201302140016', '111207004', '39', 3, '2013-02-14 21:44:41', '2013-02-14 21:44:41'),
('201302140017', '111207095', '39', 3, '2013-02-14 21:44:41', '2013-02-14 21:44:41'),
('201302140018', '111207185', '39', 3, '2013-02-14 21:44:41', '2013-02-14 21:44:41'),
('201302140019', '111207213', '39', 3, '2013-02-14 21:44:41', '2013-02-14 21:44:41'),
('201302140020', '111207060', '39', 3, '2013-02-14 21:44:41', '2013-02-14 21:44:41'),
('201302140021', '121307002', '40', 1, '2013-02-14 21:46:25', '2013-02-14 21:46:25'),
('201302140022', '121307012', '40', 1, '2013-02-14 21:46:25', '2013-02-14 21:46:25'),
('201302140023', '121307055', '40', 1, '2013-02-14 21:46:25', '2013-02-14 21:46:25'),
('201302140024', '121307066', '40', 1, '2013-02-14 21:46:25', '2013-02-14 21:46:25'),
('201302140025', '121307071', '40', 1, '2013-02-14 21:46:25', '2013-02-14 21:46:25'),
('201302140026', '121307073', '40', 1, '2013-02-14 21:46:25', '2013-02-14 21:46:25'),
('201302140027', '121307076', '40', 1, '2013-02-14 21:46:25', '2013-02-14 21:46:25'),
('201302140028', '121307080', '40', 1, '2013-02-14 21:46:25', '2013-02-14 21:46:25'),
('201302140029', '121307086', '40', 1, '2013-02-14 21:46:25', '2013-02-14 21:46:25'),
('201302140030', '121307096', '40', 1, '2013-02-14 21:46:25', '2013-02-14 21:46:25'),
('201302140031', '121307105', '40', 1, '2013-02-14 21:46:25', '2013-02-14 21:46:25'),
('201302140032', '121307110', '40', 1, '2013-02-14 21:46:25', '2013-02-14 21:46:25'),
('201302140033', '121307115', '40', 1, '2013-02-14 21:46:25', '2013-02-14 21:46:25'),
('201302140034', '121307133', '40', 1, '2013-02-14 21:46:25', '2013-02-14 21:46:25'),
('201302140035', '121307147', '40', 1, '2013-02-14 21:46:25', '2013-02-14 21:46:25'),
('201302140036', '121307154', '40', 1, '2013-02-14 21:46:25', '2013-02-14 21:46:25'),
('201302140037', '121307161', '40', 1, '2013-02-14 21:46:25', '2013-02-14 21:46:25'),
('201302140038', '121307168', '40', 1, '2013-02-14 21:46:25', '2013-02-14 21:46:25'),
('201302140039', '121307176', '40', 1, '2013-02-14 21:46:25', '2013-02-14 21:46:25'),
('201302140040', '121307179', '40', 1, '2013-02-14 21:46:25', '2013-02-14 21:46:25'),
('201302140041', '121307192', '40', 1, '2013-02-14 21:46:25', '2013-02-14 21:46:25'),
('201302140042', '121307197', '40', 1, '2013-02-14 21:46:25', '2013-02-14 21:46:25'),
('201302140043', '121307188', '40', 1, '2013-02-14 21:46:25', '2013-02-14 21:46:25'),
('201302140044', '121307228', '40', 1, '2013-02-14 21:46:25', '2013-02-14 21:46:25'),
('201302140045', '111207161', '43', 3, '2013-02-14 21:49:52', '2013-02-14 21:49:52'),
('201302140046', '111207008', '43', 3, '2013-02-14 21:49:52', '2013-02-14 21:49:52'),
('201302140047', '111207155', '43', 3, '2013-02-14 21:49:52', '2013-02-14 21:49:52'),
('201302140048', '111207209', '43', 3, '2013-02-14 21:49:52', '2013-02-14 21:49:52'),
('201302140049', '111207032', '43', 3, '2013-02-14 21:49:52', '2013-02-14 21:49:52'),
('201302140050', '111207022', '43', 3, '2013-02-14 21:49:52', '2013-02-14 21:49:52'),
('201302140051', '111207012', '43', 3, '2013-02-14 21:49:52', '2013-02-14 21:49:52'),
('201302140052', '111207091', '43', 3, '2013-02-14 21:49:52', '2013-02-14 21:49:52'),
('201302140053', '111207050', '43', 3, '2013-02-14 21:49:52', '2013-02-14 21:49:52'),
('201302140054', '111207087', '43', 3, '2013-02-14 21:49:52', '2013-02-14 21:49:52'),
('201302140055', '111207178', '43', 3, '2013-02-14 21:49:52', '2013-02-14 21:49:52'),
('201302140056', '111207119', '43', 3, '2013-02-14 21:49:52', '2013-02-14 21:49:52'),
('201302140057', '111207165', '43', 3, '2013-02-14 21:49:52', '2013-02-14 21:49:52'),
('201302140058', '111207201', '43', 3, '2013-02-14 21:49:52', '2013-02-14 21:49:52'),
('201302140059', '121307020', '44', 1, '2013-02-14 21:53:15', '2013-02-14 21:53:15'),
('201302140060', '121307022', '44', 1, '2013-02-14 21:53:15', '2013-02-14 21:53:15'),
('201302140061', '121307027', '44', 1, '2013-02-14 21:53:16', '2013-02-14 21:53:16'),
('201302140062', '121307026', '44', 1, '2013-02-14 21:53:16', '2013-02-14 21:53:16'),
('201302140063', '121307006', '44', 1, '2013-02-14 21:53:16', '2013-02-14 21:53:16'),
('201302140064', '121307024', '44', 1, '2013-02-14 21:53:16', '2013-02-14 21:53:16'),
('201302140065', '121307058', '44', 1, '2013-02-14 21:53:16', '2013-02-14 21:53:16'),
('201302140066', '121307039', '44', 1, '2013-02-14 21:53:16', '2013-02-14 21:53:16'),
('201302140067', '121307048', '44', 1, '2013-02-14 21:53:16', '2013-02-14 21:53:16'),
('201302140068', '121307063', '44', 1, '2013-02-14 21:53:16', '2013-02-14 21:53:16'),
('201302140069', '121307077', '44', 1, '2013-02-14 21:53:16', '2013-02-14 21:53:16'),
('201302140070', '121307103', '44', 1, '2013-02-14 21:53:16', '2013-02-14 21:53:16'),
('201302140071', '121307142', '44', 1, '2013-02-14 21:53:16', '2013-02-14 21:53:16'),
('201302140072', '121307122', '44', 1, '2013-02-14 21:53:16', '2013-02-14 21:53:16'),
('201302140073', '121307126', '44', 1, '2013-02-14 21:53:16', '2013-02-14 21:53:16'),
('201302140074', '121307135', '44', 1, '2013-02-14 21:53:16', '2013-02-14 21:53:16'),
('201302140075', '121307164', '44', 1, '2013-02-14 21:53:16', '2013-02-14 21:53:16'),
('201302140076', '121307180', '44', 1, '2013-02-14 21:53:16', '2013-02-14 21:53:16'),
('201302140077', '121307212', '44', 1, '2013-02-14 21:53:16', '2013-02-14 21:53:16'),
('201302140078', '121307230', '44', 1, '2013-02-14 21:53:16', '2013-02-14 21:53:16'),
('201302140079', '111207202', '27', 3, '2013-02-14 21:57:52', '2013-02-14 21:57:52'),
('201302140080', '111207156', '27', 3, '2013-02-14 21:57:52', '2013-02-14 21:57:52'),
('201302140081', '111207151', '27', 3, '2013-02-14 21:57:52', '2013-02-14 21:57:52'),
('201302140082', '111207100', '27', 3, '2013-02-14 21:57:52', '2013-02-14 21:57:52'),
('201302140083', '111207018', '27', 3, '2013-02-14 21:57:52', '2013-02-14 21:57:52'),
('201302140084', '111207037', '27', 3, '2013-02-14 21:57:52', '2013-02-14 21:57:52'),
('201302140085', '111207028', '27', 3, '2013-02-14 21:57:52', '2013-02-14 21:57:52'),
('201302140086', '111207199', '27', 3, '2013-02-14 21:57:52', '2013-02-14 21:57:52'),
('201302140087', '111207177', '27', 3, '2013-02-14 21:57:52', '2013-02-14 21:57:52'),
('201302140088', '111207034', '27', 3, '2013-02-14 21:57:52', '2013-02-14 21:57:52'),
('201302140089', '111207176', '27', 3, '2013-02-14 21:57:52', '2013-02-14 21:57:52'),
('201302140090', '111207079', '27', 3, '2013-02-14 21:57:52', '2013-02-14 21:57:52'),
('201302140091', '111207089', '27', 3, '2013-02-14 21:57:52', '2013-02-14 21:57:52'),
('201302140092', '121307009', '28', 1, '2013-02-14 21:59:09', '2013-02-14 21:59:09'),
('201302140093', '121307018', '28', 1, '2013-02-14 21:59:09', '2013-02-14 21:59:09'),
('201302140094', '121307064', '28', 1, '2013-02-14 21:59:09', '2013-02-14 21:59:09'),
('201302140095', '121307060', '28', 1, '2013-02-14 21:59:09', '2013-02-14 21:59:09'),
('201302140096', '121307108', '28', 1, '2013-02-14 21:59:09', '2013-02-14 21:59:09'),
('201302140097', '121307124', '28', 1, '2013-02-14 21:59:09', '2013-02-14 21:59:09'),
('201302140098', '121307139', '28', 1, '2013-02-14 21:59:09', '2013-02-14 21:59:09'),
('201302140099', '121307137', '28', 1, '2013-02-14 21:59:09', '2013-02-14 21:59:09'),
('201302140100', '121307155', '28', 1, '2013-02-14 21:59:09', '2013-02-14 21:59:09'),
('201302140101', '121307153', '28', 1, '2013-02-14 21:59:09', '2013-02-14 21:59:09'),
('201302140102', '121307152', '28', 1, '2013-02-14 21:59:09', '2013-02-14 21:59:09'),
('201302140103', '121307170', '28', 1, '2013-02-14 21:59:09', '2013-02-14 21:59:09'),
('201302140104', '121307200', '28', 1, '2013-02-14 21:59:09', '2013-02-14 21:59:09'),
('201302140105', '121307196', '28', 1, '2013-02-14 21:59:09', '2013-02-14 21:59:09'),
('201302140106', '121307202', '28', 1, '2013-02-14 21:59:09', '2013-02-14 21:59:09'),
('201302140107', '121307183', '28', 1, '2013-02-14 21:59:09', '2013-02-14 21:59:09'),
('201302140108', '121307221', '28', 1, '2013-02-14 21:59:09', '2013-02-14 21:59:09'),
('201302140109', '121307209', '28', 1, '2013-02-14 21:59:09', '2013-02-14 21:59:09'),
('201302140110', '121307217', '28', 1, '2013-02-14 21:59:09', '2013-02-14 21:59:09'),
('201302140111', '121307211', '28', 1, '2013-02-14 21:59:09', '2013-02-14 21:59:09'),
('201302140112', '121307089', '45', 1, '2013-02-14 22:01:33', '2013-02-14 22:01:33'),
('201302140113', '121307084', '45', 1, '2013-02-14 22:01:33', '2013-02-14 22:01:33'),
('201302140114', '121307081', '45', 1, '2013-02-14 22:01:33', '2013-02-14 22:01:33'),
('201302140115', '121307079', '45', 1, '2013-02-14 22:01:33', '2013-02-14 22:01:33'),
('201302140116', '121307072', '45', 1, '2013-02-14 22:01:33', '2013-02-14 22:01:33'),
('201302140117', '121307067', '45', 1, '2013-02-14 22:01:33', '2013-02-14 22:01:33'),
('201302140118', '121307061', '45', 1, '2013-02-14 22:01:33', '2013-02-14 22:01:33'),
('201302140119', '121307128', '45', 1, '2013-02-14 22:01:33', '2013-02-14 22:01:33'),
('201302140120', '121307169', '45', 1, '2013-02-14 22:01:33', '2013-02-14 22:01:33'),
('201302140121', '121307156', '45', 1, '2013-02-14 22:01:33', '2013-02-14 22:01:33'),
('201302140122', '121307203', '45', 1, '2013-02-14 22:01:33', '2013-02-14 22:01:33'),
('201302140123', '121307223', '45', 1, '2013-02-14 22:01:33', '2013-02-14 22:01:33'),
('201302140124', '111207094', '45', 3, '2013-02-14 22:02:48', '2013-02-14 22:02:48'),
('201302140125', '111207174', '45', 3, '2013-02-14 22:02:48', '2013-02-14 22:02:48'),
('201302140126', '111207064', '45', 3, '2013-02-14 22:02:48', '2013-02-14 22:02:48'),
('201302140127', '111207010', '45', 3, '2013-02-14 22:02:48', '2013-02-14 22:02:48'),
('201302140128', '111207187', '45', 3, '2013-02-14 22:02:48', '2013-02-14 22:02:48'),
('201302140129', '111207115', '45', 3, '2013-02-14 22:02:48', '2013-02-14 22:02:48'),
('201302140130', '111207116', '45', 3, '2013-02-14 22:02:48', '2013-02-14 22:02:48'),
('201302140131', '111207006', '45', 3, '2013-02-14 22:02:48', '2013-02-14 22:02:48'),
('201302140132', '121307021', '25', 1, '2013-02-14 22:04:31', '2013-02-14 22:04:31'),
('201302140133', '121307042', '25', 1, '2013-02-14 22:04:31', '2013-02-14 22:04:31'),
('201302140134', '121307041', '25', 1, '2013-02-14 22:04:31', '2013-02-14 22:04:31'),
('201302140135', '121307032', '25', 1, '2013-02-14 22:04:31', '2013-02-14 22:04:31'),
('201302140136', '121307049', '25', 1, '2013-02-14 22:04:31', '2013-02-14 22:04:31'),
('201302140137', '121307114', '25', 1, '2013-02-14 22:04:31', '2013-02-14 22:04:31'),
('201302140138', '121307113', '25', 1, '2013-02-14 22:04:31', '2013-02-14 22:04:31'),
('201302140139', '121307091', '25', 1, '2013-02-14 22:04:31', '2013-02-14 22:04:31'),
('201302140140', '121307099', '25', 1, '2013-02-14 22:04:31', '2013-02-14 22:04:31'),
('201302140141', '121307149', '25', 1, '2013-02-14 22:04:31', '2013-02-14 22:04:31'),
('201302140142', '121307120', '25', 1, '2013-02-14 22:04:31', '2013-02-14 22:04:31'),
('201302140143', '121307134', '25', 1, '2013-02-14 22:04:31', '2013-02-14 22:04:31'),
('201302140144', '121307127', '25', 1, '2013-02-14 22:04:31', '2013-02-14 22:04:31'),
('201302140145', '121307125', '25', 1, '2013-02-14 22:04:31', '2013-02-14 22:04:31'),
('201302140146', '121307131', '25', 1, '2013-02-14 22:04:31', '2013-02-14 22:04:31'),
('201302140147', '121307136', '25', 1, '2013-02-14 22:04:31', '2013-02-14 22:04:31'),
('201302140148', '121307195', '25', 1, '2013-02-14 22:04:31', '2013-02-14 22:04:31'),
('201302140149', '121307181', '25', 1, '2013-02-14 22:04:31', '2013-02-14 22:04:31'),
('201302140150', '121307206', '25', 1, '2013-02-14 22:04:31', '2013-02-14 22:04:31'),
('201302140151', '121307204', '25', 1, '2013-02-14 22:04:31', '2013-02-14 22:04:31'),
('201302140152', '121307190', '25', 1, '2013-02-14 22:04:31', '2013-02-14 22:04:31'),
('201302140153', '121307185', '25', 1, '2013-02-14 22:04:32', '2013-02-14 22:04:32'),
('201302140154', '121307189', '25', 1, '2013-02-14 22:04:32', '2013-02-14 22:04:32'),
('201302140155', '121307236', '25', 1, '2013-02-14 22:04:32', '2013-02-14 22:04:32'),
('201302140156', '121307214', '25', 1, '2013-02-14 22:04:32', '2013-02-14 22:04:32'),
('201302140157', '121307210', '25', 1, '2013-02-14 22:04:32', '2013-02-14 22:04:32'),
('201302140158', '121307234', '25', 1, '2013-02-14 22:04:32', '2013-02-14 22:04:32'),
('201302140159', '121307220', '25', 1, '2013-02-14 22:04:32', '2013-02-14 22:04:32'),
('201302140160', '121307205', '25', 1, '2013-02-14 22:04:32', '2013-02-14 22:04:32'),
('201302140161', '121307004', '38', 1, '2013-02-14 22:09:30', '2013-02-14 22:09:30'),
('201302140162', '121307013', '38', 1, '2013-02-14 22:09:30', '2013-02-14 22:09:30'),
('201302140163', '121307016', '38', 1, '2013-02-14 22:09:30', '2013-02-14 22:09:30'),
('201302140164', '121307023', '38', 1, '2013-02-14 22:09:30', '2013-02-14 22:09:30'),
('201302140165', '121307001', '38', 1, '2013-02-14 22:09:30', '2013-02-14 22:09:30'),
('201302140166', '121307033', '38', 1, '2013-02-14 22:09:30', '2013-02-14 22:09:30'),
('201302140167', '121307034', '38', 1, '2013-02-14 22:09:30', '2013-02-14 22:09:30'),
('201302140168', '121307043', '38', 1, '2013-02-14 22:09:30', '2013-02-14 22:09:30'),
('201302140169', '121307046', '38', 1, '2013-02-14 22:09:30', '2013-02-14 22:09:30'),
('201302140170', '121307045', '38', 1, '2013-02-14 22:09:30', '2013-02-14 22:09:30'),
('201302140171', '121307050', '38', 1, '2013-02-14 22:09:30', '2013-02-14 22:09:30'),
('201302140172', '121307051', '38', 1, '2013-02-14 22:09:30', '2013-02-14 22:09:30'),
('201302140173', '121307054', '38', 1, '2013-02-14 22:09:30', '2013-02-14 22:09:30'),
('201302140174', '121307117', '38', 1, '2013-02-14 22:09:30', '2013-02-14 22:09:30'),
('201302140175', '121307140', '38', 1, '2013-02-14 22:09:30', '2013-02-14 22:09:30'),
('201302140176', '121307175', '38', 1, '2013-02-14 22:09:30', '2013-02-14 22:09:30'),
('201302140177', '121307178', '38', 1, '2013-02-14 22:09:30', '2013-02-14 22:09:30'),
('201302140178', '121307193', '38', 1, '2013-02-14 22:09:30', '2013-02-14 22:09:30'),
('201302140179', '111207132', '37', 3, '2013-02-14 22:10:31', '2013-02-14 22:10:31'),
('201302140180', '111207112', '37', 3, '2013-02-14 22:10:31', '2013-02-14 22:10:31'),
('201302140181', '111207139', '37', 3, '2013-02-14 22:10:31', '2013-02-14 22:10:31'),
('201302140182', '111207197', '37', 3, '2013-02-14 22:10:31', '2013-02-14 22:10:31'),
('201302140183', '111207147', '37', 3, '2013-02-14 22:10:31', '2013-02-14 22:10:31'),
('201302140184', '111207073', '37', 3, '2013-02-14 22:10:31', '2013-02-14 22:10:31'),
('201302140185', '111207138', '37', 3, '2013-02-14 22:10:31', '2013-02-14 22:10:31'),
('201302140186', '111207180', '37', 3, '2013-02-14 22:10:31', '2013-02-14 22:10:31'),
('201302140187', '111207003', '37', 3, '2013-02-14 22:10:31', '2013-02-14 22:10:31'),
('201302140188', '111207085', '37', 3, '2013-02-14 22:10:31', '2013-02-14 22:10:31'),
('201302140189', '111207120', '37', 3, '2013-02-14 22:10:31', '2013-02-14 22:10:31'),
('201302140190', '111207107', '37', 3, '2013-02-14 22:10:31', '2013-02-14 22:10:31'),
('201302140191', '111207101', '37', 3, '2013-02-14 22:10:31', '2013-02-14 22:10:31'),
('201302140192', '111207069', '37', 3, '2013-02-14 22:10:31', '2013-02-14 22:10:31'),
('201302140193', '111207146', '37', 3, '2013-02-14 22:10:31', '2013-02-14 22:10:31'),
('201302140194', '111207014', '37', 3, '2013-02-14 22:10:31', '2013-02-14 22:10:31'),
('201302140195', '111207186', '41', 3, '2013-02-14 22:11:45', '2013-02-14 22:11:45'),
('201302140196', '111207026', '41', 3, '2013-02-14 22:11:45', '2013-02-14 22:11:45'),
('201302140197', '111207172', '41', 3, '2013-02-14 22:11:45', '2013-02-14 22:11:45'),
('201302140198', '111207041', '41', 3, '2013-02-14 22:11:45', '2013-02-14 22:11:45'),
('201302140199', '111207009', '41', 3, '2013-02-14 22:11:45', '2013-02-14 22:11:45'),
('201302140200', '111207077', '41', 3, '2013-02-14 22:11:45', '2013-02-14 22:11:45'),
('201302140201', '111207035', '41', 3, '2013-02-14 22:11:45', '2013-02-14 22:11:45'),
('201302140202', '111207150', '41', 3, '2013-02-14 22:11:45', '2013-02-14 22:11:45'),
('201302140203', '111207212', '41', 3, '2013-02-14 22:11:45', '2013-02-14 22:11:45'),
('201302140204', '111207135', '41', 3, '2013-02-14 22:11:45', '2013-02-14 22:11:45'),
('201302140205', '111207126', '41', 3, '2013-02-14 22:11:45', '2013-02-14 22:11:45'),
('201302140206', '111207129', '41', 3, '2013-02-14 22:11:45', '2013-02-14 22:11:45'),
('201302140207', '111207081', '41', 3, '2013-02-14 22:11:45', '2013-02-14 22:11:45'),
('201302140208', '111207131', '41', 3, '2013-02-14 22:11:45', '2013-02-14 22:11:45'),
('201302140209', '111207137', '41', 3, '2013-02-14 22:11:45', '2013-02-14 22:11:45'),
('201302140210', '121307003', '42', 1, '2013-02-14 22:12:22', '2013-02-14 22:12:22'),
('201302140211', '121307005', '42', 1, '2013-02-14 22:12:22', '2013-02-14 22:12:22'),
('201302140212', '121307007', '42', 1, '2013-02-14 22:12:22', '2013-02-14 22:12:22'),
('201302140213', '121307047', '42', 1, '2013-02-14 22:12:22', '2013-02-14 22:12:22'),
('201302140214', '121307062', '42', 1, '2013-02-14 22:12:22', '2013-02-14 22:12:22'),
('201302140215', '121307083', '42', 1, '2013-02-14 22:12:22', '2013-02-14 22:12:22'),
('201302140216', '121307085', '42', 1, '2013-02-14 22:12:22', '2013-02-14 22:12:22'),
('201302140217', '121307087', '42', 1, '2013-02-14 22:12:22', '2013-02-14 22:12:22'),
('201302140218', '121307095', '42', 1, '2013-02-14 22:12:22', '2013-02-14 22:12:22'),
('201302140219', '121307112', '42', 1, '2013-02-14 22:12:22', '2013-02-14 22:12:22'),
('201302140220', '121307130', '42', 1, '2013-02-14 22:12:22', '2013-02-14 22:12:22'),
('201302140221', '121307132', '42', 1, '2013-02-14 22:12:22', '2013-02-14 22:12:22'),
('201302140222', '121307145', '42', 1, '2013-02-14 22:12:22', '2013-02-14 22:12:22'),
('201302140223', '121307151', '42', 1, '2013-02-14 22:12:22', '2013-02-14 22:12:22'),
('201302140224', '121307182', '42', 1, '2013-02-14 22:12:22', '2013-02-14 22:12:22'),
('201302140225', '121307233', '42', 1, '2013-02-14 22:12:22', '2013-02-14 22:12:22'),
('201302140226', '121307235', '42', 1, '2013-02-14 22:12:22', '2013-02-14 22:12:22'),
('201302140227', '121307011', '36', 1, '2013-02-14 22:13:01', '2013-02-14 22:13:01'),
('201302140228', '121307017', '36', 1, '2013-02-14 22:13:01', '2013-02-14 22:13:01'),
('201302140229', '121307040', '36', 1, '2013-02-14 22:13:01', '2013-02-14 22:13:01'),
('201302140230', '121307059', '36', 1, '2013-02-14 22:13:01', '2013-02-14 22:13:01'),
('201302140231', '121307065', '36', 1, '2013-02-14 22:13:01', '2013-02-14 22:13:01'),
('201302140232', '121307090', '36', 1, '2013-02-14 22:13:01', '2013-02-14 22:13:01'),
('201302140233', '121307092', '36', 1, '2013-02-14 22:13:01', '2013-02-14 22:13:01'),
('201302140234', '121307100', '36', 1, '2013-02-14 22:13:01', '2013-02-14 22:13:01'),
('201302140235', '121307101', '36', 1, '2013-02-14 22:13:01', '2013-02-14 22:13:01'),
('201302140236', '121307119', '36', 1, '2013-02-14 22:13:01', '2013-02-14 22:13:01'),
('201302140237', '121307177', '36', 1, '2013-02-14 22:13:01', '2013-02-14 22:13:01'),
('201302140238', '121307187', '36', 1, '2013-02-14 22:13:01', '2013-02-14 22:13:01'),
('201302140239', '121307191', '36', 1, '2013-02-14 22:13:01', '2013-02-14 22:13:01'),
('201302140240', '121307199', '36', 1, '2013-02-14 22:13:01', '2013-02-14 22:13:01'),
('201302140241', '121307213', '36', 1, '2013-02-14 22:13:01', '2013-02-14 22:13:01'),
('201302140242', '121307216', '36', 1, '2013-02-14 22:13:01', '2013-02-14 22:13:01'),
('201302140243', '121307218', '36', 1, '2013-02-14 22:13:01', '2013-02-14 22:13:01'),
('201302140244', '121307219', '36', 1, '2013-02-14 22:13:01', '2013-02-14 22:13:01'),
('201302140245', '121307229', '36', 1, '2013-02-14 22:13:01', '2013-02-14 22:13:01'),
('201302140246', '121307231', '36', 1, '2013-02-14 22:13:01', '2013-02-14 22:13:01'),
('201302140247', '121307232', '36', 1, '2013-02-14 22:13:01', '2013-02-14 22:13:01'),
('201302140248', '111207024', '35', 3, '2013-02-14 22:14:51', '2013-02-14 22:14:51'),
('201302140249', '111207102', '35', 3, '2013-02-14 22:14:51', '2013-02-14 22:14:51'),
('201302140250', '111207141', '35', 3, '2013-02-14 22:14:51', '2013-02-14 22:14:51'),
('201302140251', '111207093', '35', 3, '2013-02-14 22:14:51', '2013-02-14 22:14:51'),
('201302140252', '111207030', '35', 3, '2013-02-14 22:14:51', '2013-02-14 22:14:51'),
('201302140253', '111207013', '35', 3, '2013-02-14 22:14:51', '2013-02-14 22:14:51'),
('201302140254', '111207015', '35', 3, '2013-02-14 22:14:51', '2013-02-14 22:14:51'),
('201302140255', '111207019', '35', 3, '2013-02-14 22:14:51', '2013-02-14 22:14:51'),
('201302140256', '111207029', '35', 3, '2013-02-14 22:14:51', '2013-02-14 22:14:51'),
('201302140257', '111207166', '35', 3, '2013-02-14 22:14:51', '2013-02-14 22:14:51'),
('201302140258', '111207128', '35', 3, '2013-02-14 22:14:51', '2013-02-14 22:14:51'),
('201302140259', '111207083', '35', 3, '2013-02-14 22:14:51', '2013-02-14 22:14:51'),
('201302140260', '111207133', '35', 3, '2013-02-14 22:14:51', '2013-02-14 22:14:51'),
('201302140261', '111207159', '35', 3, '2013-02-14 22:14:51', '2013-02-14 22:14:51'),
('201302140262', '121307038', '32', 1, '2013-02-14 22:16:53', '2013-02-14 22:16:53'),
('201302140263', '121307053', '32', 1, '2013-02-14 22:16:53', '2013-02-14 22:16:53'),
('201302140264', '121307056', '32', 1, '2013-02-14 22:16:53', '2013-02-14 22:16:53'),
('201302140265', '121307069', '32', 1, '2013-02-14 22:16:53', '2013-02-14 22:16:53'),
('201302140266', '121307074', '32', 1, '2013-02-14 22:16:53', '2013-02-14 22:16:53'),
('201302140267', '121307078', '32', 1, '2013-02-14 22:16:53', '2013-02-14 22:16:53'),
('201302140268', '121307082', '32', 1, '2013-02-14 22:16:53', '2013-02-14 22:16:53'),
('201302140269', '121307088', '32', 1, '2013-02-14 22:16:53', '2013-02-14 22:16:53'),
('201302140270', '121307098', '32', 1, '2013-02-14 22:16:53', '2013-02-14 22:16:53'),
('201302140271', '121307102', '32', 1, '2013-02-14 22:16:53', '2013-02-14 22:16:53'),
('201302140272', '121307106', '32', 1, '2013-02-14 22:16:53', '2013-02-14 22:16:53'),
('201302140273', '121307107', '32', 1, '2013-02-14 22:16:53', '2013-02-14 22:16:53'),
('201302140274', '121307162', '32', 1, '2013-02-14 22:16:53', '2013-02-14 22:16:53'),
('201302140275', '121307163', '32', 1, '2013-02-14 22:16:53', '2013-02-14 22:16:53'),
('201302140276', '121307165', '32', 1, '2013-02-14 22:16:53', '2013-02-14 22:16:53'),
('201302140277', '121307174', '32', 1, '2013-02-14 22:16:53', '2013-02-14 22:16:53'),
('201302140278', '121307215', '32', 1, '2013-02-14 22:16:53', '2013-02-14 22:16:53'),
('201302140279', '121307222', '32', 1, '2013-02-14 22:16:53', '2013-02-14 22:16:53'),
('201302140280', '121307225', '32', 1, '2013-02-14 22:16:53', '2013-02-14 22:16:53'),
('201302140281', '111207123', '31', 3, '2013-02-14 22:17:35', '2013-02-14 22:17:35'),
('201302140282', '111207158', '31', 3, '2013-02-14 22:17:35', '2013-02-14 22:17:35'),
('201302140283', '111207136', '31', 3, '2013-02-14 22:17:35', '2013-02-14 22:17:35'),
('201302140284', '111207072', '31', 3, '2013-02-14 22:17:35', '2013-02-14 22:17:35'),
('201302140285', '111207189', '31', 3, '2013-02-14 22:17:35', '2013-02-14 22:17:35'),
('201302140286', '111207046', '31', 3, '2013-02-14 22:17:35', '2013-02-14 22:17:35'),
('201302140287', '111207053', '31', 3, '2013-02-14 22:17:35', '2013-02-14 22:17:35'),
('201302140288', '111207059', '31', 3, '2013-02-14 22:17:35', '2013-02-14 22:17:35'),
('201302140289', '111207153', '31', 3, '2013-02-14 22:17:35', '2013-02-14 22:17:35'),
('201302140290', '111207168', '31', 3, '2013-02-14 22:17:35', '2013-02-14 22:17:35'),
('201302140291', '111207134', '31', 3, '2013-02-14 22:17:35', '2013-02-14 22:17:35'),
('201302140292', '111207142', '31', 3, '2013-02-14 22:17:35', '2013-02-14 22:17:35'),
('201302140293', '111207111', '31', 3, '2013-02-14 22:17:35', '2013-02-14 22:17:35'),
('201302140294', '111207011', '31', 3, '2013-02-14 22:17:35', '2013-02-14 22:17:35'),
('201302140295', '121307121', '30', 1, '2013-02-14 22:19:37', '2013-02-14 22:19:37'),
('201302140296', '121307123', '30', 1, '2013-02-14 22:19:37', '2013-02-14 22:19:37'),
('201302140297', '121307141', '30', 1, '2013-02-14 22:19:37', '2013-02-14 22:19:37'),
('201302140298', '121307143', '30', 1, '2013-02-14 22:19:37', '2013-02-14 22:19:37'),
('201302140299', '121307144', '30', 1, '2013-02-14 22:19:37', '2013-02-14 22:19:37'),
('201302140300', '121307146', '30', 1, '2013-02-14 22:19:37', '2013-02-14 22:19:37'),
('201302140301', '121307148', '30', 1, '2013-02-14 22:19:37', '2013-02-14 22:19:37'),
('201302140302', '121307160', '30', 1, '2013-02-14 22:19:37', '2013-02-14 22:19:37'),
('201302140303', '121307167', '30', 1, '2013-02-14 22:19:37', '2013-02-14 22:19:37'),
('201302140304', '121307171', '30', 1, '2013-02-14 22:19:37', '2013-02-14 22:19:37'),
('201302140305', '121307172', '30', 1, '2013-02-14 22:19:37', '2013-02-14 22:19:37'),
('201302140306', '121307198', '30', 1, '2013-02-14 22:19:37', '2013-02-14 22:19:37'),
('201302140307', '121307201', '30', 1, '2013-02-14 22:19:37', '2013-02-14 22:19:37'),
('201302140308', '121307207', '30', 1, '2013-02-14 22:19:37', '2013-02-14 22:19:37'),
('201302140309', '121307208', '30', 1, '2013-02-14 22:19:37', '2013-02-14 22:19:37'),
('201302140310', '111207057', '34', 3, '2013-02-14 22:24:40', '2013-02-14 22:24:40'),
('201302140311', '111207194', '34', 3, '2013-02-14 22:24:40', '2013-02-14 22:24:40'),
('201302140312', '111207068', '34', 3, '2013-02-14 22:24:40', '2013-02-14 22:24:40'),
('201302140313', '111207205', '34', 3, '2013-02-14 22:24:40', '2013-02-14 22:24:40'),
('201302140314', '111207021', '34', 3, '2013-02-14 22:24:40', '2013-02-14 22:24:40'),
('201302140315', '111207173', '34', 3, '2013-02-14 22:24:40', '2013-02-14 22:24:40'),
('201302140316', '111207096', '34', 3, '2013-02-14 22:24:40', '2013-02-14 22:24:40'),
('201302140317', '111207056', '34', 3, '2013-02-14 22:24:40', '2013-02-14 22:24:40'),
('201302140318', '111207066', '34', 3, '2013-02-14 22:24:40', '2013-02-14 22:24:40'),
('201302140319', '111207067', '34', 3, '2013-02-14 22:24:40', '2013-02-14 22:24:40'),
('201302140320', '111207175', '34', 3, '2013-02-14 22:24:40', '2013-02-14 22:24:40'),
('201302140321', '111207017', '34', 3, '2013-02-14 22:24:40', '2013-02-14 22:24:40'),
('201302140322', '111207110', '34', 3, '2013-02-14 22:24:40', '2013-02-14 22:24:40'),
('201302140323', '111207200', '34', 3, '2013-02-14 22:24:40', '2013-02-14 22:24:40'),
('201302140324', '111207170', '34', 3, '2013-02-14 22:24:40', '2013-02-14 22:24:40'),
('201302140325', '111207206', '34', 3, '2013-02-14 22:24:40', '2013-02-14 22:24:40'),
('201302140326', '111207152', '34', 3, '2013-02-14 22:24:40', '2013-02-14 22:24:40'),
('201302140327', '111207002', '34', 3, '2013-02-14 22:24:40', '2013-02-14 22:24:40'),
('201302140328', '111207027', '34', 3, '2013-02-14 22:24:40', '2013-02-14 22:24:40'),
('201302140329', '111207033', '34', 3, '2013-02-14 22:24:40', '2013-02-14 22:24:40'),
('201302140330', '111207075', '34', 3, '2013-02-14 22:24:40', '2013-02-14 22:24:40'),
('201302140331', '111207025', '34', 3, '2013-02-14 22:24:40', '2013-02-14 22:24:40'),
('201302140332', '111207065', '34', 3, '2013-02-14 22:24:40', '2013-02-14 22:24:40'),
('201302140333', '111207143', '34', 3, '2013-02-14 22:24:40', '2013-02-14 22:24:40'),
('201302140334', '111207042', '34', 3, '2013-02-14 22:24:40', '2013-02-14 22:24:40'),
('201302140335', '111207044', '34', 3, '2013-02-14 22:24:40', '2013-02-14 22:24:40'),
('201302140336', '111207118', '34', 3, '2013-02-14 22:24:40', '2013-02-14 22:24:40'),
('201302140337', '121307150', '26', 1, '2013-02-14 22:25:58', '2013-02-14 22:25:58'),
('201302140338', '121307157', '26', 1, '2013-02-14 22:25:58', '2013-02-14 22:25:58'),
('201302140339', '121307035', '26', 1, '2013-02-14 22:25:58', '2013-02-14 22:25:58'),
('201302140340', '121307158', '26', 1, '2013-02-14 22:25:58', '2013-02-14 22:25:58'),
('201302140341', '121307068', '26', 1, '2013-02-14 22:25:58', '2013-02-14 22:25:58'),
('201302140342', '121307008', '26', 1, '2013-02-14 22:25:58', '2013-02-14 22:25:58'),
('201302140343', '121307036', '26', 1, '2013-02-14 22:25:58', '2013-02-14 22:25:58'),
('201302140344', '121307037', '26', 1, '2013-02-14 22:25:58', '2013-02-14 22:25:58'),
('201302140345', '121307097', '26', 1, '2013-02-14 22:25:58', '2013-02-14 22:25:58'),
('201302140346', '121307129', '26', 1, '2013-02-14 22:25:58', '2013-02-14 22:25:58'),
('201302140347', '121307010', '26', 1, '2013-02-14 22:25:58', '2013-02-14 22:25:58'),
('201302140348', '121307194', '26', 1, '2013-02-14 22:25:58', '2013-02-14 22:25:58'),
('201302140349', '121307019', '26', 1, '2013-02-14 22:25:58', '2013-02-14 22:25:58'),
('201302140350', '121307166', '26', 1, '2013-02-14 22:25:58', '2013-02-14 22:25:58'),
('201302140351', '121307014', '26', 1, '2013-02-14 22:25:58', '2013-02-14 22:25:58'),
('201302140352', '121307104', '26', 1, '2013-02-14 22:25:58', '2013-02-14 22:25:58'),
('201302140353', '121307109', '26', 1, '2013-02-14 22:25:58', '2013-02-14 22:25:58'),
('201302140354', '121307224', '26', 1, '2013-02-14 22:25:58', '2013-02-14 22:25:58'),
('201302140355', '121307227', '26', 1, '2013-02-14 22:25:58', '2013-02-14 22:25:58'),
('201302140356', '121307111', '26', 1, '2013-02-14 22:25:58', '2013-02-14 22:25:58'),
('201302140357', '121307025', '26', 1, '2013-02-14 22:25:58', '2013-02-14 22:25:58'),
('201302140358', '121307173', '26', 1, '2013-02-14 22:25:58', '2013-02-14 22:25:58'),
('201302140359', '121307138', '26', 1, '2013-02-14 22:25:58', '2013-02-14 22:25:58'),
('201302140360', '121307030', '26', 1, '2013-02-14 22:25:58', '2013-02-14 22:25:58'),
('201302140361', '111207117', '33', 3, '2013-02-14 22:28:08', '2013-02-14 22:28:08'),
('201302140362', '111207092', '33', 3, '2013-02-14 22:28:08', '2013-02-14 22:28:08'),
('201302140363', '111207099', '33', 3, '2013-02-14 22:28:09', '2013-02-14 22:28:09'),
('201302140364', '111207108', '33', 3, '2013-02-14 22:28:09', '2013-02-14 22:28:09'),
('201302140365', '111207088', '33', 3, '2013-02-14 22:28:09', '2013-02-14 22:28:09'),
('201302140366', '111207130', '33', 3, '2013-02-14 22:28:09', '2013-02-14 22:28:09'),
('201302140367', '111207162', '33', 3, '2013-02-14 22:28:09', '2013-02-14 22:28:09'),
('201302140368', '111207171', '33', 3, '2013-02-14 22:28:09', '2013-02-14 22:28:09'),
('201302140369', '111207182', '33', 3, '2013-02-14 22:28:09', '2013-02-14 22:28:09'),
('201302140370', '111207103', '33', 3, '2013-02-14 22:28:09', '2013-02-14 22:28:09'),
('201302140371', '111207122', '33', 3, '2013-02-14 22:28:09', '2013-02-14 22:28:09'),
('201302140372', '111207207', '33', 3, '2013-02-14 22:28:09', '2013-02-14 22:28:09'),
('201302140373', '111207001', '33', 3, '2013-02-14 22:28:09', '2013-02-14 22:28:09'),
('201302140374', '111207007', '33', 3, '2013-02-14 22:28:09', '2013-02-14 22:28:09'),
('201302140375', '111207023', '33', 3, '2013-02-14 22:28:09', '2013-02-14 22:28:09'),
('201302140376', '111207140', '33', 3, '2013-02-14 22:28:09', '2013-02-14 22:28:09'),
('201302140377', '111207192', '33', 3, '2013-02-14 22:28:09', '2013-02-14 22:28:09'),
('201302140378', '111207039', '33', 3, '2013-02-14 22:28:09', '2013-02-14 22:28:09'),
('201302140379', '111207045', '33', 3, '2013-02-14 22:28:09', '2013-02-14 22:28:09'),
('201302140380', '111207127', '33', 3, '2013-02-14 22:28:09', '2013-02-14 22:28:09'),
('201302140381', '111207157', '33', 3, '2013-02-14 22:28:09', '2013-02-14 22:28:09'),
('201302140382', '111207181', '33', 3, '2013-02-14 22:28:09', '2013-02-14 22:28:09'),
('201302140383', '111207183', '33', 3, '2013-02-14 22:28:09', '2013-02-14 22:28:09'),
('201302140384', '111207169', '33', 3, '2013-02-14 22:28:09', '2013-02-14 22:28:09'),
('201302140385', '111207049', '33', 3, '2013-02-14 22:28:09', '2013-02-14 22:28:09'),
('201302140387', '111207195', '29', 3, '2013-02-14 22:34:51', '2013-02-14 22:34:51'),
('201302140388', '111207054', '29', 3, '2013-02-14 22:34:51', '2013-02-14 22:34:51'),
('201302140389', '111207145', '29', 3, '2013-02-14 22:34:51', '2013-02-14 22:34:51'),
('201302140390', '111207160', '29', 3, '2013-02-14 22:34:51', '2013-02-14 22:34:51'),
('201302140391', '111207062', '29', 3, '2013-02-14 22:34:51', '2013-02-14 22:34:51'),
('201302140392', '111207144', '29', 3, '2013-02-14 22:34:51', '2013-02-14 22:34:51'),
('201302140393', '111207055', '29', 3, '2013-02-14 22:34:51', '2013-02-14 22:34:51'),
('201302140394', '111207052', '29', 3, '2013-02-14 22:34:51', '2013-02-14 22:34:51'),
('201302140395', '111207063', '29', 3, '2013-02-14 22:34:51', '2013-02-14 22:34:51'),
('201302140396', '111207193', '29', 3, '2013-02-14 22:34:51', '2013-02-14 22:34:51'),
('201302140397', '111207078', '29', 3, '2013-02-14 22:34:51', '2013-02-14 22:34:51'),
('201302140398', '111207084', '29', 3, '2013-02-14 22:34:51', '2013-02-14 22:34:51'),
('201302140399', '111207196', '29', 3, '2013-02-14 22:34:51', '2013-02-14 22:34:51'),
('201302140400', '111207031', '46', 3, '2013-02-14 22:36:25', '2013-02-14 22:36:25'),
('201302140401', '111207058', '46', 3, '2013-02-14 22:36:25', '2013-02-14 22:36:25'),
('201302140402', '111207016', '46', 3, '2013-02-14 22:36:25', '2013-02-14 22:36:25'),
('201302140403', '111207048', '46', 3, '2013-02-14 22:36:25', '2013-02-14 22:36:25'),
('201302140404', '111207167', '46', 3, '2013-02-14 22:36:25', '2013-02-14 22:36:25'),
('201302140405', '111207149', '46', 3, '2013-02-14 22:36:25', '2013-02-14 22:36:25'),
('201302140406', '111207090', '46', 3, '2013-02-14 22:36:25', '2013-02-14 22:36:25'),
('201302140407', '111207038', '46', 3, '2013-02-14 22:36:25', '2013-02-14 22:36:25'),
('201302140408', '111207074', '46', 3, '2013-02-14 22:36:25', '2013-02-14 22:36:25'),
('201302140409', '111207198', '46', 3, '2013-02-14 22:36:25', '2013-02-14 22:36:25'),
('201302140410', '111207164', '46', 3, '2013-02-14 22:36:25', '2013-02-14 22:36:25'),
('201303200001', '121307001', '201303190001', 1, '2013-03-20 16:02:44', '2013-03-20 16:02:44'),
('201303200002', '121307002', '201303190001', 1, '2013-03-20 16:02:44', '2013-03-20 16:02:44'),
('201303200003', '121307003', '201303190001', 1, '2013-03-20 16:02:44', '2013-03-20 16:02:44'),
('201303200004', '121307004', '201303190001', 1, '2013-03-20 16:02:44', '2013-03-20 16:02:44'),
('201303200005', '121307005', '201303190001', 1, '2013-03-20 16:02:44', '2013-03-20 16:02:44'),
('201303200006', '121307006', '201303190001', 1, '2013-03-20 16:02:44', '2013-03-20 16:02:44'),
('201303200007', '121307007', '201303190001', 1, '2013-03-20 16:02:44', '2013-03-20 16:02:44'),
('201303200008', '121307008', '201303190001', 1, '2013-03-20 16:02:44', '2013-03-20 16:02:44'),
('201303200009', '121307009', '201303190001', 1, '2013-03-20 16:02:44', '2013-03-20 16:02:44'),
('201303200010', '121307010', '201303190001', 1, '2013-03-20 16:02:44', '2013-03-20 16:02:44'),
('201303200011', '121307011', '201303190001', 1, '2013-03-20 16:02:45', '2013-03-20 16:02:45'),
('201303200012', '121307012', '201303190001', 1, '2013-03-20 16:02:45', '2013-03-20 16:02:45'),
('201303200013', '121307013', '201303190001', 1, '2013-03-20 16:02:45', '2013-03-20 16:02:45'),
('201303200014', '121307014', '201303190001', 1, '2013-03-20 16:02:45', '2013-03-20 16:02:45'),
('201303200015', '121307015', '201303190001', 1, '2013-03-20 16:02:45', '2013-03-20 16:02:45'),
('201303200016', '121307016', '201303190001', 1, '2013-03-20 16:02:45', '2013-03-20 16:02:45'),
('201303200017', '121307017', '201303190001', 1, '2013-03-20 16:02:45', '2013-03-20 16:02:45'),
('201303200018', '121307018', '201303190001', 1, '2013-03-20 16:02:45', '2013-03-20 16:02:45'),
('201303200019', '121307019', '201303190001', 1, '2013-03-20 16:02:45', '2013-03-20 16:02:45'),
('201303200020', '121307020', '201303190001', 1, '2013-03-20 16:02:45', '2013-03-20 16:02:45'),
('201303200021', '121307021', '201303190001', 1, '2013-03-20 16:02:45', '2013-03-20 16:02:45'),
('201303200022', '121307022', '201303190001', 1, '2013-03-20 16:02:45', '2013-03-20 16:02:45'),
('201303200023', '121307023', '201303190001', 1, '2013-03-20 16:02:45', '2013-03-20 16:02:45'),
('201303200024', '121307024', '201303190001', 1, '2013-03-20 16:02:45', '2013-03-20 16:02:45'),
('201303200025', '121307025', '201303190001', 1, '2013-03-20 16:02:45', '2013-03-20 16:02:45'),
('201303200026', '121307026', '201303190001', 1, '2013-03-20 16:02:45', '2013-03-20 16:02:45'),
('201303200027', '121307027', '201303190001', 1, '2013-03-20 16:02:45', '2013-03-20 16:02:45'),
('201303200028', '121307028', '201303190001', 1, '2013-03-20 16:02:45', '2013-03-20 16:02:45'),
('201303200029', '121307029', '201303190001', 1, '2013-03-20 16:02:45', '2013-03-20 16:02:45'),
('201303200030', '121307030', '201303190001', 1, '2013-03-20 16:02:45', '2013-03-20 16:02:45'),
('201303200031', '121307031', '201303190012', 1, '2013-03-20 16:02:45', '2013-03-20 16:02:45'),
('201303200032', '121307032', '201303190012', 1, '2013-03-20 16:02:45', '2013-03-20 16:02:45'),
('201303200033', '121307033', '201303190012', 1, '2013-03-20 16:02:45', '2013-03-20 16:02:45'),
('201303200034', '121307034', '201303190012', 1, '2013-03-20 16:02:45', '2013-03-20 16:02:45'),
('201303200035', '121307035', '201303190012', 1, '2013-03-20 16:02:45', '2013-03-20 16:02:45'),
('201303200036', '121307036', '201303190012', 1, '2013-03-20 16:02:45', '2013-03-20 16:02:45'),
('201303200037', '121307037', '201303190012', 1, '2013-03-20 16:02:45', '2013-03-20 16:02:45'),
('201303200038', '121307038', '201303190012', 1, '2013-03-20 16:02:45', '2013-03-20 16:02:45'),
('201303200039', '121307039', '201303190012', 1, '2013-03-20 16:02:45', '2013-03-20 16:02:45'),
('201303200040', '121307040', '201303190012', 1, '2013-03-20 16:02:45', '2013-03-20 16:02:45'),
('201303200041', '121307041', '201303190012', 1, '2013-03-20 16:02:45', '2013-03-20 16:02:45'),
('201303200042', '121307042', '201303190012', 1, '2013-03-20 16:02:45', '2013-03-20 16:02:45'),
('201303200043', '121307043', '201303190012', 1, '2013-03-20 16:02:45', '2013-03-20 16:02:45'),
('201303200044', '121307044', '201303190012', 1, '2013-03-20 16:02:45', '2013-03-20 16:02:45'),
('201303200045', '121307045', '201303190012', 1, '2013-03-20 16:02:45', '2013-03-20 16:02:45'),
('201303200046', '121307046', '201303190012', 1, '2013-03-20 16:02:45', '2013-03-20 16:02:45'),
('201303200047', '121307047', '201303190012', 1, '2013-03-20 16:02:45', '2013-03-20 16:02:45'),
('201303200048', '121307048', '201303190012', 1, '2013-03-20 16:02:45', '2013-03-20 16:02:45'),
('201303200049', '121307049', '201303190012', 1, '2013-03-20 16:02:45', '2013-03-20 16:02:45'),
('201303200050', '121307050', '201303190012', 1, '2013-03-20 16:02:45', '2013-03-20 16:02:45'),
('201303200051', '121307051', '201303190012', 1, '2013-03-20 16:02:45', '2013-03-20 16:02:45'),
('201303200052', '121307052', '201303190012', 1, '2013-03-20 16:02:45', '2013-03-20 16:02:45'),
('201303200053', '121307053', '201303190012', 1, '2013-03-20 16:02:45', '2013-03-20 16:02:45'),
('201303200054', '121307054', '201303190012', 1, '2013-03-20 16:02:45', '2013-03-20 16:02:45'),
('201303200055', '121307055', '201303190012', 1, '2013-03-20 16:02:45', '2013-03-20 16:02:45'),
('201303200056', '121307056', '201303190012', 1, '2013-03-20 16:02:45', '2013-03-20 16:02:45'),
('201303200057', '121307057', '201303190012', 1, '2013-03-20 16:02:45', '2013-03-20 16:02:45'),
('201303200058', '121307058', '201303190012', 1, '2013-03-20 16:02:45', '2013-03-20 16:02:45'),
('201303200059', '121307059', '201303190012', 1, '2013-03-20 16:02:45', '2013-03-20 16:02:45'),
('201303200060', '121307060', '201303190023', 1, '2013-03-20 16:02:45', '2013-03-20 16:02:45'),
('201303200061', '121307061', '201303190023', 1, '2013-03-20 16:02:45', '2013-03-20 16:02:45'),
('201303200062', '121307062', '201303190023', 1, '2013-03-20 16:02:45', '2013-03-20 16:02:45'),
('201303200063', '121307063', '201303190023', 1, '2013-03-20 16:02:45', '2013-03-20 16:02:45'),
('201303200064', '121307064', '201303190023', 1, '2013-03-20 16:02:45', '2013-03-20 16:02:45'),
('201303200065', '121307065', '201303190023', 1, '2013-03-20 16:02:45', '2013-03-20 16:02:45'),
('201303200066', '121307066', '201303190023', 1, '2013-03-20 16:02:45', '2013-03-20 16:02:45'),
('201303200067', '121307067', '201303190023', 1, '2013-03-20 16:02:45', '2013-03-20 16:02:45'),
('201303200068', '121307068', '201303190023', 1, '2013-03-20 16:02:45', '2013-03-20 16:02:45'),
('201303200069', '121307069', '201303190023', 1, '2013-03-20 16:02:45', '2013-03-20 16:02:45'),
('201303200070', '121307070', '201303190023', 1, '2013-03-20 16:02:45', '2013-03-20 16:02:45'),
('201303200071', '121307071', '201303190023', 1, '2013-03-20 16:02:45', '2013-03-20 16:02:45'),
('201303200072', '121307072', '201303190023', 1, '2013-03-20 16:02:45', '2013-03-20 16:02:45'),
('201303200073', '121307073', '201303190023', 1, '2013-03-20 16:02:45', '2013-03-20 16:02:45'),
('201303200074', '121307074', '201303190023', 1, '2013-03-20 16:02:46', '2013-03-20 16:02:46'),
('201303200075', '121307075', '201303190023', 1, '2013-03-20 16:02:46', '2013-03-20 16:02:46'),
('201303200076', '121307076', '201303190023', 1, '2013-03-20 16:02:46', '2013-03-20 16:02:46'),
('201303200077', '121307077', '201303190023', 1, '2013-03-20 16:02:46', '2013-03-20 16:02:46'),
('201303200078', '121307078', '201303190023', 1, '2013-03-20 16:02:46', '2013-03-20 16:02:46'),
('201303200079', '121307079', '201303190023', 1, '2013-03-20 16:02:46', '2013-03-20 16:02:46'),
('201303200080', '121307080', '201303190023', 1, '2013-03-20 16:02:46', '2013-03-20 16:02:46'),
('201303200081', '121307081', '201303190023', 1, '2013-03-20 16:02:46', '2013-03-20 16:02:46'),
('201303200082', '121307082', '201303190023', 1, '2013-03-20 16:02:46', '2013-03-20 16:02:46'),
('201303200083', '121307083', '201303190023', 1, '2013-03-20 16:02:46', '2013-03-20 16:02:46'),
('201303200084', '121307084', '201303190023', 1, '2013-03-20 16:02:46', '2013-03-20 16:02:46'),
('201303200085', '121307085', '201303190023', 1, '2013-03-20 16:02:46', '2013-03-20 16:02:46'),
('201303200086', '121307086', '201303190023', 1, '2013-03-20 16:02:46', '2013-03-20 16:02:46'),
('201303200087', '121307087', '201303190023', 1, '2013-03-20 16:02:46', '2013-03-20 16:02:46'),
('201303200088', '121307088', '201303190023', 1, '2013-03-20 16:02:46', '2013-03-20 16:02:46'),
('201303200089', '121307089', '201303190023', 1, '2013-03-20 16:02:46', '2013-03-20 16:02:46'),
('201303200090', '121307090', '201303190034', 1, '2013-03-20 16:02:46', '2013-03-20 16:02:46'),
('201303200091', '121307091', '201303190034', 1, '2013-03-20 16:02:46', '2013-03-20 16:02:46'),
('201303200092', '121307092', '201303190034', 1, '2013-03-20 16:02:46', '2013-03-20 16:02:46'),
('201303200093', '121307093', '201303190034', 1, '2013-03-20 16:02:46', '2013-03-20 16:02:46'),
('201303200094', '121307094', '201303190034', 1, '2013-03-20 16:02:46', '2013-03-20 16:02:46'),
('201303200095', '121307095', '201303190034', 1, '2013-03-20 16:02:46', '2013-03-20 16:02:46'),
('201303200096', '121307096', '201303190034', 1, '2013-03-20 16:02:46', '2013-03-20 16:02:46'),
('201303200097', '121307097', '201303190034', 1, '2013-03-20 16:02:46', '2013-03-20 16:02:46'),
('201303200098', '121307098', '201303190034', 1, '2013-03-20 16:02:46', '2013-03-20 16:02:46'),
('201303200099', '121307099', '201303190034', 1, '2013-03-20 16:02:46', '2013-03-20 16:02:46'),
('201303200100', '121307100', '201303190034', 1, '2013-03-20 16:02:46', '2013-03-20 16:02:46'),
('201303200101', '121307101', '201303190034', 1, '2013-03-20 16:03:38', '2013-03-20 16:03:38'),
('201303200102', '121307102', '201303190034', 1, '2013-03-20 16:03:38', '2013-03-20 16:03:38'),
('201303200103', '121307103', '201303190034', 1, '2013-03-20 16:03:38', '2013-03-20 16:03:38'),
('201303200104', '121307104', '201303190034', 1, '2013-03-20 16:03:38', '2013-03-20 16:03:38'),
('201303200105', '121307105', '201303190034', 1, '2013-03-20 16:03:38', '2013-03-20 16:03:38'),
('201303200106', '121307106', '201303190034', 1, '2013-03-20 16:03:38', '2013-03-20 16:03:38'),
('201303200107', '121307107', '201303190034', 1, '2013-03-20 16:03:38', '2013-03-20 16:03:38'),
('201303200108', '121307108', '201303190034', 1, '2013-03-20 16:03:38', '2013-03-20 16:03:38'),
('201303200109', '121307109', '201303190034', 1, '2013-03-20 16:03:38', '2013-03-20 16:03:38'),
('201303200110', '121307110', '201303190034', 1, '2013-03-20 16:03:38', '2013-03-20 16:03:38'),
('201303200111', '121307111', '201303190034', 1, '2013-03-20 16:03:38', '2013-03-20 16:03:38'),
('201303200112', '121307112', '201303190034', 1, '2013-03-20 16:03:38', '2013-03-20 16:03:38'),
('201303200113', '121307113', '201303190034', 1, '2013-03-20 16:03:38', '2013-03-20 16:03:38'),
('201303200114', '121307114', '201303190034', 1, '2013-03-20 16:03:38', '2013-03-20 16:03:38'),
('201303200115', '121307115', '201303190034', 1, '2013-03-20 16:03:38', '2013-03-20 16:03:38'),
('201303200116', '121307116', '201303190034', 1, '2013-03-20 16:03:38', '2013-03-20 16:03:38'),
('201303200117', '121307117', '201303190034', 1, '2013-03-20 16:03:38', '2013-03-20 16:03:38'),
('201303200118', '121307118', '201303190034', 1, '2013-03-20 16:03:38', '2013-03-20 16:03:38'),
('201303200119', '121307119', '201303190034', 1, '2013-03-20 16:03:38', '2013-03-20 16:03:38');
INSERT INTO `academic_classhistory` (`classhistory_id`, `classhistory_student`, `classhistory_classgroup`, `classhistory_status`, `classhistory_entry`, `classhistory_entry_update`) VALUES
('201303200120', '121307120', '201303190042', 1, '2013-03-20 16:03:38', '2013-03-20 16:03:38'),
('201303200121', '121307121', '201303190042', 1, '2013-03-20 16:03:38', '2013-03-20 16:03:38'),
('201303200122', '121307122', '201303190042', 1, '2013-03-20 16:03:38', '2013-03-20 16:03:38'),
('201303200123', '121307123', '201303190042', 1, '2013-03-20 16:03:38', '2013-03-20 16:03:38'),
('201303200124', '121307124', '201303190042', 1, '2013-03-20 16:03:38', '2013-03-20 16:03:38'),
('201303200125', '121307125', '201303190042', 1, '2013-03-20 16:03:38', '2013-03-20 16:03:38'),
('201303200126', '121307126', '201303190042', 1, '2013-03-20 16:03:38', '2013-03-20 16:03:38'),
('201303200127', '121307127', '201303190042', 1, '2013-03-20 16:03:38', '2013-03-20 16:03:38'),
('201303200128', '121307128', '201303190042', 1, '2013-03-20 16:03:39', '2013-03-20 16:03:39'),
('201303200129', '121307129', '201303190042', 1, '2013-03-20 16:03:39', '2013-03-20 16:03:39'),
('201303200130', '121307130', '201303190042', 1, '2013-03-20 16:03:39', '2013-03-20 16:03:39'),
('201303200131', '121307131', '201303190042', 1, '2013-03-20 16:03:39', '2013-03-20 16:03:39'),
('201303200132', '121307132', '201303190042', 1, '2013-03-20 16:03:39', '2013-03-20 16:03:39'),
('201303200133', '121307133', '201303190042', 1, '2013-03-20 16:03:39', '2013-03-20 16:03:39'),
('201303200134', '121307134', '201303190042', 1, '2013-03-20 16:03:39', '2013-03-20 16:03:39'),
('201303200135', '121307135', '201303190042', 1, '2013-03-20 16:03:39', '2013-03-20 16:03:39'),
('201303200136', '121307136', '201303190042', 1, '2013-03-20 16:03:39', '2013-03-20 16:03:39'),
('201303200137', '121307137', '201303190042', 1, '2013-03-20 16:03:39', '2013-03-20 16:03:39'),
('201303200138', '121307138', '201303190042', 1, '2013-03-20 16:03:39', '2013-03-20 16:03:39'),
('201303200139', '121307139', '201303190042', 1, '2013-03-20 16:03:39', '2013-03-20 16:03:39'),
('201303200140', '121307140', '201303190042', 1, '2013-03-20 16:03:39', '2013-03-20 16:03:39'),
('201303200141', '121307141', '201303190042', 1, '2013-03-20 16:03:39', '2013-03-20 16:03:39'),
('201303200142', '121307142', '201303190042', 1, '2013-03-20 16:03:39', '2013-03-20 16:03:39'),
('201303200143', '121307143', '201303190042', 1, '2013-03-20 16:03:39', '2013-03-20 16:03:39'),
('201303200144', '121307144', '201303190042', 1, '2013-03-20 16:03:39', '2013-03-20 16:03:39'),
('201303200145', '121307145', '201303190042', 1, '2013-03-20 16:03:39', '2013-03-20 16:03:39'),
('201303200146', '121307146', '201303190042', 1, '2013-03-20 16:03:39', '2013-03-20 16:03:39'),
('201303200147', '121307147', '201303190042', 1, '2013-03-20 16:03:39', '2013-03-20 16:03:39'),
('201303200148', '121307148', '201303190042', 1, '2013-03-20 16:03:39', '2013-03-20 16:03:39'),
('201303200149', '121307149', '201303190042', 1, '2013-03-20 16:03:39', '2013-03-20 16:03:39'),
('201303200150', '121307150', '201303190043', 1, '2013-03-20 16:03:39', '2013-03-20 16:03:39'),
('201303200151', '121307151', '201303190043', 1, '2013-03-20 16:03:39', '2013-03-20 16:03:39'),
('201303200152', '121307152', '201303190043', 1, '2013-03-20 16:03:39', '2013-03-20 16:03:39'),
('201303200153', '121307153', '201303190043', 1, '2013-03-20 16:03:39', '2013-03-20 16:03:39'),
('201303200154', '121307154', '201303190043', 1, '2013-03-20 16:03:39', '2013-03-20 16:03:39'),
('201303200155', '121307155', '201303190043', 1, '2013-03-20 16:03:39', '2013-03-20 16:03:39'),
('201303200156', '121307156', '201303190043', 1, '2013-03-20 16:03:39', '2013-03-20 16:03:39'),
('201303200157', '121307157', '201303190043', 1, '2013-03-20 16:03:39', '2013-03-20 16:03:39'),
('201303200158', '121307158', '201303190043', 1, '2013-03-20 16:03:39', '2013-03-20 16:03:39'),
('201303200159', '121307159', '201303190043', 1, '2013-03-20 16:03:39', '2013-03-20 16:03:39'),
('201303200160', '121307160', '201303190043', 1, '2013-03-20 16:03:39', '2013-03-20 16:03:39'),
('201303200161', '121307161', '201303190043', 1, '2013-03-20 16:03:39', '2013-03-20 16:03:39'),
('201303200162', '121307162', '201303190043', 1, '2013-03-20 16:03:39', '2013-03-20 16:03:39'),
('201303200163', '121307163', '201303190043', 1, '2013-03-20 16:03:39', '2013-03-20 16:03:39'),
('201303200164', '121307164', '201303190043', 1, '2013-03-20 16:03:39', '2013-03-20 16:03:39'),
('201303200165', '121307165', '201303190043', 1, '2013-03-20 16:03:39', '2013-03-20 16:03:39'),
('201303200166', '121307166', '201303190043', 1, '2013-03-20 16:03:39', '2013-03-20 16:03:39'),
('201303200167', '121307167', '201303190043', 1, '2013-03-20 16:03:39', '2013-03-20 16:03:39'),
('201303200168', '121307168', '201303190043', 1, '2013-03-20 16:03:39', '2013-03-20 16:03:39'),
('201303200169', '121307169', '201303190043', 1, '2013-03-20 16:03:39', '2013-03-20 16:03:39'),
('201303200170', '121307170', '201303190043', 1, '2013-03-20 16:03:39', '2013-03-20 16:03:39'),
('201303200171', '121307171', '201303190043', 1, '2013-03-20 16:03:39', '2013-03-20 16:03:39'),
('201303200172', '121307172', '201303190043', 1, '2013-03-20 16:03:39', '2013-03-20 16:03:39'),
('201303200173', '121307173', '201303190043', 1, '2013-03-20 16:03:39', '2013-03-20 16:03:39'),
('201303200174', '121307174', '201303190043', 1, '2013-03-20 16:03:39', '2013-03-20 16:03:39'),
('201303200175', '121307175', '201303190043', 1, '2013-03-20 16:03:39', '2013-03-20 16:03:39'),
('201303200176', '121307176', '201303190043', 1, '2013-03-20 16:03:39', '2013-03-20 16:03:39'),
('201303200177', '121307177', '201303190043', 1, '2013-03-20 16:03:39', '2013-03-20 16:03:39'),
('201303200178', '121307178', '201303190043', 1, '2013-03-20 16:03:39', '2013-03-20 16:03:39'),
('201303200179', '121307179', '201303190044', 1, '2013-03-20 16:03:39', '2013-03-20 16:03:39'),
('201303200180', '121307180', '201303190044', 1, '2013-03-20 16:03:39', '2013-03-20 16:03:39'),
('201303200181', '121307181', '201303190044', 1, '2013-03-20 16:03:39', '2013-03-20 16:03:39'),
('201303200182', '121307182', '201303190044', 1, '2013-03-20 16:03:39', '2013-03-20 16:03:39'),
('201303200183', '121307183', '201303190044', 1, '2013-03-20 16:03:39', '2013-03-20 16:03:39'),
('201303200184', '121307184', '201303190044', 1, '2013-03-20 16:03:39', '2013-03-20 16:03:39'),
('201303200185', '121307185', '201303190044', 1, '2013-03-20 16:03:39', '2013-03-20 16:03:39'),
('201303200186', '121307186', '201303190044', 1, '2013-03-20 16:03:39', '2013-03-20 16:03:39'),
('201303200187', '121307187', '201303190044', 1, '2013-03-20 16:03:39', '2013-03-20 16:03:39'),
('201303200188', '121307188', '201303190044', 1, '2013-03-20 16:03:39', '2013-03-20 16:03:39'),
('201303200189', '121307189', '201303190044', 1, '2013-03-20 16:03:39', '2013-03-20 16:03:39'),
('201303200190', '121307190', '201303190044', 1, '2013-03-20 16:03:39', '2013-03-20 16:03:39'),
('201303200191', '121307191', '201303190044', 1, '2013-03-20 16:03:39', '2013-03-20 16:03:39'),
('201303200192', '121307192', '201303190044', 1, '2013-03-20 16:03:39', '2013-03-20 16:03:39'),
('201303200193', '121307193', '201303190044', 1, '2013-03-20 16:03:39', '2013-03-20 16:03:39'),
('201303200194', '121307194', '201303190044', 1, '2013-03-20 16:03:39', '2013-03-20 16:03:39'),
('201303200195', '121307195', '201303190044', 1, '2013-03-20 16:03:39', '2013-03-20 16:03:39'),
('201303200196', '121307196', '201303190044', 1, '2013-03-20 16:03:39', '2013-03-20 16:03:39'),
('201303200197', '121307197', '201303190044', 1, '2013-03-20 16:03:39', '2013-03-20 16:03:39'),
('201303200198', '121307198', '201303190044', 1, '2013-03-20 16:03:39', '2013-03-20 16:03:39'),
('201303200199', '121307199', '201303190044', 1, '2013-03-20 16:03:39', '2013-03-20 16:03:39'),
('201303200200', '121307200', '201303190044', 1, '2013-03-20 16:03:39', '2013-03-20 16:03:39'),
('201303200201', '121307201', '201303190044', 1, '2013-03-20 16:03:51', '2013-03-20 16:03:51'),
('201303200202', '121307202', '201303190044', 1, '2013-03-20 16:03:51', '2013-03-20 16:03:51'),
('201303200203', '121307203', '201303190044', 1, '2013-03-20 16:03:51', '2013-03-20 16:03:51'),
('201303200204', '121307204', '201303190044', 1, '2013-03-20 16:03:51', '2013-03-20 16:03:51'),
('201303200205', '121307205', '201303190044', 1, '2013-03-20 16:03:51', '2013-03-20 16:03:51'),
('201303200206', '121307206', '201303190044', 1, '2013-03-20 16:03:51', '2013-03-20 16:03:51'),
('201303200207', '121307207', '201303190044', 1, '2013-03-20 16:03:51', '2013-03-20 16:03:51'),
('201303200208', '121307208', '201303190045', 1, '2013-03-20 16:03:51', '2013-03-20 16:03:51'),
('201303200209', '121307209', '201303190045', 1, '2013-03-20 16:03:51', '2013-03-20 16:03:51'),
('201303200210', '121307210', '201303190045', 1, '2013-03-20 16:03:51', '2013-03-20 16:03:51'),
('201303200211', '121307211', '201303190045', 1, '2013-03-20 16:03:51', '2013-03-20 16:03:51'),
('201303200212', '121307212', '201303190045', 1, '2013-03-20 16:03:51', '2013-03-20 16:03:51'),
('201303200213', '121307213', '201303190045', 1, '2013-03-20 16:03:51', '2013-03-20 16:03:51'),
('201303200214', '121307214', '201303190045', 1, '2013-03-20 16:03:51', '2013-03-20 16:03:51'),
('201303200215', '121307215', '201303190045', 1, '2013-03-20 16:03:51', '2013-03-20 16:03:51'),
('201303200216', '121307216', '201303190045', 1, '2013-03-20 16:03:51', '2013-03-20 16:03:51'),
('201303200217', '121307217', '201303190045', 1, '2013-03-20 16:03:51', '2013-03-20 16:03:51'),
('201303200218', '121307218', '201303190045', 1, '2013-03-20 16:03:51', '2013-03-20 16:03:51'),
('201303200219', '121307219', '201303190045', 1, '2013-03-20 16:03:51', '2013-03-20 16:03:51'),
('201303200220', '121307220', '201303190045', 1, '2013-03-20 16:03:51', '2013-03-20 16:03:51'),
('201303200221', '121307221', '201303190045', 1, '2013-03-20 16:03:51', '2013-03-20 16:03:51'),
('201303200222', '121307222', '201303190045', 1, '2013-03-20 16:03:51', '2013-03-20 16:03:51'),
('201303200223', '121307223', '201303190045', 1, '2013-03-20 16:03:51', '2013-03-20 16:03:51'),
('201303200224', '121307224', '201303190045', 1, '2013-03-20 16:03:51', '2013-03-20 16:03:51'),
('201303200225', '121307225', '201303190045', 1, '2013-03-20 16:03:51', '2013-03-20 16:03:51'),
('201303200226', '121307226', '201303190045', 1, '2013-03-20 16:03:51', '2013-03-20 16:03:51'),
('201303200227', '121307227', '201303190045', 1, '2013-03-20 16:03:51', '2013-03-20 16:03:51'),
('201303200228', '121307228', '201303190045', 1, '2013-03-20 16:03:51', '2013-03-20 16:03:51'),
('201303200229', '121307229', '201303190045', 1, '2013-03-20 16:03:51', '2013-03-20 16:03:51'),
('201303200230', '121307230', '201303190045', 1, '2013-03-20 16:03:51', '2013-03-20 16:03:51'),
('201303200231', '121307231', '201303190045', 1, '2013-03-20 16:03:51', '2013-03-20 16:03:51'),
('201303200232', '121307232', '201303190045', 1, '2013-03-20 16:03:51', '2013-03-20 16:03:51'),
('201303200233', '121307233', '201303190045', 1, '2013-03-20 16:03:51', '2013-03-20 16:03:51'),
('201303200234', '121307234', '201303190045', 1, '2013-03-20 16:03:51', '2013-03-20 16:03:51'),
('201303200235', '121307235', '201303190045', 1, '2013-03-20 16:03:51', '2013-03-20 16:03:51'),
('201303200236', '121307236', '201303190045', 1, '2013-03-20 16:03:51', '2013-03-20 16:03:51'),
('201303200237', '111207186', '201303190046', 3, '2013-03-20 16:03:51', '2013-03-20 16:03:51'),
('201303200238', '111207158', '201303190046', 3, '2013-03-20 16:03:51', '2013-03-20 16:03:51'),
('201303200239', '111207026', '201303190046', 3, '2013-03-20 16:03:51', '2013-03-20 16:03:51'),
('201303200240', '111207132', '201303190046', 3, '2013-03-20 16:03:51', '2013-03-20 16:03:51'),
('201303200241', '111207051', '201303190046', 3, '2013-03-20 16:03:51', '2013-03-20 16:03:51'),
('201303200242', '111207106', '201303190046', 3, '2013-03-20 16:03:51', '2013-03-20 16:03:51'),
('201303200243', '111207031', '201303190046', 3, '2013-03-20 16:03:51', '2013-03-20 16:03:51'),
('201303200244', '111207161', '201303190046', 3, '2013-03-20 16:03:51', '2013-03-20 16:03:51'),
('201303200245', '111207109', '201303190046', 3, '2013-03-20 16:03:51', '2013-03-20 16:03:51'),
('201303200246', '111207112', '201303190046', 3, '2013-03-20 16:03:51', '2013-03-20 16:03:51'),
('201303200247', '111207113', '201303190046', 3, '2013-03-20 16:03:51', '2013-03-20 16:03:51'),
('201303200248', '111207057', '201303190046', 3, '2013-03-20 16:03:51', '2013-03-20 16:03:51'),
('201303200249', '111207117', '201303190046', 3, '2013-03-20 16:03:51', '2013-03-20 16:03:51'),
('201303200250', '111207172', '201303190046', 3, '2013-03-20 16:03:51', '2013-03-20 16:03:51'),
('201303200251', '111207194', '201303190046', 3, '2013-03-20 16:03:52', '2013-03-20 16:03:52'),
('201303200252', '111207141', '201303190046', 3, '2013-03-20 16:03:52', '2013-03-20 16:03:52'),
('201303200253', '111207041', '201303190046', 3, '2013-03-20 16:03:52', '2013-03-20 16:03:52'),
('201303200254', '111207195', '201303190046', 3, '2013-03-20 16:03:52', '2013-03-20 16:03:52'),
('201303200255', '111207092', '201303190046', 3, '2013-03-20 16:03:52', '2013-03-20 16:03:52'),
('201303200256', '111207068', '201303190046', 3, '2013-03-20 16:03:52', '2013-03-20 16:03:52'),
('201303200257', '111207123', '201303190046', 3, '2013-03-20 16:03:52', '2013-03-20 16:03:52'),
('201303200258', '111207043', '201303190046', 3, '2013-03-20 16:03:52', '2013-03-20 16:03:52'),
('201303200259', '111207204', '201303190046', 3, '2013-03-20 16:03:52', '2013-03-20 16:03:52'),
('201303200260', '111207205', '201303190046', 3, '2013-03-20 16:03:52', '2013-03-20 16:03:52'),
('201303200261', '111207099', '201303190046', 3, '2013-03-20 16:03:52', '2013-03-20 16:03:52'),
('201303200262', '111207082', '201303190002', 3, '2013-03-20 16:03:52', '2013-03-20 16:03:52'),
('201303200263', '111207108', '201303190002', 3, '2013-03-20 16:03:52', '2013-03-20 16:03:52'),
('201303200264', '111207136', '201303190002', 3, '2013-03-20 16:03:52', '2013-03-20 16:03:52'),
('201303200265', '111207008', '201303190002', 3, '2013-03-20 16:03:52', '2013-03-20 16:03:52'),
('201303200266', '111207010', '201303190002', 3, '2013-03-20 16:03:52', '2013-03-20 16:03:52'),
('201303200267', '111207139', '201303190002', 3, '2013-03-20 16:03:52', '2013-03-20 16:03:52'),
('201303200268', '111207088', '201303190002', 3, '2013-03-20 16:03:52', '2013-03-20 16:03:52'),
('201303200269', '111207064', '201303190002', 3, '2013-03-20 16:03:52', '2013-03-20 16:03:52'),
('201303200270', '111207174', '201303190002', 3, '2013-03-20 16:03:52', '2013-03-20 16:03:52'),
('201303200271', '111207197', '201303190002', 3, '2013-03-20 16:03:52', '2013-03-20 16:03:52'),
('201303200272', '111207093', '201303190002', 3, '2013-03-20 16:03:52', '2013-03-20 16:03:52'),
('201303200273', '111207094', '201303190002', 3, '2013-03-20 16:03:52', '2013-03-20 16:03:52'),
('201303200274', '111207124', '201303190002', 3, '2013-03-20 16:03:52', '2013-03-20 16:03:52'),
('201303200275', '111207147', '201303190002', 3, '2013-03-20 16:03:52', '2013-03-20 16:03:52'),
('201303200276', '111207202', '201303190002', 3, '2013-03-20 16:03:52', '2013-03-20 16:03:52'),
('201303200277', '111207203', '201303190002', 3, '2013-03-20 16:03:52', '2013-03-20 16:03:52'),
('201303200278', '111207018', '201303190002', 3, '2013-03-20 16:03:52', '2013-03-20 16:03:52'),
('201303200279', '111207151', '201303190002', 3, '2013-03-20 16:03:52', '2013-03-20 16:03:52'),
('201303200280', '111207021', '201303190002', 3, '2013-03-20 16:03:52', '2013-03-20 16:03:52'),
('201303200281', '111207072', '201303190002', 3, '2013-03-20 16:03:52', '2013-03-20 16:03:52'),
('201303200282', '111207100', '201303190002', 3, '2013-03-20 16:03:52', '2013-03-20 16:03:52'),
('201303200283', '111207209', '201303190002', 3, '2013-03-20 16:03:52', '2013-03-20 16:03:52'),
('201303200284', '111207073', '201303190002', 3, '2013-03-20 16:03:52', '2013-03-20 16:03:52'),
('201303200285', '111207024', '201303190002', 3, '2013-03-20 16:03:52', '2013-03-20 16:03:52'),
('201303200286', '111207155', '201303190002', 3, '2013-03-20 16:03:52', '2013-03-20 16:03:52'),
('201303200287', '111207156', '201303190002', 3, '2013-03-20 16:03:52', '2013-03-20 16:03:52'),
('201303200288', '111207130', '201303190003', 3, '2013-03-20 16:03:52', '2013-03-20 16:03:52'),
('201303200289', '111207102', '201303190003', 3, '2013-03-20 16:03:52', '2013-03-20 16:03:52'),
('201303200290', '111207160', '201303190003', 3, '2013-03-20 16:03:52', '2013-03-20 16:03:52'),
('201303200291', '111207030', '201303190003', 3, '2013-03-20 16:03:52', '2013-03-20 16:03:52'),
('201303200292', '111207032', '201303190003', 3, '2013-03-20 16:03:52', '2013-03-20 16:03:52'),
('201303200293', '111207162', '201303190003', 3, '2013-03-20 16:03:52', '2013-03-20 16:03:52'),
('201303200294', '111207163', '201303190003', 3, '2013-03-20 16:03:52', '2013-03-20 16:03:52'),
('201303200295', '111207054', '201303190003', 3, '2013-03-20 16:03:52', '2013-03-20 16:03:52'),
('201303200296', '111207009', '201303190003', 3, '2013-03-20 16:03:52', '2013-03-20 16:03:52'),
('201303200297', '111207114', '201303190003', 3, '2013-03-20 16:03:52', '2013-03-20 16:03:52'),
('201303200298', '111207058', '201303190003', 3, '2013-03-20 16:03:52', '2013-03-20 16:03:52'),
('201303200299', '111207037', '201303190003', 3, '2013-03-20 16:03:52', '2013-03-20 16:03:52'),
('201303200300', '111207171', '201303190003', 3, '2013-03-20 16:03:52', '2013-03-20 16:03:52'),
('201303200301', '111207173', '201303190003', 3, '2013-03-20 16:04:02', '2013-03-20 16:04:02'),
('201303200302', '111207012', '201303190003', 3, '2013-03-20 16:04:02', '2013-03-20 16:04:02'),
('201303200303', '111207013', '201303190003', 3, '2013-03-20 16:04:02', '2013-03-20 16:04:02'),
('201303200304', '111207145', '201303190003', 3, '2013-03-20 16:04:02', '2013-03-20 16:04:02'),
('201303200305', '111207016', '201303190003', 3, '2013-03-20 16:04:02', '2013-03-20 16:04:02'),
('201303200306', '111207096', '201303190003', 3, '2013-03-20 16:04:02', '2013-03-20 16:04:02'),
('201303200307', '111207097', '201303190003', 3, '2013-03-20 16:04:02', '2013-03-20 16:04:02'),
('201303200308', '111207022', '201303190003', 3, '2013-03-20 16:04:02', '2013-03-20 16:04:02'),
('201303200309', '111207154', '201303190003', 3, '2013-03-20 16:04:02', '2013-03-20 16:04:02'),
('201303200310', '111207182', '201303190003', 3, '2013-03-20 16:04:02', '2013-03-20 16:04:02'),
('201303200311', '111207210', '201303190003', 3, '2013-03-20 16:04:02', '2013-03-20 16:04:02'),
('201303200312', '111207211', '201303190003', 3, '2013-03-20 16:04:02', '2013-03-20 16:04:02'),
('201303200313', '111207184', '201303190003', 3, '2013-03-20 16:04:02', '2013-03-20 16:04:02'),
('201303200314', '111207103', '201303190004', 3, '2013-03-20 16:04:02', '2013-03-20 16:04:02'),
('201303200315', '111207028', '201303190004', 3, '2013-03-20 16:04:02', '2013-03-20 16:04:02'),
('201303200316', '111207187', '201303190004', 3, '2013-03-20 16:04:02', '2013-03-20 16:04:02'),
('201303200317', '111207005', '201303190004', 3, '2013-03-20 16:04:02', '2013-03-20 16:04:02'),
('201303200318', '111207189', '201303190004', 3, '2013-03-20 16:04:02', '2013-03-20 16:04:02'),
('201303200319', '111207138', '201303190004', 3, '2013-03-20 16:04:02', '2013-03-20 16:04:02'),
('201303200320', '111207056', '201303190004', 3, '2013-03-20 16:04:02', '2013-03-20 16:04:02'),
('201303200321', '111207167', '201303190004', 3, '2013-03-20 16:04:02', '2013-03-20 16:04:02'),
('201303200322', '111207091', '201303190004', 3, '2013-03-20 16:04:02', '2013-03-20 16:04:02'),
('201303200323', '111207062', '201303190004', 3, '2013-03-20 16:04:02', '2013-03-20 16:04:02'),
('201303200324', '111207040', '201303190004', 3, '2013-03-20 16:04:02', '2013-03-20 16:04:02'),
('201303200325', '111207175', '201303190004', 3, '2013-03-20 16:04:02', '2013-03-20 16:04:02'),
('201303200326', '111207066', '201303190004', 3, '2013-03-20 16:04:02', '2013-03-20 16:04:02'),
('201303200327', '111207067', '201303190004', 3, '2013-03-20 16:04:02', '2013-03-20 16:04:02'),
('201303200328', '111207015', '201303190004', 3, '2013-03-20 16:04:02', '2013-03-20 16:04:02'),
('201303200329', '111207144', '201303190004', 3, '2013-03-20 16:04:02', '2013-03-20 16:04:02'),
('201303200330', '111207122', '201303190004', 3, '2013-03-20 16:04:02', '2013-03-20 16:04:02'),
('201303200331', '111207199', '201303190004', 3, '2013-03-20 16:04:02', '2013-03-20 16:04:02'),
('201303200332', '111207070', '201303190004', 3, '2013-03-20 16:04:02', '2013-03-20 16:04:02'),
('201303200333', '111207017', '201303190004', 3, '2013-03-20 16:04:02', '2013-03-20 16:04:02'),
('201303200334', '111207046', '201303190004', 3, '2013-03-20 16:04:02', '2013-03-20 16:04:02'),
('201303200335', '111207179', '201303190004', 3, '2013-03-20 16:04:02', '2013-03-20 16:04:02'),
('201303200336', '111207180', '201303190004', 3, '2013-03-20 16:04:02', '2013-03-20 16:04:02'),
('201303200337', '111207207', '201303190004', 3, '2013-03-20 16:04:02', '2013-03-20 16:04:02'),
('201303200338', '111207048', '201303190004', 3, '2013-03-20 16:04:02', '2013-03-20 16:04:02'),
('201303200339', '111207020', '201303190004', 3, '2013-03-20 16:04:02', '2013-03-20 16:04:02'),
('201303200340', '111207001', '201303190005', 3, '2013-03-20 16:04:02', '2013-03-20 16:04:02'),
('201303200341', '111207003', '201303190005', 3, '2013-03-20 16:04:02', '2013-03-20 16:04:02'),
('201303200342', '111207077', '201303190005', 3, '2013-03-20 16:04:02', '2013-03-20 16:04:02'),
('201303200343', '111207029', '201303190005', 3, '2013-03-20 16:04:02', '2013-03-20 16:04:02'),
('201303200344', '111207007', '201303190005', 3, '2013-03-20 16:04:02', '2013-03-20 16:04:02'),
('201303200345', '111207053', '201303190005', 3, '2013-03-20 16:04:02', '2013-03-20 16:04:02'),
('201303200346', '111207110', '201303190005', 3, '2013-03-20 16:04:02', '2013-03-20 16:04:02'),
('201303200347', '111207166', '201303190005', 3, '2013-03-20 16:04:02', '2013-03-20 16:04:02'),
('201303200348', '111207190', '201303190005', 3, '2013-03-20 16:04:02', '2013-03-20 16:04:02'),
('201303200349', '111207085', '201303190005', 3, '2013-03-20 16:04:02', '2013-03-20 16:04:02'),
('201303200350', '111207035', '201303190005', 3, '2013-03-20 16:04:02', '2013-03-20 16:04:02'),
('201303200351', '111207087', '201303190005', 3, '2013-03-20 16:04:02', '2013-03-20 16:04:02'),
('201303200352', '111207059', '201303190005', 3, '2013-03-20 16:04:02', '2013-03-20 16:04:02'),
('201303200353', '111207061', '201303190005', 3, '2013-03-20 16:04:02', '2013-03-20 16:04:02'),
('201303200354', '111207120', '201303190005', 3, '2013-03-20 16:04:02', '2013-03-20 16:04:02'),
('201303200355', '111207200', '201303190005', 3, '2013-03-20 16:04:02', '2013-03-20 16:04:02'),
('201303200356', '111207149', '201303190005', 3, '2013-03-20 16:04:02', '2013-03-20 16:04:02'),
('201303200357', '111207150', '201303190005', 3, '2013-03-20 16:04:02', '2013-03-20 16:04:02'),
('201303200358', '111207177', '201303190005', 3, '2013-03-20 16:04:02', '2013-03-20 16:04:02'),
('201303200359', '111207019', '201303190005', 3, '2013-03-20 16:04:02', '2013-03-20 16:04:02'),
('201303200360', '111207098', '201303190005', 3, '2013-03-20 16:04:02', '2013-03-20 16:04:02'),
('201303200361', '111207071', '201303190005', 3, '2013-03-20 16:04:02', '2013-03-20 16:04:02'),
('201303200362', '111207208', '201303190005', 3, '2013-03-20 16:04:02', '2013-03-20 16:04:02'),
('201303200363', '111207153', '201303190005', 3, '2013-03-20 16:04:02', '2013-03-20 16:04:02'),
('201303200364', '111207023', '201303190005', 3, '2013-03-20 16:04:02', '2013-03-20 16:04:02'),
('201303200365', '111207212', '201303190005', 3, '2013-03-20 16:04:02', '2013-03-20 16:04:02'),
('201303200366', '111207050', '201303190005', 3, '2013-03-20 16:04:02', '2013-03-20 16:04:02'),
('201303200367', '111207105', '201303190006', 3, '2013-03-20 16:04:02', '2013-03-20 16:04:02'),
('201303200368', '111207052', '201303190006', 3, '2013-03-20 16:04:02', '2013-03-20 16:04:02'),
('201303200369', '111207107', '201303190006', 3, '2013-03-20 16:04:02', '2013-03-20 16:04:02'),
('201303200370', '111207134', '201303190006', 3, '2013-03-20 16:04:02', '2013-03-20 16:04:02'),
('201303200371', '111207083', '201303190006', 3, '2013-03-20 16:04:02', '2013-03-20 16:04:02'),
('201303200372', '111207135', '201303190006', 3, '2013-03-20 16:04:02', '2013-03-20 16:04:02'),
('201303200373', '111207034', '201303190006', 3, '2013-03-20 16:04:02', '2013-03-20 16:04:02'),
('201303200374', '111207055', '201303190006', 3, '2013-03-20 16:04:02', '2013-03-20 16:04:02'),
('201303200375', '111207115', '201303190006', 3, '2013-03-20 16:04:02', '2013-03-20 16:04:02'),
('201303200376', '111207140', '201303190006', 3, '2013-03-20 16:04:02', '2013-03-20 16:04:02'),
('201303200377', '111207168', '201303190006', 3, '2013-03-20 16:04:02', '2013-03-20 16:04:02'),
('201303200378', '111207036', '201303190006', 3, '2013-03-20 16:04:02', '2013-03-20 16:04:02'),
('201303200379', '111207192', '201303190006', 3, '2013-03-20 16:04:02', '2013-03-20 16:04:02'),
('201303200380', '111207170', '201303190006', 3, '2013-03-20 16:04:02', '2013-03-20 16:04:02'),
('201303200381', '111207038', '201303190006', 3, '2013-03-20 16:04:03', '2013-03-20 16:04:03'),
('201303200382', '111207090', '201303190006', 3, '2013-03-20 16:04:03', '2013-03-20 16:04:03'),
('201303200383', '111207063', '201303190006', 3, '2013-03-20 16:04:03', '2013-03-20 16:04:03'),
('201303200384', '111207039', '201303190006', 3, '2013-03-20 16:04:03', '2013-03-20 16:04:03'),
('201303200385', '111207045', '201303190006', 3, '2013-03-20 16:04:03', '2013-03-20 16:04:03'),
('201303200386', '111207178', '201303190006', 3, '2013-03-20 16:04:03', '2013-03-20 16:04:03'),
('201303200387', '111207206', '201303190006', 3, '2013-03-20 16:04:03', '2013-03-20 16:04:03'),
('201303200388', '111207047', '201303190006', 3, '2013-03-20 16:04:03', '2013-03-20 16:04:03'),
('201303200389', '111207126', '201303190006', 3, '2013-03-20 16:04:03', '2013-03-20 16:04:03'),
('201303200390', '111207127', '201303190006', 3, '2013-03-20 16:04:03', '2013-03-20 16:04:03'),
('201303200391', '111207152', '201303190006', 3, '2013-03-20 16:04:03', '2013-03-20 16:04:03'),
('201303200392', '111207128', '201303190006', 3, '2013-03-20 16:04:03', '2013-03-20 16:04:03'),
('201303200393', '111207157', '201303190007', 3, '2013-03-20 16:04:03', '2013-03-20 16:04:03'),
('201303200394', '111207129', '201303190007', 3, '2013-03-20 16:04:03', '2013-03-20 16:04:03'),
('201303200395', '111207002', '201303190007', 3, '2013-03-20 16:04:03', '2013-03-20 16:04:03'),
('201303200396', '111207159', '201303190007', 3, '2013-03-20 16:04:03', '2013-03-20 16:04:03'),
('201303200397', '111207101', '201303190007', 3, '2013-03-20 16:04:03', '2013-03-20 16:04:03'),
('201303200398', '111207027', '201303190007', 3, '2013-03-20 16:04:03', '2013-03-20 16:04:03'),
('201303200399', '111207004', '201303190007', 3, '2013-03-20 16:04:03', '2013-03-20 16:04:03'),
('201303200400', '111207078', '201303190007', 3, '2013-03-20 16:04:03', '2013-03-20 16:04:03'),
('201303200401', '111207133', '201303190007', 3, '2013-03-20 16:04:09', '2013-03-20 16:04:09'),
('201303200402', '111207081', '201303190007', 3, '2013-03-20 16:04:09', '2013-03-20 16:04:09'),
('201303200403', '111207033', '201303190007', 3, '2013-03-20 16:04:09', '2013-03-20 16:04:09'),
('201303200404', '111207111', '201303190007', 3, '2013-03-20 16:04:09', '2013-03-20 16:04:09'),
('201303200405', '111207191', '201303190007', 3, '2013-03-20 16:04:09', '2013-03-20 16:04:09'),
('201303200406', '111207193', '201303190007', 3, '2013-03-20 16:04:09', '2013-03-20 16:04:09'),
('201303200407', '111207142', '201303190007', 3, '2013-03-20 16:04:09', '2013-03-20 16:04:09'),
('201303200408', '111207176', '201303190007', 3, '2013-03-20 16:04:09', '2013-03-20 16:04:09'),
('201303200409', '111207198', '201303190007', 3, '2013-03-20 16:04:09', '2013-03-20 16:04:09'),
('201303200410', '111207069', '201303190007', 3, '2013-03-20 16:04:09', '2013-03-20 16:04:09'),
('201303200411', '111207125', '201303190007', 3, '2013-03-20 16:04:09', '2013-03-20 16:04:09'),
('201303200412', '111207095', '201303190007', 3, '2013-03-20 16:04:09', '2013-03-20 16:04:09'),
('201303200413', '111207146', '201303190007', 3, '2013-03-20 16:04:09', '2013-03-20 16:04:09'),
('201303200414', '111207181', '201303190007', 3, '2013-03-20 16:04:09', '2013-03-20 16:04:09'),
('201303200415', '111207074', '201303190007', 3, '2013-03-20 16:04:09', '2013-03-20 16:04:09'),
('201303200416', '111207075', '201303190007', 3, '2013-03-20 16:04:09', '2013-03-20 16:04:09'),
('201303200417', '111207025', '201303190007', 3, '2013-03-20 16:04:09', '2013-03-20 16:04:09'),
('201303200418', '111207183', '201303190007', 3, '2013-03-20 16:04:09', '2013-03-20 16:04:09'),
('201303200419', '111207185', '201303190008', 3, '2013-03-20 16:04:09', '2013-03-20 16:04:09'),
('201303200420', '111207131', '201303190008', 3, '2013-03-20 16:04:09', '2013-03-20 16:04:09'),
('201303200421', '111207104', '201303190008', 3, '2013-03-20 16:04:09', '2013-03-20 16:04:09'),
('201303200422', '111207079', '201303190008', 3, '2013-03-20 16:04:09', '2013-03-20 16:04:09'),
('201303200423', '111207006', '201303190008', 3, '2013-03-20 16:04:09', '2013-03-20 16:04:09'),
('201303200424', '111207213', '201303190008', 3, '2013-03-20 16:04:09', '2013-03-20 16:04:09'),
('201303200425', '111207164', '201303190008', 3, '2013-03-20 16:04:09', '2013-03-20 16:04:09'),
('201303200426', '111207165', '201303190008', 3, '2013-03-20 16:04:09', '2013-03-20 16:04:09'),
('201303200427', '111207137', '201303190008', 3, '2013-03-20 16:04:09', '2013-03-20 16:04:09'),
('201303200428', '111207084', '201303190008', 3, '2013-03-20 16:04:09', '2013-03-20 16:04:09'),
('201303200429', '111207169', '201303190008', 3, '2013-03-20 16:04:09', '2013-03-20 16:04:09'),
('201303200430', '111207011', '201303190008', 3, '2013-03-20 16:04:09', '2013-03-20 16:04:09'),
('201303200431', '111207060', '201303190008', 3, '2013-03-20 16:04:09', '2013-03-20 16:04:09'),
('201303200432', '111207116', '201303190008', 3, '2013-03-20 16:04:09', '2013-03-20 16:04:09'),
('201303200433', '111207089', '201303190008', 3, '2013-03-20 16:04:09', '2013-03-20 16:04:09'),
('201303200434', '111207118', '201303190008', 3, '2013-03-20 16:04:09', '2013-03-20 16:04:09'),
('201303200435', '111207119', '201303190008', 3, '2013-03-20 16:04:09', '2013-03-20 16:04:09'),
('201303200436', '111207065', '201303190008', 3, '2013-03-20 16:04:09', '2013-03-20 16:04:09'),
('201303200437', '111207042', '201303190008', 3, '2013-03-20 16:04:09', '2013-03-20 16:04:09'),
('201303200438', '111207196', '201303190008', 3, '2013-03-20 16:04:09', '2013-03-20 16:04:09'),
('201303200439', '111207014', '201303190008', 3, '2013-03-20 16:04:09', '2013-03-20 16:04:09'),
('201303200440', '111207143', '201303190008', 3, '2013-03-20 16:04:09', '2013-03-20 16:04:09'),
('201303200441', '111207201', '201303190008', 3, '2013-03-20 16:04:09', '2013-03-20 16:04:09'),
('201303200442', '111207148', '201303190008', 3, '2013-03-20 16:04:09', '2013-03-20 16:04:09'),
('201303200443', '111207044', '201303190008', 3, '2013-03-20 16:04:09', '2013-03-20 16:04:09'),
('201303200444', '111207049', '201303190008', 3, '2013-03-20 16:04:09', '2013-03-20 16:04:09'),
('201303200445', '101107031', '201303190009', 3, '2013-03-20 16:04:09', '2013-03-20 16:04:09'),
('201303200446', '101107063', '201303190009', 3, '2013-03-20 16:04:10', '2013-03-20 16:04:10'),
('201303200447', '101107182', '201303190009', 3, '2013-03-20 16:04:10', '2013-03-20 16:04:10'),
('201303200448', '101107183', '201303190009', 3, '2013-03-20 16:04:10', '2013-03-20 16:04:10'),
('201303200449', '101107038', '201303190009', 3, '2013-03-20 16:04:10', '2013-03-20 16:04:10'),
('201303200450', '101107187', '201303190009', 3, '2013-03-20 16:04:10', '2013-03-20 16:04:10'),
('201303200451', '101107010', '201303190009', 3, '2013-03-20 16:04:10', '2013-03-20 16:04:10'),
('201303200452', '101107040', '201303190009', 3, '2013-03-20 16:04:10', '2013-03-20 16:04:10'),
('201303200453', '101107071', '201303190009', 3, '2013-03-20 16:04:10', '2013-03-20 16:04:10'),
('201303200454', '101107160', '201303190009', 3, '2013-03-20 16:04:10', '2013-03-20 16:04:10'),
('201303200455', '101107106', '201303190009', 3, '2013-03-20 16:04:10', '2013-03-20 16:04:10'),
('201303200456', '101107161', '201303190009', 3, '2013-03-20 16:04:10', '2013-03-20 16:04:10'),
('201303200457', '101107133', '201303190009', 3, '2013-03-20 16:04:10', '2013-03-20 16:04:10'),
('201303200458', '101107107', '201303190009', 3, '2013-03-20 16:04:10', '2013-03-20 16:04:10'),
('201303200459', '101107047', '201303190009', 3, '2013-03-20 16:04:10', '2013-03-20 16:04:10'),
('201303200460', '101107076', '201303190009', 3, '2013-03-20 16:04:10', '2013-03-20 16:04:10'),
('201303200461', '101107048', '201303190009', 3, '2013-03-20 16:04:10', '2013-03-20 16:04:10'),
('201303200462', '101107196', '201303190009', 3, '2013-03-20 16:04:10', '2013-03-20 16:04:10'),
('201303200463', '101107021', '201303190009', 3, '2013-03-20 16:04:10', '2013-03-20 16:04:10'),
('201303200464', '101107170', '201303190009', 3, '2013-03-20 16:04:10', '2013-03-20 16:04:10'),
('201303200465', '101107171', '201303190009', 3, '2013-03-20 16:04:10', '2013-03-20 16:04:10'),
('201303200466', '101107199', '201303190009', 3, '2013-03-20 16:04:10', '2013-03-20 16:04:10'),
('201303200467', '101107085', '201303190009', 3, '2013-03-20 16:04:10', '2013-03-20 16:04:10'),
('201303200468', '101107143', '201303190009', 3, '2013-03-20 16:04:10', '2013-03-20 16:04:10'),
('201303200469', '101107176', '201303190009', 3, '2013-03-20 16:04:10', '2013-03-20 16:04:10'),
('201303200470', '101107204', '201303190009', 3, '2013-03-20 16:04:10', '2013-03-20 16:04:10'),
('201303200471', '101107149', '201303190010', 3, '2013-03-20 16:04:10', '2013-03-20 16:04:10'),
('201303200472', '101107003', '201303190010', 3, '2013-03-20 16:04:10', '2013-03-20 16:04:10'),
('201303200473', '101107178', '201303190010', 3, '2013-03-20 16:04:10', '2013-03-20 16:04:10'),
('201303200474', '101107036', '201303190010', 3, '2013-03-20 16:04:10', '2013-03-20 16:04:10'),
('201303200475', '101107124', '201303190010', 3, '2013-03-20 16:04:10', '2013-03-20 16:04:10'),
('201303200476', '101107096', '201303190010', 3, '2013-03-20 16:04:10', '2013-03-20 16:04:10'),
('201303200477', '101107186', '201303190010', 3, '2013-03-20 16:04:10', '2013-03-20 16:04:10'),
('201303200478', '101107157', '201303190010', 3, '2013-03-20 16:04:10', '2013-03-20 16:04:10'),
('201303200479', '101107101', '201303190010', 3, '2013-03-20 16:04:10', '2013-03-20 16:04:10'),
('201303200480', '101107068', '201303190010', 3, '2013-03-20 16:04:10', '2013-03-20 16:04:10'),
('201303200481', '101107192', '201303190010', 3, '2013-03-20 16:04:10', '2013-03-20 16:04:10'),
('201303200482', '101107105', '201303190010', 3, '2013-03-20 16:04:10', '2013-03-20 16:04:10'),
('201303200483', '101107015', '201303190010', 3, '2013-03-20 16:04:10', '2013-03-20 16:04:10'),
('201303200484', '101107045', '201303190010', 3, '2013-03-20 16:04:10', '2013-03-20 16:04:10'),
('201303200485', '101107194', '201303190010', 3, '2013-03-20 16:04:10', '2013-03-20 16:04:10'),
('201303200486', '101107164', '201303190010', 3, '2013-03-20 16:04:10', '2013-03-20 16:04:10'),
('201303200487', '101107166', '201303190010', 3, '2013-03-20 16:04:10', '2013-03-20 16:04:10'),
('201303200488', '101107051', '201303190010', 3, '2013-03-20 16:04:10', '2013-03-20 16:04:10'),
('201303200489', '101107086', '201303190010', 3, '2013-03-20 16:04:10', '2013-03-20 16:04:10'),
('201303200490', '101107116', '201303190010', 3, '2013-03-20 16:04:10', '2013-03-20 16:04:10'),
('201303200491', '101107141', '201303190010', 3, '2013-03-20 16:04:10', '2013-03-20 16:04:10'),
('201303200492', '101107174', '201303190010', 3, '2013-03-20 16:04:10', '2013-03-20 16:04:10'),
('201303200493', '101107145', '201303190010', 3, '2013-03-20 16:04:10', '2013-03-20 16:04:10'),
('201303200494', '101107027', '201303190010', 3, '2013-03-20 16:04:10', '2013-03-20 16:04:10'),
('201303200495', '101107205', '201303190010', 3, '2013-03-20 16:04:10', '2013-03-20 16:04:10'),
('201303200496', '101107150', '201303190011', 3, '2013-03-20 16:04:10', '2013-03-20 16:04:10'),
('201303200497', '101107179', '201303190011', 3, '2013-03-20 16:04:10', '2013-03-20 16:04:10'),
('201303200498', '101107151', '201303190011', 3, '2013-03-20 16:04:10', '2013-03-20 16:04:10'),
('201303200499', '101107093', '201303190011', 3, '2013-03-20 16:04:10', '2013-03-20 16:04:10'),
('201303200500', '101107094', '201303190011', 3, '2013-03-20 16:04:10', '2013-03-20 16:04:10'),
('201303200501', '101107185', '201303190011', 3, '2013-03-20 16:04:16', '2013-03-20 16:04:16'),
('201303200502', '101107098', '201303190011', 3, '2013-03-20 16:04:16', '2013-03-20 16:04:16'),
('201303200503', '101107126', '201303190011', 3, '2013-03-20 16:04:16', '2013-03-20 16:04:16'),
('201303200504', '101107066', '201303190011', 3, '2013-03-20 16:04:16', '2013-03-20 16:04:16'),
('201303200505', '101107067', '201303190011', 3, '2013-03-20 16:04:16', '2013-03-20 16:04:16'),
('201303200506', '101107102', '201303190011', 3, '2013-03-20 16:04:16', '2013-03-20 16:04:16'),
('201303200507', '101107042', '201303190011', 3, '2013-03-20 16:04:16', '2013-03-20 16:04:16'),
('201303200508', '101107044', '201303190011', 3, '2013-03-20 16:04:16', '2013-03-20 16:04:16'),
('201303200509', '101107013', '201303190011', 3, '2013-03-20 16:04:16', '2013-03-20 16:04:16'),
('201303200510', '101107108', '201303190011', 3, '2013-03-20 16:04:16', '2013-03-20 16:04:16'),
('201303200511', '101107195', '201303190011', 3, '2013-03-20 16:04:16', '2013-03-20 16:04:16'),
('201303200512', '101107050', '201303190011', 3, '2013-03-20 16:04:16', '2013-03-20 16:04:16'),
('201303200513', '101107112', '201303190011', 3, '2013-03-20 16:04:16', '2013-03-20 16:04:16'),
('201303200514', '101107113', '201303190011', 3, '2013-03-20 16:04:16', '2013-03-20 16:04:16'),
('201303200515', '101107023', '201303190011', 3, '2013-03-20 16:04:16', '2013-03-20 16:04:16'),
('201303200516', '101107087', '201303190011', 3, '2013-03-20 16:04:16', '2013-03-20 16:04:16'),
('201303200517', '101107175', '201303190011', 3, '2013-03-20 16:04:16', '2013-03-20 16:04:16'),
('201303200518', '101107144', '201303190011', 3, '2013-03-20 16:04:16', '2013-03-20 16:04:16'),
('201303200519', '101107029', '201303190011', 3, '2013-03-20 16:04:16', '2013-03-20 16:04:16'),
('201303200520', '111208214', '201303190011', 3, '2013-03-20 16:04:16', '2013-03-20 16:04:16'),
('201303200521', '101107001', '201303190013', 3, '2013-03-20 16:04:16', '2013-03-20 16:04:16'),
('201303200522', '101107002', '201303190013', 3, '2013-03-20 16:04:16', '2013-03-20 16:04:16'),
('201303200523', '101107004', '201303190013', 3, '2013-03-20 16:04:16', '2013-03-20 16:04:16'),
('201303200524', '101107005', '201303190013', 3, '2013-03-20 16:04:16', '2013-03-20 16:04:16'),
('201303200525', '101107097', '201303190013', 3, '2013-03-20 16:04:16', '2013-03-20 16:04:16'),
('201303200526', '101107064', '201303190013', 3, '2013-03-20 16:04:16', '2013-03-20 16:04:16'),
('201303200527', '101107100', '201303190013', 3, '2013-03-20 16:04:16', '2013-03-20 16:04:16'),
('201303200528', '101107041', '201303190013', 3, '2013-03-20 16:04:16', '2013-03-20 16:04:16'),
('201303200529', '101107043', '201303190013', 3, '2013-03-20 16:04:16', '2013-03-20 16:04:16'),
('201303200530', '101107069', '201303190013', 3, '2013-03-20 16:04:16', '2013-03-20 16:04:16'),
('201303200531', '101107104', '201303190013', 3, '2013-03-20 16:04:16', '2013-03-20 16:04:16'),
('201303200532', '101107014', '201303190013', 3, '2013-03-20 16:04:16', '2013-03-20 16:04:16'),
('201303200533', '101107072', '201303190013', 3, '2013-03-20 16:04:16', '2013-03-20 16:04:16'),
('201303200534', '101107073', '201303190013', 3, '2013-03-20 16:04:16', '2013-03-20 16:04:16'),
('201303200535', '101107016', '201303190013', 3, '2013-03-20 16:04:16', '2013-03-20 16:04:16'),
('201303200536', '101107074', '201303190013', 3, '2013-03-20 16:04:16', '2013-03-20 16:04:16'),
('201303200537', '101107078', '201303190013', 3, '2013-03-20 16:04:16', '2013-03-20 16:04:16'),
('201303200538', '101107079', '201303190013', 3, '2013-03-20 16:04:16', '2013-03-20 16:04:16'),
('201303200539', '101107052', '201303190013', 3, '2013-03-20 16:04:16', '2013-03-20 16:04:16'),
('201303200540', '101107082', '201303190013', 3, '2013-03-20 16:04:16', '2013-03-20 16:04:16'),
('201303200541', '101107018', '201303190013', 3, '2013-03-20 16:04:16', '2013-03-20 16:04:16'),
('201303200542', '101107054', '201303190013', 3, '2013-03-20 16:04:16', '2013-03-20 16:04:16'),
('201303200543', '101107058', '201303190013', 3, '2013-03-20 16:04:16', '2013-03-20 16:04:16'),
('201303200544', '101107119', '201303190013', 3, '2013-03-20 16:04:16', '2013-03-20 16:04:16'),
('201303200545', '101107120', '201303190013', 3, '2013-03-20 16:04:16', '2013-03-20 16:04:16'),
('201303200546', '101107061', '201303190014', 3, '2013-03-20 16:04:16', '2013-03-20 16:04:16'),
('201303200547', '101107034', '201303190014', 3, '2013-03-20 16:04:16', '2013-03-20 16:04:16'),
('201303200548', '101107125', '201303190014', 3, '2013-03-20 16:04:16', '2013-03-20 16:04:16'),
('201303200549', '101107095', '201303190014', 3, '2013-03-20 16:04:16', '2013-03-20 16:04:16'),
('201303200550', '101107039', '201303190014', 3, '2013-03-20 16:04:16', '2013-03-20 16:04:16'),
('201303200551', '101107129', '201303190014', 3, '2013-03-20 16:04:16', '2013-03-20 16:04:16'),
('201303200552', '101107189', '201303190014', 3, '2013-03-20 16:04:16', '2013-03-20 16:04:16'),
('201303200553', '101107012', '201303190014', 3, '2013-03-20 16:04:16', '2013-03-20 16:04:16'),
('201303200554', '101107193', '201303190014', 3, '2013-03-20 16:04:17', '2013-03-20 16:04:17'),
('201303200555', '101107135', '201303190014', 3, '2013-03-20 16:04:17', '2013-03-20 16:04:17'),
('201303200556', '101107049', '201303190014', 3, '2013-03-20 16:04:17', '2013-03-20 16:04:17'),
('201303200557', '101107137', '201303190014', 3, '2013-03-20 16:04:17', '2013-03-20 16:04:17'),
('201303200558', '101107111', '201303190014', 3, '2013-03-20 16:04:17', '2013-03-20 16:04:17'),
('201303200559', '101107083', '201303190014', 3, '2013-03-20 16:04:17', '2013-03-20 16:04:17'),
('201303200560', '101107055', '201303190014', 3, '2013-03-20 16:04:17', '2013-03-20 16:04:17'),
('201303200561', '101107020', '201303190014', 3, '2013-03-20 16:04:17', '2013-03-20 16:04:17'),
('201303200562', '101107169', '201303190014', 3, '2013-03-20 16:04:17', '2013-03-20 16:04:17'),
('201303200563', '101107056', '201303190014', 3, '2013-03-20 16:04:17', '2013-03-20 16:04:17'),
('201303200564', '101107022', '201303190014', 3, '2013-03-20 16:04:17', '2013-03-20 16:04:17'),
('201303200565', '101107024', '201303190014', 3, '2013-03-20 16:04:17', '2013-03-20 16:04:17'),
('201303200566', '101107172', '201303190014', 3, '2013-03-20 16:04:17', '2013-03-20 16:04:17'),
('201303200567', '101107025', '201303190014', 3, '2013-03-20 16:04:17', '2013-03-20 16:04:17'),
('201303200568', '101107202', '201303190014', 3, '2013-03-20 16:04:17', '2013-03-20 16:04:17'),
('201303200569', '101107089', '201303190014', 3, '2013-03-20 16:04:17', '2013-03-20 16:04:17'),
('201303200570', '101107177', '201303190014', 3, '2013-03-20 16:04:17', '2013-03-20 16:04:17'),
('201303200571', '101107206', '201303190014', 3, '2013-03-20 16:04:17', '2013-03-20 16:04:17'),
('201303200572', '101107091', '201303190015', 3, '2013-03-20 16:04:17', '2013-03-20 16:04:17'),
('201303200573', '101107032', '201303190015', 3, '2013-03-20 16:04:17', '2013-03-20 16:04:17'),
('201303200574', '101107121', '201303190015', 3, '2013-03-20 16:04:17', '2013-03-20 16:04:17'),
('201303200575', '101107033', '201303190015', 3, '2013-03-20 16:04:17', '2013-03-20 16:04:17'),
('201303200576', '101107153', '201303190015', 3, '2013-03-20 16:04:17', '2013-03-20 16:04:17'),
('201303200577', '101107154', '201303190015', 3, '2013-03-20 16:04:17', '2013-03-20 16:04:17'),
('201303200578', '101107099', '201303190015', 3, '2013-03-20 16:04:17', '2013-03-20 16:04:17'),
('201303200579', '101107188', '201303190015', 3, '2013-03-20 16:04:17', '2013-03-20 16:04:17'),
('201303200580', '101107011', '201303190015', 3, '2013-03-20 16:04:17', '2013-03-20 16:04:17'),
('201303200581', '101107103', '201303190015', 3, '2013-03-20 16:04:17', '2013-03-20 16:04:17'),
('201303200582', '101107070', '201303190015', 3, '2013-03-20 16:04:17', '2013-03-20 16:04:17'),
('201303200583', '101107134', '201303190015', 3, '2013-03-20 16:04:17', '2013-03-20 16:04:17'),
('201303200584', '101107165', '201303190015', 3, '2013-03-20 16:04:17', '2013-03-20 16:04:17'),
('201303200585', '101107168', '201303190015', 3, '2013-03-20 16:04:17', '2013-03-20 16:04:17'),
('201303200586', '101107197', '201303190015', 3, '2013-03-20 16:04:17', '2013-03-20 16:04:17'),
('201303200587', '101107019', '201303190015', 3, '2013-03-20 16:04:17', '2013-03-20 16:04:17'),
('201303200588', '101107084', '201303190015', 3, '2013-03-20 16:04:17', '2013-03-20 16:04:17'),
('201303200589', '101107198', '201303190015', 3, '2013-03-20 16:04:17', '2013-03-20 16:04:17'),
('201303200590', '101107140', '201303190015', 3, '2013-03-20 16:04:17', '2013-03-20 16:04:17'),
('201303200591', '101107200', '201303190015', 3, '2013-03-20 16:04:17', '2013-03-20 16:04:17'),
('201303200592', '101107118', '201303190015', 3, '2013-03-20 16:04:17', '2013-03-20 16:04:17'),
('201303200593', '101107201', '201303190015', 3, '2013-03-20 16:04:17', '2013-03-20 16:04:17'),
('201303200594', '101107026', '201303190015', 3, '2013-03-20 16:04:17', '2013-03-20 16:04:17'),
('201303200595', '101107059', '201303190015', 3, '2013-03-20 16:04:17', '2013-03-20 16:04:17'),
('201303200596', '101107088', '201303190015', 3, '2013-03-20 16:04:17', '2013-03-20 16:04:17'),
('201303200597', '101107092', '201303190016', 3, '2013-03-20 16:04:17', '2013-03-20 16:04:17'),
('201303200598', '101107035', '201303190016', 3, '2013-03-20 16:04:17', '2013-03-20 16:04:17'),
('201303200599', '101107123', '201303190016', 3, '2013-03-20 16:04:17', '2013-03-20 16:04:17'),
('201303200600', '101107037', '201303190016', 3, '2013-03-20 16:04:17', '2013-03-20 16:04:17'),
('201303200601', '101107181', '201303190016', 3, '2013-03-20 16:04:25', '2013-03-20 16:04:25'),
('201303200602', '101107184', '201303190016', 3, '2013-03-20 16:04:25', '2013-03-20 16:04:25'),
('201303200603', '101107007', '201303190016', 3, '2013-03-20 16:04:25', '2013-03-20 16:04:25'),
('201303200604', '101107008', '201303190016', 3, '2013-03-20 16:04:25', '2013-03-20 16:04:25'),
('201303200605', '101107009', '201303190016', 3, '2013-03-20 16:04:25', '2013-03-20 16:04:25'),
('201303200606', '101107127', '201303190016', 3, '2013-03-20 16:04:25', '2013-03-20 16:04:25'),
('201303200607', '101107158', '201303190016', 3, '2013-03-20 16:04:25', '2013-03-20 16:04:25'),
('201303200608', '101107159', '201303190016', 3, '2013-03-20 16:04:25', '2013-03-20 16:04:25'),
('201303200609', '101107191', '201303190016', 3, '2013-03-20 16:04:25', '2013-03-20 16:04:25'),
('201303200610', '101107130', '201303190016', 3, '2013-03-20 16:04:25', '2013-03-20 16:04:25'),
('201303200611', '101107131', '201303190016', 3, '2013-03-20 16:04:25', '2013-03-20 16:04:25'),
('201303200612', '101107132', '201303190016', 3, '2013-03-20 16:04:25', '2013-03-20 16:04:25'),
('201303200613', '101107075', '201303190016', 3, '2013-03-20 16:04:25', '2013-03-20 16:04:25'),
('201303200614', '101107109', '201303190016', 3, '2013-03-20 16:04:25', '2013-03-20 16:04:25'),
('201303200615', '101107110', '201303190016', 3, '2013-03-20 16:04:25', '2013-03-20 16:04:25'),
('201303200616', '101107138', '201303190016', 3, '2013-03-20 16:04:25', '2013-03-20 16:04:25'),
('201303200617', '101107115', '201303190016', 3, '2013-03-20 16:04:25', '2013-03-20 16:04:25'),
('201303200618', '101107173', '201303190016', 3, '2013-03-20 16:04:25', '2013-03-20 16:04:25'),
('201303200619', '101107146', '201303190016', 3, '2013-03-20 16:04:25', '2013-03-20 16:04:25'),
('201303200620', '101107147', '201303190016', 3, '2013-03-20 16:04:25', '2013-03-20 16:04:25'),
('201303200621', '101107203', '201303190016', 3, '2013-03-20 16:04:25', '2013-03-20 16:04:25'),
('201303200622', '101107062', '201303190017', 3, '2013-03-20 16:04:25', '2013-03-20 16:04:25'),
('201303200623', '101107180', '201303190017', 3, '2013-03-20 16:04:25', '2013-03-20 16:04:25'),
('201303200624', '101107122', '201303190017', 3, '2013-03-20 16:04:25', '2013-03-20 16:04:25'),
('201303200625', '101107152', '201303190017', 3, '2013-03-20 16:04:25', '2013-03-20 16:04:25'),
('201303200626', '101107065', '201303190017', 3, '2013-03-20 16:04:25', '2013-03-20 16:04:25'),
('201303200627', '101107156', '201303190017', 3, '2013-03-20 16:04:25', '2013-03-20 16:04:25'),
('201303200628', '101107128', '201303190017', 3, '2013-03-20 16:04:25', '2013-03-20 16:04:25'),
('201303200629', '101107190', '201303190017', 3, '2013-03-20 16:04:25', '2013-03-20 16:04:25'),
('201303200630', '101107046', '201303190017', 3, '2013-03-20 16:04:25', '2013-03-20 16:04:25'),
('201303200631', '101107163', '201303190017', 3, '2013-03-20 16:04:25', '2013-03-20 16:04:25'),
('201303200632', '101107077', '201303190017', 3, '2013-03-20 16:04:25', '2013-03-20 16:04:25'),
('201303200633', '101107017', '201303190017', 3, '2013-03-20 16:04:25', '2013-03-20 16:04:25'),
('201303200634', '101107167', '201303190017', 3, '2013-03-20 16:04:25', '2013-03-20 16:04:25'),
('201303200635', '101107080', '201303190017', 3, '2013-03-20 16:04:25', '2013-03-20 16:04:25'),
('201303200636', '101107081', '201303190017', 3, '2013-03-20 16:04:25', '2013-03-20 16:04:25'),
('201303200637', '101107053', '201303190017', 3, '2013-03-20 16:04:26', '2013-03-20 16:04:26'),
('201303200638', '101107139', '201303190017', 3, '2013-03-20 16:04:26', '2013-03-20 16:04:26'),
('201303200639', '101107114', '201303190017', 3, '2013-03-20 16:04:26', '2013-03-20 16:04:26'),
('201303200640', '101107057', '201303190017', 3, '2013-03-20 16:04:26', '2013-03-20 16:04:26'),
('201303200641', '101107117', '201303190017', 3, '2013-03-20 16:04:26', '2013-03-20 16:04:26'),
('201303200642', '101107142', '201303190017', 3, '2013-03-20 16:04:26', '2013-03-20 16:04:26'),
('201303200643', '101107060', '201303190017', 3, '2013-03-20 16:04:26', '2013-03-20 16:04:26'),
('201303200644', '101107030', '201303190017', 3, '2013-03-20 16:04:26', '2013-03-20 16:04:26'),
('201303200645', '101107148', '201303190017', 3, '2013-03-20 16:04:26', '2013-03-20 16:04:26'),
('201303200646', '101107090', '201303190017', 3, '2013-03-20 16:04:26', '2013-03-20 16:04:26'),
('201303200647', '111207051', '201303190033', 3, '2013-03-20 16:04:26', '2013-03-20 16:04:26'),
('201303200648', '111207124', '201303190033', 3, '2013-03-20 16:04:26', '2013-03-20 16:04:26');
INSERT INTO `academic_classhistory` (`classhistory_id`, `classhistory_student`, `classhistory_classgroup`, `classhistory_status`, `classhistory_entry`, `classhistory_entry_update`) VALUES
('201303200649', '111207203', '201303190033', 3, '2013-03-20 16:04:26', '2013-03-20 16:04:26'),
('201303200650', '111207163', '201303190033', 3, '2013-03-20 16:04:26', '2013-03-20 16:04:26'),
('201303200651', '111207114', '201303190033', 3, '2013-03-20 16:04:26', '2013-03-20 16:04:26'),
('201303200652', '111207097', '201303190033', 3, '2013-03-20 16:04:26', '2013-03-20 16:04:26'),
('201303200653', '111207154', '201303190033', 3, '2013-03-20 16:04:26', '2013-03-20 16:04:26'),
('201303200654', '111207211', '201303190033', 3, '2013-03-20 16:04:26', '2013-03-20 16:04:26'),
('201303200655', '111207005', '201303190033', 3, '2013-03-20 16:04:26', '2013-03-20 16:04:26'),
('201303200656', '111207040', '201303190033', 3, '2013-03-20 16:04:26', '2013-03-20 16:04:26'),
('201303200657', '111207070', '201303190033', 3, '2013-03-20 16:04:26', '2013-03-20 16:04:26'),
('201303200658', '111207179', '201303190033', 3, '2013-03-20 16:04:26', '2013-03-20 16:04:26'),
('201303200659', '111207105', '201303190033', 3, '2013-03-20 16:04:26', '2013-03-20 16:04:26'),
('201303200660', '111207036', '201303190033', 3, '2013-03-20 16:04:26', '2013-03-20 16:04:26'),
('201303200661', '111207047', '201303190033', 3, '2013-03-20 16:04:26', '2013-03-20 16:04:26'),
('201303200662', '111207004', '201303190033', 3, '2013-03-20 16:04:26', '2013-03-20 16:04:26'),
('201303200663', '111207095', '201303190033', 3, '2013-03-20 16:04:26', '2013-03-20 16:04:26'),
('201303200664', '111207185', '201303190033', 3, '2013-03-20 16:04:26', '2013-03-20 16:04:26'),
('201303200665', '111207213', '201303190033', 3, '2013-03-20 16:04:26', '2013-03-20 16:04:26'),
('201303200666', '111207060', '201303190033', 3, '2013-03-20 16:04:26', '2013-03-20 16:04:26'),
('201303200667', '121307002', '201303190035', 1, '2013-03-20 16:04:26', '2013-03-20 16:04:26'),
('201303200668', '121307012', '201303190035', 1, '2013-03-20 16:04:27', '2013-03-20 16:04:27'),
('201303200669', '121307055', '201303190035', 1, '2013-03-20 16:04:27', '2013-03-20 16:04:27'),
('201303200670', '121307066', '201303190035', 1, '2013-03-20 16:04:27', '2013-03-20 16:04:27'),
('201303200671', '121307071', '201303190035', 1, '2013-03-20 16:04:27', '2013-03-20 16:04:27'),
('201303200672', '121307073', '201303190035', 1, '2013-03-20 16:04:27', '2013-03-20 16:04:27'),
('201303200673', '121307076', '201303190035', 1, '2013-03-20 16:04:27', '2013-03-20 16:04:27'),
('201303200674', '121307080', '201303190035', 1, '2013-03-20 16:04:27', '2013-03-20 16:04:27'),
('201303200675', '121307086', '201303190035', 1, '2013-03-20 16:04:27', '2013-03-20 16:04:27'),
('201303200676', '121307096', '201303190035', 1, '2013-03-20 16:04:27', '2013-03-20 16:04:27'),
('201303200677', '121307105', '201303190035', 1, '2013-03-20 16:04:27', '2013-03-20 16:04:27'),
('201303200678', '121307110', '201303190035', 1, '2013-03-20 16:04:27', '2013-03-20 16:04:27'),
('201303200679', '121307115', '201303190035', 1, '2013-03-20 16:04:27', '2013-03-20 16:04:27'),
('201303200680', '121307133', '201303190035', 1, '2013-03-20 16:04:27', '2013-03-20 16:04:27'),
('201303200681', '121307147', '201303190035', 1, '2013-03-20 16:04:27', '2013-03-20 16:04:27'),
('201303200682', '121307154', '201303190035', 1, '2013-03-20 16:04:27', '2013-03-20 16:04:27'),
('201303200683', '121307161', '201303190035', 1, '2013-03-20 16:04:27', '2013-03-20 16:04:27'),
('201303200684', '121307168', '201303190035', 1, '2013-03-20 16:04:27', '2013-03-20 16:04:27'),
('201303200685', '121307176', '201303190035', 1, '2013-03-20 16:04:27', '2013-03-20 16:04:27'),
('201303200686', '121307179', '201303190035', 1, '2013-03-20 16:04:27', '2013-03-20 16:04:27'),
('201303200687', '121307192', '201303190035', 1, '2013-03-20 16:04:27', '2013-03-20 16:04:27'),
('201303200688', '121307197', '201303190035', 1, '2013-03-20 16:04:27', '2013-03-20 16:04:27'),
('201303200689', '121307188', '201303190035', 1, '2013-03-20 16:04:27', '2013-03-20 16:04:27'),
('201303200690', '121307228', '201303190035', 1, '2013-03-20 16:04:27', '2013-03-20 16:04:27'),
('201303200691', '111207161', '201303190038', 3, '2013-03-20 16:04:27', '2013-03-20 16:04:27'),
('201303200692', '111207008', '201303190038', 3, '2013-03-20 16:04:27', '2013-03-20 16:04:27'),
('201303200693', '111207155', '201303190038', 3, '2013-03-20 16:04:27', '2013-03-20 16:04:27'),
('201303200694', '111207209', '201303190038', 3, '2013-03-20 16:04:28', '2013-03-20 16:04:28'),
('201303200695', '111207032', '201303190038', 3, '2013-03-20 16:04:28', '2013-03-20 16:04:28'),
('201303200696', '111207022', '201303190038', 3, '2013-03-20 16:04:28', '2013-03-20 16:04:28'),
('201303200697', '111207012', '201303190038', 3, '2013-03-20 16:04:28', '2013-03-20 16:04:28'),
('201303200698', '111207091', '201303190038', 3, '2013-03-20 16:04:28', '2013-03-20 16:04:28'),
('201303200699', '111207050', '201303190038', 3, '2013-03-20 16:04:28', '2013-03-20 16:04:28'),
('201303200700', '111207087', '201303190038', 3, '2013-03-20 16:04:28', '2013-03-20 16:04:28'),
('201303200701', '111207178', '201303190038', 3, '2013-03-20 16:04:33', '2013-03-20 16:04:33'),
('201303200702', '111207119', '201303190038', 3, '2013-03-20 16:04:33', '2013-03-20 16:04:33'),
('201303200703', '111207165', '201303190038', 3, '2013-03-20 16:04:33', '2013-03-20 16:04:33'),
('201303200704', '111207201', '201303190038', 3, '2013-03-20 16:04:33', '2013-03-20 16:04:33'),
('201303200705', '121307020', '201303190039', 1, '2013-03-20 16:04:33', '2013-03-20 16:04:33'),
('201303200706', '121307022', '201303190039', 1, '2013-03-20 16:04:33', '2013-03-20 16:04:33'),
('201303200707', '121307027', '201303190039', 1, '2013-03-20 16:04:33', '2013-03-20 16:04:33'),
('201303200708', '121307026', '201303190039', 1, '2013-03-20 16:04:33', '2013-03-20 16:04:33'),
('201303200709', '121307006', '201303190039', 1, '2013-03-20 16:04:33', '2013-03-20 16:04:33'),
('201303200710', '121307024', '201303190039', 1, '2013-03-20 16:04:33', '2013-03-20 16:04:33'),
('201303200711', '121307058', '201303190039', 1, '2013-03-20 16:04:33', '2013-03-20 16:04:33'),
('201303200712', '121307039', '201303190039', 1, '2013-03-20 16:04:33', '2013-03-20 16:04:33'),
('201303200713', '121307048', '201303190039', 1, '2013-03-20 16:04:33', '2013-03-20 16:04:33'),
('201303200714', '121307063', '201303190039', 1, '2013-03-20 16:04:33', '2013-03-20 16:04:33'),
('201303200715', '121307077', '201303190039', 1, '2013-03-20 16:04:33', '2013-03-20 16:04:33'),
('201303200716', '121307103', '201303190039', 1, '2013-03-20 16:04:33', '2013-03-20 16:04:33'),
('201303200717', '121307142', '201303190039', 1, '2013-03-20 16:04:33', '2013-03-20 16:04:33'),
('201303200718', '121307122', '201303190039', 1, '2013-03-20 16:04:33', '2013-03-20 16:04:33'),
('201303200719', '121307126', '201303190039', 1, '2013-03-20 16:04:33', '2013-03-20 16:04:33'),
('201303200720', '121307135', '201303190039', 1, '2013-03-20 16:04:33', '2013-03-20 16:04:33'),
('201303200721', '121307164', '201303190039', 1, '2013-03-20 16:04:33', '2013-03-20 16:04:33'),
('201303200722', '121307180', '201303190039', 1, '2013-03-20 16:04:33', '2013-03-20 16:04:33'),
('201303200723', '121307212', '201303190039', 1, '2013-03-20 16:04:33', '2013-03-20 16:04:33'),
('201303200724', '121307230', '201303190039', 1, '2013-03-20 16:04:33', '2013-03-20 16:04:33'),
('201303200725', '111207202', '201303190020', 3, '2013-03-20 16:04:33', '2013-03-20 16:04:33'),
('201303200726', '111207156', '201303190020', 3, '2013-03-20 16:04:33', '2013-03-20 16:04:33'),
('201303200727', '111207151', '201303190020', 3, '2013-03-20 16:04:33', '2013-03-20 16:04:33'),
('201303200728', '111207100', '201303190020', 3, '2013-03-20 16:04:33', '2013-03-20 16:04:33'),
('201303200729', '111207018', '201303190020', 3, '2013-03-20 16:04:33', '2013-03-20 16:04:33'),
('201303200730', '111207037', '201303190020', 3, '2013-03-20 16:04:33', '2013-03-20 16:04:33'),
('201303200731', '111207028', '201303190020', 3, '2013-03-20 16:04:33', '2013-03-20 16:04:33'),
('201303200732', '111207199', '201303190020', 3, '2013-03-20 16:04:33', '2013-03-20 16:04:33'),
('201303200733', '111207177', '201303190020', 3, '2013-03-20 16:04:33', '2013-03-20 16:04:33'),
('201303200734', '111207034', '201303190020', 3, '2013-03-20 16:04:33', '2013-03-20 16:04:33'),
('201303200735', '111207176', '201303190020', 3, '2013-03-20 16:04:33', '2013-03-20 16:04:33'),
('201303200736', '111207079', '201303190020', 3, '2013-03-20 16:04:33', '2013-03-20 16:04:33'),
('201303200737', '111207089', '201303190020', 3, '2013-03-20 16:04:33', '2013-03-20 16:04:33'),
('201303200738', '121307009', '201303190021', 1, '2013-03-20 16:04:33', '2013-03-20 16:04:33'),
('201303200739', '121307018', '201303190021', 1, '2013-03-20 16:04:33', '2013-03-20 16:04:33'),
('201303200740', '121307064', '201303190021', 1, '2013-03-20 16:04:33', '2013-03-20 16:04:33'),
('201303200741', '121307060', '201303190021', 1, '2013-03-20 16:04:33', '2013-03-20 16:04:33'),
('201303200742', '121307108', '201303190021', 1, '2013-03-20 16:04:33', '2013-03-20 16:04:33'),
('201303200743', '121307124', '201303190021', 1, '2013-03-20 16:04:33', '2013-03-20 16:04:33'),
('201303200744', '121307139', '201303190021', 1, '2013-03-20 16:04:33', '2013-03-20 16:04:33'),
('201303200745', '121307137', '201303190021', 1, '2013-03-20 16:04:33', '2013-03-20 16:04:33'),
('201303200746', '121307155', '201303190021', 1, '2013-03-20 16:04:33', '2013-03-20 16:04:33'),
('201303200747', '121307153', '201303190021', 1, '2013-03-20 16:04:33', '2013-03-20 16:04:33'),
('201303200748', '121307152', '201303190021', 1, '2013-03-20 16:04:33', '2013-03-20 16:04:33'),
('201303200749', '121307170', '201303190021', 1, '2013-03-20 16:04:33', '2013-03-20 16:04:33'),
('201303200750', '121307200', '201303190021', 1, '2013-03-20 16:04:33', '2013-03-20 16:04:33'),
('201303200751', '121307196', '201303190021', 1, '2013-03-20 16:04:33', '2013-03-20 16:04:33'),
('201303200752', '121307202', '201303190021', 1, '2013-03-20 16:04:33', '2013-03-20 16:04:33'),
('201303200753', '121307183', '201303190021', 1, '2013-03-20 16:04:33', '2013-03-20 16:04:33'),
('201303200754', '121307221', '201303190021', 1, '2013-03-20 16:04:34', '2013-03-20 16:04:34'),
('201303200755', '121307209', '201303190021', 1, '2013-03-20 16:04:34', '2013-03-20 16:04:34'),
('201303200756', '121307217', '201303190021', 1, '2013-03-20 16:04:34', '2013-03-20 16:04:34'),
('201303200757', '121307211', '201303190021', 1, '2013-03-20 16:04:34', '2013-03-20 16:04:34'),
('201303200758', '121307089', '201303190040', 1, '2013-03-20 16:04:34', '2013-03-20 16:04:34'),
('201303200759', '121307084', '201303190040', 1, '2013-03-20 16:04:34', '2013-03-20 16:04:34'),
('201303200760', '121307081', '201303190040', 1, '2013-03-20 16:04:34', '2013-03-20 16:04:34'),
('201303200761', '121307079', '201303190040', 1, '2013-03-20 16:04:34', '2013-03-20 16:04:34'),
('201303200762', '121307072', '201303190040', 1, '2013-03-20 16:04:34', '2013-03-20 16:04:34'),
('201303200763', '121307067', '201303190040', 1, '2013-03-20 16:04:34', '2013-03-20 16:04:34'),
('201303200764', '121307061', '201303190040', 1, '2013-03-20 16:04:34', '2013-03-20 16:04:34'),
('201303200765', '121307128', '201303190040', 1, '2013-03-20 16:04:34', '2013-03-20 16:04:34'),
('201303200766', '121307169', '201303190040', 1, '2013-03-20 16:04:34', '2013-03-20 16:04:34'),
('201303200767', '121307156', '201303190040', 1, '2013-03-20 16:04:34', '2013-03-20 16:04:34'),
('201303200768', '121307203', '201303190040', 1, '2013-03-20 16:04:34', '2013-03-20 16:04:34'),
('201303200769', '121307223', '201303190040', 1, '2013-03-20 16:04:34', '2013-03-20 16:04:34'),
('201303200770', '111207094', '201303190040', 3, '2013-03-20 16:04:34', '2013-03-20 16:04:34'),
('201303200771', '111207174', '201303190040', 3, '2013-03-20 16:04:34', '2013-03-20 16:04:34'),
('201303200772', '111207064', '201303190040', 3, '2013-03-20 16:04:34', '2013-03-20 16:04:34'),
('201303200773', '111207010', '201303190040', 3, '2013-03-20 16:04:34', '2013-03-20 16:04:34'),
('201303200774', '111207187', '201303190040', 3, '2013-03-20 16:04:34', '2013-03-20 16:04:34'),
('201303200775', '111207115', '201303190040', 3, '2013-03-20 16:04:34', '2013-03-20 16:04:34'),
('201303200776', '111207116', '201303190040', 3, '2013-03-20 16:04:34', '2013-03-20 16:04:34'),
('201303200777', '111207006', '201303190040', 3, '2013-03-20 16:04:34', '2013-03-20 16:04:34'),
('201303200778', '121307021', '201303190018', 1, '2013-03-20 16:04:35', '2013-03-20 16:04:35'),
('201303200779', '121307042', '201303190018', 1, '2013-03-20 16:04:35', '2013-03-20 16:04:35'),
('201303200780', '121307041', '201303190018', 1, '2013-03-20 16:04:35', '2013-03-20 16:04:35'),
('201303200781', '121307032', '201303190018', 1, '2013-03-20 16:04:35', '2013-03-20 16:04:35'),
('201303200782', '121307049', '201303190018', 1, '2013-03-20 16:04:35', '2013-03-20 16:04:35'),
('201303200783', '121307114', '201303190018', 1, '2013-03-20 16:04:35', '2013-03-20 16:04:35'),
('201303200784', '121307113', '201303190018', 1, '2013-03-20 16:04:35', '2013-03-20 16:04:35'),
('201303200785', '121307091', '201303190018', 1, '2013-03-20 16:04:35', '2013-03-20 16:04:35'),
('201303200786', '121307099', '201303190018', 1, '2013-03-20 16:04:35', '2013-03-20 16:04:35'),
('201303200787', '121307149', '201303190018', 1, '2013-03-20 16:04:35', '2013-03-20 16:04:35'),
('201303200788', '121307120', '201303190018', 1, '2013-03-20 16:04:35', '2013-03-20 16:04:35'),
('201303200789', '121307134', '201303190018', 1, '2013-03-20 16:04:35', '2013-03-20 16:04:35'),
('201303200790', '121307127', '201303190018', 1, '2013-03-20 16:04:35', '2013-03-20 16:04:35'),
('201303200791', '121307125', '201303190018', 1, '2013-03-20 16:04:35', '2013-03-20 16:04:35'),
('201303200792', '121307131', '201303190018', 1, '2013-03-20 16:04:35', '2013-03-20 16:04:35'),
('201303200793', '121307136', '201303190018', 1, '2013-03-20 16:04:35', '2013-03-20 16:04:35'),
('201303200794', '121307195', '201303190018', 1, '2013-03-20 16:04:35', '2013-03-20 16:04:35'),
('201303200795', '121307181', '201303190018', 1, '2013-03-20 16:04:35', '2013-03-20 16:04:35'),
('201303200796', '121307206', '201303190018', 1, '2013-03-20 16:04:35', '2013-03-20 16:04:35'),
('201303200797', '121307204', '201303190018', 1, '2013-03-20 16:04:35', '2013-03-20 16:04:35'),
('201303200798', '121307190', '201303190018', 1, '2013-03-20 16:04:35', '2013-03-20 16:04:35'),
('201303200799', '121307185', '201303190018', 1, '2013-03-20 16:04:35', '2013-03-20 16:04:35'),
('201303200800', '121307189', '201303190018', 1, '2013-03-20 16:04:35', '2013-03-20 16:04:35'),
('201303200801', '121307236', '201303190018', 1, '2013-03-20 16:04:41', '2013-03-20 16:04:41'),
('201303200802', '121307214', '201303190018', 1, '2013-03-20 16:04:41', '2013-03-20 16:04:41'),
('201303200803', '121307210', '201303190018', 1, '2013-03-20 16:04:41', '2013-03-20 16:04:41'),
('201303200804', '121307234', '201303190018', 1, '2013-03-20 16:04:41', '2013-03-20 16:04:41'),
('201303200805', '121307220', '201303190018', 1, '2013-03-20 16:04:41', '2013-03-20 16:04:41'),
('201303200806', '121307205', '201303190018', 1, '2013-03-20 16:04:41', '2013-03-20 16:04:41'),
('201303200807', '121307004', '201303190032', 1, '2013-03-20 16:04:41', '2013-03-20 16:04:41'),
('201303200808', '121307013', '201303190032', 1, '2013-03-20 16:04:41', '2013-03-20 16:04:41'),
('201303200809', '121307016', '201303190032', 1, '2013-03-20 16:04:41', '2013-03-20 16:04:41'),
('201303200810', '121307023', '201303190032', 1, '2013-03-20 16:04:41', '2013-03-20 16:04:41'),
('201303200811', '121307001', '201303190032', 1, '2013-03-20 16:04:41', '2013-03-20 16:04:41'),
('201303200812', '121307033', '201303190032', 1, '2013-03-20 16:04:41', '2013-03-20 16:04:41'),
('201303200813', '121307034', '201303190032', 1, '2013-03-20 16:04:41', '2013-03-20 16:04:41'),
('201303200814', '121307043', '201303190032', 1, '2013-03-20 16:04:41', '2013-03-20 16:04:41'),
('201303200815', '121307046', '201303190032', 1, '2013-03-20 16:04:41', '2013-03-20 16:04:41'),
('201303200816', '121307045', '201303190032', 1, '2013-03-20 16:04:41', '2013-03-20 16:04:41'),
('201303200817', '121307050', '201303190032', 1, '2013-03-20 16:04:41', '2013-03-20 16:04:41'),
('201303200818', '121307051', '201303190032', 1, '2013-03-20 16:04:41', '2013-03-20 16:04:41'),
('201303200819', '121307054', '201303190032', 1, '2013-03-20 16:04:41', '2013-03-20 16:04:41'),
('201303200820', '121307117', '201303190032', 1, '2013-03-20 16:04:41', '2013-03-20 16:04:41'),
('201303200821', '121307140', '201303190032', 1, '2013-03-20 16:04:41', '2013-03-20 16:04:41'),
('201303200822', '121307175', '201303190032', 1, '2013-03-20 16:04:41', '2013-03-20 16:04:41'),
('201303200823', '121307178', '201303190032', 1, '2013-03-20 16:04:41', '2013-03-20 16:04:41'),
('201303200824', '121307193', '201303190032', 1, '2013-03-20 16:04:41', '2013-03-20 16:04:41'),
('201303200825', '111207132', '201303190031', 3, '2013-03-20 16:04:41', '2013-03-20 16:04:41'),
('201303200826', '111207112', '201303190031', 3, '2013-03-20 16:04:41', '2013-03-20 16:04:41'),
('201303200827', '111207139', '201303190031', 3, '2013-03-20 16:04:41', '2013-03-20 16:04:41'),
('201303200828', '111207197', '201303190031', 3, '2013-03-20 16:04:41', '2013-03-20 16:04:41'),
('201303200829', '111207147', '201303190031', 3, '2013-03-20 16:04:41', '2013-03-20 16:04:41'),
('201303200830', '111207073', '201303190031', 3, '2013-03-20 16:04:41', '2013-03-20 16:04:41'),
('201303200831', '111207138', '201303190031', 3, '2013-03-20 16:04:41', '2013-03-20 16:04:41'),
('201303200832', '111207180', '201303190031', 3, '2013-03-20 16:04:41', '2013-03-20 16:04:41'),
('201303200833', '111207003', '201303190031', 3, '2013-03-20 16:04:41', '2013-03-20 16:04:41'),
('201303200834', '111207085', '201303190031', 3, '2013-03-20 16:04:41', '2013-03-20 16:04:41'),
('201303200835', '111207120', '201303190031', 3, '2013-03-20 16:04:41', '2013-03-20 16:04:41'),
('201303200836', '111207107', '201303190031', 3, '2013-03-20 16:04:41', '2013-03-20 16:04:41'),
('201303200837', '111207101', '201303190031', 3, '2013-03-20 16:04:41', '2013-03-20 16:04:41'),
('201303200838', '111207069', '201303190031', 3, '2013-03-20 16:04:41', '2013-03-20 16:04:41'),
('201303200839', '111207146', '201303190031', 3, '2013-03-20 16:04:41', '2013-03-20 16:04:41'),
('201303200840', '111207014', '201303190031', 3, '2013-03-20 16:04:41', '2013-03-20 16:04:41'),
('201303200841', '111207186', '201303190036', 3, '2013-03-20 16:04:41', '2013-03-20 16:04:41'),
('201303200842', '111207026', '201303190036', 3, '2013-03-20 16:04:41', '2013-03-20 16:04:41'),
('201303200843', '111207172', '201303190036', 3, '2013-03-20 16:04:41', '2013-03-20 16:04:41'),
('201303200844', '111207041', '201303190036', 3, '2013-03-20 16:04:41', '2013-03-20 16:04:41'),
('201303200845', '111207009', '201303190036', 3, '2013-03-20 16:04:41', '2013-03-20 16:04:41'),
('201303200846', '111207077', '201303190036', 3, '2013-03-20 16:04:41', '2013-03-20 16:04:41'),
('201303200847', '111207035', '201303190036', 3, '2013-03-20 16:04:41', '2013-03-20 16:04:41'),
('201303200848', '111207150', '201303190036', 3, '2013-03-20 16:04:41', '2013-03-20 16:04:41'),
('201303200849', '111207212', '201303190036', 3, '2013-03-20 16:04:41', '2013-03-20 16:04:41'),
('201303200850', '111207135', '201303190036', 3, '2013-03-20 16:04:41', '2013-03-20 16:04:41'),
('201303200851', '111207126', '201303190036', 3, '2013-03-20 16:04:41', '2013-03-20 16:04:41'),
('201303200852', '111207129', '201303190036', 3, '2013-03-20 16:04:41', '2013-03-20 16:04:41'),
('201303200853', '111207081', '201303190036', 3, '2013-03-20 16:04:41', '2013-03-20 16:04:41'),
('201303200854', '111207131', '201303190036', 3, '2013-03-20 16:04:41', '2013-03-20 16:04:41'),
('201303200855', '111207137', '201303190036', 3, '2013-03-20 16:04:41', '2013-03-20 16:04:41'),
('201303200856', '121307003', '201303190037', 1, '2013-03-20 16:04:41', '2013-03-20 16:04:41'),
('201303200857', '121307005', '201303190037', 1, '2013-03-20 16:04:41', '2013-03-20 16:04:41'),
('201303200858', '121307007', '201303190037', 1, '2013-03-20 16:04:41', '2013-03-20 16:04:41'),
('201303200859', '121307047', '201303190037', 1, '2013-03-20 16:04:41', '2013-03-20 16:04:41'),
('201303200860', '121307062', '201303190037', 1, '2013-03-20 16:04:41', '2013-03-20 16:04:41'),
('201303200861', '121307083', '201303190037', 1, '2013-03-20 16:04:41', '2013-03-20 16:04:41'),
('201303200862', '121307085', '201303190037', 1, '2013-03-20 16:04:42', '2013-03-20 16:04:42'),
('201303200863', '121307087', '201303190037', 1, '2013-03-20 16:04:42', '2013-03-20 16:04:42'),
('201303200864', '121307095', '201303190037', 1, '2013-03-20 16:04:42', '2013-03-20 16:04:42'),
('201303200865', '121307112', '201303190037', 1, '2013-03-20 16:04:42', '2013-03-20 16:04:42'),
('201303200866', '121307130', '201303190037', 1, '2013-03-20 16:04:42', '2013-03-20 16:04:42'),
('201303200867', '121307132', '201303190037', 1, '2013-03-20 16:04:42', '2013-03-20 16:04:42'),
('201303200868', '121307145', '201303190037', 1, '2013-03-20 16:04:42', '2013-03-20 16:04:42'),
('201303200869', '121307151', '201303190037', 1, '2013-03-20 16:04:42', '2013-03-20 16:04:42'),
('201303200870', '121307182', '201303190037', 1, '2013-03-20 16:04:42', '2013-03-20 16:04:42'),
('201303200871', '121307233', '201303190037', 1, '2013-03-20 16:04:42', '2013-03-20 16:04:42'),
('201303200872', '121307235', '201303190037', 1, '2013-03-20 16:04:42', '2013-03-20 16:04:42'),
('201303200873', '121307011', '201303190030', 1, '2013-03-20 16:04:42', '2013-03-20 16:04:42'),
('201303200874', '121307017', '201303190030', 1, '2013-03-20 16:04:42', '2013-03-20 16:04:42'),
('201303200875', '121307040', '201303190030', 1, '2013-03-20 16:04:42', '2013-03-20 16:04:42'),
('201303200876', '121307059', '201303190030', 1, '2013-03-20 16:04:42', '2013-03-20 16:04:42'),
('201303200877', '121307065', '201303190030', 1, '2013-03-20 16:04:42', '2013-03-20 16:04:42'),
('201303200878', '121307090', '201303190030', 1, '2013-03-20 16:04:42', '2013-03-20 16:04:42'),
('201303200879', '121307092', '201303190030', 1, '2013-03-20 16:04:42', '2013-03-20 16:04:42'),
('201303200880', '121307100', '201303190030', 1, '2013-03-20 16:04:42', '2013-03-20 16:04:42'),
('201303200881', '121307101', '201303190030', 1, '2013-03-20 16:04:42', '2013-03-20 16:04:42'),
('201303200882', '121307119', '201303190030', 1, '2013-03-20 16:04:42', '2013-03-20 16:04:42'),
('201303200883', '121307177', '201303190030', 1, '2013-03-20 16:04:42', '2013-03-20 16:04:42'),
('201303200884', '121307187', '201303190030', 1, '2013-03-20 16:04:42', '2013-03-20 16:04:42'),
('201303200885', '121307191', '201303190030', 1, '2013-03-20 16:04:43', '2013-03-20 16:04:43'),
('201303200886', '121307199', '201303190030', 1, '2013-03-20 16:04:43', '2013-03-20 16:04:43'),
('201303200887', '121307213', '201303190030', 1, '2013-03-20 16:04:43', '2013-03-20 16:04:43'),
('201303200888', '121307216', '201303190030', 1, '2013-03-20 16:04:43', '2013-03-20 16:04:43'),
('201303200889', '121307218', '201303190030', 1, '2013-03-20 16:04:43', '2013-03-20 16:04:43'),
('201303200890', '121307219', '201303190030', 1, '2013-03-20 16:04:43', '2013-03-20 16:04:43'),
('201303200891', '121307229', '201303190030', 1, '2013-03-20 16:04:43', '2013-03-20 16:04:43'),
('201303200892', '121307231', '201303190030', 1, '2013-03-20 16:04:43', '2013-03-20 16:04:43'),
('201303200893', '121307232', '201303190030', 1, '2013-03-20 16:04:43', '2013-03-20 16:04:43'),
('201303200894', '111207024', '201303190029', 3, '2013-03-20 16:04:43', '2013-03-20 16:04:43'),
('201303200895', '111207102', '201303190029', 3, '2013-03-20 16:04:43', '2013-03-20 16:04:43'),
('201303200896', '111207141', '201303190029', 3, '2013-03-20 16:04:43', '2013-03-20 16:04:43'),
('201303200897', '111207093', '201303190029', 3, '2013-03-20 16:04:43', '2013-03-20 16:04:43'),
('201303200898', '111207030', '201303190029', 3, '2013-03-20 16:04:43', '2013-03-20 16:04:43'),
('201303200899', '111207013', '201303190029', 3, '2013-03-20 16:04:43', '2013-03-20 16:04:43'),
('201303200900', '111207015', '201303190029', 3, '2013-03-20 16:04:43', '2013-03-20 16:04:43'),
('201303200901', '111207019', '201303190029', 3, '2013-03-20 16:04:49', '2013-03-20 16:04:49'),
('201303200902', '111207029', '201303190029', 3, '2013-03-20 16:04:49', '2013-03-20 16:04:49'),
('201303200903', '111207166', '201303190029', 3, '2013-03-20 16:04:49', '2013-03-20 16:04:49'),
('201303200904', '111207128', '201303190029', 3, '2013-03-20 16:04:49', '2013-03-20 16:04:49'),
('201303200905', '111207083', '201303190029', 3, '2013-03-20 16:04:49', '2013-03-20 16:04:49'),
('201303200906', '111207133', '201303190029', 3, '2013-03-20 16:04:49', '2013-03-20 16:04:49'),
('201303200907', '111207159', '201303190029', 3, '2013-03-20 16:04:49', '2013-03-20 16:04:49'),
('201303200908', '121307038', '201303190026', 1, '2013-03-20 16:04:49', '2013-03-20 16:04:49'),
('201303200909', '121307053', '201303190026', 1, '2013-03-20 16:04:49', '2013-03-20 16:04:49'),
('201303200910', '121307056', '201303190026', 1, '2013-03-20 16:04:49', '2013-03-20 16:04:49'),
('201303200911', '121307069', '201303190026', 1, '2013-03-20 16:04:49', '2013-03-20 16:04:49'),
('201303200912', '121307074', '201303190026', 1, '2013-03-20 16:04:49', '2013-03-20 16:04:49'),
('201303200913', '121307078', '201303190026', 1, '2013-03-20 16:04:49', '2013-03-20 16:04:49'),
('201303200914', '121307082', '201303190026', 1, '2013-03-20 16:04:49', '2013-03-20 16:04:49'),
('201303200915', '121307088', '201303190026', 1, '2013-03-20 16:04:49', '2013-03-20 16:04:49'),
('201303200916', '121307098', '201303190026', 1, '2013-03-20 16:04:49', '2013-03-20 16:04:49'),
('201303200917', '121307102', '201303190026', 1, '2013-03-20 16:04:49', '2013-03-20 16:04:49'),
('201303200918', '121307106', '201303190026', 1, '2013-03-20 16:04:49', '2013-03-20 16:04:49'),
('201303200919', '121307107', '201303190026', 1, '2013-03-20 16:04:49', '2013-03-20 16:04:49'),
('201303200920', '121307162', '201303190026', 1, '2013-03-20 16:04:49', '2013-03-20 16:04:49'),
('201303200921', '121307163', '201303190026', 1, '2013-03-20 16:04:49', '2013-03-20 16:04:49'),
('201303200922', '121307165', '201303190026', 1, '2013-03-20 16:04:49', '2013-03-20 16:04:49'),
('201303200923', '121307174', '201303190026', 1, '2013-03-20 16:04:49', '2013-03-20 16:04:49'),
('201303200924', '121307215', '201303190026', 1, '2013-03-20 16:04:49', '2013-03-20 16:04:49'),
('201303200925', '121307222', '201303190026', 1, '2013-03-20 16:04:49', '2013-03-20 16:04:49'),
('201303200926', '121307225', '201303190026', 1, '2013-03-20 16:04:49', '2013-03-20 16:04:49'),
('201303200927', '111207123', '201303190025', 3, '2013-03-20 16:04:49', '2013-03-20 16:04:49'),
('201303200928', '111207158', '201303190025', 3, '2013-03-20 16:04:49', '2013-03-20 16:04:49'),
('201303200929', '111207136', '201303190025', 3, '2013-03-20 16:04:49', '2013-03-20 16:04:49'),
('201303200930', '111207072', '201303190025', 3, '2013-03-20 16:04:49', '2013-03-20 16:04:49'),
('201303200931', '111207189', '201303190025', 3, '2013-03-20 16:04:49', '2013-03-20 16:04:49'),
('201303200932', '111207046', '201303190025', 3, '2013-03-20 16:04:49', '2013-03-20 16:04:49'),
('201303200933', '111207053', '201303190025', 3, '2013-03-20 16:04:49', '2013-03-20 16:04:49'),
('201303200934', '111207059', '201303190025', 3, '2013-03-20 16:04:49', '2013-03-20 16:04:49'),
('201303200935', '111207153', '201303190025', 3, '2013-03-20 16:04:50', '2013-03-20 16:04:50'),
('201303200936', '111207168', '201303190025', 3, '2013-03-20 16:04:50', '2013-03-20 16:04:50'),
('201303200937', '111207134', '201303190025', 3, '2013-03-20 16:04:50', '2013-03-20 16:04:50'),
('201303200938', '111207142', '201303190025', 3, '2013-03-20 16:04:50', '2013-03-20 16:04:50'),
('201303200939', '111207111', '201303190025', 3, '2013-03-20 16:04:50', '2013-03-20 16:04:50'),
('201303200940', '111207011', '201303190025', 3, '2013-03-20 16:04:50', '2013-03-20 16:04:50'),
('201303200941', '121307121', '201303190024', 1, '2013-03-20 16:04:50', '2013-03-20 16:04:50'),
('201303200942', '121307123', '201303190024', 1, '2013-03-20 16:04:50', '2013-03-20 16:04:50'),
('201303200943', '121307141', '201303190024', 1, '2013-03-20 16:04:50', '2013-03-20 16:04:50'),
('201303200944', '121307143', '201303190024', 1, '2013-03-20 16:04:50', '2013-03-20 16:04:50'),
('201303200945', '121307144', '201303190024', 1, '2013-03-20 16:04:50', '2013-03-20 16:04:50'),
('201303200946', '121307146', '201303190024', 1, '2013-03-20 16:04:50', '2013-03-20 16:04:50'),
('201303200947', '121307148', '201303190024', 1, '2013-03-20 16:04:50', '2013-03-20 16:04:50'),
('201303200948', '121307160', '201303190024', 1, '2013-03-20 16:04:50', '2013-03-20 16:04:50'),
('201303200949', '121307167', '201303190024', 1, '2013-03-20 16:04:50', '2013-03-20 16:04:50'),
('201303200950', '121307171', '201303190024', 1, '2013-03-20 16:04:50', '2013-03-20 16:04:50'),
('201303200951', '121307172', '201303190024', 1, '2013-03-20 16:04:50', '2013-03-20 16:04:50'),
('201303200952', '121307198', '201303190024', 1, '2013-03-20 16:04:50', '2013-03-20 16:04:50'),
('201303200953', '121307201', '201303190024', 1, '2013-03-20 16:04:50', '2013-03-20 16:04:50'),
('201303200954', '121307207', '201303190024', 1, '2013-03-20 16:04:50', '2013-03-20 16:04:50'),
('201303200955', '121307208', '201303190024', 1, '2013-03-20 16:04:50', '2013-03-20 16:04:50'),
('201303200956', '111207057', '201303190028', 3, '2013-03-20 16:04:50', '2013-03-20 16:04:50'),
('201303200957', '111207194', '201303190028', 3, '2013-03-20 16:04:50', '2013-03-20 16:04:50'),
('201303200958', '111207068', '201303190028', 3, '2013-03-20 16:04:50', '2013-03-20 16:04:50'),
('201303200959', '111207205', '201303190028', 3, '2013-03-20 16:04:50', '2013-03-20 16:04:50'),
('201303200960', '111207021', '201303190028', 3, '2013-03-20 16:04:51', '2013-03-20 16:04:51'),
('201303200961', '111207173', '201303190028', 3, '2013-03-20 16:04:51', '2013-03-20 16:04:51'),
('201303200962', '111207096', '201303190028', 3, '2013-03-20 16:04:51', '2013-03-20 16:04:51'),
('201303200963', '111207056', '201303190028', 3, '2013-03-20 16:04:51', '2013-03-20 16:04:51'),
('201303200964', '111207066', '201303190028', 3, '2013-03-20 16:04:51', '2013-03-20 16:04:51'),
('201303200965', '111207067', '201303190028', 3, '2013-03-20 16:04:51', '2013-03-20 16:04:51'),
('201303200966', '111207175', '201303190028', 3, '2013-03-20 16:04:51', '2013-03-20 16:04:51'),
('201303200967', '111207017', '201303190028', 3, '2013-03-20 16:04:51', '2013-03-20 16:04:51'),
('201303200968', '111207110', '201303190028', 3, '2013-03-20 16:04:51', '2013-03-20 16:04:51'),
('201303200969', '111207200', '201303190028', 3, '2013-03-20 16:04:51', '2013-03-20 16:04:51'),
('201303200970', '111207170', '201303190028', 3, '2013-03-20 16:04:52', '2013-03-20 16:04:52'),
('201303200971', '111207206', '201303190028', 3, '2013-03-20 16:04:52', '2013-03-20 16:04:52'),
('201303200972', '111207152', '201303190028', 3, '2013-03-20 16:04:52', '2013-03-20 16:04:52'),
('201303200973', '111207002', '201303190028', 3, '2013-03-20 16:04:52', '2013-03-20 16:04:52'),
('201303200974', '111207027', '201303190028', 3, '2013-03-20 16:04:52', '2013-03-20 16:04:52'),
('201303200975', '111207033', '201303190028', 3, '2013-03-20 16:04:52', '2013-03-20 16:04:52'),
('201303200976', '111207075', '201303190028', 3, '2013-03-20 16:04:52', '2013-03-20 16:04:52'),
('201303200977', '111207025', '201303190028', 3, '2013-03-20 16:04:52', '2013-03-20 16:04:52'),
('201303200978', '111207065', '201303190028', 3, '2013-03-20 16:04:52', '2013-03-20 16:04:52'),
('201303200979', '111207143', '201303190028', 3, '2013-03-20 16:04:52', '2013-03-20 16:04:52'),
('201303200980', '111207042', '201303190028', 3, '2013-03-20 16:04:52', '2013-03-20 16:04:52'),
('201303200981', '111207044', '201303190028', 3, '2013-03-20 16:04:52', '2013-03-20 16:04:52'),
('201303200982', '111207118', '201303190028', 3, '2013-03-20 16:04:52', '2013-03-20 16:04:52'),
('201303200983', '121307150', '201303190019', 1, '2013-03-20 16:04:52', '2013-03-20 16:04:52'),
('201303200984', '121307157', '201303190019', 1, '2013-03-20 16:04:52', '2013-03-20 16:04:52'),
('201303200985', '121307035', '201303190019', 1, '2013-03-20 16:04:52', '2013-03-20 16:04:52'),
('201303200986', '121307158', '201303190019', 1, '2013-03-20 16:04:52', '2013-03-20 16:04:52'),
('201303200987', '121307068', '201303190019', 1, '2013-03-20 16:04:52', '2013-03-20 16:04:52'),
('201303200988', '121307008', '201303190019', 1, '2013-03-20 16:04:52', '2013-03-20 16:04:52'),
('201303200989', '121307036', '201303190019', 1, '2013-03-20 16:04:52', '2013-03-20 16:04:52'),
('201303200990', '121307037', '201303190019', 1, '2013-03-20 16:04:52', '2013-03-20 16:04:52'),
('201303200991', '121307097', '201303190019', 1, '2013-03-20 16:04:52', '2013-03-20 16:04:52'),
('201303200992', '121307129', '201303190019', 1, '2013-03-20 16:04:52', '2013-03-20 16:04:52'),
('201303200993', '121307010', '201303190019', 1, '2013-03-20 16:04:52', '2013-03-20 16:04:52'),
('201303200994', '121307194', '201303190019', 1, '2013-03-20 16:04:52', '2013-03-20 16:04:52'),
('201303200995', '121307019', '201303190019', 1, '2013-03-20 16:04:53', '2013-03-20 16:04:53'),
('201303200996', '121307166', '201303190019', 1, '2013-03-20 16:04:53', '2013-03-20 16:04:53'),
('201303200997', '121307014', '201303190019', 1, '2013-03-20 16:04:53', '2013-03-20 16:04:53'),
('201303200998', '121307104', '201303190019', 1, '2013-03-20 16:04:53', '2013-03-20 16:04:53'),
('201303200999', '121307109', '201303190019', 1, '2013-03-20 16:04:53', '2013-03-20 16:04:53'),
('201303201000', '121307224', '201303190019', 1, '2013-03-20 16:04:53', '2013-03-20 16:04:53'),
('201303201001', '121307227', '201303190019', 1, '2013-03-20 16:05:00', '2013-03-20 16:05:00'),
('201303201002', '121307111', '201303190019', 1, '2013-03-20 16:05:00', '2013-03-20 16:05:00'),
('201303201003', '121307025', '201303190019', 1, '2013-03-20 16:05:00', '2013-03-20 16:05:00'),
('201303201004', '121307173', '201303190019', 1, '2013-03-20 16:05:00', '2013-03-20 16:05:00'),
('201303201005', '121307138', '201303190019', 1, '2013-03-20 16:05:00', '2013-03-20 16:05:00'),
('201303201006', '121307030', '201303190019', 1, '2013-03-20 16:05:00', '2013-03-20 16:05:00'),
('201303201007', '111207117', '201303190027', 3, '2013-03-20 16:05:00', '2013-03-20 16:05:00'),
('201303201008', '111207092', '201303190027', 3, '2013-03-20 16:05:00', '2013-03-20 16:05:00'),
('201303201009', '111207099', '201303190027', 3, '2013-03-20 16:05:00', '2013-03-20 16:05:00'),
('201303201010', '111207108', '201303190027', 3, '2013-03-20 16:05:00', '2013-03-20 16:05:00'),
('201303201011', '111207088', '201303190027', 3, '2013-03-20 16:05:00', '2013-03-20 16:05:00'),
('201303201012', '111207130', '201303190027', 3, '2013-03-20 16:05:00', '2013-03-20 16:05:00'),
('201303201013', '111207162', '201303190027', 3, '2013-03-20 16:05:00', '2013-03-20 16:05:00'),
('201303201014', '111207171', '201303190027', 3, '2013-03-20 16:05:00', '2013-03-20 16:05:00'),
('201303201015', '111207182', '201303190027', 3, '2013-03-20 16:05:00', '2013-03-20 16:05:00'),
('201303201016', '111207103', '201303190027', 3, '2013-03-20 16:05:00', '2013-03-20 16:05:00'),
('201303201017', '111207122', '201303190027', 3, '2013-03-20 16:05:00', '2013-03-20 16:05:00'),
('201303201018', '111207207', '201303190027', 3, '2013-03-20 16:05:01', '2013-03-20 16:05:01'),
('201303201019', '111207001', '201303190027', 3, '2013-03-20 16:05:01', '2013-03-20 16:05:01'),
('201303201020', '111207007', '201303190027', 3, '2013-03-20 16:05:01', '2013-03-20 16:05:01'),
('201303201021', '111207023', '201303190027', 3, '2013-03-20 16:05:01', '2013-03-20 16:05:01'),
('201303201022', '111207140', '201303190027', 3, '2013-03-20 16:05:01', '2013-03-20 16:05:01'),
('201303201023', '111207192', '201303190027', 3, '2013-03-20 16:05:01', '2013-03-20 16:05:01'),
('201303201024', '111207039', '201303190027', 3, '2013-03-20 16:05:01', '2013-03-20 16:05:01'),
('201303201025', '111207045', '201303190027', 3, '2013-03-20 16:05:01', '2013-03-20 16:05:01'),
('201303201026', '111207127', '201303190027', 3, '2013-03-20 16:05:01', '2013-03-20 16:05:01'),
('201303201027', '111207157', '201303190027', 3, '2013-03-20 16:05:01', '2013-03-20 16:05:01'),
('201303201028', '111207181', '201303190027', 3, '2013-03-20 16:05:01', '2013-03-20 16:05:01'),
('201303201029', '111207183', '201303190027', 3, '2013-03-20 16:05:01', '2013-03-20 16:05:01'),
('201303201030', '111207169', '201303190027', 3, '2013-03-20 16:05:01', '2013-03-20 16:05:01'),
('201303201031', '111207049', '201303190027', 3, '2013-03-20 16:05:01', '2013-03-20 16:05:01'),
('201303201032', '111207195', '201303190041', 3, '2013-03-20 16:05:01', '2013-03-20 16:05:01'),
('201303201033', '111207054', '201303190041', 3, '2013-03-20 16:05:01', '2013-03-20 16:05:01'),
('201303201034', '111207145', '201303190041', 3, '2013-03-20 16:05:01', '2013-03-20 16:05:01'),
('201303201035', '111207160', '201303190041', 3, '2013-03-20 16:05:01', '2013-03-20 16:05:01'),
('201303201036', '111207062', '201303190041', 3, '2013-03-20 16:05:01', '2013-03-20 16:05:01'),
('201303201037', '111207144', '201303190041', 3, '2013-03-20 16:05:01', '2013-03-20 16:05:01'),
('201303201038', '111207055', '201303190041', 3, '2013-03-20 16:05:01', '2013-03-20 16:05:01'),
('201303201039', '111207052', '201303190041', 3, '2013-03-20 16:05:01', '2013-03-20 16:05:01'),
('201303201040', '111207063', '201303190041', 3, '2013-03-20 16:05:01', '2013-03-20 16:05:01'),
('201303201041', '111207193', '201303190041', 3, '2013-03-20 16:05:01', '2013-03-20 16:05:01'),
('201303201042', '111207078', '201303190041', 3, '2013-03-20 16:05:02', '2013-03-20 16:05:02'),
('201303201043', '111207084', '201303190041', 3, '2013-03-20 16:05:02', '2013-03-20 16:05:02'),
('201303201044', '111207196', '201303190041', 3, '2013-03-20 16:05:02', '2013-03-20 16:05:02'),
('201303201045', '111207031', '201303190041', 3, '2013-03-20 16:05:02', '2013-03-20 16:05:02'),
('201303201046', '111207058', '201303190041', 3, '2013-03-20 16:05:02', '2013-03-20 16:05:02'),
('201303201047', '111207016', '201303190041', 3, '2013-03-20 16:05:02', '2013-03-20 16:05:02'),
('201303201048', '111207048', '201303190041', 3, '2013-03-20 16:05:02', '2013-03-20 16:05:02'),
('201303201049', '111207167', '201303190041', 3, '2013-03-20 16:05:02', '2013-03-20 16:05:02'),
('201303201050', '111207149', '201303190041', 3, '2013-03-20 16:05:02', '2013-03-20 16:05:02'),
('201303201051', '111207090', '201303190041', 3, '2013-03-20 16:05:02', '2013-03-20 16:05:02'),
('201303201052', '111207038', '201303190041', 3, '2013-03-20 16:05:02', '2013-03-20 16:05:02'),
('201303201053', '111207074', '201303190041', 3, '2013-03-20 16:05:02', '2013-03-20 16:05:02'),
('201303201054', '111207198', '201303190041', 3, '2013-03-20 16:05:02', '2013-03-20 16:05:02'),
('201303201055', '111207164', '201303190041', 3, '2013-03-20 16:05:02', '2013-03-20 16:05:02');

-- --------------------------------------------------------

--
-- Table structure for table `academic_classhistory_status`
--

CREATE TABLE IF NOT EXISTS `academic_classhistory_status` (
  `classhistory_status_id` tinyint(2) NOT NULL,
  `classhistory_status_title` varchar(30) NOT NULL,
  `classhistory_status_entry` datetime NOT NULL,
  `classhistory_status_entry_update` datetime NOT NULL,
  PRIMARY KEY (`classhistory_status_id`)
) ENGINE=InnoDB DEFAULT CHARSET=latin1;

--
-- Dumping data for table `academic_classhistory_status`
--

INSERT INTO `academic_classhistory_status` (`classhistory_status_id`, `classhistory_status_title`, `classhistory_status_entry`, `classhistory_status_entry_update`) VALUES
(-1, 'Lainnya', '2013-02-05 14:17:28', '2013-02-05 14:17:31'),
(1, 'Siswa Baru', '2012-11-10 08:21:23', '2012-11-10 08:21:26'),
(2, 'Pindahan', '2012-11-10 08:23:53', '2012-11-10 08:23:56'),
(3, 'Naik Kelas', '2012-11-10 08:24:08', '2012-11-10 08:24:11'),
(4, 'Akselerasi', '2012-11-10 08:24:45', '2012-11-10 08:24:47'),
(5, 'Mengulang', '2012-11-10 08:25:10', '2012-11-10 08:25:12'),
(6, 'Putus Sekolah', '2012-11-10 08:25:28', '2012-11-10 08:25:30');

-- --------------------------------------------------------

--
-- Table structure for table `academic_classroom`
--

CREATE TABLE IF NOT EXISTS `academic_classroom` (
  `classroom_id` tinyint(2) NOT NULL,
  `classroom_name` varchar(50) NOT NULL,
  `classroom_entry` datetime NOT NULL,
  `classroom_update` datetime NOT NULL,
  PRIMARY KEY (`classroom_id`)
) ENGINE=InnoDB DEFAULT CHARSET=latin1;

--
-- Dumping data for table `academic_classroom`
--

INSERT INTO `academic_classroom` (`classroom_id`, `classroom_name`, `classroom_entry`, `classroom_update`) VALUES
(1, 'A', '2012-10-07 22:14:37', '2012-10-07 22:14:43'),
(2, 'B', '2012-10-07 22:14:59', '2012-10-07 22:15:03'),
(3, 'C', '2012-10-07 22:15:15', '2012-10-07 22:15:22'),
(4, 'D', '2012-10-07 22:15:42', '2012-10-07 22:15:49'),
(5, 'E', '2012-10-07 22:16:20', '2012-10-07 22:16:31'),
(6, 'F', '2012-10-07 22:18:58', '2012-10-07 22:19:01'),
(7, 'G', '2012-10-07 22:19:16', '2012-10-07 22:19:18'),
(8, 'H', '2012-10-07 22:20:08', '2012-10-07 22:20:10'),
(9, 'Desain Grafis', '2013-02-05 11:47:17', '2013-02-05 11:47:19'),
(10, 'PC Assembilng', '2013-02-05 14:19:42', '2013-02-05 14:19:44'),
(11, 'Seni Kriya', '2013-02-05 14:20:09', '2013-02-05 14:20:11'),
(12, 'Teknik Pengolahan Makanan', '2013-02-14 08:30:48', '2013-02-14 08:30:50'),
(13, 'Seni Karawitan', '2013-02-14 08:38:17', '2013-02-14 08:38:19'),
(14, 'Teknik Penghijauan', '2013-02-14 08:43:07', '2013-02-14 08:43:09'),
(15, 'Teknik Penjernihan Air', '2013-02-14 08:45:00', '2013-02-14 08:45:03'),
(16, 'Tata Boga', '2013-02-14 08:46:58', '2013-02-14 08:47:00'),
(17, 'Tata Busana', '2013-02-14 08:48:25', '2013-02-14 08:48:28'),
(18, 'Seni Tari Tradisional', '2013-02-14 08:49:55', '2013-02-14 08:49:57'),
(19, 'Teknik Pembuatan Kompos', '2013-02-14 08:51:15', '2013-02-14 08:51:17');

-- --------------------------------------------------------

--
-- Table structure for table `academic_extracurricular`
--

CREATE TABLE IF NOT EXISTS `academic_extracurricular` (
  `extracurricular_id` tinyint(4) NOT NULL,
  `extracurricular_name` varchar(100) NOT NULL,
  `extracurricular_entry` date NOT NULL,
  `extracurricular_entry_update` date NOT NULL,
  PRIMARY KEY (`extracurricular_id`)
) ENGINE=InnoDB DEFAULT CHARSET=latin1;

--
-- Dumping data for table `academic_extracurricular`
--

INSERT INTO `academic_extracurricular` (`extracurricular_id`, `extracurricular_name`, `extracurricular_entry`, `extracurricular_entry_update`) VALUES
(1, 'Gitar', '2012-12-14', '2012-12-14'),
(2, 'Pramuka', '2012-12-14', '2012-12-14'),
(3, 'Tenis Meja', '2013-02-14', '2013-02-14'),
(4, 'Angklung', '2013-02-14', '2013-02-14'),
(5, 'Seni Lukis', '2013-02-14', '2013-02-14'),
(6, 'Degung', '2013-02-14', '2013-02-14'),
(7, 'Paduan Suara', '2013-02-14', '2013-02-14'),
(8, 'Teater', '2013-02-14', '2013-02-14'),
(9, 'English Club', '2013-02-14', '2013-02-14'),
(10, 'Karate', '2013-02-14', '2013-02-14'),
(11, 'Bola Basket', '2013-02-14', '2013-02-14'),
(12, 'Bola Voly', '2013-02-14', '2013-02-14'),
(13, 'Futsal', '2013-02-14', '2013-02-14'),
(14, 'Bulu Tangkis', '2013-02-14', '2013-02-14'),
(15, 'PC Assembling', '2013-02-14', '2013-02-14'),
(16, 'Ketangkasan Office', '2013-02-14', '2013-02-14'),
(17, 'Paskibra', '2013-02-14', '2013-02-14'),
(18, 'PMR (Palang Merah Remaja)', '2013-02-14', '2013-02-14'),
(19, 'Yoyo', '2013-02-14', '2013-02-14'),
(20, 'Robotika', '2013-02-14', '2013-02-14'),
(21, 'Biola', '2013-02-14', '2013-02-14'),
(22, 'KIR (Karya Ilmiah Remaja)', '2013-02-14', '2013-02-14'),
(23, 'Paduan Suara', '2013-03-05', '2013-03-05');

-- --------------------------------------------------------

--
-- Table structure for table `academic_extracurricular_coach_history`
--

CREATE TABLE IF NOT EXISTS `academic_extracurricular_coach_history` (
  `extracurricular_coach_history_id` varchar(12) NOT NULL,
  `extracurricular_coach_history_name` varchar(12) NOT NULL,
  `extracurricular_coach_history_field` tinyint(4) NOT NULL,
  `extracurricular_coach_history_period` tinyint(4) NOT NULL,
  `extracurricular_coach_history_semester` tinyint(1) NOT NULL,
  `extracurricular_coach_history_totaltime` int(11) NOT NULL,
  `extracurricular_coach_history_entry` date NOT NULL,
  `extracurricular_coach_history_entry_update` date NOT NULL,
  PRIMARY KEY (`extracurricular_coach_history_id`),
  KEY `academic_extracurricular_coach_history_fk2` (`extracurricular_coach_history_field`),
  KEY `academic_extracurricular_coach_history_fk3` (`extracurricular_coach_history_period`),
  KEY `academic_extracurricular_coach_history_fk1` (`extracurricular_coach_history_name`),
  KEY `academic_extracurricular_coach_history_fk4` (`extracurricular_coach_history_semester`)
) ENGINE=InnoDB DEFAULT CHARSET=latin1;

--
-- Dumping data for table `academic_extracurricular_coach_history`
--

INSERT INTO `academic_extracurricular_coach_history` (`extracurricular_coach_history_id`, `extracurricular_coach_history_name`, `extracurricular_coach_history_field`, `extracurricular_coach_history_period`, `extracurricular_coach_history_semester`, `extracurricular_coach_history_totaltime`, `extracurricular_coach_history_entry`, `extracurricular_coach_history_entry_update`) VALUES
('201302140001', '201212010006', 1, 1, 1, 2, '2013-02-14', '2013-02-14'),
('201302140002', '201212010003', 2, 1, 1, 2, '2013-02-14', '2013-02-14'),
('201302140003', '201212010043', 3, 1, 1, 2, '2013-02-14', '2013-02-14'),
('201302140004', '201212010024', 4, 1, 1, 2, '2013-02-14', '2013-02-14'),
('201302140005', '201212010027', 5, 1, 1, 2, '2013-02-14', '2013-02-14'),
('201302140006', '201212010019', 6, 1, 1, 2, '2013-02-14', '2013-02-14'),
('201302140007', '201212010019', 7, 1, 1, 2, '2013-02-14', '2013-02-14'),
('201302140008', '201212010005', 8, 1, 1, 2, '2013-02-14', '2013-02-14'),
('201302140009', '201212010005', 9, 1, 1, 2, '2013-02-14', '2013-02-14'),
('201302140010', '201212010020', 10, 1, 1, 2, '2013-02-14', '2013-02-14'),
('201302140011', '201212010020', 11, 1, 1, 2, '2013-02-14', '2013-02-14'),
('201302140012', '201212010042', 12, 1, 1, 2, '2013-02-14', '2013-02-14'),
('201302140013', '201212010042', 13, 1, 1, 2, '2013-02-14', '2013-02-14'),
('201302140014', '201212010038', 14, 1, 1, 2, '2013-02-14', '2013-02-14'),
('201302140015', '201212010048', 15, 1, 1, 2, '2013-02-14', '2013-02-14'),
('201302140016', '201212010049', 16, 1, 1, 2, '2013-02-14', '2013-02-14'),
('201302140017', '201212010034', 17, 1, 1, 2, '2013-02-14', '2013-02-14'),
('201302140018', '201212010043', 18, 1, 1, 2, '2013-02-14', '2013-02-14'),
('201302140019', '201212010055', 22, 1, 1, 2, '2013-02-14', '2013-02-14'),
('201303210001', '201212010006', 1, 1, 2, 2, '2013-03-21', '2013-03-21'),
('201303210002', '201212010003', 2, 1, 2, 2, '2013-03-21', '2013-03-21'),
('201303210003', '201212010043', 3, 1, 2, 2, '2013-03-21', '2013-03-21'),
('201303210004', '201212010024', 4, 1, 2, 2, '2013-03-21', '2013-03-21'),
('201303210005', '201212010027', 5, 1, 2, 2, '2013-03-21', '2013-03-21'),
('201303210006', '201212010019', 6, 1, 2, 2, '2013-03-21', '2013-03-21'),
('201303210007', '201212010019', 7, 1, 2, 2, '2013-03-21', '2013-03-21'),
('201303210008', '201212010005', 8, 1, 2, 2, '2013-03-21', '2013-03-21'),
('201303210009', '201212010005', 9, 1, 2, 2, '2013-03-21', '2013-03-21'),
('201303210010', '201212010020', 10, 1, 2, 2, '2013-03-21', '2013-03-21'),
('201303210011', '201212010020', 11, 1, 2, 2, '2013-03-21', '2013-03-21'),
('201303210012', '201212010042', 12, 1, 2, 2, '2013-03-21', '2013-03-21'),
('201303210013', '201212010042', 13, 1, 2, 2, '2013-03-21', '2013-03-21'),
('201303210014', '201212010038', 14, 1, 2, 2, '2013-03-21', '2013-03-21'),
('201303210015', '201212010048', 15, 1, 2, 2, '2013-03-21', '2013-03-21'),
('201303210016', '201212010049', 16, 1, 2, 2, '2013-03-21', '2013-03-21'),
('201303210017', '201212010034', 17, 1, 2, 2, '2013-03-21', '2013-03-21'),
('201303210018', '201212010043', 18, 1, 2, 2, '2013-03-21', '2013-03-21'),
('201303210019', '201212010055', 22, 1, 2, 2, '2013-03-21', '2013-03-21');

-- --------------------------------------------------------

--
-- Table structure for table `academic_extracurricular_participant`
--

CREATE TABLE IF NOT EXISTS `academic_extracurricular_participant` (
  `extracurricular_participant_id` varchar(12) NOT NULL,
  `extracurricular_participant_name` varchar(10) NOT NULL,
  `extracurricular_participant_activity` varchar(12) NOT NULL,
  `extracurricular_participant_entry` datetime NOT NULL,
  `extracurricular_participant_entry_update` datetime NOT NULL,
  PRIMARY KEY (`extracurricular_participant_id`),
  KEY `academic_extracurricular_participant_fk1` (`extracurricular_participant_name`),
  KEY `academic_extracurricular_participant_fk2` (`extracurricular_participant_activity`)
) ENGINE=InnoDB DEFAULT CHARSET=latin1;

--
-- Dumping data for table `academic_extracurricular_participant`
--

INSERT INTO `academic_extracurricular_participant` (`extracurricular_participant_id`, `extracurricular_participant_name`, `extracurricular_participant_activity`, `extracurricular_participant_entry`, `extracurricular_participant_entry_update`) VALUES
('201302150001', '111207003', '201302140016', '2013-02-15 08:22:14', '2013-02-15 08:22:14'),
('201302150002', '111207110', '201302140016', '2013-02-15 08:22:15', '2013-02-15 08:22:15'),
('201302150003', '111207061', '201302140016', '2013-02-15 08:22:15', '2013-02-15 08:22:15'),
('201302150004', '111207212', '201302140016', '2013-02-15 08:22:15', '2013-02-15 08:22:15'),
('201302150005', '111207166', '201302140016', '2013-02-15 08:22:15', '2013-02-15 08:22:15'),
('201302150006', '111207208', '201302140016', '2013-02-15 08:22:15', '2013-02-15 08:22:15'),
('201302150007', '111207177', '201302140016', '2013-02-15 08:22:15', '2013-02-15 08:22:15'),
('201302150008', '111207001', '201302140016', '2013-02-15 08:22:15', '2013-02-15 08:22:15'),
('201302150009', '111207119', '201302140016', '2013-02-15 08:22:15', '2013-02-15 08:22:15'),
('201302150010', '111207052', '201302140016', '2013-02-15 08:22:15', '2013-02-15 08:22:15'),
('201302150011', '111207029', '201302140016', '2013-02-15 08:22:15', '2013-02-15 08:22:15'),
('201302150012', '111207033', '201302140016', '2013-02-15 08:22:15', '2013-02-15 08:22:15'),
('201302150013', '111207153', '201302140016', '2013-02-15 08:22:15', '2013-02-15 08:22:15'),
('201302150014', '111207045', '201302140016', '2013-02-15 08:22:15', '2013-02-15 08:22:15'),
('201303210001', '121307001', '201302140014', '2013-03-21 21:52:37', '2013-03-21 21:52:37'),
('201303210002', '121307001', '201303210014', '2013-03-21 21:52:37', '2013-03-21 21:52:37'),
('201303210003', '121307001', '201302140013', '2013-03-21 21:52:37', '2013-03-21 21:52:37'),
('201303210004', '121307001', '201303210013', '2013-03-21 21:52:37', '2013-03-21 21:52:37'),
('201303210005', '121307002', '201302140007', '2013-03-21 21:52:37', '2013-03-21 21:52:37'),
('201303210006', '121307002', '201303210007', '2013-03-21 21:52:37', '2013-03-21 21:52:37'),
('201303210007', '121307003', '201302140012', '2013-03-21 21:52:37', '2013-03-21 21:52:37'),
('201303210008', '121307003', '201303210012', '2013-03-21 21:52:37', '2013-03-21 21:52:37'),
('201303210009', '121307003', '201302140004', '2013-03-21 21:52:37', '2013-03-21 21:52:37'),
('201303210010', '121307003', '201303210004', '2013-03-21 21:52:37', '2013-03-21 21:52:37'),
('201303210011', '121307004', '201302140010', '2013-03-21 21:52:37', '2013-03-21 21:52:37'),
('201303210012', '121307004', '201303210010', '2013-03-21 21:52:37', '2013-03-21 21:52:37'),
('201303210013', '121307005', '201302140004', '2013-03-21 21:52:37', '2013-03-21 21:52:37'),
('201303210014', '121307005', '201303210004', '2013-03-21 21:52:37', '2013-03-21 21:52:37'),
('201303210015', '121307006', '201302140017', '2013-03-21 21:52:37', '2013-03-21 21:52:37'),
('201303210016', '121307006', '201303210017', '2013-03-21 21:52:37', '2013-03-21 21:52:37'),
('201303210017', '121307006', '201302140007', '2013-03-21 21:52:37', '2013-03-21 21:52:37'),
('201303210018', '121307006', '201303210007', '2013-03-21 21:52:37', '2013-03-21 21:52:37'),
('201303210019', '121307007', '201302140017', '2013-03-21 21:52:37', '2013-03-21 21:52:37'),
('201303210020', '121307007', '201303210017', '2013-03-21 21:52:37', '2013-03-21 21:52:37'),
('201303210021', '121307007', '201302140004', '2013-03-21 21:52:38', '2013-03-21 21:52:38'),
('201303210022', '121307007', '201303210004', '2013-03-21 21:52:38', '2013-03-21 21:52:38'),
('201303210023', '121307008', '201302140005', '2013-03-21 21:52:38', '2013-03-21 21:52:38'),
('201303210024', '121307008', '201303210005', '2013-03-21 21:52:38', '2013-03-21 21:52:38'),
('201303210025', '121307009', '201302140018', '2013-03-21 21:52:38', '2013-03-21 21:52:38'),
('201303210026', '121307009', '201303210018', '2013-03-21 21:52:38', '2013-03-21 21:52:38'),
('201303210027', '121307009', '201302140004', '2013-03-21 21:52:38', '2013-03-21 21:52:38'),
('201303210028', '121307009', '201303210004', '2013-03-21 21:52:38', '2013-03-21 21:52:38'),
('201303210029', '121307010', '201302140011', '2013-03-21 21:52:38', '2013-03-21 21:52:38'),
('201303210030', '121307010', '201303210011', '2013-03-21 21:52:38', '2013-03-21 21:52:38'),
('201303210031', '121307010', '201302140004', '2013-03-21 21:52:38', '2013-03-21 21:52:38'),
('201303210032', '121307010', '201303210004', '2013-03-21 21:52:38', '2013-03-21 21:52:38'),
('201303210033', '121307011', '201302140009', '2013-03-21 21:52:38', '2013-03-21 21:52:38'),
('201303210034', '121307011', '201303210009', '2013-03-21 21:52:38', '2013-03-21 21:52:38'),
('201303210035', '121307011', '201302140010', '2013-03-21 21:52:38', '2013-03-21 21:52:38'),
('201303210036', '121307011', '201303210010', '2013-03-21 21:52:38', '2013-03-21 21:52:38'),
('201303210037', '121307012', '201302140017', '2013-03-21 21:52:38', '2013-03-21 21:52:38'),
('201303210038', '121307012', '201303210017', '2013-03-21 21:52:38', '2013-03-21 21:52:38'),
('201303210039', '121307013', '201302140001', '2013-03-21 21:52:38', '2013-03-21 21:52:38'),
('201303210040', '121307013', '201303210001', '2013-03-21 21:52:38', '2013-03-21 21:52:38'),
('201303210041', '121307013', '201302140004', '2013-03-21 21:52:38', '2013-03-21 21:52:38'),
('201303210042', '121307013', '201303210004', '2013-03-21 21:52:38', '2013-03-21 21:52:38'),
('201303210043', '121307014', '201302140011', '2013-03-21 21:52:38', '2013-03-21 21:52:38'),
('201303210044', '121307014', '201303210011', '2013-03-21 21:52:38', '2013-03-21 21:52:38'),
('201303210045', '121307014', '201302140016', '2013-03-21 21:52:38', '2013-03-21 21:52:38'),
('201303210046', '121307014', '201303210016', '2013-03-21 21:52:38', '2013-03-21 21:52:38'),
('201303210047', '121307015', '201302140011', '2013-03-21 21:52:38', '2013-03-21 21:52:38'),
('201303210048', '121307015', '201303210011', '2013-03-21 21:52:38', '2013-03-21 21:52:38'),
('201303210049', '121307015', '201302140002', '2013-03-21 21:52:38', '2013-03-21 21:52:38'),
('201303210050', '121307015', '201303210002', '2013-03-21 21:52:38', '2013-03-21 21:52:38'),
('201303210051', '121307016', '201302140014', '2013-03-21 21:52:38', '2013-03-21 21:52:38'),
('201303210052', '121307016', '201303210014', '2013-03-21 21:52:38', '2013-03-21 21:52:38'),
('201303210053', '121307017', '201302140010', '2013-03-21 21:52:38', '2013-03-21 21:52:38'),
('201303210054', '121307017', '201303210010', '2013-03-21 21:52:39', '2013-03-21 21:52:39'),
('201303210055', '121307017', '201302140004', '2013-03-21 21:52:39', '2013-03-21 21:52:39'),
('201303210056', '121307017', '201303210004', '2013-03-21 21:52:39', '2013-03-21 21:52:39'),
('201303210057', '121307018', '201302140014', '2013-03-21 21:52:39', '2013-03-21 21:52:39'),
('201303210058', '121307018', '201303210014', '2013-03-21 21:52:39', '2013-03-21 21:52:39'),
('201303210059', '121307018', '201302140009', '2013-03-21 21:52:39', '2013-03-21 21:52:39'),
('201303210060', '121307018', '201303210009', '2013-03-21 21:52:39', '2013-03-21 21:52:39'),
('201303210061', '121307019', '201302140019', '2013-03-21 21:52:39', '2013-03-21 21:52:39'),
('201303210062', '121307019', '201303210019', '2013-03-21 21:52:39', '2013-03-21 21:52:39'),
('201303210063', '121307020', '201302140014', '2013-03-21 21:52:39', '2013-03-21 21:52:39'),
('201303210064', '121307020', '201303210014', '2013-03-21 21:52:39', '2013-03-21 21:52:39'),
('201303210065', '121307021', '201302140004', '2013-03-21 21:52:39', '2013-03-21 21:52:39'),
('201303210066', '121307021', '201303210004', '2013-03-21 21:52:39', '2013-03-21 21:52:39'),
('201303210067', '121307022', '201302140017', '2013-03-21 21:52:39', '2013-03-21 21:52:39'),
('201303210068', '121307022', '201303210017', '2013-03-21 21:52:39', '2013-03-21 21:52:39'),
('201303210069', '121307022', '201302140012', '2013-03-21 21:52:39', '2013-03-21 21:52:39'),
('201303210070', '121307022', '201303210012', '2013-03-21 21:52:39', '2013-03-21 21:52:39'),
('201303210071', '121307023', '201302140007', '2013-03-21 21:52:39', '2013-03-21 21:52:39'),
('201303210072', '121307023', '201303210007', '2013-03-21 21:52:39', '2013-03-21 21:52:39'),
('201303210073', '121307024', '201302140017', '2013-03-21 21:52:39', '2013-03-21 21:52:39'),
('201303210074', '121307024', '201303210017', '2013-03-21 21:52:39', '2013-03-21 21:52:39'),
('201303210075', '121307024', '201302140011', '2013-03-21 21:52:39', '2013-03-21 21:52:39'),
('201303210076', '121307024', '201303210011', '2013-03-21 21:52:39', '2013-03-21 21:52:39'),
('201303210077', '121307025', '201302140014', '2013-03-21 21:52:39', '2013-03-21 21:52:39'),
('201303210078', '121307025', '201303210014', '2013-03-21 21:52:39', '2013-03-21 21:52:39'),
('201303210079', '121307026', '201302140011', '2013-03-21 21:52:39', '2013-03-21 21:52:39'),
('201303210080', '121307026', '201303210011', '2013-03-21 21:52:39', '2013-03-21 21:52:39'),
('201303210081', '121307026', '201302140009', '2013-03-21 21:52:39', '2013-03-21 21:52:39'),
('201303210082', '121307026', '201303210009', '2013-03-21 21:52:39', '2013-03-21 21:52:39'),
('201303210083', '121307027', '201302140004', '2013-03-21 21:52:39', '2013-03-21 21:52:39'),
('201303210084', '121307027', '201303210004', '2013-03-21 21:52:39', '2013-03-21 21:52:39'),
('201303210085', '121307028', '201302140011', '2013-03-21 21:52:39', '2013-03-21 21:52:39'),
('201303210086', '121307028', '201303210011', '2013-03-21 21:52:39', '2013-03-21 21:52:39'),
('201303210087', '121307029', '201302140012', '2013-03-21 21:52:39', '2013-03-21 21:52:39'),
('201303210088', '121307029', '201303210012', '2013-03-21 21:52:39', '2013-03-21 21:52:39'),
('201303210089', '121307030', '201302140010', '2013-03-21 21:52:40', '2013-03-21 21:52:40'),
('201303210090', '121307030', '201303210010', '2013-03-21 21:52:40', '2013-03-21 21:52:40'),
('201303210091', '121307031', '201302140009', '2013-03-21 21:52:40', '2013-03-21 21:52:40'),
('201303210092', '121307031', '201303210009', '2013-03-21 21:52:40', '2013-03-21 21:52:40'),
('201303210093', '121307031', '201302140010', '2013-03-21 21:52:40', '2013-03-21 21:52:40'),
('201303210094', '121307031', '201303210010', '2013-03-21 21:52:40', '2013-03-21 21:52:40'),
('201303210095', '121307032', '201302140011', '2013-03-21 21:52:40', '2013-03-21 21:52:40'),
('201303210096', '121307032', '201303210011', '2013-03-21 21:52:40', '2013-03-21 21:52:40'),
('201303210097', '121307032', '201302140004', '2013-03-21 21:52:40', '2013-03-21 21:52:40'),
('201303210098', '121307032', '201303210004', '2013-03-21 21:52:40', '2013-03-21 21:52:40'),
('201303210099', '121307033', '201302140011', '2013-03-21 21:52:40', '2013-03-21 21:52:40'),
('201303210100', '121307033', '201303210011', '2013-03-21 21:52:40', '2013-03-21 21:52:40'),
('201303210101', '121307033', '201302140009', '2013-03-21 21:52:40', '2013-03-21 21:52:40'),
('201303210102', '121307033', '201303210009', '2013-03-21 21:52:40', '2013-03-21 21:52:40'),
('201303210103', '121307034', '201302140009', '2013-03-21 21:52:40', '2013-03-21 21:52:40'),
('201303210104', '121307034', '201303210009', '2013-03-21 21:52:40', '2013-03-21 21:52:40'),
('201303210105', '121307034', '201302140019', '2013-03-21 21:52:40', '2013-03-21 21:52:40'),
('201303210106', '121307034', '201303210019', '2013-03-21 21:52:40', '2013-03-21 21:52:40'),
('201303210107', '121307035', '201302140017', '2013-03-21 21:52:40', '2013-03-21 21:52:40'),
('201303210108', '121307035', '201303210017', '2013-03-21 21:52:40', '2013-03-21 21:52:40'),
('201303210109', '121307035', '201302140011', '2013-03-21 21:52:40', '2013-03-21 21:52:40'),
('201303210110', '121307035', '201303210011', '2013-03-21 21:52:40', '2013-03-21 21:52:40'),
('201303210111', '121307036', '201302140011', '2013-03-21 21:52:40', '2013-03-21 21:52:40'),
('201303210112', '121307036', '201303210011', '2013-03-21 21:52:40', '2013-03-21 21:52:40'),
('201303210113', '121307036', '201302140009', '2013-03-21 21:52:40', '2013-03-21 21:52:40'),
('201303210114', '121307036', '201303210009', '2013-03-21 21:52:40', '2013-03-21 21:52:40'),
('201303210115', '121307037', '201302140015', '2013-03-21 21:52:40', '2013-03-21 21:52:40'),
('201303210116', '121307037', '201303210015', '2013-03-21 21:52:40', '2013-03-21 21:52:40'),
('201303210117', '121307038', '201302140014', '2013-03-21 21:52:40', '2013-03-21 21:52:40'),
('201303210118', '121307038', '201303210014', '2013-03-21 21:52:40', '2013-03-21 21:52:40'),
('201303210119', '121307038', '201302140004', '2013-03-21 21:52:40', '2013-03-21 21:52:40'),
('201303210120', '121307038', '201303210004', '2013-03-21 21:52:40', '2013-03-21 21:52:40'),
('201303210121', '121307039', '201302140014', '2013-03-21 21:52:40', '2013-03-21 21:52:40'),
('201303210122', '121307039', '201303210014', '2013-03-21 21:52:41', '2013-03-21 21:52:41'),
('201303210123', '121307040', '201302140014', '2013-03-21 21:52:41', '2013-03-21 21:52:41'),
('201303210124', '121307040', '201303210014', '2013-03-21 21:52:41', '2013-03-21 21:52:41'),
('201303210125', '121307040', '201302140009', '2013-03-21 21:52:41', '2013-03-21 21:52:41'),
('201303210126', '121307040', '201303210009', '2013-03-21 21:52:41', '2013-03-21 21:52:41'),
('201303210127', '121307041', '201302140014', '2013-03-21 21:52:41', '2013-03-21 21:52:41'),
('201303210128', '121307041', '201303210014', '2013-03-21 21:52:41', '2013-03-21 21:52:41'),
('201303210129', '121307042', '201302140003', '2013-03-21 21:52:41', '2013-03-21 21:52:41'),
('201303210130', '121307042', '201303210003', '2013-03-21 21:52:41', '2013-03-21 21:52:41'),
('201303210131', '121307044', '201302140011', '2013-03-21 21:52:41', '2013-03-21 21:52:41'),
('201303210132', '121307044', '201303210011', '2013-03-21 21:52:41', '2013-03-21 21:52:41'),
('201303210133', '121307045', '201302140014', '2013-03-21 21:52:41', '2013-03-21 21:52:41'),
('201303210134', '121307045', '201303210014', '2013-03-21 21:52:41', '2013-03-21 21:52:41'),
('201303210135', '121307045', '201302140009', '2013-03-21 21:52:41', '2013-03-21 21:52:41'),
('201303210136', '121307045', '201303210009', '2013-03-21 21:52:41', '2013-03-21 21:52:41'),
('201303210137', '121307046', '201302140011', '2013-03-21 21:52:41', '2013-03-21 21:52:41'),
('201303210138', '121307046', '201303210011', '2013-03-21 21:52:41', '2013-03-21 21:52:41'),
('201303210139', '121307047', '201302140004', '2013-03-21 21:52:41', '2013-03-21 21:52:41'),
('201303210140', '121307047', '201303210004', '2013-03-21 21:52:41', '2013-03-21 21:52:41'),
('201303210141', '121307047', '201302140009', '2013-03-21 21:52:41', '2013-03-21 21:52:41'),
('201303210142', '121307047', '201303210009', '2013-03-21 21:52:41', '2013-03-21 21:52:41'),
('201303210143', '121307048', '201302140005', '2013-03-21 21:52:41', '2013-03-21 21:52:41'),
('201303210144', '121307048', '201303210005', '2013-03-21 21:52:41', '2013-03-21 21:52:41'),
('201303210145', '121307049', '201302140014', '2013-03-21 21:52:41', '2013-03-21 21:52:41'),
('201303210146', '121307049', '201303210014', '2013-03-21 21:52:41', '2013-03-21 21:52:41'),
('201303210147', '121307049', '201302140009', '2013-03-21 21:52:41', '2013-03-21 21:52:41'),
('201303210148', '121307049', '201303210009', '2013-03-21 21:52:41', '2013-03-21 21:52:41'),
('201303210149', '121307050', '201302140004', '2013-03-21 21:52:41', '2013-03-21 21:52:41'),
('201303210150', '121307050', '201303210004', '2013-03-21 21:52:41', '2013-03-21 21:52:41'),
('201303210151', '121307050', '201302140009', '2013-03-21 21:52:41', '2013-03-21 21:52:41'),
('201303210152', '121307050', '201303210009', '2013-03-21 21:52:41', '2013-03-21 21:52:41'),
('201303210153', '121307051', '201302140014', '2013-03-21 21:52:41', '2013-03-21 21:52:41'),
('201303210154', '121307051', '201303210014', '2013-03-21 21:52:41', '2013-03-21 21:52:41'),
('201303210155', '121307051', '201302140009', '2013-03-21 21:52:41', '2013-03-21 21:52:41'),
('201303210156', '121307051', '201303210009', '2013-03-21 21:52:41', '2013-03-21 21:52:41'),
('201303210157', '121307052', '201302140009', '2013-03-21 21:52:41', '2013-03-21 21:52:41'),
('201303210158', '121307052', '201303210009', '2013-03-21 21:52:41', '2013-03-21 21:52:41'),
('201303210159', '121307053', '201302140014', '2013-03-21 21:52:42', '2013-03-21 21:52:42'),
('201303210160', '121307053', '201303210014', '2013-03-21 21:52:42', '2013-03-21 21:52:42'),
('201303210161', '121307053', '201302140009', '2013-03-21 21:52:42', '2013-03-21 21:52:42'),
('201303210162', '121307053', '201303210009', '2013-03-21 21:52:42', '2013-03-21 21:52:42'),
('201303210163', '121307054', '201302140014', '2013-03-21 21:52:42', '2013-03-21 21:52:42'),
('201303210164', '121307054', '201303210014', '2013-03-21 21:52:42', '2013-03-21 21:52:42'),
('201303210165', '121307054', '201302140009', '2013-03-21 21:52:42', '2013-03-21 21:52:42'),
('201303210166', '121307054', '201303210009', '2013-03-21 21:52:42', '2013-03-21 21:52:42'),
('201303210167', '121307055', '201302140007', '2013-03-21 21:52:42', '2013-03-21 21:52:42'),
('201303210168', '121307055', '201303210007', '2013-03-21 21:52:42', '2013-03-21 21:52:42'),
('201303210169', '121307056', '201302140004', '2013-03-21 21:52:42', '2013-03-21 21:52:42'),
('201303210170', '121307056', '201303210004', '2013-03-21 21:52:42', '2013-03-21 21:52:42'),
('201303210171', '121307056', '201302140009', '2013-03-21 21:52:42', '2013-03-21 21:52:42'),
('201303210172', '121307056', '201303210009', '2013-03-21 21:52:42', '2013-03-21 21:52:42'),
('201303210173', '121307057', '201302140009', '2013-03-21 21:52:42', '2013-03-21 21:52:42'),
('201303210174', '121307057', '201303210009', '2013-03-21 21:52:42', '2013-03-21 21:52:42'),
('201303210175', '121307057', '201302140005', '2013-03-21 21:52:42', '2013-03-21 21:52:42'),
('201303210176', '121307057', '201303210005', '2013-03-21 21:52:42', '2013-03-21 21:52:42'),
('201303210177', '121307058', '201302140009', '2013-03-21 21:52:42', '2013-03-21 21:52:42'),
('201303210178', '121307058', '201303210009', '2013-03-21 21:52:42', '2013-03-21 21:52:42'),
('201303210179', '121307058', '201302140004', '2013-03-21 21:52:42', '2013-03-21 21:52:42'),
('201303210180', '121307058', '201303210004', '2013-03-21 21:52:42', '2013-03-21 21:52:42'),
('201303210181', '121307059', '201302140010', '2013-03-21 21:52:42', '2013-03-21 21:52:42'),
('201303210182', '121307059', '201303210010', '2013-03-21 21:52:42', '2013-03-21 21:52:42'),
('201303210183', '121307059', '201302140004', '2013-03-21 21:52:42', '2013-03-21 21:52:42'),
('201303210184', '121307059', '201303210004', '2013-03-21 21:52:42', '2013-03-21 21:52:42'),
('201303210185', '121307060', '201302140004', '2013-03-21 21:52:42', '2013-03-21 21:52:42'),
('201303210186', '121307060', '201303210004', '2013-03-21 21:52:42', '2013-03-21 21:52:42'),
('201303210187', '121307061', '201302140002', '2013-03-21 21:52:42', '2013-03-21 21:52:42'),
('201303210188', '121307061', '201303210002', '2013-03-21 21:52:43', '2013-03-21 21:52:43'),
('201303210189', '121307061', '201302140013', '2013-03-21 21:52:43', '2013-03-21 21:52:43'),
('201303210190', '121307061', '201303210013', '2013-03-21 21:52:43', '2013-03-21 21:52:43'),
('201303210191', '121307062', '201302140017', '2013-03-21 21:52:43', '2013-03-21 21:52:43'),
('201303210192', '121307062', '201303210017', '2013-03-21 21:52:43', '2013-03-21 21:52:43'),
('201303210193', '121307062', '201302140004', '2013-03-21 21:52:43', '2013-03-21 21:52:43'),
('201303210194', '121307062', '201303210004', '2013-03-21 21:52:43', '2013-03-21 21:52:43'),
('201303210195', '121307063', '201302140017', '2013-03-21 21:52:43', '2013-03-21 21:52:43'),
('201303210196', '121307063', '201303210017', '2013-03-21 21:52:43', '2013-03-21 21:52:43'),
('201303210197', '121307063', '201302140011', '2013-03-21 21:52:43', '2013-03-21 21:52:43'),
('201303210198', '121307063', '201303210011', '2013-03-21 21:52:43', '2013-03-21 21:52:43'),
('201303210199', '121307064', '201302140004', '2013-03-21 21:52:43', '2013-03-21 21:52:43'),
('201303210200', '121307064', '201303210004', '2013-03-21 21:52:43', '2013-03-21 21:52:43'),
('201303210201', '121307064', '201302140012', '2013-03-21 21:52:43', '2013-03-21 21:52:43'),
('201303210202', '121307064', '201303210012', '2013-03-21 21:52:43', '2013-03-21 21:52:43'),
('201303210203', '121307065', '201302140014', '2013-03-21 21:52:43', '2013-03-21 21:52:43'),
('201303210204', '121307065', '201303210014', '2013-03-21 21:52:43', '2013-03-21 21:52:43'),
('201303210205', '121307066', '201302140017', '2013-03-21 21:52:43', '2013-03-21 21:52:43'),
('201303210206', '121307066', '201303210017', '2013-03-21 21:52:43', '2013-03-21 21:52:43'),
('201303210207', '121307067', '201302140013', '2013-03-21 21:52:43', '2013-03-21 21:52:43'),
('201303210208', '121307067', '201303210013', '2013-03-21 21:52:43', '2013-03-21 21:52:43'),
('201303210209', '121307068', '201302140011', '2013-03-21 21:52:43', '2013-03-21 21:52:43'),
('201303210210', '121307068', '201303210011', '2013-03-21 21:52:43', '2013-03-21 21:52:43'),
('201303210211', '121307069', '201302140004', '2013-03-21 21:52:43', '2013-03-21 21:52:43'),
('201303210212', '121307069', '201303210004', '2013-03-21 21:52:43', '2013-03-21 21:52:43'),
('201303210213', '121307070', '201302140004', '2013-03-21 21:52:43', '2013-03-21 21:52:43'),
('201303210214', '121307070', '201303210004', '2013-03-21 21:52:43', '2013-03-21 21:52:43'),
('201303210215', '121307070', '201302140013', '2013-03-21 21:52:43', '2013-03-21 21:52:43'),
('201303210216', '121307070', '201303210013', '2013-03-21 21:52:43', '2013-03-21 21:52:43'),
('201303210217', '121307071', '201302140017', '2013-03-21 21:52:43', '2013-03-21 21:52:43'),
('201303210218', '121307071', '201303210017', '2013-03-21 21:52:43', '2013-03-21 21:52:43'),
('201303210219', '121307071', '201302140018', '2013-03-21 21:52:43', '2013-03-21 21:52:43'),
('201303210220', '121307071', '201303210018', '2013-03-21 21:52:43', '2013-03-21 21:52:43'),
('201303210221', '121307072', '201302140014', '2013-03-21 21:52:43', '2013-03-21 21:52:43'),
('201303210222', '121307072', '201303210014', '2013-03-21 21:52:43', '2013-03-21 21:52:43'),
('201303210223', '121307073', '201302140004', '2013-03-21 21:52:43', '2013-03-21 21:52:43'),
('201303210224', '121307073', '201303210004', '2013-03-21 21:52:43', '2013-03-21 21:52:43'),
('201303210225', '121307074', '201302140009', '2013-03-21 21:52:43', '2013-03-21 21:52:43'),
('201303210226', '121307074', '201303210009', '2013-03-21 21:52:43', '2013-03-21 21:52:43'),
('201303210227', '121307074', '201302140004', '2013-03-21 21:52:44', '2013-03-21 21:52:44'),
('201303210228', '121307074', '201303210004', '2013-03-21 21:52:44', '2013-03-21 21:52:44'),
('201303210229', '121307075', '201302140014', '2013-03-21 21:52:44', '2013-03-21 21:52:44'),
('201303210230', '121307075', '201303210014', '2013-03-21 21:52:44', '2013-03-21 21:52:44'),
('201303210231', '121307076', '201302140004', '2013-03-21 21:52:44', '2013-03-21 21:52:44'),
('201303210232', '121307076', '201303210004', '2013-03-21 21:52:44', '2013-03-21 21:52:44'),
('201303210233', '121307077', '201302140004', '2013-03-21 21:52:44', '2013-03-21 21:52:44'),
('201303210234', '121307077', '201303210004', '2013-03-21 21:52:44', '2013-03-21 21:52:44'),
('201303210235', '121307077', '201302140017', '2013-03-21 21:52:44', '2013-03-21 21:52:44'),
('201303210236', '121307077', '201303210017', '2013-03-21 21:52:44', '2013-03-21 21:52:44'),
('201303210237', '121307078', '201302140001', '2013-03-21 21:52:44', '2013-03-21 21:52:44'),
('201303210238', '121307078', '201303210001', '2013-03-21 21:52:44', '2013-03-21 21:52:44'),
('201303210239', '121307078', '201302140011', '2013-03-21 21:52:44', '2013-03-21 21:52:44'),
('201303210240', '121307078', '201303210011', '2013-03-21 21:52:44', '2013-03-21 21:52:44'),
('201303210241', '121307079', '201302140013', '2013-03-21 21:52:44', '2013-03-21 21:52:44'),
('201303210242', '121307079', '201303210013', '2013-03-21 21:52:44', '2013-03-21 21:52:44'),
('201303210243', '121307080', '201302140010', '2013-03-21 21:52:44', '2013-03-21 21:52:44'),
('201303210244', '121307080', '201303210010', '2013-03-21 21:52:44', '2013-03-21 21:52:44'),
('201303210245', '121307080', '201302140004', '2013-03-21 21:52:44', '2013-03-21 21:52:44'),
('201303210246', '121307080', '201303210004', '2013-03-21 21:52:44', '2013-03-21 21:52:44'),
('201303210247', '121307081', '201302140004', '2013-03-21 21:52:44', '2013-03-21 21:52:44'),
('201303210248', '121307081', '201303210004', '2013-03-21 21:52:44', '2013-03-21 21:52:44'),
('201303210249', '121307082', '201302140001', '2013-03-21 21:52:44', '2013-03-21 21:52:44'),
('201303210250', '121307082', '201303210001', '2013-03-21 21:52:44', '2013-03-21 21:52:44'),
('201303210251', '121307082', '201302140011', '2013-03-21 21:52:44', '2013-03-21 21:52:44'),
('201303210252', '121307082', '201303210011', '2013-03-21 21:52:44', '2013-03-21 21:52:44'),
('201303210253', '121307083', '201302140004', '2013-03-21 21:52:44', '2013-03-21 21:52:44'),
('201303210254', '121307083', '201303210004', '2013-03-21 21:52:44', '2013-03-21 21:52:44'),
('201303210255', '121307084', '201302140017', '2013-03-21 21:52:44', '2013-03-21 21:52:44'),
('201303210256', '121307084', '201303210017', '2013-03-21 21:52:44', '2013-03-21 21:52:44'),
('201303210257', '121307084', '201302140013', '2013-03-21 21:52:44', '2013-03-21 21:52:44'),
('201303210258', '121307084', '201303210013', '2013-03-21 21:52:44', '2013-03-21 21:52:44'),
('201303210259', '121307085', '201302140017', '2013-03-21 21:52:44', '2013-03-21 21:52:44'),
('201303210260', '121307085', '201303210017', '2013-03-21 21:52:44', '2013-03-21 21:52:44'),
('201303210261', '121307086', '201302140007', '2013-03-21 21:52:45', '2013-03-21 21:52:45'),
('201303210262', '121307086', '201303210007', '2013-03-21 21:52:45', '2013-03-21 21:52:45'),
('201303210263', '121307086', '201302140018', '2013-03-21 21:52:45', '2013-03-21 21:52:45'),
('201303210264', '121307086', '201303210018', '2013-03-21 21:52:45', '2013-03-21 21:52:45'),
('201303210265', '121307087', '201302140001', '2013-03-21 21:52:45', '2013-03-21 21:52:45'),
('201303210266', '121307087', '201303210001', '2013-03-21 21:52:45', '2013-03-21 21:52:45'),
('201303210267', '121307087', '201302140005', '2013-03-21 21:52:45', '2013-03-21 21:52:45'),
('201303210268', '121307087', '201303210005', '2013-03-21 21:52:45', '2013-03-21 21:52:45'),
('201303210269', '121307088', '201302140009', '2013-03-21 21:52:45', '2013-03-21 21:52:45'),
('201303210270', '121307088', '201303210009', '2013-03-21 21:52:45', '2013-03-21 21:52:45'),
('201303210271', '121307088', '201302140013', '2013-03-21 21:52:45', '2013-03-21 21:52:45'),
('201303210272', '121307088', '201303210013', '2013-03-21 21:52:45', '2013-03-21 21:52:45'),
('201303210273', '121307089', '201302140013', '2013-03-21 21:52:45', '2013-03-21 21:52:45'),
('201303210274', '121307089', '201303210013', '2013-03-21 21:52:45', '2013-03-21 21:52:45'),
('201303210275', '121307090', '201302140001', '2013-03-21 21:52:45', '2013-03-21 21:52:45'),
('201303210276', '121307090', '201303210001', '2013-03-21 21:52:45', '2013-03-21 21:52:45'),
('201303210277', '121307090', '201302140010', '2013-03-21 21:52:45', '2013-03-21 21:52:45'),
('201303210278', '121307090', '201303210010', '2013-03-21 21:52:45', '2013-03-21 21:52:45'),
('201303210279', '121307091', '201302140005', '2013-03-21 21:52:45', '2013-03-21 21:52:45'),
('201303210280', '121307091', '201303210005', '2013-03-21 21:52:45', '2013-03-21 21:52:45'),
('201303210281', '121307092', '201302140017', '2013-03-21 21:52:45', '2013-03-21 21:52:45'),
('201303210282', '121307092', '201303210017', '2013-03-21 21:52:45', '2013-03-21 21:52:45'),
('201303210283', '121307092', '201302140018', '2013-03-21 21:52:45', '2013-03-21 21:52:45'),
('201303210284', '121307092', '201303210018', '2013-03-21 21:52:45', '2013-03-21 21:52:45'),
('201303210285', '121307093', '201302140017', '2013-03-21 21:52:45', '2013-03-21 21:52:45'),
('201303210286', '121307093', '201303210017', '2013-03-21 21:52:45', '2013-03-21 21:52:45'),
('201303210287', '121307093', '201302140004', '2013-03-21 21:52:45', '2013-03-21 21:52:45'),
('201303210288', '121307093', '201303210004', '2013-03-21 21:52:45', '2013-03-21 21:52:45'),
('201303210289', '121307094', '201302140017', '2013-03-21 21:52:45', '2013-03-21 21:52:45'),
('201303210290', '121307094', '201303210017', '2013-03-21 21:52:45', '2013-03-21 21:52:45'),
('201303210291', '121307094', '201302140004', '2013-03-21 21:52:45', '2013-03-21 21:52:45'),
('201303210292', '121307094', '201303210004', '2013-03-21 21:52:45', '2013-03-21 21:52:45'),
('201303210293', '121307095', '201302140017', '2013-03-21 21:52:45', '2013-03-21 21:52:45'),
('201303210294', '121307095', '201303210017', '2013-03-21 21:52:45', '2013-03-21 21:52:45'),
('201303210295', '121307095', '201302140004', '2013-03-21 21:52:45', '2013-03-21 21:52:45'),
('201303210296', '121307095', '201303210004', '2013-03-21 21:52:45', '2013-03-21 21:52:45'),
('201303210297', '121307096', '201302140009', '2013-03-21 21:52:45', '2013-03-21 21:52:45'),
('201303210298', '121307096', '201303210009', '2013-03-21 21:52:45', '2013-03-21 21:52:45'),
('201303210299', '121307096', '201302140016', '2013-03-21 21:52:45', '2013-03-21 21:52:45'),
('201303210300', '121307096', '201303210016', '2013-03-21 21:52:45', '2013-03-21 21:52:45'),
('201303210301', '121307097', '201302140011', '2013-03-21 21:52:46', '2013-03-21 21:52:46'),
('201303210302', '121307097', '201303210011', '2013-03-21 21:52:46', '2013-03-21 21:52:46'),
('201303210303', '121307097', '201302140016', '2013-03-21 21:52:46', '2013-03-21 21:52:46'),
('201303210304', '121307097', '201303210016', '2013-03-21 21:52:46', '2013-03-21 21:52:46'),
('201303210305', '121307098', '201302140013', '2013-03-21 21:52:46', '2013-03-21 21:52:46'),
('201303210306', '121307098', '201303210013', '2013-03-21 21:52:46', '2013-03-21 21:52:46'),
('201303210307', '121307099', '201302140014', '2013-03-21 21:52:46', '2013-03-21 21:52:46'),
('201303210308', '121307099', '201303210014', '2013-03-21 21:52:46', '2013-03-21 21:52:46'),
('201303210309', '121307100', '201302140004', '2013-03-21 21:52:46', '2013-03-21 21:52:46'),
('201303210310', '121307100', '201303210004', '2013-03-21 21:52:46', '2013-03-21 21:52:46'),
('201303210311', '121307101', '201302140017', '2013-03-21 21:52:46', '2013-03-21 21:52:46'),
('201303210312', '121307101', '201303210017', '2013-03-21 21:52:46', '2013-03-21 21:52:46'),
('201303210313', '121307102', '201302140013', '2013-03-21 21:52:46', '2013-03-21 21:52:46'),
('201303210314', '121307102', '201303210013', '2013-03-21 21:52:46', '2013-03-21 21:52:46'),
('201303210315', '121307103', '201302140009', '2013-03-21 21:52:46', '2013-03-21 21:52:46'),
('201303210316', '121307103', '201303210009', '2013-03-21 21:52:46', '2013-03-21 21:52:46'),
('201303210317', '121307105', '201302140017', '2013-03-21 21:52:46', '2013-03-21 21:52:46'),
('201303210318', '121307105', '201303210017', '2013-03-21 21:52:46', '2013-03-21 21:52:46'),
('201303210319', '121307106', '201302140010', '2013-03-21 21:52:46', '2013-03-21 21:52:46'),
('201303210320', '121307106', '201303210010', '2013-03-21 21:52:46', '2013-03-21 21:52:46'),
('201303210321', '121307106', '201302140004', '2013-03-21 21:52:46', '2013-03-21 21:52:46'),
('201303210322', '121307106', '201303210004', '2013-03-21 21:52:46', '2013-03-21 21:52:46'),
('201303210323', '121307107', '201302140013', '2013-03-21 21:52:46', '2013-03-21 21:52:46'),
('201303210324', '121307107', '201303210013', '2013-03-21 21:52:46', '2013-03-21 21:52:46'),
('201303210325', '121307107', '201302140004', '2013-03-21 21:52:46', '2013-03-21 21:52:46'),
('201303210326', '121307107', '201303210004', '2013-03-21 21:52:46', '2013-03-21 21:52:46'),
('201303210327', '121307108', '201302140017', '2013-03-21 21:52:46', '2013-03-21 21:52:46'),
('201303210328', '121307108', '201303210017', '2013-03-21 21:52:46', '2013-03-21 21:52:46'),
('201303210329', '121307108', '201302140002', '2013-03-21 21:52:46', '2013-03-21 21:52:46'),
('201303210330', '121307108', '201303210002', '2013-03-21 21:52:46', '2013-03-21 21:52:46'),
('201303210331', '121307109', '201302140017', '2013-03-21 21:52:46', '2013-03-21 21:52:46'),
('201303210332', '121307109', '201303210017', '2013-03-21 21:52:46', '2013-03-21 21:52:46'),
('201303210333', '121307109', '201302140011', '2013-03-21 21:52:46', '2013-03-21 21:52:46'),
('201303210334', '121307109', '201303210011', '2013-03-21 21:52:46', '2013-03-21 21:52:46'),
('201303210335', '121307110', '201302140009', '2013-03-21 21:52:46', '2013-03-21 21:52:46'),
('201303210336', '121307110', '201303210009', '2013-03-21 21:52:47', '2013-03-21 21:52:47'),
('201303210337', '121307110', '201302140007', '2013-03-21 21:52:47', '2013-03-21 21:52:47'),
('201303210338', '121307110', '201303210007', '2013-03-21 21:52:47', '2013-03-21 21:52:47'),
('201303210339', '121307111', '201302140015', '2013-03-21 21:52:47', '2013-03-21 21:52:47'),
('201303210340', '121307111', '201303210015', '2013-03-21 21:52:47', '2013-03-21 21:52:47'),
('201303210341', '121307112', '201302140017', '2013-03-21 21:52:47', '2013-03-21 21:52:47'),
('201303210342', '121307112', '201303210017', '2013-03-21 21:52:47', '2013-03-21 21:52:47'),
('201303210343', '121307112', '201302140009', '2013-03-21 21:52:47', '2013-03-21 21:52:47'),
('201303210344', '121307112', '201303210009', '2013-03-21 21:52:47', '2013-03-21 21:52:47'),
('201303210345', '121307113', '201302140004', '2013-03-21 21:52:47', '2013-03-21 21:52:47'),
('201303210346', '121307113', '201303210004', '2013-03-21 21:52:47', '2013-03-21 21:52:47'),
('201303210347', '121307113', '201302140011', '2013-03-21 21:52:47', '2013-03-21 21:52:47'),
('201303210348', '121307113', '201303210011', '2013-03-21 21:52:47', '2013-03-21 21:52:47'),
('201303210349', '121307114', '201302140014', '2013-03-21 21:52:48', '2013-03-21 21:52:48'),
('201303210350', '121307114', '201303210014', '2013-03-21 21:52:48', '2013-03-21 21:52:48'),
('201303210351', '121307114', '201302140011', '2013-03-21 21:52:48', '2013-03-21 21:52:48'),
('201303210352', '121307114', '201303210011', '2013-03-21 21:52:48', '2013-03-21 21:52:48'),
('201303210353', '121307115', '201302140009', '2013-03-21 21:52:48', '2013-03-21 21:52:48'),
('201303210354', '121307115', '201303210009', '2013-03-21 21:52:48', '2013-03-21 21:52:48'),
('201303210355', '121307115', '201302140004', '2013-03-21 21:52:48', '2013-03-21 21:52:48'),
('201303210356', '121307115', '201303210004', '2013-03-21 21:52:48', '2013-03-21 21:52:48'),
('201303210357', '121307116', '201302140002', '2013-03-21 21:52:48', '2013-03-21 21:52:48'),
('201303210358', '121307116', '201303210002', '2013-03-21 21:52:48', '2013-03-21 21:52:48'),
('201303210359', '121307117', '201302140010', '2013-03-21 21:52:48', '2013-03-21 21:52:48'),
('201303210360', '121307117', '201303210010', '2013-03-21 21:52:48', '2013-03-21 21:52:48'),
('201303210361', '121307117', '201302140004', '2013-03-21 21:52:48', '2013-03-21 21:52:48'),
('201303210362', '121307117', '201303210004', '2013-03-21 21:52:48', '2013-03-21 21:52:48'),
('201303210363', '121307118', '201302140013', '2013-03-21 21:52:48', '2013-03-21 21:52:48'),
('201303210364', '121307118', '201303210013', '2013-03-21 21:52:48', '2013-03-21 21:52:48'),
('201303210365', '121307118', '201302140016', '2013-03-21 21:52:48', '2013-03-21 21:52:48'),
('201303210366', '121307118', '201303210016', '2013-03-21 21:52:48', '2013-03-21 21:52:48'),
('201303210367', '121307119', '201302140017', '2013-03-21 21:52:48', '2013-03-21 21:52:48'),
('201303210368', '121307119', '201303210017', '2013-03-21 21:52:48', '2013-03-21 21:52:48'),
('201303210369', '121307119', '201302140004', '2013-03-21 21:52:48', '2013-03-21 21:52:48'),
('201303210370', '121307119', '201303210004', '2013-03-21 21:52:48', '2013-03-21 21:52:48'),
('201303210371', '121307121', '201302140004', '2013-03-21 21:52:48', '2013-03-21 21:52:48'),
('201303210372', '121307121', '201303210004', '2013-03-21 21:52:48', '2013-03-21 21:52:48'),
('201303210373', '121307122', '201302140004', '2013-03-21 21:52:48', '2013-03-21 21:52:48'),
('201303210374', '121307122', '201303210004', '2013-03-21 21:52:48', '2013-03-21 21:52:48'),
('201303210375', '121307123', '201302140014', '2013-03-21 21:52:48', '2013-03-21 21:52:48'),
('201303210376', '121307123', '201303210014', '2013-03-21 21:52:48', '2013-03-21 21:52:48'),
('201303210377', '121307124', '201302140004', '2013-03-21 21:52:48', '2013-03-21 21:52:48'),
('201303210378', '121307124', '201303210004', '2013-03-21 21:52:48', '2013-03-21 21:52:48'),
('201303210379', '121307124', '201302140011', '2013-03-21 21:52:49', '2013-03-21 21:52:49'),
('201303210380', '121307124', '201303210011', '2013-03-21 21:52:49', '2013-03-21 21:52:49'),
('201303210381', '121307125', '201302140014', '2013-03-21 21:52:49', '2013-03-21 21:52:49'),
('201303210382', '121307125', '201303210014', '2013-03-21 21:52:49', '2013-03-21 21:52:49'),
('201303210383', '121307125', '201302140013', '2013-03-21 21:52:49', '2013-03-21 21:52:49'),
('201303210384', '121307125', '201303210013', '2013-03-21 21:52:49', '2013-03-21 21:52:49'),
('201303210385', '121307126', '201302140004', '2013-03-21 21:52:49', '2013-03-21 21:52:49'),
('201303210386', '121307126', '201303210004', '2013-03-21 21:52:49', '2013-03-21 21:52:49'),
('201303210387', '121307127', '201302140014', '2013-03-21 21:52:49', '2013-03-21 21:52:49'),
('201303210388', '121307127', '201303210014', '2013-03-21 21:52:49', '2013-03-21 21:52:49'),
('201303210389', '121307127', '201302140004', '2013-03-21 21:52:49', '2013-03-21 21:52:49'),
('201303210390', '121307127', '201303210004', '2013-03-21 21:52:49', '2013-03-21 21:52:49'),
('201303210391', '121307128', '201302140009', '2013-03-21 21:52:49', '2013-03-21 21:52:49'),
('201303210392', '121307128', '201303210009', '2013-03-21 21:52:49', '2013-03-21 21:52:49'),
('201303210393', '121307130', '201302140017', '2013-03-21 21:52:49', '2013-03-21 21:52:49'),
('201303210394', '121307130', '201303210017', '2013-03-21 21:52:49', '2013-03-21 21:52:49'),
('201303210395', '121307130', '201302140004', '2013-03-21 21:52:49', '2013-03-21 21:52:49'),
('201303210396', '121307130', '201303210004', '2013-03-21 21:52:49', '2013-03-21 21:52:49'),
('201303210397', '121307131', '201302140004', '2013-03-21 21:52:49', '2013-03-21 21:52:49'),
('201303210398', '121307131', '201303210004', '2013-03-21 21:52:49', '2013-03-21 21:52:49'),
('201303210399', '121307132', '201302140014', '2013-03-21 21:52:49', '2013-03-21 21:52:49'),
('201303210400', '121307132', '201303210014', '2013-03-21 21:52:49', '2013-03-21 21:52:49'),
('201303210401', '121307133', '201302140004', '2013-03-21 21:52:49', '2013-03-21 21:52:49'),
('201303210402', '121307133', '201303210004', '2013-03-21 21:52:49', '2013-03-21 21:52:49'),
('201303210403', '121307134', '201302140014', '2013-03-21 21:52:49', '2013-03-21 21:52:49'),
('201303210404', '121307134', '201303210014', '2013-03-21 21:52:49', '2013-03-21 21:52:49'),
('201303210405', '121307135', '201302140001', '2013-03-21 21:52:49', '2013-03-21 21:52:49'),
('201303210406', '121307135', '201303210001', '2013-03-21 21:52:49', '2013-03-21 21:52:49'),
('201303210407', '121307136', '201302140009', '2013-03-21 21:52:49', '2013-03-21 21:52:49'),
('201303210408', '121307136', '201303210009', '2013-03-21 21:52:49', '2013-03-21 21:52:49'),
('201303210409', '121307136', '201302140010', '2013-03-21 21:52:49', '2013-03-21 21:52:49'),
('201303210410', '121307136', '201303210010', '2013-03-21 21:52:49', '2013-03-21 21:52:49'),
('201303210411', '121307137', '201302140010', '2013-03-21 21:52:49', '2013-03-21 21:52:49'),
('201303210412', '121307137', '201303210010', '2013-03-21 21:52:49', '2013-03-21 21:52:49'),
('201303210413', '121307137', '201302140013', '2013-03-21 21:52:49', '2013-03-21 21:52:49'),
('201303210414', '121307137', '201303210013', '2013-03-21 21:52:49', '2013-03-21 21:52:49'),
('201303210415', '121307138', '201302140010', '2013-03-21 21:52:49', '2013-03-21 21:52:49'),
('201303210416', '121307138', '201303210010', '2013-03-21 21:52:49', '2013-03-21 21:52:49'),
('201303210417', '121307138', '201302140002', '2013-03-21 21:52:49', '2013-03-21 21:52:49'),
('201303210418', '121307138', '201303210002', '2013-03-21 21:52:49', '2013-03-21 21:52:49'),
('201303210419', '121307139', '201302140009', '2013-03-21 21:52:49', '2013-03-21 21:52:49'),
('201303210420', '121307139', '201303210009', '2013-03-21 21:52:50', '2013-03-21 21:52:50'),
('201303210421', '121307140', '201302140014', '2013-03-21 21:52:50', '2013-03-21 21:52:50'),
('201303210422', '121307140', '201303210014', '2013-03-21 21:52:50', '2013-03-21 21:52:50'),
('201303210423', '121307140', '201302140011', '2013-03-21 21:52:50', '2013-03-21 21:52:50'),
('201303210424', '121307140', '201303210011', '2013-03-21 21:52:50', '2013-03-21 21:52:50'),
('201303210425', '121307141', '201302140012', '2013-03-21 21:52:50', '2013-03-21 21:52:50'),
('201303210426', '121307141', '201303210012', '2013-03-21 21:52:50', '2013-03-21 21:52:50'),
('201303210427', '121307141', '201302140011', '2013-03-21 21:52:50', '2013-03-21 21:52:50'),
('201303210428', '121307141', '201303210011', '2013-03-21 21:52:50', '2013-03-21 21:52:50'),
('201303210429', '121307142', '201302140014', '2013-03-21 21:52:50', '2013-03-21 21:52:50'),
('201303210430', '121307142', '201303210014', '2013-03-21 21:52:50', '2013-03-21 21:52:50'),
('201303210431', '121307143', '201302140004', '2013-03-21 21:52:50', '2013-03-21 21:52:50'),
('201303210432', '121307143', '201303210004', '2013-03-21 21:52:50', '2013-03-21 21:52:50'),
('201303210433', '121307143', '201302140009', '2013-03-21 21:52:50', '2013-03-21 21:52:50'),
('201303210434', '121307143', '201303210009', '2013-03-21 21:52:50', '2013-03-21 21:52:50'),
('201303210435', '121307144', '201302140001', '2013-03-21 21:52:50', '2013-03-21 21:52:50'),
('201303210436', '121307144', '201303210001', '2013-03-21 21:52:50', '2013-03-21 21:52:50'),
('201303210437', '121307144', '201302140013', '2013-03-21 21:52:50', '2013-03-21 21:52:50'),
('201303210438', '121307144', '201303210013', '2013-03-21 21:52:50', '2013-03-21 21:52:50'),
('201303210439', '121307145', '201302140004', '2013-03-21 21:52:50', '2013-03-21 21:52:50'),
('201303210440', '121307145', '201303210004', '2013-03-21 21:52:50', '2013-03-21 21:52:50'),
('201303210441', '121307146', '201302140004', '2013-03-21 21:52:50', '2013-03-21 21:52:50'),
('201303210442', '121307146', '201303210004', '2013-03-21 21:52:50', '2013-03-21 21:52:50'),
('201303210443', '121307147', '201302140009', '2013-03-21 21:52:50', '2013-03-21 21:52:50'),
('201303210444', '121307147', '201303210009', '2013-03-21 21:52:50', '2013-03-21 21:52:50'),
('201303210445', '121307148', '201302140015', '2013-03-21 21:52:50', '2013-03-21 21:52:50'),
('201303210446', '121307148', '201303210015', '2013-03-21 21:52:50', '2013-03-21 21:52:50'),
('201303210447', '121307148', '201302140011', '2013-03-21 21:52:50', '2013-03-21 21:52:50'),
('201303210448', '121307148', '201303210011', '2013-03-21 21:52:50', '2013-03-21 21:52:50'),
('201303210449', '121307149', '201302140018', '2013-03-21 21:52:50', '2013-03-21 21:52:50'),
('201303210450', '121307149', '201303210018', '2013-03-21 21:52:50', '2013-03-21 21:52:50'),
('201303210451', '121307149', '201302140004', '2013-03-21 21:52:50', '2013-03-21 21:52:50'),
('201303210452', '121307149', '201303210004', '2013-03-21 21:52:51', '2013-03-21 21:52:51'),
('201303210453', '121307150', '201302140013', '2013-03-21 21:52:51', '2013-03-21 21:52:51'),
('201303210454', '121307150', '201303210013', '2013-03-21 21:52:51', '2013-03-21 21:52:51'),
('201303210455', '121307150', '201302140004', '2013-03-21 21:52:51', '2013-03-21 21:52:51'),
('201303210456', '121307150', '201303210004', '2013-03-21 21:52:51', '2013-03-21 21:52:51'),
('201303210457', '121307151', '201302140010', '2013-03-21 21:52:51', '2013-03-21 21:52:51'),
('201303210458', '121307151', '201303210010', '2013-03-21 21:52:51', '2013-03-21 21:52:51'),
('201303210459', '121307151', '201302140004', '2013-03-21 21:52:51', '2013-03-21 21:52:51'),
('201303210460', '121307151', '201303210004', '2013-03-21 21:52:51', '2013-03-21 21:52:51'),
('201303210461', '121307152', '201302140009', '2013-03-21 21:52:51', '2013-03-21 21:52:51'),
('201303210462', '121307152', '201303210009', '2013-03-21 21:52:51', '2013-03-21 21:52:51'),
('201303210463', '121307152', '201302140004', '2013-03-21 21:52:51', '2013-03-21 21:52:51'),
('201303210464', '121307152', '201303210004', '2013-03-21 21:52:51', '2013-03-21 21:52:51'),
('201303210465', '121307153', '201302140009', '2013-03-21 21:52:51', '2013-03-21 21:52:51'),
('201303210466', '121307153', '201303210009', '2013-03-21 21:52:51', '2013-03-21 21:52:51'),
('201303210467', '121307153', '201302140004', '2013-03-21 21:52:51', '2013-03-21 21:52:51'),
('201303210468', '121307153', '201303210004', '2013-03-21 21:52:51', '2013-03-21 21:52:51'),
('201303210469', '121307154', '201302140014', '2013-03-21 21:52:51', '2013-03-21 21:52:51'),
('201303210470', '121307154', '201303210014', '2013-03-21 21:52:51', '2013-03-21 21:52:51'),
('201303210471', '121307155', '201302140009', '2013-03-21 21:52:51', '2013-03-21 21:52:51'),
('201303210472', '121307155', '201303210009', '2013-03-21 21:52:51', '2013-03-21 21:52:51'),
('201303210473', '121307155', '201302140004', '2013-03-21 21:52:51', '2013-03-21 21:52:51'),
('201303210474', '121307155', '201303210004', '2013-03-21 21:52:51', '2013-03-21 21:52:51'),
('201303210475', '121307156', '201302140009', '2013-03-21 21:52:51', '2013-03-21 21:52:51'),
('201303210476', '121307156', '201303210009', '2013-03-21 21:52:51', '2013-03-21 21:52:51'),
('201303210477', '121307156', '201302140004', '2013-03-21 21:52:51', '2013-03-21 21:52:51'),
('201303210478', '121307156', '201303210004', '2013-03-21 21:52:51', '2013-03-21 21:52:51'),
('201303210479', '121307157', '201302140011', '2013-03-21 21:52:51', '2013-03-21 21:52:51'),
('201303210480', '121307157', '201303210011', '2013-03-21 21:52:51', '2013-03-21 21:52:51'),
('201303210481', '121307157', '201302140004', '2013-03-21 21:52:51', '2013-03-21 21:52:51'),
('201303210482', '121307157', '201303210004', '2013-03-21 21:52:51', '2013-03-21 21:52:51'),
('201303210483', '121307158', '201302140011', '2013-03-21 21:52:51', '2013-03-21 21:52:51'),
('201303210484', '121307158', '201303210011', '2013-03-21 21:52:51', '2013-03-21 21:52:51'),
('201303210485', '121307158', '201302140017', '2013-03-21 21:52:51', '2013-03-21 21:52:51'),
('201303210486', '121307158', '201303210017', '2013-03-21 21:52:51', '2013-03-21 21:52:51'),
('201303210487', '121307159', '201302140009', '2013-03-21 21:52:51', '2013-03-21 21:52:51'),
('201303210488', '121307159', '201303210009', '2013-03-21 21:52:51', '2013-03-21 21:52:51'),
('201303210489', '121307159', '201302140014', '2013-03-21 21:52:51', '2013-03-21 21:52:51'),
('201303210490', '121307159', '201303210014', '2013-03-21 21:52:51', '2013-03-21 21:52:51'),
('201303210491', '121307160', '201302140004', '2013-03-21 21:52:51', '2013-03-21 21:52:51'),
('201303210492', '121307160', '201303210004', '2013-03-21 21:52:52', '2013-03-21 21:52:52'),
('201303210493', '121307160', '201302140017', '2013-03-21 21:52:52', '2013-03-21 21:52:52'),
('201303210494', '121307160', '201303210017', '2013-03-21 21:52:52', '2013-03-21 21:52:52'),
('201303210495', '121307161', '201302140009', '2013-03-21 21:52:52', '2013-03-21 21:52:52'),
('201303210496', '121307161', '201303210009', '2013-03-21 21:52:52', '2013-03-21 21:52:52'),
('201303210497', '121307161', '201302140010', '2013-03-21 21:52:52', '2013-03-21 21:52:52'),
('201303210498', '121307161', '201303210010', '2013-03-21 21:52:52', '2013-03-21 21:52:52'),
('201303210499', '121307162', '201302140014', '2013-03-21 21:52:52', '2013-03-21 21:52:52'),
('201303210500', '121307162', '201303210014', '2013-03-21 21:52:52', '2013-03-21 21:52:52'),
('201303210501', '121307162', '201302140004', '2013-03-21 21:52:52', '2013-03-21 21:52:52'),
('201303210502', '121307162', '201303210004', '2013-03-21 21:52:52', '2013-03-21 21:52:52'),
('201303210503', '121307163', '201302140009', '2013-03-21 21:52:52', '2013-03-21 21:52:52'),
('201303210504', '121307163', '201303210009', '2013-03-21 21:52:52', '2013-03-21 21:52:52'),
('201303210505', '121307163', '201302140014', '2013-03-21 21:52:52', '2013-03-21 21:52:52'),
('201303210506', '121307163', '201303210014', '2013-03-21 21:52:52', '2013-03-21 21:52:52'),
('201303210507', '121307164', '201302140014', '2013-03-21 21:52:52', '2013-03-21 21:52:52'),
('201303210508', '121307164', '201303210014', '2013-03-21 21:52:52', '2013-03-21 21:52:52'),
('201303210509', '121307165', '201302140013', '2013-03-21 21:52:52', '2013-03-21 21:52:52'),
('201303210510', '121307165', '201303210013', '2013-03-21 21:52:52', '2013-03-21 21:52:52'),
('201303210511', '121307166', '201302140009', '2013-03-21 21:52:52', '2013-03-21 21:52:52'),
('201303210512', '121307166', '201303210009', '2013-03-21 21:52:52', '2013-03-21 21:52:52'),
('201303210513', '121307166', '201302140015', '2013-03-21 21:52:52', '2013-03-21 21:52:52'),
('201303210514', '121307166', '201303210015', '2013-03-21 21:52:52', '2013-03-21 21:52:52'),
('201303210515', '121307167', '201302140011', '2013-03-21 21:52:52', '2013-03-21 21:52:52'),
('201303210516', '121307167', '201303210011', '2013-03-21 21:52:52', '2013-03-21 21:52:52'),
('201303210517', '121307167', '201302140013', '2013-03-21 21:52:52', '2013-03-21 21:52:52'),
('201303210518', '121307167', '201303210013', '2013-03-21 21:52:52', '2013-03-21 21:52:52'),
('201303210519', '121307168', '201302140011', '2013-03-21 21:52:52', '2013-03-21 21:52:52'),
('201303210520', '121307168', '201303210011', '2013-03-21 21:52:52', '2013-03-21 21:52:52'),
('201303210521', '121307168', '201302140004', '2013-03-21 21:52:52', '2013-03-21 21:52:52'),
('201303210522', '121307168', '201303210004', '2013-03-21 21:52:52', '2013-03-21 21:52:52'),
('201303210523', '121307169', '201302140011', '2013-03-21 21:52:52', '2013-03-21 21:52:52'),
('201303210524', '121307169', '201303210011', '2013-03-21 21:52:52', '2013-03-21 21:52:52'),
('201303210525', '121307170', '201302140009', '2013-03-21 21:52:52', '2013-03-21 21:52:52'),
('201303210526', '121307170', '201303210009', '2013-03-21 21:52:52', '2013-03-21 21:52:52'),
('201303210527', '121307170', '201302140017', '2013-03-21 21:52:52', '2013-03-21 21:52:52'),
('201303210528', '121307170', '201303210017', '2013-03-21 21:52:52', '2013-03-21 21:52:52'),
('201303210529', '121307171', '201302140011', '2013-03-21 21:52:52', '2013-03-21 21:52:52'),
('201303210530', '121307171', '201303210011', '2013-03-21 21:52:52', '2013-03-21 21:52:52'),
('201303210531', '121307171', '201302140004', '2013-03-21 21:52:53', '2013-03-21 21:52:53'),
('201303210532', '121307171', '201303210004', '2013-03-21 21:52:53', '2013-03-21 21:52:53');
INSERT INTO `academic_extracurricular_participant` (`extracurricular_participant_id`, `extracurricular_participant_name`, `extracurricular_participant_activity`, `extracurricular_participant_entry`, `extracurricular_participant_entry_update`) VALUES
('201303210533', '121307172', '201302140013', '2013-03-21 21:52:53', '2013-03-21 21:52:53'),
('201303210534', '121307172', '201303210013', '2013-03-21 21:52:53', '2013-03-21 21:52:53'),
('201303210535', '121307173', '201302140011', '2013-03-21 21:52:53', '2013-03-21 21:52:53'),
('201303210536', '121307173', '201303210011', '2013-03-21 21:52:53', '2013-03-21 21:52:53'),
('201303210537', '121307174', '201302140011', '2013-03-21 21:52:53', '2013-03-21 21:52:53'),
('201303210538', '121307174', '201303210011', '2013-03-21 21:52:53', '2013-03-21 21:52:53'),
('201303210539', '121307175', '201302140011', '2013-03-21 21:52:53', '2013-03-21 21:52:53'),
('201303210540', '121307175', '201303210011', '2013-03-21 21:52:53', '2013-03-21 21:52:53'),
('201303210541', '121307176', '201302140009', '2013-03-21 21:52:53', '2013-03-21 21:52:53'),
('201303210542', '121307176', '201303210009', '2013-03-21 21:52:53', '2013-03-21 21:52:53'),
('201303210543', '121307176', '201302140004', '2013-03-21 21:52:53', '2013-03-21 21:52:53'),
('201303210544', '121307176', '201303210004', '2013-03-21 21:52:53', '2013-03-21 21:52:53'),
('201303210545', '121307177', '201302140014', '2013-03-21 21:52:53', '2013-03-21 21:52:53'),
('201303210546', '121307177', '201303210014', '2013-03-21 21:52:53', '2013-03-21 21:52:53'),
('201303210547', '121307178', '201302140009', '2013-03-21 21:52:53', '2013-03-21 21:52:53'),
('201303210548', '121307178', '201303210009', '2013-03-21 21:52:53', '2013-03-21 21:52:53'),
('201303210549', '121307178', '201302140004', '2013-03-21 21:52:53', '2013-03-21 21:52:53'),
('201303210550', '121307178', '201303210004', '2013-03-21 21:52:53', '2013-03-21 21:52:53'),
('201303210551', '121307179', '201302140004', '2013-03-21 21:52:53', '2013-03-21 21:52:53'),
('201303210552', '121307179', '201303210004', '2013-03-21 21:52:53', '2013-03-21 21:52:53'),
('201303210553', '121307180', '201302140009', '2013-03-21 21:52:53', '2013-03-21 21:52:53'),
('201303210554', '121307180', '201303210009', '2013-03-21 21:52:53', '2013-03-21 21:52:53'),
('201303210555', '121307180', '201302140007', '2013-03-21 21:52:53', '2013-03-21 21:52:53'),
('201303210556', '121307180', '201303210007', '2013-03-21 21:52:53', '2013-03-21 21:52:53'),
('201303210557', '121307181', '201302140009', '2013-03-21 21:52:53', '2013-03-21 21:52:53'),
('201303210558', '121307181', '201303210009', '2013-03-21 21:52:53', '2013-03-21 21:52:53'),
('201303210559', '121307181', '201302140004', '2013-03-21 21:52:53', '2013-03-21 21:52:53'),
('201303210560', '121307181', '201303210004', '2013-03-21 21:52:53', '2013-03-21 21:52:53'),
('201303210561', '121307182', '201302140014', '2013-03-21 21:52:53', '2013-03-21 21:52:53'),
('201303210562', '121307182', '201303210014', '2013-03-21 21:52:53', '2013-03-21 21:52:53'),
('201303210563', '121307183', '201302140004', '2013-03-21 21:52:53', '2013-03-21 21:52:53'),
('201303210564', '121307183', '201303210004', '2013-03-21 21:52:53', '2013-03-21 21:52:53'),
('201303210565', '121307184', '201302140019', '2013-03-21 21:52:54', '2013-03-21 21:52:54'),
('201303210566', '121307184', '201303210019', '2013-03-21 21:52:54', '2013-03-21 21:52:54'),
('201303210567', '121307184', '201302140014', '2013-03-21 21:52:54', '2013-03-21 21:52:54'),
('201303210568', '121307184', '201303210014', '2013-03-21 21:52:54', '2013-03-21 21:52:54'),
('201303210569', '121307185', '201302140009', '2013-03-21 21:52:54', '2013-03-21 21:52:54'),
('201303210570', '121307185', '201303210009', '2013-03-21 21:52:54', '2013-03-21 21:52:54'),
('201303210571', '121307186', '201302140017', '2013-03-21 21:52:54', '2013-03-21 21:52:54'),
('201303210572', '121307186', '201303210017', '2013-03-21 21:52:54', '2013-03-21 21:52:54'),
('201303210573', '121307186', '201302140014', '2013-03-21 21:52:54', '2013-03-21 21:52:54'),
('201303210574', '121307186', '201303210014', '2013-03-21 21:52:54', '2013-03-21 21:52:54'),
('201303210575', '121307187', '201302140009', '2013-03-21 21:52:54', '2013-03-21 21:52:54'),
('201303210576', '121307187', '201303210009', '2013-03-21 21:52:54', '2013-03-21 21:52:54'),
('201303210577', '121307187', '201302140004', '2013-03-21 21:52:54', '2013-03-21 21:52:54'),
('201303210578', '121307187', '201303210004', '2013-03-21 21:52:54', '2013-03-21 21:52:54'),
('201303210579', '121307188', '201302140009', '2013-03-21 21:52:54', '2013-03-21 21:52:54'),
('201303210580', '121307188', '201303210009', '2013-03-21 21:52:54', '2013-03-21 21:52:54'),
('201303210581', '121307188', '201302140003', '2013-03-21 21:52:54', '2013-03-21 21:52:54'),
('201303210582', '121307188', '201303210003', '2013-03-21 21:52:54', '2013-03-21 21:52:54'),
('201303210583', '121307189', '201302140017', '2013-03-21 21:52:54', '2013-03-21 21:52:54'),
('201303210584', '121307189', '201303210017', '2013-03-21 21:52:54', '2013-03-21 21:52:54'),
('201303210585', '121307190', '201302140017', '2013-03-21 21:52:54', '2013-03-21 21:52:54'),
('201303210586', '121307190', '201303210017', '2013-03-21 21:52:54', '2013-03-21 21:52:54'),
('201303210587', '121307191', '201302140017', '2013-03-21 21:52:54', '2013-03-21 21:52:54'),
('201303210588', '121307191', '201303210017', '2013-03-21 21:52:54', '2013-03-21 21:52:54'),
('201303210589', '121307191', '201302140018', '2013-03-21 21:52:54', '2013-03-21 21:52:54'),
('201303210590', '121307191', '201303210018', '2013-03-21 21:52:54', '2013-03-21 21:52:54'),
('201303210591', '121307192', '201302140009', '2013-03-21 21:52:54', '2013-03-21 21:52:54'),
('201303210592', '121307192', '201303210009', '2013-03-21 21:52:54', '2013-03-21 21:52:54'),
('201303210593', '121307192', '201302140004', '2013-03-21 21:52:54', '2013-03-21 21:52:54'),
('201303210594', '121307192', '201303210004', '2013-03-21 21:52:54', '2013-03-21 21:52:54'),
('201303210595', '121307193', '201302140004', '2013-03-21 21:52:54', '2013-03-21 21:52:54'),
('201303210596', '121307193', '201303210004', '2013-03-21 21:52:54', '2013-03-21 21:52:54'),
('201303210597', '121307194', '201302140009', '2013-03-21 21:52:54', '2013-03-21 21:52:54'),
('201303210598', '121307194', '201303210009', '2013-03-21 21:52:54', '2013-03-21 21:52:54'),
('201303210599', '121307195', '201302140009', '2013-03-21 21:52:54', '2013-03-21 21:52:54'),
('201303210600', '121307195', '201303210009', '2013-03-21 21:52:54', '2013-03-21 21:52:54'),
('201303210601', '121307195', '201302140011', '2013-03-21 21:52:54', '2013-03-21 21:52:54'),
('201303210602', '121307195', '201303210011', '2013-03-21 21:52:54', '2013-03-21 21:52:54'),
('201303210603', '121307196', '201302140009', '2013-03-21 21:52:54', '2013-03-21 21:52:54'),
('201303210604', '121307196', '201303210009', '2013-03-21 21:52:55', '2013-03-21 21:52:55'),
('201303210605', '121307196', '201302140011', '2013-03-21 21:52:55', '2013-03-21 21:52:55'),
('201303210606', '121307196', '201303210011', '2013-03-21 21:52:55', '2013-03-21 21:52:55'),
('201303210607', '121307197', '201302140017', '2013-03-21 21:52:55', '2013-03-21 21:52:55'),
('201303210608', '121307197', '201303210017', '2013-03-21 21:52:55', '2013-03-21 21:52:55'),
('201303210609', '121307197', '201302140004', '2013-03-21 21:52:55', '2013-03-21 21:52:55'),
('201303210610', '121307197', '201303210004', '2013-03-21 21:52:55', '2013-03-21 21:52:55'),
('201303210611', '121307198', '201302140009', '2013-03-21 21:52:55', '2013-03-21 21:52:55'),
('201303210612', '121307198', '201303210009', '2013-03-21 21:52:55', '2013-03-21 21:52:55'),
('201303210613', '121307198', '201302140004', '2013-03-21 21:52:55', '2013-03-21 21:52:55'),
('201303210614', '121307198', '201303210004', '2013-03-21 21:52:55', '2013-03-21 21:52:55'),
('201303210615', '121307199', '201302140017', '2013-03-21 21:52:55', '2013-03-21 21:52:55'),
('201303210616', '121307199', '201303210017', '2013-03-21 21:52:55', '2013-03-21 21:52:55'),
('201303210617', '121307199', '201302140004', '2013-03-21 21:52:55', '2013-03-21 21:52:55'),
('201303210618', '121307199', '201303210004', '2013-03-21 21:52:55', '2013-03-21 21:52:55'),
('201303210619', '121307200', '201302140009', '2013-03-21 21:52:55', '2013-03-21 21:52:55'),
('201303210620', '121307200', '201303210009', '2013-03-21 21:52:55', '2013-03-21 21:52:55'),
('201303210621', '121307200', '201302140004', '2013-03-21 21:52:55', '2013-03-21 21:52:55'),
('201303210622', '121307200', '201303210004', '2013-03-21 21:52:55', '2013-03-21 21:52:55'),
('201303210623', '121307201', '201302140009', '2013-03-21 21:52:55', '2013-03-21 21:52:55'),
('201303210624', '121307201', '201303210009', '2013-03-21 21:52:55', '2013-03-21 21:52:55'),
('201303210625', '121307201', '201302140004', '2013-03-21 21:52:55', '2013-03-21 21:52:55'),
('201303210626', '121307201', '201303210004', '2013-03-21 21:52:55', '2013-03-21 21:52:55'),
('201303210627', '121307202', '201302140004', '2013-03-21 21:52:55', '2013-03-21 21:52:55'),
('201303210628', '121307202', '201303210004', '2013-03-21 21:52:55', '2013-03-21 21:52:55'),
('201303210629', '121307203', '201302140017', '2013-03-21 21:52:55', '2013-03-21 21:52:55'),
('201303210630', '121307203', '201303210017', '2013-03-21 21:52:55', '2013-03-21 21:52:55'),
('201303210631', '121307203', '201302140011', '2013-03-21 21:52:55', '2013-03-21 21:52:55'),
('201303210632', '121307203', '201303210011', '2013-03-21 21:52:55', '2013-03-21 21:52:55'),
('201303210633', '121307204', '201302140010', '2013-03-21 21:52:55', '2013-03-21 21:52:55'),
('201303210634', '121307204', '201303210010', '2013-03-21 21:52:55', '2013-03-21 21:52:55'),
('201303210635', '121307205', '201302140011', '2013-03-21 21:52:55', '2013-03-21 21:52:55'),
('201303210636', '121307205', '201303210011', '2013-03-21 21:52:55', '2013-03-21 21:52:55'),
('201303210637', '121307206', '201302140011', '2013-03-21 21:52:55', '2013-03-21 21:52:55'),
('201303210638', '121307206', '201303210011', '2013-03-21 21:52:55', '2013-03-21 21:52:55'),
('201303210639', '121307206', '201302140004', '2013-03-21 21:52:55', '2013-03-21 21:52:55'),
('201303210640', '121307206', '201303210004', '2013-03-21 21:52:55', '2013-03-21 21:52:55'),
('201303210641', '121307207', '201302140005', '2013-03-21 21:52:55', '2013-03-21 21:52:55'),
('201303210642', '121307207', '201303210005', '2013-03-21 21:52:56', '2013-03-21 21:52:56'),
('201303210643', '121307208', '201302140014', '2013-03-21 21:52:56', '2013-03-21 21:52:56'),
('201303210644', '121307208', '201303210014', '2013-03-21 21:52:56', '2013-03-21 21:52:56'),
('201303210645', '121307208', '201302140006', '2013-03-21 21:52:56', '2013-03-21 21:52:56'),
('201303210646', '121307208', '201303210006', '2013-03-21 21:52:56', '2013-03-21 21:52:56'),
('201303210647', '121307209', '201302140017', '2013-03-21 21:52:56', '2013-03-21 21:52:56'),
('201303210648', '121307209', '201303210017', '2013-03-21 21:52:56', '2013-03-21 21:52:56'),
('201303210649', '121307209', '201302140009', '2013-03-21 21:52:56', '2013-03-21 21:52:56'),
('201303210650', '121307209', '201303210009', '2013-03-21 21:52:56', '2013-03-21 21:52:56'),
('201303210651', '121307210', '201302140009', '2013-03-21 21:52:56', '2013-03-21 21:52:56'),
('201303210652', '121307210', '201303210009', '2013-03-21 21:52:56', '2013-03-21 21:52:56'),
('201303210653', '121307210', '201302140004', '2013-03-21 21:52:56', '2013-03-21 21:52:56'),
('201303210654', '121307210', '201303210004', '2013-03-21 21:52:56', '2013-03-21 21:52:56'),
('201303210655', '121307211', '201302140014', '2013-03-21 21:52:56', '2013-03-21 21:52:56'),
('201303210656', '121307211', '201303210014', '2013-03-21 21:52:56', '2013-03-21 21:52:56'),
('201303210657', '121307211', '201302140006', '2013-03-21 21:52:56', '2013-03-21 21:52:56'),
('201303210658', '121307211', '201303210006', '2013-03-21 21:52:56', '2013-03-21 21:52:56'),
('201303210659', '121307212', '201302140018', '2013-03-21 21:52:56', '2013-03-21 21:52:56'),
('201303210660', '121307212', '201303210018', '2013-03-21 21:52:56', '2013-03-21 21:52:56'),
('201303210661', '121307213', '201302140014', '2013-03-21 21:52:56', '2013-03-21 21:52:56'),
('201303210662', '121307213', '201303210014', '2013-03-21 21:52:56', '2013-03-21 21:52:56'),
('201303210663', '121307214', '201302140018', '2013-03-21 21:52:56', '2013-03-21 21:52:56'),
('201303210664', '121307214', '201303210018', '2013-03-21 21:52:56', '2013-03-21 21:52:56'),
('201303210665', '121307214', '201302140004', '2013-03-21 21:52:56', '2013-03-21 21:52:56'),
('201303210666', '121307214', '201303210004', '2013-03-21 21:52:56', '2013-03-21 21:52:56'),
('201303210667', '121307215', '201302140014', '2013-03-21 21:52:56', '2013-03-21 21:52:56'),
('201303210668', '121307215', '201303210014', '2013-03-21 21:52:56', '2013-03-21 21:52:56'),
('201303210669', '121307216', '201302140017', '2013-03-21 21:52:56', '2013-03-21 21:52:56'),
('201303210670', '121307216', '201303210017', '2013-03-21 21:52:56', '2013-03-21 21:52:56'),
('201303210671', '121307216', '201302140004', '2013-03-21 21:52:56', '2013-03-21 21:52:56'),
('201303210672', '121307216', '201303210004', '2013-03-21 21:52:56', '2013-03-21 21:52:56'),
('201303210673', '121307217', '201302140004', '2013-03-21 21:52:56', '2013-03-21 21:52:56'),
('201303210674', '121307217', '201303210004', '2013-03-21 21:52:56', '2013-03-21 21:52:56'),
('201303210675', '121307218', '201302140014', '2013-03-21 21:52:56', '2013-03-21 21:52:56'),
('201303210676', '121307218', '201303210014', '2013-03-21 21:52:56', '2013-03-21 21:52:56'),
('201303210677', '121307218', '201302140009', '2013-03-21 21:52:56', '2013-03-21 21:52:56'),
('201303210678', '121307218', '201303210009', '2013-03-21 21:52:56', '2013-03-21 21:52:56'),
('201303210679', '121307219', '201302140004', '2013-03-21 21:52:56', '2013-03-21 21:52:56'),
('201303210680', '121307219', '201303210004', '2013-03-21 21:52:56', '2013-03-21 21:52:56'),
('201303210681', '121307220', '201302140011', '2013-03-21 21:52:57', '2013-03-21 21:52:57'),
('201303210682', '121307220', '201303210011', '2013-03-21 21:52:57', '2013-03-21 21:52:57'),
('201303210683', '121307220', '201302140001', '2013-03-21 21:52:57', '2013-03-21 21:52:57'),
('201303210684', '121307220', '201303210001', '2013-03-21 21:52:57', '2013-03-21 21:52:57'),
('201303210685', '121307221', '201302140017', '2013-03-21 21:52:57', '2013-03-21 21:52:57'),
('201303210686', '121307221', '201303210017', '2013-03-21 21:52:57', '2013-03-21 21:52:57'),
('201303210687', '121307221', '201302140004', '2013-03-21 21:52:57', '2013-03-21 21:52:57'),
('201303210688', '121307221', '201303210004', '2013-03-21 21:52:57', '2013-03-21 21:52:57'),
('201303210689', '121307222', '201302140013', '2013-03-21 21:52:57', '2013-03-21 21:52:57'),
('201303210690', '121307222', '201303210013', '2013-03-21 21:52:57', '2013-03-21 21:52:57'),
('201303210691', '121307222', '201302140002', '2013-03-21 21:52:57', '2013-03-21 21:52:57'),
('201303210692', '121307222', '201303210002', '2013-03-21 21:52:57', '2013-03-21 21:52:57'),
('201303210693', '121307223', '201302140013', '2013-03-21 21:52:57', '2013-03-21 21:52:57'),
('201303210694', '121307223', '201303210013', '2013-03-21 21:52:57', '2013-03-21 21:52:57'),
('201303210695', '121307224', '201302140011', '2013-03-21 21:52:57', '2013-03-21 21:52:57'),
('201303210696', '121307224', '201303210011', '2013-03-21 21:52:57', '2013-03-21 21:52:57'),
('201303210697', '121307224', '201302140004', '2013-03-21 21:52:57', '2013-03-21 21:52:57'),
('201303210698', '121307224', '201303210004', '2013-03-21 21:52:57', '2013-03-21 21:52:57'),
('201303210699', '121307225', '201302140009', '2013-03-21 21:52:57', '2013-03-21 21:52:57'),
('201303210700', '121307225', '201303210009', '2013-03-21 21:52:57', '2013-03-21 21:52:57'),
('201303210701', '121307225', '201302140004', '2013-03-21 21:52:57', '2013-03-21 21:52:57'),
('201303210702', '121307225', '201303210004', '2013-03-21 21:52:57', '2013-03-21 21:52:57'),
('201303210703', '121307226', '201302140014', '2013-03-21 21:52:57', '2013-03-21 21:52:57'),
('201303210704', '121307226', '201303210014', '2013-03-21 21:52:57', '2013-03-21 21:52:57'),
('201303210705', '121307226', '201302140009', '2013-03-21 21:52:57', '2013-03-21 21:52:57'),
('201303210706', '121307226', '201303210009', '2013-03-21 21:52:57', '2013-03-21 21:52:57'),
('201303210707', '121307227', '201302140013', '2013-03-21 21:52:57', '2013-03-21 21:52:57'),
('201303210708', '121307227', '201303210013', '2013-03-21 21:52:57', '2013-03-21 21:52:57'),
('201303210709', '121307227', '201302140004', '2013-03-21 21:52:57', '2013-03-21 21:52:57'),
('201303210710', '121307227', '201303210004', '2013-03-21 21:52:57', '2013-03-21 21:52:57'),
('201303210711', '121307228', '201302140014', '2013-03-21 21:52:57', '2013-03-21 21:52:57'),
('201303210712', '121307228', '201303210014', '2013-03-21 21:52:57', '2013-03-21 21:52:57'),
('201303210713', '121307228', '201302140002', '2013-03-21 21:52:57', '2013-03-21 21:52:57'),
('201303210714', '121307228', '201303210002', '2013-03-21 21:52:57', '2013-03-21 21:52:57'),
('201303210715', '121307229', '201302140017', '2013-03-21 21:52:57', '2013-03-21 21:52:57'),
('201303210716', '121307229', '201303210017', '2013-03-21 21:52:57', '2013-03-21 21:52:57'),
('201303210717', '121307229', '201302140004', '2013-03-21 21:52:57', '2013-03-21 21:52:57'),
('201303210718', '121307229', '201303210004', '2013-03-21 21:52:57', '2013-03-21 21:52:57'),
('201303210719', '121307230', '201302140017', '2013-03-21 21:52:57', '2013-03-21 21:52:57'),
('201303210720', '121307230', '201303210017', '2013-03-21 21:52:57', '2013-03-21 21:52:57'),
('201303210721', '121307230', '201302140011', '2013-03-21 21:52:58', '2013-03-21 21:52:58'),
('201303210722', '121307230', '201303210011', '2013-03-21 21:52:58', '2013-03-21 21:52:58'),
('201303210723', '121307231', '201302140014', '2013-03-21 21:52:58', '2013-03-21 21:52:58'),
('201303210724', '121307231', '201303210014', '2013-03-21 21:52:58', '2013-03-21 21:52:58'),
('201303210725', '121307231', '201302140002', '2013-03-21 21:52:58', '2013-03-21 21:52:58'),
('201303210726', '121307231', '201303210002', '2013-03-21 21:52:58', '2013-03-21 21:52:58'),
('201303210727', '121307232', '201302140002', '2013-03-21 21:52:58', '2013-03-21 21:52:58'),
('201303210728', '121307232', '201303210002', '2013-03-21 21:52:58', '2013-03-21 21:52:58'),
('201303210729', '121307232', '201302140004', '2013-03-21 21:52:58', '2013-03-21 21:52:58'),
('201303210730', '121307232', '201303210004', '2013-03-21 21:52:58', '2013-03-21 21:52:58'),
('201303210731', '121307233', '201302140004', '2013-03-21 21:52:58', '2013-03-21 21:52:58'),
('201303210732', '121307233', '201303210004', '2013-03-21 21:52:58', '2013-03-21 21:52:58'),
('201303210733', '121307234', '201302140017', '2013-03-21 21:52:58', '2013-03-21 21:52:58'),
('201303210734', '121307234', '201303210017', '2013-03-21 21:52:58', '2013-03-21 21:52:58'),
('201303210735', '121307234', '201302140016', '2013-03-21 21:52:58', '2013-03-21 21:52:58'),
('201303210736', '121307234', '201303210016', '2013-03-21 21:52:58', '2013-03-21 21:52:58'),
('201303210737', '121307235', '201302140017', '2013-03-21 21:52:58', '2013-03-21 21:52:58'),
('201303210738', '121307235', '201303210017', '2013-03-21 21:52:58', '2013-03-21 21:52:58'),
('201303210739', '121307235', '201302140009', '2013-03-21 21:52:59', '2013-03-21 21:52:59'),
('201303210740', '121307235', '201303210009', '2013-03-21 21:52:59', '2013-03-21 21:52:59'),
('201303210741', '111207158', '201302140004', '2013-03-21 22:06:29', '2013-03-21 22:06:29'),
('201303210742', '111207158', '201303210004', '2013-03-21 22:06:29', '2013-03-21 22:06:29'),
('201303210743', '111207026', '201302140009', '2013-03-21 22:06:29', '2013-03-21 22:06:29'),
('201303210744', '111207026', '201303210009', '2013-03-21 22:06:29', '2013-03-21 22:06:29'),
('201303210745', '111207132', '201302140017', '2013-03-21 22:06:29', '2013-03-21 22:06:29'),
('201303210746', '111207132', '201303210017', '2013-03-21 22:06:29', '2013-03-21 22:06:29'),
('201303210747', '111207132', '201302140001', '2013-03-21 22:06:30', '2013-03-21 22:06:30'),
('201303210748', '111207132', '201303210001', '2013-03-21 22:06:30', '2013-03-21 22:06:30'),
('201303210749', '111207051', '201302140008', '2013-03-21 22:06:30', '2013-03-21 22:06:30'),
('201303210750', '111207051', '201303210008', '2013-03-21 22:06:30', '2013-03-21 22:06:30'),
('201303210751', '111207051', '201302140014', '2013-03-21 22:06:30', '2013-03-21 22:06:30'),
('201303210752', '111207051', '201303210014', '2013-03-21 22:06:30', '2013-03-21 22:06:30'),
('201303210753', '111207107', '201302140001', '2013-03-21 22:06:30', '2013-03-21 22:06:30'),
('201303210754', '111207107', '201303210001', '2013-03-21 22:06:30', '2013-03-21 22:06:30'),
('201303210755', '111207107', '201302140010', '2013-03-21 22:06:30', '2013-03-21 22:06:30'),
('201303210756', '111207107', '201303210010', '2013-03-21 22:06:30', '2013-03-21 22:06:30'),
('201303210757', '111207031', '201302140009', '2013-03-21 22:06:30', '2013-03-21 22:06:30'),
('201303210758', '111207031', '201303210009', '2013-03-21 22:06:30', '2013-03-21 22:06:30'),
('201303210759', '111207031', '201302140002', '2013-03-21 22:06:30', '2013-03-21 22:06:30'),
('201303210760', '111207031', '201303210002', '2013-03-21 22:06:30', '2013-03-21 22:06:30'),
('201303210761', '111207161', '201302140004', '2013-03-21 22:06:30', '2013-03-21 22:06:30'),
('201303210762', '111207161', '201303210004', '2013-03-21 22:06:30', '2013-03-21 22:06:30'),
('201303210763', '111207109', '201302140017', '2013-03-21 22:06:30', '2013-03-21 22:06:30'),
('201303210764', '111207109', '201303210017', '2013-03-21 22:06:30', '2013-03-21 22:06:30'),
('201303210765', '111207112', '201302140013', '2013-03-21 22:06:30', '2013-03-21 22:06:30'),
('201303210766', '111207112', '201303210013', '2013-03-21 22:06:30', '2013-03-21 22:06:30'),
('201303210767', '111207112', '201302140001', '2013-03-21 22:06:30', '2013-03-21 22:06:30'),
('201303210768', '111207112', '201303210001', '2013-03-21 22:06:30', '2013-03-21 22:06:30'),
('201303210769', '111207113', '201302140013', '2013-03-21 22:06:30', '2013-03-21 22:06:30'),
('201303210770', '111207113', '201303210013', '2013-03-21 22:06:30', '2013-03-21 22:06:30'),
('201303210771', '111207113', '201302140014', '2013-03-21 22:06:30', '2013-03-21 22:06:30'),
('201303210772', '111207113', '201303210014', '2013-03-21 22:06:30', '2013-03-21 22:06:30'),
('201303210773', '111207057', '201302140013', '2013-03-21 22:06:30', '2013-03-21 22:06:30'),
('201303210774', '111207057', '201303210013', '2013-03-21 22:06:30', '2013-03-21 22:06:30'),
('201303210775', '111207117', '201302140011', '2013-03-21 22:06:30', '2013-03-21 22:06:30'),
('201303210776', '111207117', '201303210011', '2013-03-21 22:06:30', '2013-03-21 22:06:30'),
('201303210777', '111207172', '201302140018', '2013-03-21 22:06:30', '2013-03-21 22:06:30'),
('201303210778', '111207172', '201303210018', '2013-03-21 22:06:30', '2013-03-21 22:06:30'),
('201303210779', '111207194', '201302140013', '2013-03-21 22:06:30', '2013-03-21 22:06:30'),
('201303210780', '111207194', '201303210013', '2013-03-21 22:06:30', '2013-03-21 22:06:30'),
('201303210781', '111207141', '201302140014', '2013-03-21 22:06:31', '2013-03-21 22:06:31'),
('201303210782', '111207141', '201303210014', '2013-03-21 22:06:31', '2013-03-21 22:06:31'),
('201303210783', '111207041', '201302140004', '2013-03-21 22:06:31', '2013-03-21 22:06:31'),
('201303210784', '111207041', '201303210004', '2013-03-21 22:06:31', '2013-03-21 22:06:31'),
('201303210785', '111207041', '201302140017', '2013-03-21 22:06:31', '2013-03-21 22:06:31'),
('201303210786', '111207041', '201303210017', '2013-03-21 22:06:31', '2013-03-21 22:06:31'),
('201303210787', '111207195', '201302140007', '2013-03-21 22:06:31', '2013-03-21 22:06:31'),
('201303210788', '111207195', '201303210007', '2013-03-21 22:06:31', '2013-03-21 22:06:31'),
('201303210789', '111207092', '201302140014', '2013-03-21 22:06:31', '2013-03-21 22:06:31'),
('201303210790', '111207092', '201303210014', '2013-03-21 22:06:31', '2013-03-21 22:06:31'),
('201303210791', '111207068', '201302140013', '2013-03-21 22:06:31', '2013-03-21 22:06:31'),
('201303210792', '111207068', '201303210013', '2013-03-21 22:06:31', '2013-03-21 22:06:31'),
('201303210793', '111207123', '201302140004', '2013-03-21 22:06:31', '2013-03-21 22:06:31'),
('201303210794', '111207123', '201303210004', '2013-03-21 22:06:31', '2013-03-21 22:06:31'),
('201303210795', '111207123', '201302140019', '2013-03-21 22:06:31', '2013-03-21 22:06:31'),
('201303210796', '111207123', '201303210019', '2013-03-21 22:06:31', '2013-03-21 22:06:31'),
('201303210797', '111207043', '201302140017', '2013-03-21 22:06:31', '2013-03-21 22:06:31'),
('201303210798', '111207043', '201303210017', '2013-03-21 22:06:31', '2013-03-21 22:06:31'),
('201303210799', '111207204', '201302140013', '2013-03-21 22:06:31', '2013-03-21 22:06:31'),
('201303210800', '111207204', '201303210013', '2013-03-21 22:06:31', '2013-03-21 22:06:31'),
('201303210801', '111207204', '201302140014', '2013-03-21 22:06:31', '2013-03-21 22:06:31'),
('201303210802', '111207204', '201303210014', '2013-03-21 22:06:31', '2013-03-21 22:06:31'),
('201303210803', '111207205', '201302140013', '2013-03-21 22:06:31', '2013-03-21 22:06:31'),
('201303210804', '111207205', '201303210013', '2013-03-21 22:06:31', '2013-03-21 22:06:31'),
('201303210805', '111207205', '201302140002', '2013-03-21 22:06:31', '2013-03-21 22:06:31'),
('201303210806', '111207205', '201303210002', '2013-03-21 22:06:31', '2013-03-21 22:06:31'),
('201303210807', '111207099', '201302140004', '2013-03-21 22:06:31', '2013-03-21 22:06:31'),
('201303210808', '111207099', '201303210004', '2013-03-21 22:06:31', '2013-03-21 22:06:31'),
('201303210809', '111207099', '201302140017', '2013-03-21 22:06:31', '2013-03-21 22:06:31'),
('201303210810', '111207099', '201303210017', '2013-03-21 22:06:31', '2013-03-21 22:06:31'),
('201303210811', '111207082', '201302140014', '2013-03-21 22:06:31', '2013-03-21 22:06:31'),
('201303210812', '111207082', '201303210014', '2013-03-21 22:06:31', '2013-03-21 22:06:31'),
('201303210813', '111207082', '201302140004', '2013-03-21 22:06:31', '2013-03-21 22:06:31'),
('201303210814', '111207082', '201303210004', '2013-03-21 22:06:31', '2013-03-21 22:06:31'),
('201303210815', '111207108', '201302140014', '2013-03-21 22:06:31', '2013-03-21 22:06:31'),
('201303210816', '111207108', '201303210014', '2013-03-21 22:06:31', '2013-03-21 22:06:31'),
('201303210817', '111207108', '201302140016', '2013-03-21 22:06:31', '2013-03-21 22:06:31'),
('201303210818', '111207108', '201303210016', '2013-03-21 22:06:31', '2013-03-21 22:06:31'),
('201303210819', '111207136', '201302140004', '2013-03-21 22:06:32', '2013-03-21 22:06:32'),
('201303210820', '111207136', '201303210004', '2013-03-21 22:06:32', '2013-03-21 22:06:32'),
('201303210821', '111207136', '201302140011', '2013-03-21 22:06:32', '2013-03-21 22:06:32'),
('201303210822', '111207136', '201303210011', '2013-03-21 22:06:32', '2013-03-21 22:06:32'),
('201303210823', '111207008', '201302140017', '2013-03-21 22:06:32', '2013-03-21 22:06:32'),
('201303210824', '111207008', '201303210017', '2013-03-21 22:06:32', '2013-03-21 22:06:32'),
('201303210825', '111207010', '201302140014', '2013-03-21 22:06:32', '2013-03-21 22:06:32'),
('201303210826', '111207010', '201303210014', '2013-03-21 22:06:32', '2013-03-21 22:06:32'),
('201303210827', '111207010', '201302140013', '2013-03-21 22:06:32', '2013-03-21 22:06:32'),
('201303210828', '111207010', '201303210013', '2013-03-21 22:06:32', '2013-03-21 22:06:32'),
('201303210829', '111207139', '201302140004', '2013-03-21 22:06:32', '2013-03-21 22:06:32'),
('201303210830', '111207139', '201303210004', '2013-03-21 22:06:32', '2013-03-21 22:06:32'),
('201303210831', '111207088', '201302140004', '2013-03-21 22:06:32', '2013-03-21 22:06:32'),
('201303210832', '111207088', '201303210004', '2013-03-21 22:06:32', '2013-03-21 22:06:32'),
('201303210833', '111207064', '201302140004', '2013-03-21 22:06:32', '2013-03-21 22:06:32'),
('201303210834', '111207064', '201303210004', '2013-03-21 22:06:32', '2013-03-21 22:06:32'),
('201303210835', '111207064', '201302140009', '2013-03-21 22:06:32', '2013-03-21 22:06:32'),
('201303210836', '111207064', '201303210009', '2013-03-21 22:06:32', '2013-03-21 22:06:32'),
('201303210837', '111207174', '201302140011', '2013-03-21 22:06:32', '2013-03-21 22:06:32'),
('201303210838', '111207174', '201303210011', '2013-03-21 22:06:32', '2013-03-21 22:06:32'),
('201303210839', '111207197', '201302140001', '2013-03-21 22:06:32', '2013-03-21 22:06:32'),
('201303210840', '111207197', '201303210001', '2013-03-21 22:06:32', '2013-03-21 22:06:32'),
('201303210841', '111207197', '201302140007', '2013-03-21 22:06:32', '2013-03-21 22:06:32'),
('201303210842', '111207197', '201303210007', '2013-03-21 22:06:32', '2013-03-21 22:06:32'),
('201303210843', '111207093', '201302140014', '2013-03-21 22:06:32', '2013-03-21 22:06:32'),
('201303210844', '111207093', '201303210014', '2013-03-21 22:06:32', '2013-03-21 22:06:32'),
('201303210845', '111207093', '201302140001', '2013-03-21 22:06:32', '2013-03-21 22:06:32'),
('201303210846', '111207093', '201303210001', '2013-03-21 22:06:32', '2013-03-21 22:06:32'),
('201303210847', '111207124', '201302140009', '2013-03-21 22:06:32', '2013-03-21 22:06:32'),
('201303210848', '111207124', '201303210009', '2013-03-21 22:06:32', '2013-03-21 22:06:32'),
('201303210849', '111207124', '201302140016', '2013-03-21 22:06:32', '2013-03-21 22:06:32'),
('201303210850', '111207124', '201303210016', '2013-03-21 22:06:32', '2013-03-21 22:06:32'),
('201303210851', '111207147', '201302140004', '2013-03-21 22:06:32', '2013-03-21 22:06:32'),
('201303210852', '111207147', '201303210004', '2013-03-21 22:06:32', '2013-03-21 22:06:32'),
('201303210853', '111207202', '201302140011', '2013-03-21 22:06:32', '2013-03-21 22:06:32'),
('201303210854', '111207202', '201303210011', '2013-03-21 22:06:32', '2013-03-21 22:06:32'),
('201303210855', '111207202', '201302140006', '2013-03-21 22:06:32', '2013-03-21 22:06:32'),
('201303210856', '111207202', '201303210006', '2013-03-21 22:06:32', '2013-03-21 22:06:32'),
('201303210857', '111207203', '201302140011', '2013-03-21 22:06:33', '2013-03-21 22:06:33'),
('201303210858', '111207203', '201303210011', '2013-03-21 22:06:33', '2013-03-21 22:06:33'),
('201303210859', '111207018', '201302140014', '2013-03-21 22:06:33', '2013-03-21 22:06:33'),
('201303210860', '111207018', '201303210014', '2013-03-21 22:06:33', '2013-03-21 22:06:33'),
('201303210861', '111207151', '201302140014', '2013-03-21 22:06:33', '2013-03-21 22:06:33'),
('201303210862', '111207151', '201303210014', '2013-03-21 22:06:33', '2013-03-21 22:06:33'),
('201303210863', '111207151', '201302140013', '2013-03-21 22:06:33', '2013-03-21 22:06:33'),
('201303210864', '111207151', '201303210013', '2013-03-21 22:06:33', '2013-03-21 22:06:33'),
('201303210865', '111207021', '201302140015', '2013-03-21 22:06:33', '2013-03-21 22:06:33'),
('201303210866', '111207021', '201303210015', '2013-03-21 22:06:33', '2013-03-21 22:06:33'),
('201303210867', '111207072', '201302140013', '2013-03-21 22:06:33', '2013-03-21 22:06:33'),
('201303210868', '111207072', '201303210013', '2013-03-21 22:06:33', '2013-03-21 22:06:33'),
('201303210869', '111207100', '201302140012', '2013-03-21 22:06:33', '2013-03-21 22:06:33'),
('201303210870', '111207100', '201303210012', '2013-03-21 22:06:33', '2013-03-21 22:06:33'),
('201303210871', '111207209', '201302140017', '2013-03-21 22:06:33', '2013-03-21 22:06:33'),
('201303210872', '111207209', '201303210017', '2013-03-21 22:06:33', '2013-03-21 22:06:33'),
('201303210873', '111207073', '201302140017', '2013-03-21 22:06:33', '2013-03-21 22:06:33'),
('201303210874', '111207073', '201303210017', '2013-03-21 22:06:33', '2013-03-21 22:06:33'),
('201303210875', '111207024', '201302140014', '2013-03-21 22:06:33', '2013-03-21 22:06:33'),
('201303210876', '111207024', '201303210014', '2013-03-21 22:06:33', '2013-03-21 22:06:33'),
('201303210877', '111207155', '201302140004', '2013-03-21 22:06:33', '2013-03-21 22:06:33'),
('201303210878', '111207155', '201303210004', '2013-03-21 22:06:33', '2013-03-21 22:06:33'),
('201303210879', '111207155', '201302140009', '2013-03-21 22:06:33', '2013-03-21 22:06:33'),
('201303210880', '111207155', '201303210009', '2013-03-21 22:06:33', '2013-03-21 22:06:33'),
('201303210881', '111207156', '201302140013', '2013-03-21 22:06:33', '2013-03-21 22:06:33'),
('201303210882', '111207156', '201303210013', '2013-03-21 22:06:33', '2013-03-21 22:06:33'),
('201303210883', '111207130', '201302140018', '2013-03-21 22:06:33', '2013-03-21 22:06:33'),
('201303210884', '111207130', '201303210018', '2013-03-21 22:06:33', '2013-03-21 22:06:33'),
('201303210885', '111207102', '201302140014', '2013-03-21 22:06:33', '2013-03-21 22:06:33'),
('201303210886', '111207102', '201303210014', '2013-03-21 22:06:33', '2013-03-21 22:06:33'),
('201303210887', '111207160', '201302140018', '2013-03-21 22:06:33', '2013-03-21 22:06:33'),
('201303210888', '111207160', '201303210018', '2013-03-21 22:06:33', '2013-03-21 22:06:33'),
('201303210889', '111207030', '201302140013', '2013-03-21 22:06:33', '2013-03-21 22:06:33'),
('201303210890', '111207030', '201303210013', '2013-03-21 22:06:33', '2013-03-21 22:06:33'),
('201303210891', '111207032', '201302140017', '2013-03-21 22:06:33', '2013-03-21 22:06:33'),
('201303210892', '111207032', '201303210017', '2013-03-21 22:06:33', '2013-03-21 22:06:33'),
('201303210893', '111207162', '201302140014', '2013-03-21 22:06:33', '2013-03-21 22:06:33'),
('201303210894', '111207162', '201303210014', '2013-03-21 22:06:33', '2013-03-21 22:06:33'),
('201303210895', '111207162', '201302140013', '2013-03-21 22:06:33', '2013-03-21 22:06:33'),
('201303210896', '111207162', '201303210013', '2013-03-21 22:06:34', '2013-03-21 22:06:34'),
('201303210897', '111207163', '201302140017', '2013-03-21 22:06:34', '2013-03-21 22:06:34'),
('201303210898', '111207163', '201303210017', '2013-03-21 22:06:34', '2013-03-21 22:06:34'),
('201303210899', '111207054', '201302140016', '2013-03-21 22:06:34', '2013-03-21 22:06:34'),
('201303210900', '111207054', '201303210016', '2013-03-21 22:06:34', '2013-03-21 22:06:34'),
('201303210901', '111207009', '201302140018', '2013-03-21 22:06:34', '2013-03-21 22:06:34'),
('201303210902', '111207009', '201303210018', '2013-03-21 22:06:34', '2013-03-21 22:06:34'),
('201303210903', '111207114', '201302140012', '2013-03-21 22:06:34', '2013-03-21 22:06:34'),
('201303210904', '111207114', '201303210012', '2013-03-21 22:06:34', '2013-03-21 22:06:34'),
('201303210905', '111207114', '201302140010', '2013-03-21 22:06:34', '2013-03-21 22:06:34'),
('201303210906', '111207114', '201303210010', '2013-03-21 22:06:34', '2013-03-21 22:06:34'),
('201303210907', '111207058', '201302140014', '2013-03-21 22:06:34', '2013-03-21 22:06:34'),
('201303210908', '111207058', '201303210014', '2013-03-21 22:06:34', '2013-03-21 22:06:34'),
('201303210909', '111207058', '201302140018', '2013-03-21 22:06:34', '2013-03-21 22:06:34'),
('201303210910', '111207058', '201303210018', '2013-03-21 22:06:34', '2013-03-21 22:06:34'),
('201303210911', '111207037', '201302140013', '2013-03-21 22:06:34', '2013-03-21 22:06:34'),
('201303210912', '111207037', '201303210013', '2013-03-21 22:06:34', '2013-03-21 22:06:34'),
('201303210913', '111207171', '201302140009', '2013-03-21 22:06:34', '2013-03-21 22:06:34'),
('201303210914', '111207171', '201303210009', '2013-03-21 22:06:34', '2013-03-21 22:06:34'),
('201303210915', '111207173', '201302140011', '2013-03-21 22:06:34', '2013-03-21 22:06:34'),
('201303210916', '111207173', '201303210011', '2013-03-21 22:06:34', '2013-03-21 22:06:34'),
('201303210917', '111207012', '201302140018', '2013-03-21 22:06:34', '2013-03-21 22:06:34'),
('201303210918', '111207012', '201303210018', '2013-03-21 22:06:34', '2013-03-21 22:06:34'),
('201303210919', '111207013', '201302140011', '2013-03-21 22:06:34', '2013-03-21 22:06:34'),
('201303210920', '111207013', '201303210011', '2013-03-21 22:06:34', '2013-03-21 22:06:34'),
('201303210921', '111207145', '201302140005', '2013-03-21 22:06:34', '2013-03-21 22:06:34'),
('201303210922', '111207145', '201303210005', '2013-03-21 22:06:34', '2013-03-21 22:06:34'),
('201303210923', '111207016', '201302140018', '2013-03-21 22:06:34', '2013-03-21 22:06:34'),
('201303210924', '111207016', '201303210018', '2013-03-21 22:06:34', '2013-03-21 22:06:34'),
('201303210925', '111207096', '201302140014', '2013-03-21 22:06:34', '2013-03-21 22:06:34'),
('201303210926', '111207096', '201303210014', '2013-03-21 22:06:34', '2013-03-21 22:06:34'),
('201303210927', '111207097', '201302140009', '2013-03-21 22:06:34', '2013-03-21 22:06:34'),
('201303210928', '111207097', '201303210009', '2013-03-21 22:06:34', '2013-03-21 22:06:34'),
('201303210929', '111207022', '201302140018', '2013-03-21 22:06:34', '2013-03-21 22:06:34'),
('201303210930', '111207022', '201303210018', '2013-03-21 22:06:34', '2013-03-21 22:06:34'),
('201303210931', '111207154', '201302140017', '2013-03-21 22:06:34', '2013-03-21 22:06:34'),
('201303210932', '111207154', '201303210017', '2013-03-21 22:06:34', '2013-03-21 22:06:34'),
('201303210933', '111207154', '201302140004', '2013-03-21 22:06:34', '2013-03-21 22:06:34'),
('201303210934', '111207154', '201303210004', '2013-03-21 22:06:34', '2013-03-21 22:06:34'),
('201303210935', '111207182', '201302140013', '2013-03-21 22:06:34', '2013-03-21 22:06:34'),
('201303210936', '111207182', '201303210013', '2013-03-21 22:06:35', '2013-03-21 22:06:35'),
('201303210937', '111207210', '201302140001', '2013-03-21 22:06:35', '2013-03-21 22:06:35'),
('201303210938', '111207210', '201303210001', '2013-03-21 22:06:35', '2013-03-21 22:06:35'),
('201303210939', '111207211', '201302140017', '2013-03-21 22:06:35', '2013-03-21 22:06:35'),
('201303210940', '111207211', '201303210017', '2013-03-21 22:06:35', '2013-03-21 22:06:35'),
('201303210941', '111207211', '201302140007', '2013-03-21 22:06:35', '2013-03-21 22:06:35'),
('201303210942', '111207211', '201303210007', '2013-03-21 22:06:35', '2013-03-21 22:06:35'),
('201303210943', '111207184', '201302140009', '2013-03-21 22:06:35', '2013-03-21 22:06:35'),
('201303210944', '111207184', '201303210009', '2013-03-21 22:06:35', '2013-03-21 22:06:35'),
('201303210945', '111207184', '201302140004', '2013-03-21 22:06:35', '2013-03-21 22:06:35'),
('201303210946', '111207184', '201303210004', '2013-03-21 22:06:35', '2013-03-21 22:06:35'),
('201303210947', '111207103', '201302140014', '2013-03-21 22:06:35', '2013-03-21 22:06:35'),
('201303210948', '111207103', '201303210014', '2013-03-21 22:06:35', '2013-03-21 22:06:35'),
('201303210949', '111207103', '201302140018', '2013-03-21 22:06:35', '2013-03-21 22:06:35'),
('201303210950', '111207103', '201303210018', '2013-03-21 22:06:35', '2013-03-21 22:06:35'),
('201303210951', '111207028', '201302140017', '2013-03-21 22:06:35', '2013-03-21 22:06:35'),
('201303210952', '111207028', '201303210017', '2013-03-21 22:06:35', '2013-03-21 22:06:35'),
('201303210953', '111207187', '201302140017', '2013-03-21 22:06:35', '2013-03-21 22:06:35'),
('201303210954', '111207187', '201303210017', '2013-03-21 22:06:35', '2013-03-21 22:06:35'),
('201303210955', '111207005', '201302140017', '2013-03-21 22:06:35', '2013-03-21 22:06:35'),
('201303210956', '111207005', '201303210017', '2013-03-21 22:06:35', '2013-03-21 22:06:35'),
('201303210957', '111207005', '201302140004', '2013-03-21 22:06:35', '2013-03-21 22:06:35'),
('201303210958', '111207005', '201303210004', '2013-03-21 22:06:35', '2013-03-21 22:06:35'),
('201303210959', '111207189', '201302140004', '2013-03-21 22:06:35', '2013-03-21 22:06:35'),
('201303210960', '111207189', '201303210004', '2013-03-21 22:06:35', '2013-03-21 22:06:35'),
('201303210961', '111207189', '201302140009', '2013-03-21 22:06:35', '2013-03-21 22:06:35'),
('201303210962', '111207189', '201303210009', '2013-03-21 22:06:35', '2013-03-21 22:06:35'),
('201303210963', '111207138', '201302140016', '2013-03-21 22:06:35', '2013-03-21 22:06:35'),
('201303210964', '111207138', '201303210016', '2013-03-21 22:06:35', '2013-03-21 22:06:35'),
('201303210965', '111207056', '201302140013', '2013-03-21 22:06:35', '2013-03-21 22:06:35'),
('201303210966', '111207056', '201303210013', '2013-03-21 22:06:35', '2013-03-21 22:06:35'),
('201303210967', '111207167', '201302140004', '2013-03-21 22:06:35', '2013-03-21 22:06:35'),
('201303210968', '111207167', '201303210004', '2013-03-21 22:06:35', '2013-03-21 22:06:35'),
('201303210969', '111207167', '201302140004', '2013-03-21 22:06:35', '2013-03-21 22:06:35'),
('201303210970', '111207167', '201303210004', '2013-03-21 22:06:35', '2013-03-21 22:06:35'),
('201303210971', '111207091', '201302140004', '2013-03-21 22:06:35', '2013-03-21 22:06:35'),
('201303210972', '111207091', '201303210004', '2013-03-21 22:06:35', '2013-03-21 22:06:35'),
('201303210973', '111207062', '201302140016', '2013-03-21 22:06:36', '2013-03-21 22:06:36'),
('201303210974', '111207062', '201303210016', '2013-03-21 22:06:36', '2013-03-21 22:06:36'),
('201303210975', '111207040', '201302140005', '2013-03-21 22:06:36', '2013-03-21 22:06:36'),
('201303210976', '111207040', '201303210005', '2013-03-21 22:06:36', '2013-03-21 22:06:36'),
('201303210977', '111207040', '201302140019', '2013-03-21 22:06:36', '2013-03-21 22:06:36'),
('201303210978', '111207040', '201303210019', '2013-03-21 22:06:36', '2013-03-21 22:06:36'),
('201303210979', '111207175', '201302140013', '2013-03-21 22:06:36', '2013-03-21 22:06:36'),
('201303210980', '111207175', '201303210013', '2013-03-21 22:06:36', '2013-03-21 22:06:36'),
('201303210981', '111207066', '201302140013', '2013-03-21 22:06:36', '2013-03-21 22:06:36'),
('201303210982', '111207066', '201303210013', '2013-03-21 22:06:36', '2013-03-21 22:06:36'),
('201303210983', '111207067', '201302140013', '2013-03-21 22:06:36', '2013-03-21 22:06:36'),
('201303210984', '111207067', '201303210013', '2013-03-21 22:06:36', '2013-03-21 22:06:36'),
('201303210985', '111207015', '201302140012', '2013-03-21 22:06:36', '2013-03-21 22:06:36'),
('201303210986', '111207015', '201303210012', '2013-03-21 22:06:36', '2013-03-21 22:06:36'),
('201303210987', '111207015', '201302140002', '2013-03-21 22:06:36', '2013-03-21 22:06:36'),
('201303210988', '111207015', '201303210002', '2013-03-21 22:06:36', '2013-03-21 22:06:36'),
('201303210989', '111207144', '201302140013', '2013-03-21 22:06:36', '2013-03-21 22:06:36'),
('201303210990', '111207144', '201303210013', '2013-03-21 22:06:36', '2013-03-21 22:06:36'),
('201303210991', '111207122', '201302140004', '2013-03-21 22:06:36', '2013-03-21 22:06:36'),
('201303210992', '111207122', '201303210004', '2013-03-21 22:06:36', '2013-03-21 22:06:36'),
('201303210993', '111207199', '201302140012', '2013-03-21 22:06:36', '2013-03-21 22:06:36'),
('201303210994', '111207199', '201303210012', '2013-03-21 22:06:36', '2013-03-21 22:06:36'),
('201303210995', '111207199', '201302140014', '2013-03-21 22:06:36', '2013-03-21 22:06:36'),
('201303210996', '111207199', '201303210014', '2013-03-21 22:06:36', '2013-03-21 22:06:36'),
('201303210997', '111207070', '201302140001', '2013-03-21 22:06:36', '2013-03-21 22:06:36'),
('201303210998', '111207070', '201303210001', '2013-03-21 22:06:36', '2013-03-21 22:06:36'),
('201303210999', '111207017', '201302140013', '2013-03-21 22:06:36', '2013-03-21 22:06:36'),
('201303211000', '111207017', '201303210013', '2013-03-21 22:06:36', '2013-03-21 22:06:36'),
('201303211001', '111207046', '201302140013', '2013-03-21 22:06:36', '2013-03-21 22:06:36'),
('201303211002', '111207046', '201303210013', '2013-03-21 22:06:36', '2013-03-21 22:06:36'),
('201303211003', '111207179', '201302140011', '2013-03-21 22:06:36', '2013-03-21 22:06:36'),
('201303211004', '111207179', '201303210011', '2013-03-21 22:06:36', '2013-03-21 22:06:36'),
('201303211005', '111207180', '201302140004', '2013-03-21 22:06:36', '2013-03-21 22:06:36'),
('201303211006', '111207180', '201303210004', '2013-03-21 22:06:36', '2013-03-21 22:06:36'),
('201303211007', '111207207', '201302140001', '2013-03-21 22:06:36', '2013-03-21 22:06:36'),
('201303211008', '111207207', '201303210001', '2013-03-21 22:06:36', '2013-03-21 22:06:36'),
('201303211009', '111207048', '201302140017', '2013-03-21 22:06:36', '2013-03-21 22:06:36'),
('201303211010', '111207048', '201303210017', '2013-03-21 22:06:36', '2013-03-21 22:06:36'),
('201303211011', '111207020', '201302140007', '2013-03-21 22:06:36', '2013-03-21 22:06:36'),
('201303211012', '111207020', '201303210007', '2013-03-21 22:06:37', '2013-03-21 22:06:37'),
('201303211013', '111207020', '201302140018', '2013-03-21 22:06:37', '2013-03-21 22:06:37'),
('201303211014', '111207020', '201303210018', '2013-03-21 22:06:37', '2013-03-21 22:06:37'),
('201303211015', '111207077', '201302140004', '2013-03-21 22:06:37', '2013-03-21 22:06:37'),
('201303211016', '111207077', '201303210004', '2013-03-21 22:06:37', '2013-03-21 22:06:37'),
('201303211017', '111207007', '201302140005', '2013-03-21 22:06:37', '2013-03-21 22:06:37'),
('201303211018', '111207007', '201303210005', '2013-03-21 22:06:37', '2013-03-21 22:06:37'),
('201303211019', '111207007', '201302140009', '2013-03-21 22:06:37', '2013-03-21 22:06:37'),
('201303211020', '111207007', '201303210009', '2013-03-21 22:06:37', '2013-03-21 22:06:37'),
('201303211021', '111207053', '201302140017', '2013-03-21 22:06:37', '2013-03-21 22:06:37'),
('201303211022', '111207053', '201303210017', '2013-03-21 22:06:37', '2013-03-21 22:06:37'),
('201303211023', '111207110', '201302140004', '2013-03-21 22:06:37', '2013-03-21 22:06:37'),
('201303211024', '111207110', '201303210004', '2013-03-21 22:06:37', '2013-03-21 22:06:37'),
('201303211025', '111207190', '201302140004', '2013-03-21 22:06:37', '2013-03-21 22:06:37'),
('201303211026', '111207190', '201303210004', '2013-03-21 22:06:37', '2013-03-21 22:06:37'),
('201303211027', '111207190', '201302140009', '2013-03-21 22:06:37', '2013-03-21 22:06:37'),
('201303211028', '111207190', '201303210009', '2013-03-21 22:06:37', '2013-03-21 22:06:37'),
('201303211029', '111207085', '201302140004', '2013-03-21 22:06:37', '2013-03-21 22:06:37'),
('201303211030', '111207085', '201303210004', '2013-03-21 22:06:37', '2013-03-21 22:06:37'),
('201303211031', '111207035', '201302140004', '2013-03-21 22:06:37', '2013-03-21 22:06:37'),
('201303211032', '111207035', '201303210004', '2013-03-21 22:06:37', '2013-03-21 22:06:37'),
('201303211033', '111207035', '201302140018', '2013-03-21 22:06:37', '2013-03-21 22:06:37'),
('201303211034', '111207035', '201303210018', '2013-03-21 22:06:37', '2013-03-21 22:06:37'),
('201303211035', '111207087', '201302140004', '2013-03-21 22:06:37', '2013-03-21 22:06:37'),
('201303211036', '111207087', '201303210004', '2013-03-21 22:06:37', '2013-03-21 22:06:37'),
('201303211037', '111207059', '201302140004', '2013-03-21 22:06:37', '2013-03-21 22:06:37'),
('201303211038', '111207059', '201303210004', '2013-03-21 22:06:37', '2013-03-21 22:06:37'),
('201303211039', '111207059', '201302140009', '2013-03-21 22:06:37', '2013-03-21 22:06:37'),
('201303211040', '111207059', '201303210009', '2013-03-21 22:06:37', '2013-03-21 22:06:37'),
('201303211041', '111207120', '201302140011', '2013-03-21 22:06:37', '2013-03-21 22:06:37'),
('201303211042', '111207120', '201303210011', '2013-03-21 22:06:38', '2013-03-21 22:06:38'),
('201303211043', '111207200', '201302140012', '2013-03-21 22:06:38', '2013-03-21 22:06:38'),
('201303211044', '111207200', '201303210012', '2013-03-21 22:06:38', '2013-03-21 22:06:38'),
('201303211045', '111207200', '201302140002', '2013-03-21 22:06:38', '2013-03-21 22:06:38'),
('201303211046', '111207200', '201303210002', '2013-03-21 22:06:38', '2013-03-21 22:06:38'),
('201303211047', '111207149', '201302140017', '2013-03-21 22:06:38', '2013-03-21 22:06:38'),
('201303211048', '111207149', '201303210017', '2013-03-21 22:06:38', '2013-03-21 22:06:38'),
('201303211049', '111207150', '201302140004', '2013-03-21 22:06:38', '2013-03-21 22:06:38'),
('201303211050', '111207150', '201303210004', '2013-03-21 22:06:38', '2013-03-21 22:06:38'),
('201303211051', '111207150', '201302140011', '2013-03-21 22:06:38', '2013-03-21 22:06:38'),
('201303211052', '111207150', '201303210011', '2013-03-21 22:06:38', '2013-03-21 22:06:38'),
('201303211053', '111207019', '201302140011', '2013-03-21 22:06:38', '2013-03-21 22:06:38'),
('201303211054', '111207019', '201303210011', '2013-03-21 22:06:38', '2013-03-21 22:06:38'),
('201303211055', '111207098', '201302140004', '2013-03-21 22:06:38', '2013-03-21 22:06:38'),
('201303211056', '111207098', '201303210004', '2013-03-21 22:06:38', '2013-03-21 22:06:38'),
('201303211057', '111207098', '201302140017', '2013-03-21 22:06:38', '2013-03-21 22:06:38'),
('201303211058', '111207098', '201303210017', '2013-03-21 22:06:38', '2013-03-21 22:06:38'),
('201303211059', '111207071', '201302140007', '2013-03-21 22:06:38', '2013-03-21 22:06:38'),
('201303211060', '111207071', '201303210007', '2013-03-21 22:06:38', '2013-03-21 22:06:38'),
('201303211061', '111207071', '201302140004', '2013-03-21 22:06:38', '2013-03-21 22:06:38'),
('201303211062', '111207071', '201303210004', '2013-03-21 22:06:38', '2013-03-21 22:06:38'),
('201303211063', '111207208', '201302140004', '2013-03-21 22:06:38', '2013-03-21 22:06:38'),
('201303211064', '111207208', '201303210004', '2013-03-21 22:06:38', '2013-03-21 22:06:38'),
('201303211065', '111207208', '201302140001', '2013-03-21 22:06:38', '2013-03-21 22:06:38'),
('201303211066', '111207208', '201303210001', '2013-03-21 22:06:38', '2013-03-21 22:06:38'),
('201303211067', '111207153', '201302140004', '2013-03-21 22:06:39', '2013-03-21 22:06:39'),
('201303211068', '111207153', '201303210004', '2013-03-21 22:06:39', '2013-03-21 22:06:39'),
('201303211069', '111207153', '201302140009', '2013-03-21 22:06:39', '2013-03-21 22:06:39'),
('201303211070', '111207153', '201303210009', '2013-03-21 22:06:39', '2013-03-21 22:06:39'),
('201303211071', '111207023', '201302140005', '2013-03-21 22:06:39', '2013-03-21 22:06:39'),
('201303211072', '111207023', '201303210005', '2013-03-21 22:06:39', '2013-03-21 22:06:39'),
('201303211073', '111207212', '201302140007', '2013-03-21 22:06:39', '2013-03-21 22:06:39'),
('201303211074', '111207212', '201303210007', '2013-03-21 22:06:39', '2013-03-21 22:06:39'),
('201303211075', '111207212', '201302140001', '2013-03-21 22:06:39', '2013-03-21 22:06:39'),
('201303211076', '111207212', '201303210001', '2013-03-21 22:06:39', '2013-03-21 22:06:39'),
('201303211077', '111207050', '201302140004', '2013-03-21 22:06:39', '2013-03-21 22:06:39'),
('201303211078', '111207050', '201303210004', '2013-03-21 22:06:39', '2013-03-21 22:06:39');
INSERT INTO `academic_extracurricular_participant` (`extracurricular_participant_id`, `extracurricular_participant_name`, `extracurricular_participant_activity`, `extracurricular_participant_entry`, `extracurricular_participant_entry_update`) VALUES
('201303211079', '111207105', '201302140004', '2013-03-21 22:06:39', '2013-03-21 22:06:39'),
('201303211080', '111207105', '201303210004', '2013-03-21 22:06:39', '2013-03-21 22:06:39'),
('201303211081', '111207105', '201302140019', '2013-03-21 22:06:39', '2013-03-21 22:06:39'),
('201303211082', '111207105', '201303210019', '2013-03-21 22:06:39', '2013-03-21 22:06:39'),
('201303211083', '111207052', '201302140016', '2013-03-21 22:06:39', '2013-03-21 22:06:39'),
('201303211084', '111207052', '201303210016', '2013-03-21 22:06:39', '2013-03-21 22:06:39'),
('201303211085', '111207107', '201302140011', '2013-03-21 22:06:39', '2013-03-21 22:06:39'),
('201303211086', '111207107', '201303210011', '2013-03-21 22:06:39', '2013-03-21 22:06:39'),
('201303211087', '111207134', '201302140018', '2013-03-21 22:06:39', '2013-03-21 22:06:39'),
('201303211088', '111207134', '201303210018', '2013-03-21 22:06:39', '2013-03-21 22:06:39'),
('201303211089', '111207134', '201302140006', '2013-03-21 22:06:40', '2013-03-21 22:06:40'),
('201303211090', '111207134', '201303210006', '2013-03-21 22:06:40', '2013-03-21 22:06:40'),
('201303211091', '111207083', '201302140011', '2013-03-21 22:06:40', '2013-03-21 22:06:40'),
('201303211092', '111207083', '201303210011', '2013-03-21 22:06:40', '2013-03-21 22:06:40'),
('201303211093', '111207083', '201302140012', '2013-03-21 22:06:40', '2013-03-21 22:06:40'),
('201303211094', '111207083', '201303210012', '2013-03-21 22:06:40', '2013-03-21 22:06:40'),
('201303211095', '111207135', '201302140008', '2013-03-21 22:06:40', '2013-03-21 22:06:40'),
('201303211096', '111207135', '201303210008', '2013-03-21 22:06:40', '2013-03-21 22:06:40'),
('201303211097', '111207135', '201302140018', '2013-03-21 22:06:40', '2013-03-21 22:06:40'),
('201303211098', '111207135', '201303210018', '2013-03-21 22:06:40', '2013-03-21 22:06:40'),
('201303211099', '111207034', '201302140016', '2013-03-21 22:06:40', '2013-03-21 22:06:40'),
('201303211100', '111207034', '201303210016', '2013-03-21 22:06:40', '2013-03-21 22:06:40'),
('201303211101', '111207055', '201302140018', '2013-03-21 22:06:40', '2013-03-21 22:06:40'),
('201303211102', '111207055', '201303210018', '2013-03-21 22:06:40', '2013-03-21 22:06:40'),
('201303211103', '111207115', '201302140010', '2013-03-21 22:06:40', '2013-03-21 22:06:40'),
('201303211104', '111207115', '201303210010', '2013-03-21 22:06:40', '2013-03-21 22:06:40'),
('201303211105', '111207115', '201302140001', '2013-03-21 22:06:40', '2013-03-21 22:06:40'),
('201303211106', '111207115', '201303210001', '2013-03-21 22:06:40', '2013-03-21 22:06:40'),
('201303211107', '111207140', '201302140018', '2013-03-21 22:06:40', '2013-03-21 22:06:40'),
('201303211108', '111207140', '201303210018', '2013-03-21 22:06:40', '2013-03-21 22:06:40'),
('201303211109', '111207140', '201302140006', '2013-03-21 22:06:40', '2013-03-21 22:06:40'),
('201303211110', '111207140', '201303210006', '2013-03-21 22:06:40', '2013-03-21 22:06:40'),
('201303211111', '111207168', '201302140013', '2013-03-21 22:06:40', '2013-03-21 22:06:40'),
('201303211112', '111207168', '201303210013', '2013-03-21 22:06:40', '2013-03-21 22:06:40'),
('201303211113', '111207168', '201302140014', '2013-03-21 22:06:41', '2013-03-21 22:06:41'),
('201303211114', '111207168', '201303210014', '2013-03-21 22:06:41', '2013-03-21 22:06:41'),
('201303211115', '111207036', '201302140001', '2013-03-21 22:06:41', '2013-03-21 22:06:41'),
('201303211116', '111207036', '201303210001', '2013-03-21 22:06:41', '2013-03-21 22:06:41'),
('201303211117', '111207036', '201302140005', '2013-03-21 22:06:41', '2013-03-21 22:06:41'),
('201303211118', '111207036', '201303210005', '2013-03-21 22:06:41', '2013-03-21 22:06:41'),
('201303211119', '111207192', '201302140002', '2013-03-21 22:06:41', '2013-03-21 22:06:41'),
('201303211120', '111207192', '201303210002', '2013-03-21 22:06:41', '2013-03-21 22:06:41'),
('201303211121', '111207192', '201302140018', '2013-03-21 22:06:41', '2013-03-21 22:06:41'),
('201303211122', '111207192', '201303210018', '2013-03-21 22:06:41', '2013-03-21 22:06:41'),
('201303211123', '111207170', '201302140001', '2013-03-21 22:06:41', '2013-03-21 22:06:41'),
('201303211124', '111207170', '201303210001', '2013-03-21 22:06:41', '2013-03-21 22:06:41'),
('201303211125', '111207170', '201302140013', '2013-03-21 22:06:41', '2013-03-21 22:06:41'),
('201303211126', '111207170', '201303210013', '2013-03-21 22:06:41', '2013-03-21 22:06:41'),
('201303211127', '111207038', '201302140017', '2013-03-21 22:06:41', '2013-03-21 22:06:41'),
('201303211128', '111207038', '201303210017', '2013-03-21 22:06:41', '2013-03-21 22:06:41'),
('201303211129', '111207090', '201302140014', '2013-03-21 22:06:41', '2013-03-21 22:06:41'),
('201303211130', '111207090', '201303210014', '2013-03-21 22:06:41', '2013-03-21 22:06:41'),
('201303211131', '111207063', '201302140017', '2013-03-21 22:06:41', '2013-03-21 22:06:41'),
('201303211132', '111207063', '201303210017', '2013-03-21 22:06:41', '2013-03-21 22:06:41'),
('201303211133', '111207039', '201302140004', '2013-03-21 22:06:41', '2013-03-21 22:06:41'),
('201303211134', '111207039', '201303210004', '2013-03-21 22:06:41', '2013-03-21 22:06:41'),
('201303211135', '111207178', '201302140011', '2013-03-21 22:06:41', '2013-03-21 22:06:41'),
('201303211136', '111207178', '201303210011', '2013-03-21 22:06:41', '2013-03-21 22:06:41'),
('201303211137', '111207206', '201302140013', '2013-03-21 22:06:41', '2013-03-21 22:06:41'),
('201303211138', '111207206', '201303210013', '2013-03-21 22:06:41', '2013-03-21 22:06:41'),
('201303211139', '111207047', '201302140001', '2013-03-21 22:06:41', '2013-03-21 22:06:41'),
('201303211140', '111207047', '201303210001', '2013-03-21 22:06:41', '2013-03-21 22:06:41'),
('201303211141', '111207126', '201302140006', '2013-03-21 22:06:41', '2013-03-21 22:06:41'),
('201303211142', '111207126', '201303210006', '2013-03-21 22:06:41', '2013-03-21 22:06:41'),
('201303211143', '111207127', '201302140011', '2013-03-21 22:06:42', '2013-03-21 22:06:42'),
('201303211144', '111207127', '201303210011', '2013-03-21 22:06:42', '2013-03-21 22:06:42'),
('201303211145', '111207152', '201302140011', '2013-03-21 22:06:42', '2013-03-21 22:06:42'),
('201303211146', '111207152', '201303210011', '2013-03-21 22:06:42', '2013-03-21 22:06:42'),
('201303211147', '111207152', '201302140001', '2013-03-21 22:06:42', '2013-03-21 22:06:42'),
('201303211148', '111207152', '201303210001', '2013-03-21 22:06:42', '2013-03-21 22:06:42'),
('201303211149', '111207128', '201302140005', '2013-03-21 22:06:42', '2013-03-21 22:06:42'),
('201303211150', '111207128', '201303210005', '2013-03-21 22:06:42', '2013-03-21 22:06:42'),
('201303211151', '111207157', '201302140001', '2013-03-21 22:06:42', '2013-03-21 22:06:42'),
('201303211152', '111207157', '201303210001', '2013-03-21 22:06:42', '2013-03-21 22:06:42'),
('201303211153', '111207129', '201302140004', '2013-03-21 22:06:42', '2013-03-21 22:06:42'),
('201303211154', '111207129', '201303210004', '2013-03-21 22:06:42', '2013-03-21 22:06:42'),
('201303211155', '111207129', '201302140018', '2013-03-21 22:06:42', '2013-03-21 22:06:42'),
('201303211156', '111207129', '201303210018', '2013-03-21 22:06:42', '2013-03-21 22:06:42'),
('201303211157', '111207002', '201302140014', '2013-03-21 22:06:42', '2013-03-21 22:06:42'),
('201303211158', '111207002', '201303210014', '2013-03-21 22:06:42', '2013-03-21 22:06:42'),
('201303211159', '111207002', '201302140013', '2013-03-21 22:06:42', '2013-03-21 22:06:42'),
('201303211160', '111207002', '201303210013', '2013-03-21 22:06:42', '2013-03-21 22:06:42'),
('201303211161', '111207159', '201302140014', '2013-03-21 22:06:42', '2013-03-21 22:06:42'),
('201303211162', '111207159', '201303210014', '2013-03-21 22:06:42', '2013-03-21 22:06:42'),
('201303211163', '111207159', '201302140004', '2013-03-21 22:06:42', '2013-03-21 22:06:42'),
('201303211164', '111207159', '201303210004', '2013-03-21 22:06:42', '2013-03-21 22:06:42'),
('201303211165', '111207101', '201302140011', '2013-03-21 22:06:42', '2013-03-21 22:06:42'),
('201303211166', '111207101', '201303210011', '2013-03-21 22:06:42', '2013-03-21 22:06:42'),
('201303211167', '111207101', '201302140009', '2013-03-21 22:06:42', '2013-03-21 22:06:42'),
('201303211168', '111207101', '201303210009', '2013-03-21 22:06:43', '2013-03-21 22:06:43'),
('201303211169', '111207027', '201302140014', '2013-03-21 22:06:43', '2013-03-21 22:06:43'),
('201303211170', '111207027', '201303210014', '2013-03-21 22:06:43', '2013-03-21 22:06:43'),
('201303211171', '111207027', '201302140013', '2013-03-21 22:06:43', '2013-03-21 22:06:43'),
('201303211172', '111207027', '201303210013', '2013-03-21 22:06:43', '2013-03-21 22:06:43'),
('201303211173', '111207004', '201302140018', '2013-03-21 22:06:43', '2013-03-21 22:06:43'),
('201303211174', '111207004', '201303210018', '2013-03-21 22:06:43', '2013-03-21 22:06:43'),
('201303211175', '111207078', '201302140013', '2013-03-21 22:06:43', '2013-03-21 22:06:43'),
('201303211176', '111207078', '201303210013', '2013-03-21 22:06:43', '2013-03-21 22:06:43'),
('201303211177', '111207133', '201302140005', '2013-03-21 22:06:43', '2013-03-21 22:06:43'),
('201303211178', '111207133', '201303210005', '2013-03-21 22:06:43', '2013-03-21 22:06:43'),
('201303211179', '111207081', '201302140004', '2013-03-21 22:06:43', '2013-03-21 22:06:43'),
('201303211180', '111207081', '201303210004', '2013-03-21 22:06:43', '2013-03-21 22:06:43'),
('201303211181', '111207081', '201302140011', '2013-03-21 22:06:43', '2013-03-21 22:06:43'),
('201303211182', '111207081', '201303210011', '2013-03-21 22:06:43', '2013-03-21 22:06:43'),
('201303211183', '111207111', '201302140014', '2013-03-21 22:06:43', '2013-03-21 22:06:43'),
('201303211184', '111207111', '201303210014', '2013-03-21 22:06:43', '2013-03-21 22:06:43'),
('201303211185', '111207111', '201302140006', '2013-03-21 22:06:43', '2013-03-21 22:06:43'),
('201303211186', '111207111', '201303210006', '2013-03-21 22:06:43', '2013-03-21 22:06:43'),
('201303211187', '111207191', '201302140007', '2013-03-21 22:06:43', '2013-03-21 22:06:43'),
('201303211188', '111207191', '201303210007', '2013-03-21 22:06:43', '2013-03-21 22:06:43'),
('201303211189', '111207193', '201302140018', '2013-03-21 22:06:43', '2013-03-21 22:06:43'),
('201303211190', '111207193', '201303210018', '2013-03-21 22:06:43', '2013-03-21 22:06:43'),
('201303211191', '111207142', '201302140011', '2013-03-21 22:06:43', '2013-03-21 22:06:43'),
('201303211192', '111207142', '201303210011', '2013-03-21 22:06:43', '2013-03-21 22:06:43'),
('201303211193', '111207176', '201302140018', '2013-03-21 22:06:43', '2013-03-21 22:06:43'),
('201303211194', '111207176', '201303210018', '2013-03-21 22:06:43', '2013-03-21 22:06:43'),
('201303211195', '111207198', '201302140011', '2013-03-21 22:06:43', '2013-03-21 22:06:43'),
('201303211196', '111207198', '201303210011', '2013-03-21 22:06:43', '2013-03-21 22:06:43'),
('201303211197', '111207069', '201302140018', '2013-03-21 22:06:44', '2013-03-21 22:06:44'),
('201303211198', '111207069', '201303210018', '2013-03-21 22:06:44', '2013-03-21 22:06:44'),
('201303211199', '111207125', '201302140017', '2013-03-21 22:06:44', '2013-03-21 22:06:44'),
('201303211200', '111207125', '201303210017', '2013-03-21 22:06:44', '2013-03-21 22:06:44'),
('201303211201', '111207125', '201302140010', '2013-03-21 22:06:44', '2013-03-21 22:06:44'),
('201303211202', '111207125', '201303210010', '2013-03-21 22:06:44', '2013-03-21 22:06:44'),
('201303211203', '111207095', '201302140004', '2013-03-21 22:06:44', '2013-03-21 22:06:44'),
('201303211204', '111207095', '201303210004', '2013-03-21 22:06:44', '2013-03-21 22:06:44'),
('201303211205', '111207146', '201302140004', '2013-03-21 22:06:44', '2013-03-21 22:06:44'),
('201303211206', '111207146', '201303210004', '2013-03-21 22:06:44', '2013-03-21 22:06:44'),
('201303211207', '111207146', '201302140018', '2013-03-21 22:06:44', '2013-03-21 22:06:44'),
('201303211208', '111207146', '201303210018', '2013-03-21 22:06:44', '2013-03-21 22:06:44'),
('201303211209', '111207181', '201302140013', '2013-03-21 22:06:44', '2013-03-21 22:06:44'),
('201303211210', '111207181', '201303210013', '2013-03-21 22:06:44', '2013-03-21 22:06:44'),
('201303211211', '111207074', '201302140014', '2013-03-21 22:06:44', '2013-03-21 22:06:44'),
('201303211212', '111207074', '201303210014', '2013-03-21 22:06:44', '2013-03-21 22:06:44'),
('201303211213', '111207074', '201302140019', '2013-03-21 22:06:44', '2013-03-21 22:06:44'),
('201303211214', '111207074', '201303210019', '2013-03-21 22:06:44', '2013-03-21 22:06:44'),
('201303211215', '111207075', '201302140014', '2013-03-21 22:06:44', '2013-03-21 22:06:44'),
('201303211216', '111207075', '201303210014', '2013-03-21 22:06:44', '2013-03-21 22:06:44'),
('201303211217', '111207075', '201302140013', '2013-03-21 22:06:44', '2013-03-21 22:06:44'),
('201303211218', '111207075', '201303210013', '2013-03-21 22:06:44', '2013-03-21 22:06:44'),
('201303211219', '111207025', '201302140014', '2013-03-21 22:06:44', '2013-03-21 22:06:44'),
('201303211220', '111207025', '201303210014', '2013-03-21 22:06:44', '2013-03-21 22:06:44'),
('201303211221', '111207183', '201302140012', '2013-03-21 22:06:44', '2013-03-21 22:06:44'),
('201303211222', '111207183', '201303210012', '2013-03-21 22:06:44', '2013-03-21 22:06:44'),
('201303211223', '111207185', '201302140004', '2013-03-21 22:06:44', '2013-03-21 22:06:44'),
('201303211224', '111207185', '201303210004', '2013-03-21 22:06:44', '2013-03-21 22:06:44'),
('201303211225', '111207185', '201302140006', '2013-03-21 22:06:44', '2013-03-21 22:06:44'),
('201303211226', '111207185', '201303210006', '2013-03-21 22:06:44', '2013-03-21 22:06:44'),
('201303211227', '111207131', '201302140017', '2013-03-21 22:06:45', '2013-03-21 22:06:45'),
('201303211228', '111207131', '201303210017', '2013-03-21 22:06:45', '2013-03-21 22:06:45'),
('201303211229', '111207104', '201302140004', '2013-03-21 22:06:45', '2013-03-21 22:06:45'),
('201303211230', '111207104', '201303210004', '2013-03-21 22:06:45', '2013-03-21 22:06:45'),
('201303211231', '111207104', '201302140018', '2013-03-21 22:06:45', '2013-03-21 22:06:45'),
('201303211232', '111207104', '201303210018', '2013-03-21 22:06:45', '2013-03-21 22:06:45'),
('201303211233', '111207079', '201302140004', '2013-03-21 22:06:45', '2013-03-21 22:06:45'),
('201303211234', '111207079', '201303210004', '2013-03-21 22:06:45', '2013-03-21 22:06:45'),
('201303211235', '111207079', '201302140006', '2013-03-21 22:06:45', '2013-03-21 22:06:45'),
('201303211236', '111207079', '201303210006', '2013-03-21 22:06:45', '2013-03-21 22:06:45'),
('201303211237', '111207006', '201302140018', '2013-03-21 22:06:45', '2013-03-21 22:06:45'),
('201303211238', '111207006', '201303210018', '2013-03-21 22:06:45', '2013-03-21 22:06:45'),
('201303211239', '111207213', '201302140010', '2013-03-21 22:06:45', '2013-03-21 22:06:45'),
('201303211240', '111207213', '201303210010', '2013-03-21 22:06:45', '2013-03-21 22:06:45'),
('201303211241', '111207213', '201302140011', '2013-03-21 22:06:45', '2013-03-21 22:06:45'),
('201303211242', '111207213', '201303210011', '2013-03-21 22:06:45', '2013-03-21 22:06:45'),
('201303211243', '111207165', '201302140004', '2013-03-21 22:06:45', '2013-03-21 22:06:45'),
('201303211244', '111207165', '201303210004', '2013-03-21 22:06:45', '2013-03-21 22:06:45'),
('201303211245', '111207137', '201302140004', '2013-03-21 22:06:45', '2013-03-21 22:06:45'),
('201303211246', '111207137', '201303210004', '2013-03-21 22:06:45', '2013-03-21 22:06:45'),
('201303211247', '111207084', '201302140001', '2013-03-21 22:06:45', '2013-03-21 22:06:45'),
('201303211248', '111207084', '201303210001', '2013-03-21 22:06:45', '2013-03-21 22:06:45'),
('201303211249', '111207084', '201302140006', '2013-03-21 22:06:45', '2013-03-21 22:06:45'),
('201303211250', '111207084', '201303210006', '2013-03-21 22:06:45', '2013-03-21 22:06:45'),
('201303211251', '111207169', '201302140011', '2013-03-21 22:06:45', '2013-03-21 22:06:45'),
('201303211252', '111207169', '201303210011', '2013-03-21 22:06:45', '2013-03-21 22:06:45'),
('201303211253', '111207011', '201302140002', '2013-03-21 22:06:45', '2013-03-21 22:06:45'),
('201303211254', '111207011', '201303210002', '2013-03-21 22:06:45', '2013-03-21 22:06:45'),
('201303211255', '111207011', '201302140006', '2013-03-21 22:06:46', '2013-03-21 22:06:46'),
('201303211256', '111207011', '201303210006', '2013-03-21 22:06:46', '2013-03-21 22:06:46'),
('201303211257', '111207116', '201302140014', '2013-03-21 22:06:46', '2013-03-21 22:06:46'),
('201303211258', '111207116', '201303210014', '2013-03-21 22:06:46', '2013-03-21 22:06:46'),
('201303211259', '111207116', '201302140018', '2013-03-21 22:06:46', '2013-03-21 22:06:46'),
('201303211260', '111207116', '201303210018', '2013-03-21 22:06:46', '2013-03-21 22:06:46'),
('201303211261', '111207089', '201302140014', '2013-03-21 22:06:46', '2013-03-21 22:06:46'),
('201303211262', '111207089', '201303210014', '2013-03-21 22:06:46', '2013-03-21 22:06:46'),
('201303211263', '111207089', '201302140011', '2013-03-21 22:06:46', '2013-03-21 22:06:46'),
('201303211264', '111207089', '201303210011', '2013-03-21 22:06:46', '2013-03-21 22:06:46'),
('201303211265', '111207118', '201302140001', '2013-03-21 22:06:46', '2013-03-21 22:06:46'),
('201303211266', '111207118', '201303210001', '2013-03-21 22:06:46', '2013-03-21 22:06:46'),
('201303211267', '111207118', '201302140013', '2013-03-21 22:06:46', '2013-03-21 22:06:46'),
('201303211268', '111207118', '201303210013', '2013-03-21 22:06:46', '2013-03-21 22:06:46'),
('201303211269', '111207119', '201302140011', '2013-03-21 22:06:46', '2013-03-21 22:06:46'),
('201303211270', '111207119', '201303210011', '2013-03-21 22:06:46', '2013-03-21 22:06:46'),
('201303211271', '111207065', '201302140014', '2013-03-21 22:06:46', '2013-03-21 22:06:46'),
('201303211272', '111207065', '201303210014', '2013-03-21 22:06:46', '2013-03-21 22:06:46'),
('201303211273', '111207065', '201302140011', '2013-03-21 22:06:46', '2013-03-21 22:06:46'),
('201303211274', '111207065', '201303210011', '2013-03-21 22:06:46', '2013-03-21 22:06:46'),
('201303211275', '111207042', '201302140016', '2013-03-21 22:06:46', '2013-03-21 22:06:46'),
('201303211276', '111207042', '201303210016', '2013-03-21 22:06:46', '2013-03-21 22:06:46'),
('201303211277', '111207042', '201302140013', '2013-03-21 22:06:46', '2013-03-21 22:06:46'),
('201303211278', '111207042', '201303210013', '2013-03-21 22:06:46', '2013-03-21 22:06:46'),
('201303211279', '111207196', '201302140007', '2013-03-21 22:06:46', '2013-03-21 22:06:46'),
('201303211280', '111207196', '201303210007', '2013-03-21 22:06:46', '2013-03-21 22:06:46'),
('201303211281', '111207196', '201302140002', '2013-03-21 22:06:46', '2013-03-21 22:06:46'),
('201303211282', '111207196', '201303210002', '2013-03-21 22:06:46', '2013-03-21 22:06:46'),
('201303211283', '111207014', '201302140013', '2013-03-21 22:06:46', '2013-03-21 22:06:46'),
('201303211284', '111207014', '201303210013', '2013-03-21 22:06:46', '2013-03-21 22:06:46'),
('201303211285', '111207143', '201302140013', '2013-03-21 22:06:47', '2013-03-21 22:06:47'),
('201303211286', '111207143', '201303210013', '2013-03-21 22:06:47', '2013-03-21 22:06:47'),
('201303211287', '111207201', '201302140011', '2013-03-21 22:06:47', '2013-03-21 22:06:47'),
('201303211288', '111207201', '201303210011', '2013-03-21 22:06:47', '2013-03-21 22:06:47'),
('201303211289', '111207148', '201302140018', '2013-03-21 22:06:47', '2013-03-21 22:06:47'),
('201303211290', '111207148', '201303210018', '2013-03-21 22:06:47', '2013-03-21 22:06:47'),
('201303211291', '111207044', '201302140001', '2013-03-21 22:06:47', '2013-03-21 22:06:47'),
('201303211292', '111207044', '201303210001', '2013-03-21 22:06:47', '2013-03-21 22:06:47'),
('201303211293', '111207049', '201302140017', '2013-03-21 22:06:47', '2013-03-21 22:06:47'),
('201303211294', '111207049', '201303210017', '2013-03-21 22:06:47', '2013-03-21 22:06:47'),
('201303211295', '101107031', '201302140018', '2013-03-21 22:09:17', '2013-03-21 22:09:17'),
('201303211296', '101107031', '201303210018', '2013-03-21 22:09:17', '2013-03-21 22:09:17'),
('201303211297', '101107063', '201302140019', '2013-03-21 22:09:17', '2013-03-21 22:09:17'),
('201303211298', '101107063', '201303210019', '2013-03-21 22:09:17', '2013-03-21 22:09:17'),
('201303211299', '101107063', '201302140008', '2013-03-21 22:09:17', '2013-03-21 22:09:17'),
('201303211300', '101107063', '201303210008', '2013-03-21 22:09:17', '2013-03-21 22:09:17'),
('201303211301', '101107182', '201302140014', '2013-03-21 22:09:17', '2013-03-21 22:09:17'),
('201303211302', '101107182', '201303210014', '2013-03-21 22:09:17', '2013-03-21 22:09:17'),
('201303211303', '101107183', '201302140001', '2013-03-21 22:09:17', '2013-03-21 22:09:17'),
('201303211304', '101107183', '201303210001', '2013-03-21 22:09:17', '2013-03-21 22:09:17'),
('201303211305', '101107038', '201302140009', '2013-03-21 22:09:17', '2013-03-21 22:09:17'),
('201303211306', '101107038', '201303210009', '2013-03-21 22:09:18', '2013-03-21 22:09:18'),
('201303211307', '101107038', '201302140007', '2013-03-21 22:09:18', '2013-03-21 22:09:18'),
('201303211308', '101107038', '201303210007', '2013-03-21 22:09:18', '2013-03-21 22:09:18'),
('201303211309', '101107187', '201302140018', '2013-03-21 22:09:18', '2013-03-21 22:09:18'),
('201303211310', '101107187', '201303210018', '2013-03-21 22:09:18', '2013-03-21 22:09:18'),
('201303211311', '101107187', '201302140007', '2013-03-21 22:09:18', '2013-03-21 22:09:18'),
('201303211312', '101107187', '201303210007', '2013-03-21 22:09:18', '2013-03-21 22:09:18'),
('201303211313', '101107010', '201302140015', '2013-03-21 22:09:18', '2013-03-21 22:09:18'),
('201303211314', '101107010', '201303210015', '2013-03-21 22:09:18', '2013-03-21 22:09:18'),
('201303211315', '101107040', '201302140006', '2013-03-21 22:09:18', '2013-03-21 22:09:18'),
('201303211316', '101107040', '201303210006', '2013-03-21 22:09:18', '2013-03-21 22:09:18'),
('201303211317', '101107071', '201302140014', '2013-03-21 22:09:18', '2013-03-21 22:09:18'),
('201303211318', '101107071', '201303210014', '2013-03-21 22:09:18', '2013-03-21 22:09:18'),
('201303211319', '101107160', '201302140014', '2013-03-21 22:09:18', '2013-03-21 22:09:18'),
('201303211320', '101107160', '201303210014', '2013-03-21 22:09:18', '2013-03-21 22:09:18'),
('201303211321', '101107160', '201302140018', '2013-03-21 22:09:18', '2013-03-21 22:09:18'),
('201303211322', '101107160', '201303210018', '2013-03-21 22:09:18', '2013-03-21 22:09:18'),
('201303211323', '101107106', '201302140007', '2013-03-21 22:09:18', '2013-03-21 22:09:18'),
('201303211324', '101107106', '201303210007', '2013-03-21 22:09:18', '2013-03-21 22:09:18'),
('201303211325', '101107161', '201302140008', '2013-03-21 22:09:18', '2013-03-21 22:09:18'),
('201303211326', '101107161', '201303210008', '2013-03-21 22:09:18', '2013-03-21 22:09:18'),
('201303211327', '101107133', '201302140004', '2013-03-21 22:09:18', '2013-03-21 22:09:18'),
('201303211328', '101107133', '201303210004', '2013-03-21 22:09:18', '2013-03-21 22:09:18'),
('201303211329', '101107107', '201302140002', '2013-03-21 22:09:18', '2013-03-21 22:09:18'),
('201303211330', '101107107', '201303210002', '2013-03-21 22:09:18', '2013-03-21 22:09:18'),
('201303211331', '101107107', '201302140012', '2013-03-21 22:09:18', '2013-03-21 22:09:18'),
('201303211332', '101107107', '201303210012', '2013-03-21 22:09:19', '2013-03-21 22:09:19'),
('201303211333', '101107047', '201302140008', '2013-03-21 22:09:19', '2013-03-21 22:09:19'),
('201303211334', '101107047', '201303210008', '2013-03-21 22:09:19', '2013-03-21 22:09:19'),
('201303211335', '101107076', '201302140014', '2013-03-21 22:09:19', '2013-03-21 22:09:19'),
('201303211336', '101107076', '201303210014', '2013-03-21 22:09:19', '2013-03-21 22:09:19'),
('201303211337', '101107076', '201302140019', '2013-03-21 22:09:19', '2013-03-21 22:09:19'),
('201303211338', '101107076', '201303210019', '2013-03-21 22:09:19', '2013-03-21 22:09:19'),
('201303211339', '101107048', '201302140017', '2013-03-21 22:09:19', '2013-03-21 22:09:19'),
('201303211340', '101107048', '201303210017', '2013-03-21 22:09:19', '2013-03-21 22:09:19'),
('201303211341', '101107048', '201302140012', '2013-03-21 22:09:19', '2013-03-21 22:09:19'),
('201303211342', '101107048', '201303210012', '2013-03-21 22:09:19', '2013-03-21 22:09:19'),
('201303211343', '101107021', '201302140015', '2013-03-21 22:09:19', '2013-03-21 22:09:19'),
('201303211344', '101107021', '201303210015', '2013-03-21 22:09:19', '2013-03-21 22:09:19'),
('201303211345', '101107021', '201302140013', '2013-03-21 22:09:19', '2013-03-21 22:09:19'),
('201303211346', '101107021', '201303210013', '2013-03-21 22:09:19', '2013-03-21 22:09:19'),
('201303211347', '101107170', '201302140018', '2013-03-21 22:09:19', '2013-03-21 22:09:19'),
('201303211348', '101107170', '201303210018', '2013-03-21 22:09:19', '2013-03-21 22:09:19'),
('201303211349', '101107171', '201302140001', '2013-03-21 22:09:19', '2013-03-21 22:09:19'),
('201303211350', '101107171', '201303210001', '2013-03-21 22:09:19', '2013-03-21 22:09:19'),
('201303211351', '101107199', '201302140014', '2013-03-21 22:09:19', '2013-03-21 22:09:19'),
('201303211352', '101107199', '201303210014', '2013-03-21 22:09:19', '2013-03-21 22:09:19'),
('201303211353', '101107085', '201302140005', '2013-03-21 22:09:19', '2013-03-21 22:09:19'),
('201303211354', '101107085', '201303210005', '2013-03-21 22:09:19', '2013-03-21 22:09:19'),
('201303211355', '101107143', '201302140014', '2013-03-21 22:09:19', '2013-03-21 22:09:19'),
('201303211356', '101107143', '201303210014', '2013-03-21 22:09:19', '2013-03-21 22:09:19'),
('201303211357', '101107143', '201302140012', '2013-03-21 22:09:19', '2013-03-21 22:09:19'),
('201303211358', '101107143', '201303210012', '2013-03-21 22:09:19', '2013-03-21 22:09:19'),
('201303211359', '101107176', '201302140018', '2013-03-21 22:09:20', '2013-03-21 22:09:20'),
('201303211360', '101107176', '201303210018', '2013-03-21 22:09:20', '2013-03-21 22:09:20'),
('201303211361', '101107149', '201302140009', '2013-03-21 22:09:20', '2013-03-21 22:09:20'),
('201303211362', '101107149', '201303210009', '2013-03-21 22:09:20', '2013-03-21 22:09:20'),
('201303211363', '101107149', '201302140018', '2013-03-21 22:09:20', '2013-03-21 22:09:20'),
('201303211364', '101107149', '201303210018', '2013-03-21 22:09:20', '2013-03-21 22:09:20'),
('201303211365', '101107003', '201302140009', '2013-03-21 22:09:20', '2013-03-21 22:09:20'),
('201303211366', '101107003', '201303210009', '2013-03-21 22:09:20', '2013-03-21 22:09:20'),
('201303211367', '101107003', '201302140011', '2013-03-21 22:09:20', '2013-03-21 22:09:20'),
('201303211368', '101107003', '201303210011', '2013-03-21 22:09:20', '2013-03-21 22:09:20'),
('201303211369', '101107178', '201302140018', '2013-03-21 22:09:20', '2013-03-21 22:09:20'),
('201303211370', '101107178', '201303210018', '2013-03-21 22:09:20', '2013-03-21 22:09:20'),
('201303211371', '101107036', '201302140013', '2013-03-21 22:09:20', '2013-03-21 22:09:20'),
('201303211372', '101107036', '201303210013', '2013-03-21 22:09:20', '2013-03-21 22:09:20'),
('201303211373', '101107124', '201302140004', '2013-03-21 22:09:20', '2013-03-21 22:09:20'),
('201303211374', '101107124', '201303210004', '2013-03-21 22:09:20', '2013-03-21 22:09:20'),
('201303211375', '101107124', '201302140018', '2013-03-21 22:09:20', '2013-03-21 22:09:20'),
('201303211376', '101107124', '201303210018', '2013-03-21 22:09:20', '2013-03-21 22:09:20'),
('201303211377', '101107096', '201302140013', '2013-03-21 22:09:20', '2013-03-21 22:09:20'),
('201303211378', '101107096', '201303210013', '2013-03-21 22:09:20', '2013-03-21 22:09:20'),
('201303211379', '101107096', '201302140013', '2013-03-21 22:09:20', '2013-03-21 22:09:20'),
('201303211380', '101107096', '201303210013', '2013-03-21 22:09:20', '2013-03-21 22:09:20'),
('201303211381', '101107186', '201302140014', '2013-03-21 22:09:20', '2013-03-21 22:09:20'),
('201303211382', '101107186', '201303210014', '2013-03-21 22:09:20', '2013-03-21 22:09:20'),
('201303211383', '101107157', '201302140018', '2013-03-21 22:09:21', '2013-03-21 22:09:21'),
('201303211384', '101107157', '201303210018', '2013-03-21 22:09:21', '2013-03-21 22:09:21'),
('201303211385', '101107101', '201302140014', '2013-03-21 22:09:21', '2013-03-21 22:09:21'),
('201303211386', '101107101', '201303210014', '2013-03-21 22:09:21', '2013-03-21 22:09:21'),
('201303211387', '101107068', '201302140001', '2013-03-21 22:09:21', '2013-03-21 22:09:21'),
('201303211388', '101107068', '201303210001', '2013-03-21 22:09:21', '2013-03-21 22:09:21'),
('201303211389', '101107068', '201302140007', '2013-03-21 22:09:21', '2013-03-21 22:09:21'),
('201303211390', '101107068', '201303210007', '2013-03-21 22:09:21', '2013-03-21 22:09:21'),
('201303211391', '101107192', '201302140007', '2013-03-21 22:09:21', '2013-03-21 22:09:21'),
('201303211392', '101107192', '201303210007', '2013-03-21 22:09:21', '2013-03-21 22:09:21'),
('201303211393', '101107192', '201302140004', '2013-03-21 22:09:21', '2013-03-21 22:09:21'),
('201303211394', '101107192', '201303210004', '2013-03-21 22:09:21', '2013-03-21 22:09:21'),
('201303211395', '101107105', '201302140004', '2013-03-21 22:09:21', '2013-03-21 22:09:21'),
('201303211396', '101107105', '201303210004', '2013-03-21 22:09:21', '2013-03-21 22:09:21'),
('201303211397', '101107045', '201302140014', '2013-03-21 22:09:21', '2013-03-21 22:09:21'),
('201303211398', '101107045', '201303210014', '2013-03-21 22:09:21', '2013-03-21 22:09:21'),
('201303211399', '101107045', '201302140012', '2013-03-21 22:09:21', '2013-03-21 22:09:21'),
('201303211400', '101107045', '201303210012', '2013-03-21 22:09:21', '2013-03-21 22:09:21'),
('201303211401', '101107194', '201302140013', '2013-03-21 22:09:21', '2013-03-21 22:09:21'),
('201303211402', '101107194', '201303210013', '2013-03-21 22:09:21', '2013-03-21 22:09:21'),
('201303211403', '101107194', '201302140002', '2013-03-21 22:09:21', '2013-03-21 22:09:21'),
('201303211404', '101107194', '201303210002', '2013-03-21 22:09:21', '2013-03-21 22:09:21'),
('201303211405', '101107164', '201302140014', '2013-03-21 22:09:21', '2013-03-21 22:09:21'),
('201303211406', '101107164', '201303210014', '2013-03-21 22:09:21', '2013-03-21 22:09:21'),
('201303211407', '101107166', '201302140013', '2013-03-21 22:09:21', '2013-03-21 22:09:21'),
('201303211408', '101107166', '201303210013', '2013-03-21 22:09:21', '2013-03-21 22:09:21'),
('201303211409', '101107051', '201302140011', '2013-03-21 22:09:21', '2013-03-21 22:09:21'),
('201303211410', '101107051', '201303210011', '2013-03-21 22:09:22', '2013-03-21 22:09:22'),
('201303211411', '101107086', '201302140014', '2013-03-21 22:09:22', '2013-03-21 22:09:22'),
('201303211412', '101107086', '201303210014', '2013-03-21 22:09:22', '2013-03-21 22:09:22'),
('201303211413', '101107116', '201302140014', '2013-03-21 22:09:22', '2013-03-21 22:09:22'),
('201303211414', '101107116', '201303210014', '2013-03-21 22:09:22', '2013-03-21 22:09:22'),
('201303211415', '101107141', '201302140007', '2013-03-21 22:09:22', '2013-03-21 22:09:22'),
('201303211416', '101107141', '201303210007', '2013-03-21 22:09:22', '2013-03-21 22:09:22'),
('201303211417', '101107174', '201302140010', '2013-03-21 22:09:22', '2013-03-21 22:09:22'),
('201303211418', '101107174', '201303210010', '2013-03-21 22:09:22', '2013-03-21 22:09:22'),
('201303211419', '101107174', '201302140006', '2013-03-21 22:09:22', '2013-03-21 22:09:22'),
('201303211420', '101107174', '201303210006', '2013-03-21 22:09:22', '2013-03-21 22:09:22'),
('201303211421', '101107145', '201302140014', '2013-03-21 22:09:22', '2013-03-21 22:09:22'),
('201303211422', '101107145', '201303210014', '2013-03-21 22:09:22', '2013-03-21 22:09:22'),
('201303211423', '101107027', '201302140004', '2013-03-21 22:09:22', '2013-03-21 22:09:22'),
('201303211424', '101107027', '201303210004', '2013-03-21 22:09:22', '2013-03-21 22:09:22'),
('201303211425', '101107027', '201302140008', '2013-03-21 22:09:22', '2013-03-21 22:09:22'),
('201303211426', '101107027', '201303210008', '2013-03-21 22:09:22', '2013-03-21 22:09:22'),
('201303211427', '101107205', '201302140004', '2013-03-21 22:09:22', '2013-03-21 22:09:22'),
('201303211428', '101107205', '201303210004', '2013-03-21 22:09:22', '2013-03-21 22:09:22'),
('201303211429', '101107205', '201302140008', '2013-03-21 22:09:22', '2013-03-21 22:09:22'),
('201303211430', '101107205', '201303210008', '2013-03-21 22:09:22', '2013-03-21 22:09:22'),
('201303211431', '101107150', '201302140012', '2013-03-21 22:09:22', '2013-03-21 22:09:22'),
('201303211432', '101107150', '201303210012', '2013-03-21 22:09:22', '2013-03-21 22:09:22'),
('201303211433', '101107150', '201302140018', '2013-03-21 22:09:22', '2013-03-21 22:09:22'),
('201303211434', '101107150', '201303210018', '2013-03-21 22:09:22', '2013-03-21 22:09:22'),
('201303211435', '101107179', '201302140012', '2013-03-21 22:09:22', '2013-03-21 22:09:22'),
('201303211436', '101107179', '201303210012', '2013-03-21 22:09:22', '2013-03-21 22:09:22'),
('201303211437', '101107151', '201302140004', '2013-03-21 22:09:22', '2013-03-21 22:09:22'),
('201303211438', '101107151', '201303210004', '2013-03-21 22:09:22', '2013-03-21 22:09:22'),
('201303211439', '101107093', '201302140018', '2013-03-21 22:09:23', '2013-03-21 22:09:23'),
('201303211440', '101107093', '201303210018', '2013-03-21 22:09:23', '2013-03-21 22:09:23'),
('201303211441', '101107094', '201302140014', '2013-03-21 22:09:23', '2013-03-21 22:09:23'),
('201303211442', '101107094', '201303210014', '2013-03-21 22:09:23', '2013-03-21 22:09:23'),
('201303211443', '101107185', '201302140012', '2013-03-21 22:09:23', '2013-03-21 22:09:23'),
('201303211444', '101107185', '201303210012', '2013-03-21 22:09:23', '2013-03-21 22:09:23'),
('201303211445', '101107098', '201302140018', '2013-03-21 22:09:23', '2013-03-21 22:09:23'),
('201303211446', '101107098', '201303210018', '2013-03-21 22:09:23', '2013-03-21 22:09:23'),
('201303211447', '101107126', '201302140018', '2013-03-21 22:09:23', '2013-03-21 22:09:23'),
('201303211448', '101107126', '201303210018', '2013-03-21 22:09:23', '2013-03-21 22:09:23'),
('201303211449', '101107126', '201302140006', '2013-03-21 22:09:23', '2013-03-21 22:09:23'),
('201303211450', '101107126', '201303210006', '2013-03-21 22:09:23', '2013-03-21 22:09:23'),
('201303211451', '101107066', '201302140012', '2013-03-21 22:09:23', '2013-03-21 22:09:23'),
('201303211452', '101107066', '201303210012', '2013-03-21 22:09:23', '2013-03-21 22:09:23'),
('201303211453', '101107066', '201302140002', '2013-03-21 22:09:23', '2013-03-21 22:09:23'),
('201303211454', '101107066', '201303210002', '2013-03-21 22:09:23', '2013-03-21 22:09:23'),
('201303211455', '101107067', '201302140015', '2013-03-21 22:09:23', '2013-03-21 22:09:23'),
('201303211456', '101107067', '201303210015', '2013-03-21 22:09:23', '2013-03-21 22:09:23'),
('201303211457', '101107102', '201302140014', '2013-03-21 22:09:23', '2013-03-21 22:09:23'),
('201303211458', '101107102', '201303210014', '2013-03-21 22:09:23', '2013-03-21 22:09:23'),
('201303211459', '101107042', '201302140014', '2013-03-21 22:09:23', '2013-03-21 22:09:23'),
('201303211460', '101107042', '201303210014', '2013-03-21 22:09:23', '2013-03-21 22:09:23'),
('201303211461', '101107042', '201302140017', '2013-03-21 22:09:23', '2013-03-21 22:09:23'),
('201303211462', '101107042', '201303210017', '2013-03-21 22:09:23', '2013-03-21 22:09:23'),
('201303211463', '101107044', '201302140017', '2013-03-21 22:09:23', '2013-03-21 22:09:23'),
('201303211464', '101107044', '201303210017', '2013-03-21 22:09:23', '2013-03-21 22:09:23'),
('201303211465', '101107044', '201302140002', '2013-03-21 22:09:23', '2013-03-21 22:09:23'),
('201303211466', '101107044', '201303210002', '2013-03-21 22:09:23', '2013-03-21 22:09:23'),
('201303211467', '101107013', '201302140004', '2013-03-21 22:09:23', '2013-03-21 22:09:23'),
('201303211468', '101107013', '201303210004', '2013-03-21 22:09:23', '2013-03-21 22:09:23'),
('201303211469', '101107013', '201302140007', '2013-03-21 22:09:24', '2013-03-21 22:09:24'),
('201303211470', '101107013', '201303210007', '2013-03-21 22:09:24', '2013-03-21 22:09:24'),
('201303211471', '101107108', '201302140015', '2013-03-21 22:09:24', '2013-03-21 22:09:24'),
('201303211472', '101107108', '201303210015', '2013-03-21 22:09:24', '2013-03-21 22:09:24'),
('201303211473', '101107108', '201302140012', '2013-03-21 22:09:24', '2013-03-21 22:09:24'),
('201303211474', '101107108', '201303210012', '2013-03-21 22:09:24', '2013-03-21 22:09:24'),
('201303211475', '101107195', '201302140014', '2013-03-21 22:09:24', '2013-03-21 22:09:24'),
('201303211476', '101107195', '201303210014', '2013-03-21 22:09:24', '2013-03-21 22:09:24'),
('201303211477', '101107050', '201302140011', '2013-03-21 22:09:24', '2013-03-21 22:09:24'),
('201303211478', '101107050', '201303210011', '2013-03-21 22:09:24', '2013-03-21 22:09:24'),
('201303211479', '101107050', '201302140013', '2013-03-21 22:09:24', '2013-03-21 22:09:24'),
('201303211480', '101107050', '201303210013', '2013-03-21 22:09:24', '2013-03-21 22:09:24'),
('201303211481', '101107112', '201302140004', '2013-03-21 22:09:24', '2013-03-21 22:09:24'),
('201303211482', '101107112', '201303210004', '2013-03-21 22:09:24', '2013-03-21 22:09:24'),
('201303211483', '101107113', '201302140014', '2013-03-21 22:09:24', '2013-03-21 22:09:24'),
('201303211484', '101107113', '201303210014', '2013-03-21 22:09:24', '2013-03-21 22:09:24'),
('201303211485', '101107023', '201302140006', '2013-03-21 22:09:24', '2013-03-21 22:09:24'),
('201303211486', '101107023', '201303210006', '2013-03-21 22:09:24', '2013-03-21 22:09:24'),
('201303211487', '101107023', '201302140007', '2013-03-21 22:09:24', '2013-03-21 22:09:24'),
('201303211488', '101107023', '201303210007', '2013-03-21 22:09:24', '2013-03-21 22:09:24'),
('201303211489', '101107087', '201302140010', '2013-03-21 22:09:24', '2013-03-21 22:09:24'),
('201303211490', '101107087', '201303210010', '2013-03-21 22:09:24', '2013-03-21 22:09:24'),
('201303211491', '101107087', '201302140007', '2013-03-21 22:09:24', '2013-03-21 22:09:24'),
('201303211492', '101107087', '201303210007', '2013-03-21 22:09:24', '2013-03-21 22:09:24'),
('201303211493', '101107175', '201302140004', '2013-03-21 22:09:24', '2013-03-21 22:09:24'),
('201303211494', '101107175', '201303210004', '2013-03-21 22:09:24', '2013-03-21 22:09:24'),
('201303211495', '101107144', '201302140017', '2013-03-21 22:09:24', '2013-03-21 22:09:24'),
('201303211496', '101107144', '201303210017', '2013-03-21 22:09:24', '2013-03-21 22:09:24'),
('201303211497', '101107029', '201302140018', '2013-03-21 22:09:25', '2013-03-21 22:09:25'),
('201303211498', '101107029', '201303210018', '2013-03-21 22:09:25', '2013-03-21 22:09:25'),
('201303211499', '101107029', '201302140007', '2013-03-21 22:09:25', '2013-03-21 22:09:25'),
('201303211500', '101107029', '201303210007', '2013-03-21 22:09:25', '2013-03-21 22:09:25'),
('201303211501', '111208214', '201302140013', '2013-03-21 22:09:25', '2013-03-21 22:09:25'),
('201303211502', '111208214', '201303210013', '2013-03-21 22:09:25', '2013-03-21 22:09:25'),
('201303211503', '101107001', '201302140015', '2013-03-21 22:09:25', '2013-03-21 22:09:25'),
('201303211504', '101107001', '201303210015', '2013-03-21 22:09:25', '2013-03-21 22:09:25'),
('201303211505', '101107001', '201302140009', '2013-03-21 22:09:25', '2013-03-21 22:09:25'),
('201303211506', '101107001', '201303210009', '2013-03-21 22:09:25', '2013-03-21 22:09:25'),
('201303211507', '101107002', '201302140008', '2013-03-21 22:09:25', '2013-03-21 22:09:25'),
('201303211508', '101107002', '201303210008', '2013-03-21 22:09:25', '2013-03-21 22:09:25'),
('201303211509', '101107004', '201302140007', '2013-03-21 22:09:25', '2013-03-21 22:09:25'),
('201303211510', '101107004', '201303210007', '2013-03-21 22:09:25', '2013-03-21 22:09:25'),
('201303211511', '101107005', '201302140014', '2013-03-21 22:09:25', '2013-03-21 22:09:25'),
('201303211512', '101107005', '201303210014', '2013-03-21 22:09:25', '2013-03-21 22:09:25'),
('201303211513', '101107005', '201302140004', '2013-03-21 22:09:25', '2013-03-21 22:09:25'),
('201303211514', '101107005', '201303210004', '2013-03-21 22:09:25', '2013-03-21 22:09:25'),
('201303211515', '101107097', '201302140008', '2013-03-21 22:09:25', '2013-03-21 22:09:25'),
('201303211516', '101107097', '201303210008', '2013-03-21 22:09:25', '2013-03-21 22:09:25'),
('201303211517', '101107064', '201302140014', '2013-03-21 22:09:25', '2013-03-21 22:09:25'),
('201303211518', '101107064', '201303210014', '2013-03-21 22:09:25', '2013-03-21 22:09:25'),
('201303211519', '101107100', '201302140014', '2013-03-21 22:09:25', '2013-03-21 22:09:25'),
('201303211520', '101107100', '201303210014', '2013-03-21 22:09:25', '2013-03-21 22:09:25'),
('201303211521', '101107041', '201302140014', '2013-03-21 22:09:25', '2013-03-21 22:09:25'),
('201303211522', '101107041', '201303210014', '2013-03-21 22:09:25', '2013-03-21 22:09:25'),
('201303211523', '101107041', '201302140007', '2013-03-21 22:09:25', '2013-03-21 22:09:25'),
('201303211524', '101107041', '201303210007', '2013-03-21 22:09:26', '2013-03-21 22:09:26'),
('201303211525', '101107043', '201302140014', '2013-03-21 22:09:26', '2013-03-21 22:09:26'),
('201303211526', '101107043', '201303210014', '2013-03-21 22:09:26', '2013-03-21 22:09:26'),
('201303211527', '101107043', '201302140007', '2013-03-21 22:09:26', '2013-03-21 22:09:26'),
('201303211528', '101107043', '201303210007', '2013-03-21 22:09:26', '2013-03-21 22:09:26'),
('201303211529', '101107069', '201302140012', '2013-03-21 22:09:26', '2013-03-21 22:09:26'),
('201303211530', '101107069', '201303210012', '2013-03-21 22:09:26', '2013-03-21 22:09:26'),
('201303211531', '101107104', '201302140014', '2013-03-21 22:09:26', '2013-03-21 22:09:26'),
('201303211532', '101107104', '201303210014', '2013-03-21 22:09:26', '2013-03-21 22:09:26'),
('201303211533', '101107104', '201302140012', '2013-03-21 22:09:26', '2013-03-21 22:09:26'),
('201303211534', '101107104', '201303210012', '2013-03-21 22:09:26', '2013-03-21 22:09:26'),
('201303211535', '101107014', '201302140005', '2013-03-21 22:09:26', '2013-03-21 22:09:26'),
('201303211536', '101107014', '201303210005', '2013-03-21 22:09:26', '2013-03-21 22:09:26'),
('201303211537', '101107072', '201302140016', '2013-03-21 22:09:26', '2013-03-21 22:09:26'),
('201303211538', '101107072', '201303210016', '2013-03-21 22:09:26', '2013-03-21 22:09:26'),
('201303211539', '101107072', '201302140009', '2013-03-21 22:09:26', '2013-03-21 22:09:26'),
('201303211540', '101107072', '201303210009', '2013-03-21 22:09:26', '2013-03-21 22:09:26'),
('201303211541', '101107073', '201302140004', '2013-03-21 22:09:26', '2013-03-21 22:09:26'),
('201303211542', '101107073', '201303210004', '2013-03-21 22:09:26', '2013-03-21 22:09:26'),
('201303211543', '101107016', '201302140004', '2013-03-21 22:09:26', '2013-03-21 22:09:26'),
('201303211544', '101107016', '201303210004', '2013-03-21 22:09:26', '2013-03-21 22:09:26'),
('201303211545', '101107016', '201302140007', '2013-03-21 22:09:26', '2013-03-21 22:09:26'),
('201303211546', '101107016', '201303210007', '2013-03-21 22:09:26', '2013-03-21 22:09:26'),
('201303211547', '101107074', '201302140014', '2013-03-21 22:09:26', '2013-03-21 22:09:26'),
('201303211548', '101107074', '201303210014', '2013-03-21 22:09:26', '2013-03-21 22:09:26'),
('201303211549', '101107074', '201302140009', '2013-03-21 22:09:26', '2013-03-21 22:09:26'),
('201303211550', '101107074', '201303210009', '2013-03-21 22:09:26', '2013-03-21 22:09:26'),
('201303211551', '101107078', '201302140014', '2013-03-21 22:09:26', '2013-03-21 22:09:26'),
('201303211552', '101107078', '201303210014', '2013-03-21 22:09:26', '2013-03-21 22:09:26'),
('201303211553', '101107078', '201302140011', '2013-03-21 22:09:26', '2013-03-21 22:09:26'),
('201303211554', '101107078', '201303210011', '2013-03-21 22:09:27', '2013-03-21 22:09:27'),
('201303211555', '101107079', '201302140014', '2013-03-21 22:09:27', '2013-03-21 22:09:27'),
('201303211556', '101107079', '201303210014', '2013-03-21 22:09:27', '2013-03-21 22:09:27'),
('201303211557', '101107079', '201302140012', '2013-03-21 22:09:27', '2013-03-21 22:09:27'),
('201303211558', '101107079', '201303210012', '2013-03-21 22:09:27', '2013-03-21 22:09:27'),
('201303211559', '101107052', '201302140019', '2013-03-21 22:09:27', '2013-03-21 22:09:27'),
('201303211560', '101107052', '201303210019', '2013-03-21 22:09:27', '2013-03-21 22:09:27'),
('201303211561', '101107082', '201302140014', '2013-03-21 22:09:27', '2013-03-21 22:09:27'),
('201303211562', '101107082', '201303210014', '2013-03-21 22:09:27', '2013-03-21 22:09:27'),
('201303211563', '101107082', '201302140007', '2013-03-21 22:09:27', '2013-03-21 22:09:27'),
('201303211564', '101107082', '201303210007', '2013-03-21 22:09:27', '2013-03-21 22:09:27'),
('201303211565', '101107018', '201302140014', '2013-03-21 22:09:27', '2013-03-21 22:09:27'),
('201303211566', '101107018', '201303210014', '2013-03-21 22:09:27', '2013-03-21 22:09:27'),
('201303211567', '101107054', '201302140014', '2013-03-21 22:09:27', '2013-03-21 22:09:27'),
('201303211568', '101107054', '201303210014', '2013-03-21 22:09:27', '2013-03-21 22:09:27'),
('201303211569', '101107054', '201302140009', '2013-03-21 22:09:27', '2013-03-21 22:09:27'),
('201303211570', '101107054', '201303210009', '2013-03-21 22:09:27', '2013-03-21 22:09:27'),
('201303211571', '101107058', '201302140004', '2013-03-21 22:09:27', '2013-03-21 22:09:27'),
('201303211572', '101107058', '201303210004', '2013-03-21 22:09:27', '2013-03-21 22:09:27'),
('201303211573', '101107119', '201302140018', '2013-03-21 22:09:27', '2013-03-21 22:09:27'),
('201303211574', '101107119', '201303210018', '2013-03-21 22:09:28', '2013-03-21 22:09:28'),
('201303211575', '101107119', '201302140008', '2013-03-21 22:09:28', '2013-03-21 22:09:28'),
('201303211576', '101107119', '201303210008', '2013-03-21 22:09:28', '2013-03-21 22:09:28'),
('201303211577', '101107120', '201302140018', '2013-03-21 22:09:28', '2013-03-21 22:09:28'),
('201303211578', '101107120', '201303210018', '2013-03-21 22:09:28', '2013-03-21 22:09:28'),
('201303211579', '101107061', '201302140018', '2013-03-21 22:09:28', '2013-03-21 22:09:28'),
('201303211580', '101107061', '201303210018', '2013-03-21 22:09:28', '2013-03-21 22:09:28'),
('201303211581', '101107034', '201302140007', '2013-03-21 22:09:28', '2013-03-21 22:09:28'),
('201303211582', '101107034', '201303210007', '2013-03-21 22:09:28', '2013-03-21 22:09:28'),
('201303211583', '101107034', '201302140014', '2013-03-21 22:09:28', '2013-03-21 22:09:28'),
('201303211584', '101107034', '201303210014', '2013-03-21 22:09:28', '2013-03-21 22:09:28'),
('201303211585', '101107125', '201302140014', '2013-03-21 22:09:28', '2013-03-21 22:09:28'),
('201303211586', '101107125', '201303210014', '2013-03-21 22:09:28', '2013-03-21 22:09:28'),
('201303211587', '101107095', '201302140004', '2013-03-21 22:09:28', '2013-03-21 22:09:28'),
('201303211588', '101107095', '201303210004', '2013-03-21 22:09:28', '2013-03-21 22:09:28'),
('201303211589', '101107129', '201302140018', '2013-03-21 22:09:28', '2013-03-21 22:09:28'),
('201303211590', '101107129', '201303210018', '2013-03-21 22:09:28', '2013-03-21 22:09:28'),
('201303211591', '101107189', '201302140014', '2013-03-21 22:09:28', '2013-03-21 22:09:28'),
('201303211592', '101107189', '201303210014', '2013-03-21 22:09:28', '2013-03-21 22:09:28'),
('201303211593', '101107012', '201302140014', '2013-03-21 22:09:28', '2013-03-21 22:09:28'),
('201303211594', '101107012', '201303210014', '2013-03-21 22:09:28', '2013-03-21 22:09:28'),
('201303211595', '101107012', '201302140018', '2013-03-21 22:09:28', '2013-03-21 22:09:28'),
('201303211596', '101107012', '201303210018', '2013-03-21 22:09:29', '2013-03-21 22:09:29'),
('201303211597', '101107193', '201302140017', '2013-03-21 22:09:29', '2013-03-21 22:09:29'),
('201303211598', '101107193', '201303210017', '2013-03-21 22:09:29', '2013-03-21 22:09:29'),
('201303211599', '101107193', '201302140018', '2013-03-21 22:09:29', '2013-03-21 22:09:29'),
('201303211600', '101107193', '201303210018', '2013-03-21 22:09:29', '2013-03-21 22:09:29'),
('201303211601', '101107135', '201302140018', '2013-03-21 22:09:29', '2013-03-21 22:09:29'),
('201303211602', '101107135', '201303210018', '2013-03-21 22:09:29', '2013-03-21 22:09:29'),
('201303211603', '101107049', '201302140002', '2013-03-21 22:09:29', '2013-03-21 22:09:29'),
('201303211604', '101107049', '201303210002', '2013-03-21 22:09:29', '2013-03-21 22:09:29'),
('201303211605', '101107049', '201302140012', '2013-03-21 22:09:29', '2013-03-21 22:09:29'),
('201303211606', '101107049', '201303210012', '2013-03-21 22:09:29', '2013-03-21 22:09:29'),
('201303211607', '101107137', '201302140011', '2013-03-21 22:09:29', '2013-03-21 22:09:29'),
('201303211608', '101107137', '201303210011', '2013-03-21 22:09:29', '2013-03-21 22:09:29'),
('201303211609', '101107137', '201302140018', '2013-03-21 22:09:29', '2013-03-21 22:09:29'),
('201303211610', '101107137', '201303210018', '2013-03-21 22:09:29', '2013-03-21 22:09:29'),
('201303211611', '101107111', '201302140014', '2013-03-21 22:09:29', '2013-03-21 22:09:29'),
('201303211612', '101107111', '201303210014', '2013-03-21 22:09:29', '2013-03-21 22:09:29'),
('201303211613', '101107111', '201302140002', '2013-03-21 22:09:29', '2013-03-21 22:09:29'),
('201303211614', '101107111', '201303210002', '2013-03-21 22:09:29', '2013-03-21 22:09:29'),
('201303211615', '101107083', '201302140014', '2013-03-21 22:09:29', '2013-03-21 22:09:29'),
('201303211616', '101107083', '201303210014', '2013-03-21 22:09:29', '2013-03-21 22:09:29'),
('201303211617', '101107055', '201302140007', '2013-03-21 22:09:29', '2013-03-21 22:09:29'),
('201303211618', '101107055', '201303210007', '2013-03-21 22:09:29', '2013-03-21 22:09:29'),
('201303211619', '101107056', '201302140013', '2013-03-21 22:09:29', '2013-03-21 22:09:29'),
('201303211620', '101107056', '201303210013', '2013-03-21 22:09:29', '2013-03-21 22:09:29'),
('201303211621', '101107056', '201302140014', '2013-03-21 22:09:29', '2013-03-21 22:09:29'),
('201303211622', '101107056', '201303210014', '2013-03-21 22:09:29', '2013-03-21 22:09:29'),
('201303211623', '101107022', '201302140013', '2013-03-21 22:09:30', '2013-03-21 22:09:30'),
('201303211624', '101107022', '201303210013', '2013-03-21 22:09:30', '2013-03-21 22:09:30');
INSERT INTO `academic_extracurricular_participant` (`extracurricular_participant_id`, `extracurricular_participant_name`, `extracurricular_participant_activity`, `extracurricular_participant_entry`, `extracurricular_participant_entry_update`) VALUES
('201303211625', '101107024', '201302140011', '2013-03-21 22:09:30', '2013-03-21 22:09:30'),
('201303211626', '101107024', '201303210011', '2013-03-21 22:09:30', '2013-03-21 22:09:30'),
('201303211627', '101107024', '201302140004', '2013-03-21 22:09:30', '2013-03-21 22:09:30'),
('201303211628', '101107024', '201303210004', '2013-03-21 22:09:30', '2013-03-21 22:09:30'),
('201303211629', '101107172', '201302140011', '2013-03-21 22:09:30', '2013-03-21 22:09:30'),
('201303211630', '101107172', '201303210011', '2013-03-21 22:09:30', '2013-03-21 22:09:30'),
('201303211631', '101107025', '201302140019', '2013-03-21 22:09:30', '2013-03-21 22:09:30'),
('201303211632', '101107025', '201303210019', '2013-03-21 22:09:30', '2013-03-21 22:09:30'),
('201303211633', '101107025', '201302140009', '2013-03-21 22:09:30', '2013-03-21 22:09:30'),
('201303211634', '101107025', '201303210009', '2013-03-21 22:09:30', '2013-03-21 22:09:30'),
('201303211635', '101107202', '201302140014', '2013-03-21 22:09:30', '2013-03-21 22:09:30'),
('201303211636', '101107202', '201303210014', '2013-03-21 22:09:30', '2013-03-21 22:09:30'),
('201303211637', '101107089', '201302140007', '2013-03-21 22:09:30', '2013-03-21 22:09:30'),
('201303211638', '101107089', '201303210007', '2013-03-21 22:09:30', '2013-03-21 22:09:30'),
('201303211639', '101107206', '201302140013', '2013-03-21 22:09:30', '2013-03-21 22:09:30'),
('201303211640', '101107206', '201303210013', '2013-03-21 22:09:30', '2013-03-21 22:09:30'),
('201303211641', '101107091', '201302140004', '2013-03-21 22:09:30', '2013-03-21 22:09:30'),
('201303211642', '101107091', '201303210004', '2013-03-21 22:09:30', '2013-03-21 22:09:30'),
('201303211643', '101107032', '201302140015', '2013-03-21 22:09:30', '2013-03-21 22:09:30'),
('201303211644', '101107032', '201303210015', '2013-03-21 22:09:30', '2013-03-21 22:09:30'),
('201303211645', '101107121', '201302140018', '2013-03-21 22:09:30', '2013-03-21 22:09:30'),
('201303211646', '101107121', '201303210018', '2013-03-21 22:09:30', '2013-03-21 22:09:30'),
('201303211647', '101107033', '201302140013', '2013-03-21 22:09:30', '2013-03-21 22:09:30'),
('201303211648', '101107033', '201303210013', '2013-03-21 22:09:30', '2013-03-21 22:09:30'),
('201303211649', '101107033', '201302140012', '2013-03-21 22:09:31', '2013-03-21 22:09:31'),
('201303211650', '101107033', '201303210012', '2013-03-21 22:09:31', '2013-03-21 22:09:31'),
('201303211651', '101107153', '201302140018', '2013-03-21 22:09:31', '2013-03-21 22:09:31'),
('201303211652', '101107153', '201303210018', '2013-03-21 22:09:31', '2013-03-21 22:09:31'),
('201303211653', '101107154', '201302140013', '2013-03-21 22:09:31', '2013-03-21 22:09:31'),
('201303211654', '101107154', '201303210013', '2013-03-21 22:09:31', '2013-03-21 22:09:31'),
('201303211655', '101107099', '201302140004', '2013-03-21 22:09:31', '2013-03-21 22:09:31'),
('201303211656', '101107099', '201303210004', '2013-03-21 22:09:31', '2013-03-21 22:09:31'),
('201303211657', '101107188', '201302140014', '2013-03-21 22:09:31', '2013-03-21 22:09:31'),
('201303211658', '101107188', '201303210014', '2013-03-21 22:09:31', '2013-03-21 22:09:31'),
('201303211659', '101107011', '201302140007', '2013-03-21 22:09:31', '2013-03-21 22:09:31'),
('201303211660', '101107011', '201303210007', '2013-03-21 22:09:31', '2013-03-21 22:09:31'),
('201303211661', '101107103', '201302140007', '2013-03-21 22:09:31', '2013-03-21 22:09:31'),
('201303211662', '101107103', '201303210007', '2013-03-21 22:09:31', '2013-03-21 22:09:31'),
('201303211663', '101107070', '201302140002', '2013-03-21 22:09:31', '2013-03-21 22:09:31'),
('201303211664', '101107070', '201303210002', '2013-03-21 22:09:31', '2013-03-21 22:09:31'),
('201303211665', '101107070', '201302140011', '2013-03-21 22:09:31', '2013-03-21 22:09:31'),
('201303211666', '101107070', '201303210011', '2013-03-21 22:09:31', '2013-03-21 22:09:31'),
('201303211667', '101107134', '201302140004', '2013-03-21 22:09:31', '2013-03-21 22:09:31'),
('201303211668', '101107134', '201303210004', '2013-03-21 22:09:31', '2013-03-21 22:09:31'),
('201303211669', '101107165', '201302140014', '2013-03-21 22:09:31', '2013-03-21 22:09:31'),
('201303211670', '101107165', '201303210014', '2013-03-21 22:09:31', '2013-03-21 22:09:31'),
('201303211671', '101107168', '201302140013', '2013-03-21 22:09:31', '2013-03-21 22:09:31'),
('201303211672', '101107168', '201303210013', '2013-03-21 22:09:31', '2013-03-21 22:09:31'),
('201303211673', '101107168', '201302140012', '2013-03-21 22:09:31', '2013-03-21 22:09:31'),
('201303211674', '101107168', '201303210012', '2013-03-21 22:09:31', '2013-03-21 22:09:31'),
('201303211675', '101107197', '201302140011', '2013-03-21 22:09:31', '2013-03-21 22:09:31'),
('201303211676', '101107197', '201303210011', '2013-03-21 22:09:31', '2013-03-21 22:09:31'),
('201303211677', '101107197', '201302140007', '2013-03-21 22:09:32', '2013-03-21 22:09:32'),
('201303211678', '101107197', '201303210007', '2013-03-21 22:09:32', '2013-03-21 22:09:32'),
('201303211679', '101107019', '201302140014', '2013-03-21 22:09:32', '2013-03-21 22:09:32'),
('201303211680', '101107019', '201303210014', '2013-03-21 22:09:32', '2013-03-21 22:09:32'),
('201303211681', '101107019', '201302140008', '2013-03-21 22:09:32', '2013-03-21 22:09:32'),
('201303211682', '101107019', '201303210008', '2013-03-21 22:09:32', '2013-03-21 22:09:32'),
('201303211683', '101107084', '201302140002', '2013-03-21 22:09:32', '2013-03-21 22:09:32'),
('201303211684', '101107084', '201303210002', '2013-03-21 22:09:32', '2013-03-21 22:09:32'),
('201303211685', '101107084', '201302140012', '2013-03-21 22:09:32', '2013-03-21 22:09:32'),
('201303211686', '101107084', '201303210012', '2013-03-21 22:09:32', '2013-03-21 22:09:32'),
('201303211687', '101107198', '201302140001', '2013-03-21 22:09:32', '2013-03-21 22:09:32'),
('201303211688', '101107198', '201303210001', '2013-03-21 22:09:32', '2013-03-21 22:09:32'),
('201303211689', '101107198', '201302140007', '2013-03-21 22:09:32', '2013-03-21 22:09:32'),
('201303211690', '101107198', '201303210007', '2013-03-21 22:09:32', '2013-03-21 22:09:32'),
('201303211691', '101107140', '201302140014', '2013-03-21 22:09:32', '2013-03-21 22:09:32'),
('201303211692', '101107140', '201303210014', '2013-03-21 22:09:32', '2013-03-21 22:09:32'),
('201303211693', '101107140', '201302140013', '2013-03-21 22:09:32', '2013-03-21 22:09:32'),
('201303211694', '101107140', '201303210013', '2013-03-21 22:09:32', '2013-03-21 22:09:32'),
('201303211695', '101107200', '201302140013', '2013-03-21 22:09:32', '2013-03-21 22:09:32'),
('201303211696', '101107200', '201303210013', '2013-03-21 22:09:32', '2013-03-21 22:09:32'),
('201303211697', '101107118', '201302140002', '2013-03-21 22:09:32', '2013-03-21 22:09:32'),
('201303211698', '101107118', '201303210002', '2013-03-21 22:09:32', '2013-03-21 22:09:32'),
('201303211699', '101107201', '201302140001', '2013-03-21 22:09:32', '2013-03-21 22:09:32'),
('201303211700', '101107201', '201303210001', '2013-03-21 22:09:32', '2013-03-21 22:09:32'),
('201303211701', '101107201', '201302140008', '2013-03-21 22:09:32', '2013-03-21 22:09:32'),
('201303211702', '101107201', '201303210008', '2013-03-21 22:09:32', '2013-03-21 22:09:32'),
('201303211703', '101107026', '201302140015', '2013-03-21 22:09:32', '2013-03-21 22:09:32'),
('201303211704', '101107026', '201303210015', '2013-03-21 22:09:32', '2013-03-21 22:09:32'),
('201303211705', '101107059', '201302140018', '2013-03-21 22:09:32', '2013-03-21 22:09:32'),
('201303211706', '101107059', '201303210018', '2013-03-21 22:09:33', '2013-03-21 22:09:33'),
('201303211707', '101107088', '201302140007', '2013-03-21 22:09:33', '2013-03-21 22:09:33'),
('201303211708', '101107088', '201303210007', '2013-03-21 22:09:33', '2013-03-21 22:09:33'),
('201303211709', '101107092', '201302140014', '2013-03-21 22:09:33', '2013-03-21 22:09:33'),
('201303211710', '101107092', '201303210014', '2013-03-21 22:09:33', '2013-03-21 22:09:33'),
('201303211711', '101107092', '201302140013', '2013-03-21 22:09:33', '2013-03-21 22:09:33'),
('201303211712', '101107092', '201303210013', '2013-03-21 22:09:33', '2013-03-21 22:09:33'),
('201303211713', '101107035', '201302140006', '2013-03-21 22:09:33', '2013-03-21 22:09:33'),
('201303211714', '101107035', '201303210006', '2013-03-21 22:09:33', '2013-03-21 22:09:33'),
('201303211715', '101107035', '201302140019', '2013-03-21 22:09:33', '2013-03-21 22:09:33'),
('201303211716', '101107035', '201303210019', '2013-03-21 22:09:33', '2013-03-21 22:09:33'),
('201303211717', '101107123', '201302140014', '2013-03-21 22:09:33', '2013-03-21 22:09:33'),
('201303211718', '101107123', '201303210014', '2013-03-21 22:09:33', '2013-03-21 22:09:33'),
('201303211719', '101107037', '201302140004', '2013-03-21 22:09:33', '2013-03-21 22:09:33'),
('201303211720', '101107037', '201303210004', '2013-03-21 22:09:33', '2013-03-21 22:09:33'),
('201303211721', '101107037', '201302140009', '2013-03-21 22:09:33', '2013-03-21 22:09:33'),
('201303211722', '101107037', '201303210009', '2013-03-21 22:09:33', '2013-03-21 22:09:33'),
('201303211723', '101107181', '201302140011', '2013-03-21 22:09:33', '2013-03-21 22:09:33'),
('201303211724', '101107181', '201303210011', '2013-03-21 22:09:33', '2013-03-21 22:09:33'),
('201303211725', '101107184', '201302140014', '2013-03-21 22:09:33', '2013-03-21 22:09:33'),
('201303211726', '101107184', '201303210014', '2013-03-21 22:09:33', '2013-03-21 22:09:33'),
('201303211727', '101107007', '201302140015', '2013-03-21 22:09:33', '2013-03-21 22:09:33'),
('201303211728', '101107007', '201303210015', '2013-03-21 22:09:33', '2013-03-21 22:09:33'),
('201303211729', '101107008', '201302140001', '2013-03-21 22:09:33', '2013-03-21 22:09:33'),
('201303211730', '101107008', '201303210001', '2013-03-21 22:09:33', '2013-03-21 22:09:33'),
('201303211731', '101107009', '201302140019', '2013-03-21 22:09:33', '2013-03-21 22:09:33'),
('201303211732', '101107009', '201303210019', '2013-03-21 22:09:33', '2013-03-21 22:09:33'),
('201303211733', '101107127', '201302140013', '2013-03-21 22:09:33', '2013-03-21 22:09:33'),
('201303211734', '101107127', '201303210013', '2013-03-21 22:09:34', '2013-03-21 22:09:34'),
('201303211735', '101107158', '201302140004', '2013-03-21 22:09:34', '2013-03-21 22:09:34'),
('201303211736', '101107158', '201303210004', '2013-03-21 22:09:34', '2013-03-21 22:09:34'),
('201303211737', '101107159', '201302140018', '2013-03-21 22:09:34', '2013-03-21 22:09:34'),
('201303211738', '101107159', '201303210018', '2013-03-21 22:09:34', '2013-03-21 22:09:34'),
('201303211739', '101107191', '201302140004', '2013-03-21 22:09:34', '2013-03-21 22:09:34'),
('201303211740', '101107191', '201303210004', '2013-03-21 22:09:34', '2013-03-21 22:09:34'),
('201303211741', '101107130', '201302140013', '2013-03-21 22:09:34', '2013-03-21 22:09:34'),
('201303211742', '101107130', '201303210013', '2013-03-21 22:09:34', '2013-03-21 22:09:34'),
('201303211743', '101107130', '201302140012', '2013-03-21 22:09:34', '2013-03-21 22:09:34'),
('201303211744', '101107130', '201303210012', '2013-03-21 22:09:34', '2013-03-21 22:09:34'),
('201303211745', '101107131', '201302140014', '2013-03-21 22:09:34', '2013-03-21 22:09:34'),
('201303211746', '101107131', '201303210014', '2013-03-21 22:09:34', '2013-03-21 22:09:34'),
('201303211747', '101107132', '201302140014', '2013-03-21 22:09:34', '2013-03-21 22:09:34'),
('201303211748', '101107132', '201303210014', '2013-03-21 22:09:34', '2013-03-21 22:09:34'),
('201303211749', '101107075', '201302140007', '2013-03-21 22:09:34', '2013-03-21 22:09:34'),
('201303211750', '101107075', '201303210007', '2013-03-21 22:09:34', '2013-03-21 22:09:34'),
('201303211751', '101107109', '201302140002', '2013-03-21 22:09:34', '2013-03-21 22:09:34'),
('201303211752', '101107109', '201303210002', '2013-03-21 22:09:34', '2013-03-21 22:09:34'),
('201303211753', '101107110', '201302140002', '2013-03-21 22:09:34', '2013-03-21 22:09:34'),
('201303211754', '101107110', '201303210002', '2013-03-21 22:09:34', '2013-03-21 22:09:34'),
('201303211755', '101107110', '201302140014', '2013-03-21 22:09:34', '2013-03-21 22:09:34'),
('201303211756', '101107110', '201303210014', '2013-03-21 22:09:35', '2013-03-21 22:09:35'),
('201303211757', '101107138', '201302140004', '2013-03-21 22:09:35', '2013-03-21 22:09:35'),
('201303211758', '101107138', '201303210004', '2013-03-21 22:09:35', '2013-03-21 22:09:35'),
('201303211759', '101107138', '201302140018', '2013-03-21 22:09:35', '2013-03-21 22:09:35'),
('201303211760', '101107138', '201303210018', '2013-03-21 22:09:35', '2013-03-21 22:09:35'),
('201303211761', '101107115', '201302140004', '2013-03-21 22:09:35', '2013-03-21 22:09:35'),
('201303211762', '101107115', '201303210004', '2013-03-21 22:09:35', '2013-03-21 22:09:35'),
('201303211763', '101107173', '201302140012', '2013-03-21 22:09:35', '2013-03-21 22:09:35'),
('201303211764', '101107173', '201303210012', '2013-03-21 22:09:35', '2013-03-21 22:09:35'),
('201303211765', '101107146', '201302140014', '2013-03-21 22:09:35', '2013-03-21 22:09:35'),
('201303211766', '101107146', '201303210014', '2013-03-21 22:09:35', '2013-03-21 22:09:35'),
('201303211767', '101107146', '201302140013', '2013-03-21 22:09:35', '2013-03-21 22:09:35'),
('201303211768', '101107146', '201303210013', '2013-03-21 22:09:35', '2013-03-21 22:09:35'),
('201303211769', '101107147', '201302140014', '2013-03-21 22:09:35', '2013-03-21 22:09:35'),
('201303211770', '101107147', '201303210014', '2013-03-21 22:09:35', '2013-03-21 22:09:35'),
('201303211771', '101107147', '201302140013', '2013-03-21 22:09:35', '2013-03-21 22:09:35'),
('201303211772', '101107147', '201303210013', '2013-03-21 22:09:35', '2013-03-21 22:09:35'),
('201303211773', '101107203', '201302140012', '2013-03-21 22:09:35', '2013-03-21 22:09:35'),
('201303211774', '101107203', '201303210012', '2013-03-21 22:09:35', '2013-03-21 22:09:35'),
('201303211775', '101107062', '201302140014', '2013-03-21 22:09:35', '2013-03-21 22:09:35'),
('201303211776', '101107062', '201303210014', '2013-03-21 22:09:35', '2013-03-21 22:09:35'),
('201303211777', '101107180', '201302140014', '2013-03-21 22:09:35', '2013-03-21 22:09:35'),
('201303211778', '101107180', '201303210014', '2013-03-21 22:09:35', '2013-03-21 22:09:35'),
('201303211779', '101107122', '201302140002', '2013-03-21 22:09:35', '2013-03-21 22:09:35'),
('201303211780', '101107122', '201303210002', '2013-03-21 22:09:35', '2013-03-21 22:09:35'),
('201303211781', '101107122', '201302140005', '2013-03-21 22:09:35', '2013-03-21 22:09:35'),
('201303211782', '101107122', '201303210005', '2013-03-21 22:09:35', '2013-03-21 22:09:35'),
('201303211783', '101107152', '201302140014', '2013-03-21 22:09:35', '2013-03-21 22:09:35'),
('201303211784', '101107152', '201303210014', '2013-03-21 22:09:36', '2013-03-21 22:09:36'),
('201303211785', '101107065', '201302140014', '2013-03-21 22:09:36', '2013-03-21 22:09:36'),
('201303211786', '101107065', '201303210014', '2013-03-21 22:09:36', '2013-03-21 22:09:36'),
('201303211787', '101107156', '201302140014', '2013-03-21 22:09:36', '2013-03-21 22:09:36'),
('201303211788', '101107156', '201303210014', '2013-03-21 22:09:36', '2013-03-21 22:09:36'),
('201303211789', '101107128', '201302140014', '2013-03-21 22:09:36', '2013-03-21 22:09:36'),
('201303211790', '101107128', '201303210014', '2013-03-21 22:09:36', '2013-03-21 22:09:36'),
('201303211791', '101107128', '201302140007', '2013-03-21 22:09:36', '2013-03-21 22:09:36'),
('201303211792', '101107128', '201303210007', '2013-03-21 22:09:36', '2013-03-21 22:09:36'),
('201303211793', '101107190', '201302140004', '2013-03-21 22:09:36', '2013-03-21 22:09:36'),
('201303211794', '101107190', '201303210004', '2013-03-21 22:09:36', '2013-03-21 22:09:36'),
('201303211795', '101107190', '201302140018', '2013-03-21 22:09:36', '2013-03-21 22:09:36'),
('201303211796', '101107190', '201303210018', '2013-03-21 22:09:36', '2013-03-21 22:09:36'),
('201303211797', '101107046', '201302140007', '2013-03-21 22:09:36', '2013-03-21 22:09:36'),
('201303211798', '101107046', '201303210007', '2013-03-21 22:09:36', '2013-03-21 22:09:36'),
('201303211799', '101107163', '201302140002', '2013-03-21 22:09:36', '2013-03-21 22:09:36'),
('201303211800', '101107163', '201303210002', '2013-03-21 22:09:36', '2013-03-21 22:09:36'),
('201303211801', '101107163', '201302140012', '2013-03-21 22:09:36', '2013-03-21 22:09:36'),
('201303211802', '101107163', '201303210012', '2013-03-21 22:09:36', '2013-03-21 22:09:36'),
('201303211803', '101107077', '201302140002', '2013-03-21 22:09:36', '2013-03-21 22:09:36'),
('201303211804', '101107077', '201303210002', '2013-03-21 22:09:36', '2013-03-21 22:09:36'),
('201303211805', '101107017', '201302140015', '2013-03-21 22:09:36', '2013-03-21 22:09:36'),
('201303211806', '101107017', '201303210015', '2013-03-21 22:09:36', '2013-03-21 22:09:36'),
('201303211807', '101107167', '201302140013', '2013-03-21 22:09:36', '2013-03-21 22:09:36'),
('201303211808', '101107167', '201303210013', '2013-03-21 22:09:36', '2013-03-21 22:09:36'),
('201303211809', '101107081', '201302140014', '2013-03-21 22:09:36', '2013-03-21 22:09:36'),
('201303211810', '101107081', '201303210014', '2013-03-21 22:09:36', '2013-03-21 22:09:36'),
('201303211811', '101107081', '201302140002', '2013-03-21 22:09:37', '2013-03-21 22:09:37'),
('201303211812', '101107081', '201303210002', '2013-03-21 22:09:37', '2013-03-21 22:09:37'),
('201303211813', '101107053', '201302140012', '2013-03-21 22:09:37', '2013-03-21 22:09:37'),
('201303211814', '101107053', '201303210012', '2013-03-21 22:09:37', '2013-03-21 22:09:37'),
('201303211815', '101107139', '201302140014', '2013-03-21 22:09:37', '2013-03-21 22:09:37'),
('201303211816', '101107139', '201303210014', '2013-03-21 22:09:37', '2013-03-21 22:09:37'),
('201303211817', '101107139', '201302140018', '2013-03-21 22:09:37', '2013-03-21 22:09:37'),
('201303211818', '101107139', '201303210018', '2013-03-21 22:09:37', '2013-03-21 22:09:37'),
('201303211819', '101107114', '201302140014', '2013-03-21 22:09:37', '2013-03-21 22:09:37'),
('201303211820', '101107114', '201303210014', '2013-03-21 22:09:37', '2013-03-21 22:09:37'),
('201303211821', '101107057', '201302140014', '2013-03-21 22:09:37', '2013-03-21 22:09:37'),
('201303211822', '101107057', '201303210014', '2013-03-21 22:09:37', '2013-03-21 22:09:37'),
('201303211823', '101107057', '201302140012', '2013-03-21 22:09:37', '2013-03-21 22:09:37'),
('201303211824', '101107057', '201303210012', '2013-03-21 22:09:37', '2013-03-21 22:09:37'),
('201303211825', '101107117', '201302140004', '2013-03-21 22:09:37', '2013-03-21 22:09:37'),
('201303211826', '101107117', '201303210004', '2013-03-21 22:09:37', '2013-03-21 22:09:37'),
('201303211827', '101107142', '201302140014', '2013-03-21 22:09:37', '2013-03-21 22:09:37'),
('201303211828', '101107142', '201303210014', '2013-03-21 22:09:37', '2013-03-21 22:09:37'),
('201303211829', '101107060', '201302140014', '2013-03-21 22:09:37', '2013-03-21 22:09:37'),
('201303211830', '101107060', '201303210014', '2013-03-21 22:09:37', '2013-03-21 22:09:37'),
('201303211831', '101107060', '201302140016', '2013-03-21 22:09:37', '2013-03-21 22:09:37'),
('201303211832', '101107060', '201303210016', '2013-03-21 22:09:37', '2013-03-21 22:09:37'),
('201303211833', '101107030', '201302140015', '2013-03-21 22:09:37', '2013-03-21 22:09:37'),
('201303211834', '101107030', '201303210015', '2013-03-21 22:09:37', '2013-03-21 22:09:37'),
('201303211835', '101107148', '201302140002', '2013-03-21 22:09:37', '2013-03-21 22:09:37'),
('201303211836', '101107148', '201303210002', '2013-03-21 22:09:37', '2013-03-21 22:09:37'),
('201303211837', '101107090', '201302140014', '2013-03-21 22:09:37', '2013-03-21 22:09:37'),
('201303211838', '101107090', '201303210014', '2013-03-21 22:09:37', '2013-03-21 22:09:37');

-- --------------------------------------------------------

--
-- Table structure for table `academic_grade`
--

CREATE TABLE IF NOT EXISTS `academic_grade` (
  `grade_id` tinyint(2) NOT NULL,
  `grade_title` varchar(20) NOT NULL,
  `grade_name` varchar(20) NOT NULL,
  `grade_entry` datetime NOT NULL,
  `grade_entry_update` datetime NOT NULL,
  PRIMARY KEY (`grade_id`)
) ENGINE=InnoDB DEFAULT CHARSET=latin1;

--
-- Dumping data for table `academic_grade`
--

INSERT INTO `academic_grade` (`grade_id`, `grade_title`, `grade_name`, `grade_entry`, `grade_entry_update`) VALUES
(1, 'VII', 'Tujuh', '2012-10-07 22:12:55', '2012-10-07 22:12:59'),
(2, 'VIII', 'Delapan', '2012-10-07 22:13:04', '2012-10-07 22:13:11'),
(3, 'IX', 'Sembilan', '2012-10-07 22:13:15', '2012-10-07 22:13:19');

-- --------------------------------------------------------

--
-- Table structure for table `academic_guidance`
--

CREATE TABLE IF NOT EXISTS `academic_guidance` (
  `guidance_id` varchar(12) NOT NULL,
  `guidance_classgroup` varchar(12) NOT NULL,
  `guidance_teacher` varchar(12) NOT NULL,
  `guidance_period` tinyint(4) NOT NULL,
  `guidance_semester` tinyint(1) NOT NULL,
  `guidance_entry` datetime NOT NULL,
  `guidance_entry_update` datetime NOT NULL,
  PRIMARY KEY (`guidance_id`),
  KEY `academic_guidance_fk1` (`guidance_classgroup`),
  KEY `academic_guidance_fk2` (`guidance_teacher`),
  KEY `academic_guidance_fk3` (`guidance_period`),
  KEY `academic_guidance_fk4` (`guidance_semester`)
) ENGINE=InnoDB DEFAULT CHARSET=latin1;

--
-- Dumping data for table `academic_guidance`
--

INSERT INTO `academic_guidance` (`guidance_id`, `guidance_classgroup`, `guidance_teacher`, `guidance_period`, `guidance_semester`, `guidance_entry`, `guidance_entry_update`) VALUES
('201302140001', '5', '201212010024', 1, 1, '2013-02-14 11:32:26', '2013-02-14 11:32:26'),
('201302140002', '6', '201212010024', 1, 1, '2013-02-14 11:32:26', '2013-02-14 11:32:26'),
('201302140003', '7', '201212010024', 1, 1, '2013-02-14 11:32:26', '2013-02-14 11:32:26'),
('201302140004', '8', '201212010024', 1, 1, '2013-02-14 11:32:26', '2013-02-14 11:32:26'),
('201302140005', '17', '201212010024', 1, 1, '2013-02-14 11:32:26', '2013-02-14 11:32:26'),
('201302140006', '18', '201212010024', 1, 1, '2013-02-14 11:32:26', '2013-02-14 11:32:26'),
('201302140007', '19', '201212010024', 1, 1, '2013-02-14 11:32:26', '2013-02-14 11:32:26'),
('201302140008', '20', '201212010024', 1, 1, '2013-02-14 11:32:26', '2013-02-14 11:32:26'),
('201302140009', '21', '201212010024', 1, 1, '2013-02-14 11:32:26', '2013-02-14 11:32:26'),
('201302140010', '22', '201212010024', 1, 1, '2013-02-14 11:32:26', '2013-02-14 11:32:26'),
('201302140011', '23', '201212010024', 1, 1, '2013-02-14 11:32:26', '2013-02-14 11:32:26'),
('201302140012', '24', '201212010024', 1, 1, '2013-02-14 11:32:26', '2013-02-14 11:32:26'),
('201302140013', '1', '201212010017', 1, 1, '2013-02-14 11:32:26', '2013-02-14 11:32:26'),
('201302140014', '2', '201212010017', 1, 1, '2013-02-14 11:32:26', '2013-02-14 11:32:26'),
('201302140015', '3', '201212010017', 1, 1, '2013-02-14 11:32:26', '2013-02-14 11:32:26'),
('201302140016', '4', '201212010017', 1, 1, '2013-02-14 11:32:26', '2013-02-14 11:32:26'),
('201302140017', '9', '201212010017', 1, 1, '2013-02-14 11:32:26', '2013-02-14 11:32:26'),
('201302140018', '10', '201212010017', 1, 1, '2013-02-14 11:32:26', '2013-02-14 11:32:26'),
('201302140019', '11', '201212010017', 1, 1, '2013-02-14 11:32:26', '2013-02-14 11:32:26'),
('201302140020', '12', '201212010017', 1, 1, '2013-02-14 11:32:26', '2013-02-14 11:32:26'),
('201302140021', '13', '201212010017', 1, 1, '2013-02-14 11:32:26', '2013-02-14 11:32:26'),
('201302140022', '14', '201212010017', 1, 1, '2013-02-14 11:32:26', '2013-02-14 11:32:26'),
('201302140023', '15', '201212010017', 1, 1, '2013-02-14 11:32:26', '2013-02-14 11:32:26'),
('201302140024', '16', '201212010017', 1, 1, '2013-02-14 11:33:32', '2013-02-14 11:33:32'),
('201303200001', '201303190042', '201212010024', 1, 2, '2013-03-20 17:05:59', '2013-03-20 17:05:59'),
('201303200002', '201303190043', '201212010024', 1, 2, '2013-03-20 17:05:59', '2013-03-20 17:05:59'),
('201303200003', '201303190044', '201212010024', 1, 2, '2013-03-20 17:05:59', '2013-03-20 17:05:59'),
('201303200004', '201303190045', '201212010024', 1, 2, '2013-03-20 17:05:59', '2013-03-20 17:05:59'),
('201303200005', '201303190009', '201212010024', 1, 2, '2013-03-20 17:05:59', '2013-03-20 17:05:59'),
('201303200006', '201303190010', '201212010024', 1, 2, '2013-03-20 17:05:59', '2013-03-20 17:05:59'),
('201303200007', '201303190011', '201212010024', 1, 2, '2013-03-20 17:05:59', '2013-03-20 17:05:59'),
('201303200008', '201303190013', '201212010024', 1, 2, '2013-03-20 17:05:59', '2013-03-20 17:05:59'),
('201303200009', '201303190014', '201212010024', 1, 2, '2013-03-20 17:05:59', '2013-03-20 17:05:59'),
('201303200010', '201303190015', '201212010024', 1, 2, '2013-03-20 17:05:59', '2013-03-20 17:05:59'),
('201303200011', '201303190016', '201212010024', 1, 2, '2013-03-20 17:05:59', '2013-03-20 17:05:59'),
('201303200012', '201303190017', '201212010024', 1, 2, '2013-03-20 17:05:59', '2013-03-20 17:05:59'),
('201303200013', '201303190001', '201212010017', 1, 2, '2013-03-20 17:05:59', '2013-03-20 17:05:59'),
('201303200014', '201303190012', '201212010017', 1, 2, '2013-03-20 17:05:59', '2013-03-20 17:05:59'),
('201303200015', '201303190023', '201212010017', 1, 2, '2013-03-20 17:05:59', '2013-03-20 17:05:59'),
('201303200016', '201303190034', '201212010017', 1, 2, '2013-03-20 17:05:59', '2013-03-20 17:05:59'),
('201303200017', '201303190046', '201212010017', 1, 2, '2013-03-20 17:05:59', '2013-03-20 17:05:59'),
('201303200018', '201303190002', '201212010017', 1, 2, '2013-03-20 17:05:59', '2013-03-20 17:05:59'),
('201303200019', '201303190003', '201212010017', 1, 2, '2013-03-20 17:05:59', '2013-03-20 17:05:59'),
('201303200020', '201303190004', '201212010017', 1, 2, '2013-03-20 17:05:59', '2013-03-20 17:05:59'),
('201303200021', '201303190005', '201212010017', 1, 2, '2013-03-20 17:05:59', '2013-03-20 17:05:59'),
('201303200022', '201303190006', '201212010017', 1, 2, '2013-03-20 17:05:59', '2013-03-20 17:05:59'),
('201303200023', '201303190007', '201212010017', 1, 2, '2013-03-20 17:05:59', '2013-03-20 17:05:59'),
('201303200024', '201303190008', '201212010017', 1, 2, '2013-03-20 17:05:59', '2013-03-20 17:05:59');

-- --------------------------------------------------------

--
-- Table structure for table `academic_guidance_description`
--

CREATE TABLE IF NOT EXISTS `academic_guidance_description` (
  `guidance_description` tinyint(1) NOT NULL,
  `guidance_description_title` varchar(20) NOT NULL,
  PRIMARY KEY (`guidance_description`)
) ENGINE=InnoDB DEFAULT CHARSET=latin1;

--
-- Dumping data for table `academic_guidance_description`
--

INSERT INTO `academic_guidance_description` (`guidance_description`, `guidance_description_title`) VALUES
(1, 'Akhlak'),
(2, 'Kepribadian');

-- --------------------------------------------------------

--
-- Table structure for table `academic_mlc`
--

CREATE TABLE IF NOT EXISTS `academic_mlc` (
  `mlc_id` varchar(12) NOT NULL,
  `mlc_subject` tinyint(4) NOT NULL,
  `mlc_period` tinyint(4) NOT NULL,
  `mlc_semester` tinyint(1) NOT NULL,
  `mlc_grade` tinyint(2) NOT NULL,
  `mlc_value` int(4) NOT NULL,
  `mlc_entry` datetime NOT NULL,
  `mlc_entry_update` datetime NOT NULL,
  PRIMARY KEY (`mlc_id`),
  KEY `academic_mlc_fk1` (`mlc_subject`),
  KEY `academic_mlc_fk2` (`mlc_period`),
  KEY `academic_mlc_fk3` (`mlc_grade`),
  KEY `academic_mlc_fk4` (`mlc_semester`)
) ENGINE=InnoDB DEFAULT CHARSET=latin1;

--
-- Dumping data for table `academic_mlc`
--

INSERT INTO `academic_mlc` (`mlc_id`, `mlc_subject`, `mlc_period`, `mlc_semester`, `mlc_grade`, `mlc_value`, `mlc_entry`, `mlc_entry_update`) VALUES
('201302140001', 1, 1, 1, 1, 80, '2013-02-14 11:07:13', '2013-02-14 11:07:13'),
('201302140002', 1, 1, 1, 2, 81, '2013-02-14 11:07:13', '2013-02-14 11:07:13'),
('201302140003', 1, 1, 1, 3, 82, '2013-02-14 11:07:13', '2013-02-14 11:07:13'),
('201302140004', 2, 1, 1, 1, 78, '2013-02-14 11:07:13', '2013-02-14 11:07:13'),
('201302140005', 2, 1, 1, 2, 79, '2013-02-14 11:07:13', '2013-02-14 11:07:13'),
('201302140006', 2, 1, 1, 3, 80, '2013-02-14 11:07:13', '2013-02-14 11:07:13'),
('201302140007', 3, 1, 1, 1, 78, '2013-02-14 11:07:13', '2013-02-14 11:07:13'),
('201302140008', 3, 1, 1, 2, 79, '2013-02-14 11:07:13', '2013-02-14 11:07:13'),
('201302140009', 3, 1, 1, 3, 80, '2013-02-14 11:07:13', '2013-02-14 11:07:13'),
('201302140010', 4, 1, 1, 1, 76, '2013-02-14 11:07:13', '2013-02-14 11:07:13'),
('201302140011', 4, 1, 1, 2, 78, '2013-02-14 11:07:13', '2013-02-14 11:07:13'),
('201302140012', 4, 1, 1, 3, 80, '2013-02-14 11:07:13', '2013-02-14 11:07:13'),
('201302140013', 5, 1, 1, 1, 76, '2013-02-14 11:07:13', '2013-02-14 11:07:13'),
('201302140014', 5, 1, 1, 2, 77, '2013-02-14 11:07:13', '2013-02-14 11:07:13'),
('201302140015', 5, 1, 1, 3, 78, '2013-02-14 11:07:13', '2013-02-14 11:07:13'),
('201302140016', 6, 1, 1, 1, 76, '2013-02-14 11:07:13', '2013-02-14 11:07:13'),
('201302140017', 6, 1, 1, 2, 77, '2013-02-14 11:07:13', '2013-02-14 11:07:13'),
('201302140018', 6, 1, 1, 3, 79, '2013-02-14 11:07:13', '2013-02-14 11:07:13'),
('201302140019', 7, 1, 1, 1, 77, '2013-02-14 11:07:13', '2013-02-14 11:07:13'),
('201302140020', 7, 1, 1, 2, 78, '2013-02-14 11:07:13', '2013-02-14 11:07:13'),
('201302140021', 7, 1, 1, 3, 80, '2013-02-14 11:07:13', '2013-02-14 11:07:13'),
('201302140022', 8, 1, 1, 1, 78, '2013-02-14 11:07:13', '2013-02-14 11:07:13'),
('201302140023', 8, 1, 1, 2, 80, '2013-02-14 11:07:13', '2013-02-14 11:07:13'),
('201302140024', 8, 1, 1, 3, 81, '2013-02-14 11:07:13', '2013-02-14 11:07:13'),
('201302140025', 9, 1, 1, 1, 76, '2013-02-14 11:07:13', '2013-02-14 11:07:13'),
('201302140026', 9, 1, 1, 2, 78, '2013-02-14 11:07:13', '2013-02-14 11:07:13'),
('201302140027', 9, 1, 1, 3, 80, '2013-02-14 11:07:13', '2013-02-14 11:07:13'),
('201302140028', 10, 1, 1, 1, 79, '2013-02-14 11:07:13', '2013-02-14 11:07:13'),
('201302140029', 10, 1, 1, 2, 80, '2013-02-14 11:07:13', '2013-02-14 11:07:13'),
('201302140030', 10, 1, 1, 3, 81, '2013-02-14 11:07:13', '2013-02-14 11:07:13'),
('201302140031', 11, 1, 1, 1, 76, '2013-02-14 11:07:13', '2013-02-14 11:07:13'),
('201302140032', 12, 1, 1, 1, 78, '2013-02-14 11:07:13', '2013-02-14 11:07:13'),
('201302140033', 12, 1, 1, 2, 79, '2013-02-14 11:07:13', '2013-02-14 11:07:13'),
('201302140034', 12, 1, 1, 3, 80, '2013-02-14 11:07:13', '2013-02-14 11:07:13'),
('201302140035', 13, 1, 1, 1, 80, '2013-02-14 11:07:13', '2013-02-14 11:07:13'),
('201302140036', 13, 1, 1, 2, 81, '2013-02-14 11:07:13', '2013-02-14 11:07:13'),
('201302140037', 14, 1, 1, 1, 80, '2013-02-14 11:07:13', '2013-02-14 11:07:13'),
('201302140038', 14, 1, 1, 2, 81, '2013-02-14 11:07:13', '2013-02-14 11:07:13'),
('201302140039', 15, 1, 1, 1, 80, '2013-02-14 11:07:13', '2013-02-14 11:07:13'),
('201302140040', 15, 1, 1, 2, 81, '2013-02-14 11:07:13', '2013-02-14 11:07:13'),
('201302140041', 16, 1, 1, 1, 80, '2013-02-14 11:07:13', '2013-02-14 11:07:13'),
('201302140042', 16, 1, 1, 2, 81, '2013-02-14 11:07:14', '2013-02-14 11:07:14'),
('201302140043', 17, 1, 1, 1, 80, '2013-02-14 11:07:14', '2013-02-14 11:07:14'),
('201302140044', 17, 1, 1, 2, 81, '2013-02-14 11:07:14', '2013-02-14 11:07:14'),
('201302140045', 18, 1, 1, 1, 80, '2013-02-14 11:07:14', '2013-02-14 11:07:14'),
('201302140046', 18, 1, 1, 2, 81, '2013-02-14 11:07:14', '2013-02-14 11:07:14'),
('201302140047', 19, 1, 1, 1, 80, '2013-02-14 11:07:14', '2013-02-14 11:07:14'),
('201302140048', 19, 1, 1, 2, 81, '2013-02-14 11:07:14', '2013-02-14 11:07:14'),
('201302140049', 20, 1, 1, 1, 80, '2013-02-14 11:07:14', '2013-02-14 11:07:14'),
('201302140050', 20, 1, 1, 2, 81, '2013-02-14 11:07:14', '2013-02-14 11:07:14'),
('201302140051', 21, 1, 1, 1, 80, '2013-02-14 11:07:14', '2013-02-14 11:07:14'),
('201302140052', 21, 1, 1, 2, 81, '2013-02-14 11:07:14', '2013-02-14 11:07:14'),
('201302140053', 22, 1, 1, 1, 80, '2013-02-14 11:07:14', '2013-02-14 11:07:14'),
('201302140054', 22, 1, 1, 2, 81, '2013-02-14 11:07:14', '2013-02-14 11:07:14'),
('201302140055', 23, 1, 1, 1, 80, '2013-02-14 11:07:14', '2013-02-14 11:07:14'),
('201302140056', 23, 1, 1, 2, 81, '2013-02-14 11:07:14', '2013-02-14 11:07:14'),
('201303200001', 1, 1, 2, 1, 80, '2013-03-20 12:28:22', '2013-03-20 12:28:22'),
('201303200002', 1, 1, 2, 2, 81, '2013-03-20 12:28:22', '2013-03-20 12:28:22'),
('201303200003', 1, 1, 2, 3, 82, '2013-03-20 12:28:22', '2013-03-20 12:28:22'),
('201303200004', 2, 1, 2, 1, 78, '2013-03-20 12:28:22', '2013-03-20 12:28:22'),
('201303200005', 2, 1, 2, 2, 79, '2013-03-20 12:28:22', '2013-03-20 12:28:22'),
('201303200006', 2, 1, 2, 3, 80, '2013-03-20 12:28:22', '2013-03-20 12:28:22'),
('201303200007', 3, 1, 2, 1, 78, '2013-03-20 12:28:22', '2013-03-20 12:28:22'),
('201303200008', 3, 1, 2, 2, 79, '2013-03-20 12:28:22', '2013-03-20 12:28:22'),
('201303200009', 3, 1, 2, 3, 80, '2013-03-20 12:28:22', '2013-03-20 12:28:22'),
('201303200010', 4, 1, 2, 1, 76, '2013-03-20 12:28:22', '2013-03-20 12:28:22'),
('201303200011', 4, 1, 2, 2, 78, '2013-03-20 12:28:22', '2013-03-20 12:28:22'),
('201303200012', 4, 1, 2, 3, 80, '2013-03-20 12:28:22', '2013-03-20 12:28:22'),
('201303200013', 5, 1, 2, 1, 76, '2013-03-20 12:28:22', '2013-03-20 12:28:22'),
('201303200014', 5, 1, 2, 2, 77, '2013-03-20 12:28:22', '2013-03-20 12:28:22'),
('201303200015', 5, 1, 2, 3, 78, '2013-03-20 12:28:22', '2013-03-20 12:28:22'),
('201303200016', 6, 1, 2, 1, 76, '2013-03-20 12:28:22', '2013-03-20 12:28:22'),
('201303200017', 6, 1, 2, 2, 77, '2013-03-20 12:28:22', '2013-03-20 12:28:22'),
('201303200018', 6, 1, 2, 3, 79, '2013-03-20 12:28:22', '2013-03-20 12:28:22'),
('201303200019', 7, 1, 2, 1, 77, '2013-03-20 12:28:22', '2013-03-20 12:28:22'),
('201303200020', 7, 1, 2, 2, 78, '2013-03-20 12:28:22', '2013-03-20 12:28:22'),
('201303200021', 7, 1, 2, 3, 80, '2013-03-20 12:28:22', '2013-03-20 12:28:22'),
('201303200022', 8, 1, 2, 1, 78, '2013-03-20 12:28:22', '2013-03-20 12:28:22'),
('201303200023', 8, 1, 2, 2, 80, '2013-03-20 12:28:22', '2013-03-20 12:28:22'),
('201303200024', 8, 1, 2, 3, 81, '2013-03-20 12:28:22', '2013-03-20 12:28:22'),
('201303200025', 9, 1, 2, 1, 76, '2013-03-20 12:28:22', '2013-03-20 12:28:22'),
('201303200026', 9, 1, 2, 2, 78, '2013-03-20 12:28:22', '2013-03-20 12:28:22'),
('201303200027', 9, 1, 2, 3, 80, '2013-03-20 12:28:22', '2013-03-20 12:28:22'),
('201303200028', 10, 1, 2, 1, 79, '2013-03-20 12:28:22', '2013-03-20 12:28:22'),
('201303200029', 10, 1, 2, 2, 80, '2013-03-20 12:28:22', '2013-03-20 12:28:22'),
('201303200030', 10, 1, 2, 3, 81, '2013-03-20 12:28:22', '2013-03-20 12:28:22'),
('201303200031', 11, 1, 2, 1, 76, '2013-03-20 12:28:22', '2013-03-20 12:28:22'),
('201303200032', 12, 1, 2, 1, 78, '2013-03-20 12:28:22', '2013-03-20 12:28:22'),
('201303200033', 12, 1, 2, 2, 79, '2013-03-20 12:28:22', '2013-03-20 12:28:22'),
('201303200034', 12, 1, 2, 3, 80, '2013-03-20 12:28:22', '2013-03-20 12:28:22'),
('201303200035', 13, 1, 2, 1, 80, '2013-03-20 12:28:22', '2013-03-20 12:28:22'),
('201303200036', 13, 1, 2, 2, 81, '2013-03-20 12:28:22', '2013-03-20 12:28:22'),
('201303200037', 14, 1, 2, 1, 80, '2013-03-20 12:28:22', '2013-03-20 12:28:22'),
('201303200038', 14, 1, 2, 2, 81, '2013-03-20 12:28:22', '2013-03-20 12:28:22'),
('201303200039', 15, 1, 2, 1, 80, '2013-03-20 12:28:22', '2013-03-20 12:28:22'),
('201303200040', 15, 1, 2, 2, 81, '2013-03-20 12:28:22', '2013-03-20 12:28:22'),
('201303200041', 16, 1, 2, 1, 80, '2013-03-20 12:28:22', '2013-03-20 12:28:22'),
('201303200042', 16, 1, 2, 2, 81, '2013-03-20 12:28:22', '2013-03-20 12:28:22'),
('201303200043', 17, 1, 2, 1, 80, '2013-03-20 12:28:22', '2013-03-20 12:28:22'),
('201303200044', 17, 1, 2, 2, 81, '2013-03-20 12:28:22', '2013-03-20 12:28:22'),
('201303200045', 18, 1, 2, 1, 80, '2013-03-20 12:28:22', '2013-03-20 12:28:22'),
('201303200046', 18, 1, 2, 2, 81, '2013-03-20 12:28:22', '2013-03-20 12:28:22'),
('201303200047', 19, 1, 2, 1, 80, '2013-03-20 12:28:22', '2013-03-20 12:28:22'),
('201303200048', 19, 1, 2, 2, 81, '2013-03-20 12:28:22', '2013-03-20 12:28:22'),
('201303200049', 20, 1, 2, 1, 80, '2013-03-20 12:28:22', '2013-03-20 12:28:22'),
('201303200050', 20, 1, 2, 2, 81, '2013-03-20 12:28:22', '2013-03-20 12:28:22'),
('201303200051', 21, 1, 2, 1, 80, '2013-03-20 12:28:22', '2013-03-20 12:28:22'),
('201303200052', 21, 1, 2, 2, 81, '2013-03-20 12:28:22', '2013-03-20 12:28:22'),
('201303200053', 22, 1, 2, 1, 80, '2013-03-20 12:28:22', '2013-03-20 12:28:22'),
('201303200054', 22, 1, 2, 2, 81, '2013-03-20 12:28:22', '2013-03-20 12:28:22'),
('201303200055', 23, 1, 2, 1, 80, '2013-03-20 12:28:22', '2013-03-20 12:28:22'),
('201303200056', 23, 1, 2, 2, 81, '2013-03-20 12:28:22', '2013-03-20 12:28:22');

-- --------------------------------------------------------

--
-- Table structure for table `academic_period`
--

CREATE TABLE IF NOT EXISTS `academic_period` (
  `period_id` tinyint(4) NOT NULL,
  `period_years_start` int(4) unsigned NOT NULL,
  `period_years_end` int(4) unsigned NOT NULL,
  `period_status` tinyint(1) unsigned NOT NULL,
  `period_entry` datetime NOT NULL,
  `period_entry_update` datetime NOT NULL,
  PRIMARY KEY (`period_id`)
) ENGINE=InnoDB DEFAULT CHARSET=latin1;

--
-- Dumping data for table `academic_period`
--

INSERT INTO `academic_period` (`period_id`, `period_years_start`, `period_years_end`, `period_status`, `period_entry`, `period_entry_update`) VALUES
(1, 2012, 2013, 1, '2012-11-11 22:10:14', '2012-11-11 22:10:17'),
(2, 2013, 2014, 0, '2012-11-12 09:54:10', '2012-11-12 09:54:16');

-- --------------------------------------------------------

--
-- Table structure for table `academic_recapitulation_type`
--

CREATE TABLE IF NOT EXISTS `academic_recapitulation_type` (
  `recapitulation_type_id` tinyint(4) NOT NULL,
  `recapitulation_type_title` varchar(50) NOT NULL,
  `recapitulation_type_reference` varchar(50) NOT NULL,
  `recapitulation_type_entry` datetime NOT NULL,
  `recapitulation_type_entry_update` datetime NOT NULL,
  PRIMARY KEY (`recapitulation_type_id`)
) ENGINE=InnoDB DEFAULT CHARSET=latin1;

--
-- Dumping data for table `academic_recapitulation_type`
--

INSERT INTO `academic_recapitulation_type` (`recapitulation_type_id`, `recapitulation_type_title`, `recapitulation_type_reference`, `recapitulation_type_entry`, `recapitulation_type_entry_update`) VALUES
(1, 'Nilai Harian', 'academic_score_daily', '2012-11-17 22:12:02', '2012-11-17 22:12:05'),
(2, 'Nilai Tugas', 'academic_score_task', '2012-11-17 22:11:57', '2012-11-17 22:12:00'),
(3, 'Nilai Sikap', 'academic_score_attitude', '2012-11-17 22:12:20', '2012-11-17 22:12:23'),
(4, 'Nilai UTS', 'academic_score_mid', '2012-11-17 22:15:01', '2012-11-17 22:15:04'),
(5, 'Nilai Ulum', 'academic_score_final', '2012-11-17 22:18:24', '2012-11-17 22:18:27'),
(6, 'Absensi', '-', '2012-11-17 22:36:41', '2012-11-17 22:36:44');

-- --------------------------------------------------------

--
-- Table structure for table `academic_report_publishing`
--

CREATE TABLE IF NOT EXISTS `academic_report_publishing` (
  `report_publishing_id` int(11) NOT NULL,
  `report_publishing_date` date NOT NULL,
  `report_publishing_period` tinyint(4) NOT NULL,
  `report_publishing_semester` tinyint(1) NOT NULL,
  `report_publishing_type` tinyint(1) NOT NULL,
  `report_publishing_entry` datetime NOT NULL,
  `report_publishing_entry_update` datetime NOT NULL,
  PRIMARY KEY (`report_publishing_id`),
  KEY `academic_report_publishing_fk2` (`report_publishing_period`),
  KEY `academic_report_publishing_fk3` (`report_publishing_semester`),
  KEY `academic_report_publishing_fk1` (`report_publishing_type`)
) ENGINE=InnoDB DEFAULT CHARSET=latin1;

--
-- Dumping data for table `academic_report_publishing`
--

INSERT INTO `academic_report_publishing` (`report_publishing_id`, `report_publishing_date`, `report_publishing_period`, `report_publishing_semester`, `report_publishing_type`, `report_publishing_entry`, `report_publishing_entry_update`) VALUES
(1, '2012-10-13', 1, 1, 1, '2013-02-06 19:29:35', '2013-02-06 19:29:38'),
(2, '2012-12-22', 1, 1, 2, '2013-02-06 19:30:14', '2013-02-06 19:30:17'),
(3, '2013-03-20', 1, 2, 1, '2013-03-20 17:10:38', '2013-03-20 17:10:40'),
(4, '2013-03-21', 1, 2, 1, '2013-03-20 17:10:53', '2013-03-20 17:10:55');

-- --------------------------------------------------------

--
-- Table structure for table `academic_score`
--

CREATE TABLE IF NOT EXISTS `academic_score` (
  `score_id` varchar(20) NOT NULL,
  `score_student` varchar(10) NOT NULL,
  `score_teaching` varchar(12) NOT NULL,
  `score_type` tinyint(1) NOT NULL,
  `score_value` float unsigned NOT NULL,
  `score_status` tinyint(1) NOT NULL,
  `score_entry` datetime NOT NULL,
  `score_entry_update` datetime NOT NULL,
  PRIMARY KEY (`score_id`),
  KEY `academic_score_fk3` (`score_student`),
  KEY `academic_score_fk5` (`score_status`),
  KEY `academic_score_fk1` (`score_teaching`),
  KEY `academic_score_fk6` (`score_type`)
) ENGINE=InnoDB DEFAULT CHARSET=latin1;

--
-- Dumping data for table `academic_score`
--

INSERT INTO `academic_score` (`score_id`, `score_student`, `score_teaching`, `score_type`, `score_value`, `score_status`, `score_entry`, `score_entry_update`) VALUES
('201302150001', '111207186', '201302140338', 1, 0, 1, '2013-02-15 14:17:16', '2013-02-15 14:26:55'),
('201302150002', '111207158', '201302140338', 1, 0, 1, '2013-02-15 14:17:16', '2013-02-15 14:26:55'),
('201302150003', '111207026', '201302140338', 1, 0, 1, '2013-02-15 14:17:16', '2013-02-15 14:26:55'),
('201302150004', '111207132', '201302140338', 1, 0, 1, '2013-02-15 14:17:16', '2013-02-15 14:26:55'),
('201302150005', '111207051', '201302140338', 1, 0, 1, '2013-02-15 14:17:16', '2013-02-15 14:26:55'),
('201302150006', '111207106', '201302140338', 1, 0, 1, '2013-02-15 14:17:17', '2013-02-15 14:26:55'),
('201302150007', '111207031', '201302140338', 1, 0, 1, '2013-02-15 14:17:17', '2013-02-15 14:26:55'),
('201302150008', '111207161', '201302140338', 1, 0, 1, '2013-02-15 14:17:17', '2013-02-15 14:26:55'),
('201302150009', '111207109', '201302140338', 1, 0, 1, '2013-02-15 14:17:17', '2013-02-15 14:26:55'),
('201302150010', '111207112', '201302140338', 1, 0, 1, '2013-02-15 14:17:17', '2013-02-15 14:26:55'),
('201302150011', '111207113', '201302140338', 1, 0, 1, '2013-02-15 14:17:17', '2013-02-15 14:26:55'),
('201302150012', '111207057', '201302140338', 1, 0, 1, '2013-02-15 14:17:17', '2013-02-15 14:26:55'),
('201302150013', '111207117', '201302140338', 1, 0, 1, '2013-02-15 14:17:17', '2013-02-15 14:26:55'),
('201302150014', '111207172', '201302140338', 1, 0, 1, '2013-02-15 14:17:17', '2013-02-15 14:26:55'),
('201302150015', '111207194', '201302140338', 1, 0, 1, '2013-02-15 14:17:17', '2013-02-15 14:26:55'),
('201302150016', '111207141', '201302140338', 1, 0, 1, '2013-02-15 14:17:17', '2013-02-15 14:26:55'),
('201302150017', '111207041', '201302140338', 1, 0, 1, '2013-02-15 14:17:17', '2013-02-15 14:26:55'),
('201302150018', '111207195', '201302140338', 1, 0, 1, '2013-02-15 14:17:17', '2013-02-15 14:26:55'),
('201302150019', '111207092', '201302140338', 1, 0, 1, '2013-02-15 14:17:17', '2013-02-15 14:26:55'),
('201302150020', '111207068', '201302140338', 1, 0, 1, '2013-02-15 14:17:17', '2013-02-15 14:26:55'),
('201302150021', '111207123', '201302140338', 1, 0, 1, '2013-02-15 14:17:17', '2013-02-15 14:26:55'),
('201302150022', '111207043', '201302140338', 1, 0, 1, '2013-02-15 14:17:17', '2013-02-15 14:26:55'),
('201302150023', '111207204', '201302140338', 1, 0, 1, '2013-02-15 14:17:17', '2013-02-15 14:26:55'),
('201302150024', '111207205', '201302140338', 1, 0, 1, '2013-02-15 14:17:17', '2013-02-15 14:26:55'),
('201302150025', '111207099', '201302140338', 1, 0, 1, '2013-02-15 14:17:17', '2013-02-15 14:26:55'),
('201302150026', '101107150', '201302140025', 1, 79, 1, '2013-02-15 14:18:25', '2013-02-15 14:18:25'),
('201302150027', '101107179', '201302140025', 1, 80, 1, '2013-02-15 14:18:25', '2013-02-15 14:18:25'),
('201302150028', '101107151', '201302140025', 1, 80, 1, '2013-02-15 14:18:25', '2013-02-15 14:18:25'),
('201302150029', '101107093', '201302140025', 1, 79, 1, '2013-02-15 14:18:25', '2013-02-15 14:18:25'),
('201302150030', '101107094', '201302140025', 1, 82, 1, '2013-02-15 14:18:25', '2013-02-15 14:18:25'),
('201302150031', '101107185', '201302140025', 1, 83, 1, '2013-02-15 14:18:25', '2013-02-15 14:18:25'),
('201302150032', '101107098', '201302140025', 1, 80, 1, '2013-02-15 14:18:25', '2013-02-15 14:18:25'),
('201302150033', '101107126', '201302140025', 1, 86, 1, '2013-02-15 14:18:25', '2013-02-15 14:18:25'),
('201302150034', '101107066', '201302140025', 1, 86, 1, '2013-02-15 14:18:25', '2013-02-15 14:18:25'),
('201302150035', '101107067', '201302140025', 1, 84, 1, '2013-02-15 14:18:25', '2013-02-15 14:18:25'),
('201302150036', '101107102', '201302140025', 1, 82, 1, '2013-02-15 14:18:25', '2013-02-15 14:18:25'),
('201302150037', '101107042', '201302140025', 1, 86, 1, '2013-02-15 14:18:25', '2013-02-15 14:18:25'),
('201302150038', '101107044', '201302140025', 1, 83, 1, '2013-02-15 14:18:25', '2013-02-15 14:18:25'),
('201302150039', '101107013', '201302140025', 1, 84, 1, '2013-02-15 14:18:25', '2013-02-15 14:18:25'),
('201302150040', '101107108', '201302140025', 1, 84, 1, '2013-02-15 14:18:25', '2013-02-15 14:18:25'),
('201302150041', '101107195', '201302140025', 1, 86, 1, '2013-02-15 14:18:25', '2013-02-15 14:18:25'),
('201302150042', '101107050', '201302140025', 1, 84, 1, '2013-02-15 14:18:25', '2013-02-15 14:18:25'),
('201302150043', '101107112', '201302140025', 1, 88, 1, '2013-02-15 14:18:25', '2013-02-15 14:18:25'),
('201302150044', '101107113', '201302140025', 1, 86, 1, '2013-02-15 14:18:25', '2013-02-15 14:18:25'),
('201302150045', '101107023', '201302140025', 1, 85, 1, '2013-02-15 14:18:25', '2013-02-15 14:18:25'),
('201302150046', '101107087', '201302140025', 1, 86, 1, '2013-02-15 14:18:25', '2013-02-15 14:18:25'),
('201302150047', '101107175', '201302140025', 1, 88, 1, '2013-02-15 14:18:25', '2013-02-15 14:18:25'),
('201302150048', '101107144', '201302140025', 1, 88, 1, '2013-02-15 14:18:25', '2013-02-15 14:18:25'),
('201302150049', '101107029', '201302140025', 1, 86, 1, '2013-02-15 14:18:25', '2013-02-15 14:18:25'),
('201302150050', '111208214', '201302140025', 1, 80, 1, '2013-02-15 14:18:25', '2013-02-15 14:18:25'),
('201302150051', '121307060', '201302140080', 1, 76, 1, '2013-02-15 14:18:30', '2013-02-15 14:18:30'),
('201302150052', '121307061', '201302140080', 1, 75, 1, '2013-02-15 14:18:30', '2013-02-15 14:18:30'),
('201302150053', '121307062', '201302140080', 1, 78, 1, '2013-02-15 14:18:30', '2013-02-15 14:18:30'),
('201302150054', '121307063', '201302140080', 1, 72, 1, '2013-02-15 14:18:30', '2013-02-15 14:18:30'),
('201302150055', '121307064', '201302140080', 1, 75, 1, '2013-02-15 14:18:30', '2013-02-15 14:18:30'),
('201302150056', '121307065', '201302140080', 1, 76, 1, '2013-02-15 14:18:30', '2013-02-15 14:18:30'),
('201302150057', '121307066', '201302140080', 1, 76, 1, '2013-02-15 14:18:30', '2013-02-15 14:18:30'),
('201302150058', '121307067', '201302140080', 1, 77, 1, '2013-02-15 14:18:30', '2013-02-15 14:18:30'),
('201302150059', '121307068', '201302140080', 1, 75, 1, '2013-02-15 14:18:30', '2013-02-15 14:18:30'),
('201302150060', '121307069', '201302140080', 1, 76, 1, '2013-02-15 14:18:30', '2013-02-15 14:18:30'),
('201302150061', '121307070', '201302140080', 1, 74, 1, '2013-02-15 14:18:30', '2013-02-15 14:18:30'),
('201302150062', '121307071', '201302140080', 1, 70, 1, '2013-02-15 14:18:30', '2013-02-15 14:18:30'),
('201302150063', '121307072', '201302140080', 1, 80, 1, '2013-02-15 14:18:30', '2013-02-15 14:18:30'),
('201302150064', '121307073', '201302140080', 1, 78, 1, '2013-02-15 14:18:30', '2013-02-15 14:18:30'),
('201302150065', '121307074', '201302140080', 1, 76, 1, '2013-02-15 14:18:30', '2013-02-15 14:18:30'),
('201302150066', '121307075', '201302140080', 1, 82, 1, '2013-02-15 14:18:30', '2013-02-15 14:18:30'),
('201302150067', '121307076', '201302140080', 1, 76, 1, '2013-02-15 14:18:30', '2013-02-15 14:18:30'),
('201302150068', '121307077', '201302140080', 1, 76, 1, '2013-02-15 14:18:30', '2013-02-15 14:18:30'),
('201302150069', '121307078', '201302140080', 1, 73, 1, '2013-02-15 14:18:30', '2013-02-15 14:18:30'),
('201302150070', '121307079', '201302140080', 1, 75, 1, '2013-02-15 14:18:30', '2013-02-15 14:18:30'),
('201302150071', '121307080', '201302140080', 1, 76, 1, '2013-02-15 14:18:30', '2013-02-15 14:18:30'),
('201302150072', '121307081', '201302140080', 1, 77, 1, '2013-02-15 14:18:31', '2013-02-15 14:18:31'),
('201302150073', '121307082', '201302140080', 1, 76, 1, '2013-02-15 14:18:31', '2013-02-15 14:18:31'),
('201302150074', '121307083', '201302140080', 1, 78, 1, '2013-02-15 14:18:31', '2013-02-15 14:18:31'),
('201302150075', '121307084', '201302140080', 1, 79, 1, '2013-02-15 14:18:31', '2013-02-15 14:18:31'),
('201302150076', '121307085', '201302140080', 1, 75, 1, '2013-02-15 14:18:31', '2013-02-15 14:18:31'),
('201302150077', '121307086', '201302140080', 1, 72, 1, '2013-02-15 14:18:31', '2013-02-15 14:18:31'),
('201302150078', '121307087', '201302140080', 1, 76, 1, '2013-02-15 14:18:31', '2013-02-15 14:18:31'),
('201302150079', '121307088', '201302140080', 1, 77, 1, '2013-02-15 14:18:31', '2013-02-15 14:18:31'),
('201302150080', '121307089', '201302140080', 1, 75, 1, '2013-02-15 14:18:31', '2013-02-15 14:18:31'),
('201302150081', '101107149', '201302140239', 1, 0, 1, '2013-02-15 14:18:32', '2013-02-15 14:24:19'),
('201302150082', '101107003', '201302140239', 1, 0, 1, '2013-02-15 14:18:32', '2013-02-15 14:24:19'),
('201302150083', '101107178', '201302140239', 1, 0, 1, '2013-02-15 14:18:32', '2013-02-15 14:24:19'),
('201302150084', '101107036', '201302140239', 1, 0, 1, '2013-02-15 14:18:32', '2013-02-15 14:24:19'),
('201302150085', '101107124', '201302140239', 1, 0, 1, '2013-02-15 14:18:32', '2013-02-15 14:24:19'),
('201302150086', '101107096', '201302140239', 1, 0, 1, '2013-02-15 14:18:32', '2013-02-15 14:24:19'),
('201302150087', '101107186', '201302140239', 1, 0, 1, '2013-02-15 14:18:32', '2013-02-15 14:24:19'),
('201302150088', '101107157', '201302140239', 1, 0, 1, '2013-02-15 14:18:32', '2013-02-15 14:24:19'),
('201302150089', '101107101', '201302140239', 1, 0, 1, '2013-02-15 14:18:32', '2013-02-15 14:24:19'),
('201302150090', '101107068', '201302140239', 1, 0, 1, '2013-02-15 14:18:32', '2013-02-15 14:24:19'),
('201302150091', '101107192', '201302140239', 1, 0, 1, '2013-02-15 14:18:32', '2013-02-15 14:24:19'),
('201302150092', '101107105', '201302140239', 1, 0, 1, '2013-02-15 14:18:32', '2013-02-15 14:24:19'),
('201302150093', '101107015', '201302140239', 1, 0, 1, '2013-02-15 14:18:32', '2013-02-15 14:24:19'),
('201302150094', '101107045', '201302140239', 1, 0, 1, '2013-02-15 14:18:32', '2013-02-15 14:24:19'),
('201302150095', '101107194', '201302140239', 1, 0, 1, '2013-02-15 14:18:32', '2013-02-15 14:24:19'),
('201302150096', '101107164', '201302140239', 1, 0, 1, '2013-02-15 14:18:32', '2013-02-15 14:24:19'),
('201302150097', '101107166', '201302140239', 1, 0, 1, '2013-02-15 14:18:32', '2013-02-15 14:24:19'),
('201302150098', '101107051', '201302140239', 1, 0, 1, '2013-02-15 14:18:32', '2013-02-15 14:24:19'),
('201302150099', '101107086', '201302140239', 1, 0, 1, '2013-02-15 14:18:33', '2013-02-15 14:24:19'),
('201302150100', '101107116', '201302140239', 1, 0, 1, '2013-02-15 14:18:33', '2013-02-15 14:24:19'),
('201302150101', '101107141', '201302140239', 1, 0, 1, '2013-02-15 14:18:33', '2013-02-15 14:24:19'),
('201302150102', '101107174', '201302140239', 1, 0, 1, '2013-02-15 14:18:33', '2013-02-15 14:24:19'),
('201302150103', '101107145', '201302140239', 1, 0, 1, '2013-02-15 14:18:33', '2013-02-15 14:24:19'),
('201302150104', '101107027', '201302140239', 1, 0, 1, '2013-02-15 14:18:33', '2013-02-15 14:24:19'),
('201302150105', '101107205', '201302140239', 1, 0, 1, '2013-02-15 14:18:33', '2013-02-15 14:24:19'),
('201302150106', '121307001', '201302140039', 1, 80, 1, '2013-02-15 14:18:34', '2013-02-15 14:18:34'),
('201302150107', '121307002', '201302140039', 1, 80, 1, '2013-02-15 14:18:34', '2013-02-15 14:18:34'),
('201302150108', '121307003', '201302140039', 1, 78, 1, '2013-02-15 14:18:34', '2013-02-15 14:18:34'),
('201302150109', '121307004', '201302140039', 1, 85, 1, '2013-02-15 14:18:34', '2013-02-15 14:18:34'),
('201302150110', '121307005', '201302140039', 1, 77, 1, '2013-02-15 14:18:34', '2013-02-15 14:18:34'),
('201302150111', '121307006', '201302140039', 1, 76, 1, '2013-02-15 14:18:34', '2013-02-15 14:18:34'),
('201302150112', '121307007', '201302140039', 1, 79, 1, '2013-02-15 14:18:34', '2013-02-15 14:18:34'),
('201302150113', '121307008', '201302140039', 1, 80, 1, '2013-02-15 14:18:34', '2013-02-15 14:18:34'),
('201302150114', '121307009', '201302140039', 1, 86, 1, '2013-02-15 14:18:34', '2013-02-15 14:18:34'),
('201302150115', '121307010', '201302140039', 1, 84, 1, '2013-02-15 14:18:34', '2013-02-15 14:18:34'),
('201302150116', '121307011', '201302140039', 1, 79, 1, '2013-02-15 14:18:34', '2013-02-15 14:18:34'),
('201302150117', '121307012', '201302140039', 1, 76, 1, '2013-02-15 14:18:34', '2013-02-15 14:18:34'),
('201302150118', '121307013', '201302140039', 1, 77, 1, '2013-02-15 14:18:34', '2013-02-15 14:18:34'),
('201302150119', '121307014', '201302140039', 1, 90, 1, '2013-02-15 14:18:34', '2013-02-15 14:18:34'),
('201302150120', '121307015', '201302140039', 1, 78, 1, '2013-02-15 14:18:34', '2013-02-15 14:18:34'),
('201302150121', '121307016', '201302140039', 1, 79, 1, '2013-02-15 14:18:34', '2013-02-15 14:18:34'),
('201302150122', '121307017', '201302140039', 1, 86, 1, '2013-02-15 14:18:34', '2013-02-15 14:18:34'),
('201302150123', '121307018', '201302140039', 1, 78, 1, '2013-02-15 14:18:34', '2013-02-15 14:18:34'),
('201302150124', '121307019', '201302140039', 1, 79, 1, '2013-02-15 14:18:34', '2013-02-15 14:18:34'),
('201302150125', '121307020', '201302140039', 1, 80, 1, '2013-02-15 14:18:34', '2013-02-15 14:18:34'),
('201302150126', '121307021', '201302140039', 1, 78, 1, '2013-02-15 14:18:34', '2013-02-15 14:18:34'),
('201302150127', '121307022', '201302140039', 1, 90, 1, '2013-02-15 14:18:34', '2013-02-15 14:18:34'),
('201302150128', '121307023', '201302140039', 1, 87, 1, '2013-02-15 14:18:34', '2013-02-15 14:18:34'),
('201302150129', '121307024', '201302140039', 1, 79, 1, '2013-02-15 14:18:34', '2013-02-15 14:18:34'),
('201302150130', '121307025', '201302140039', 1, 90, 1, '2013-02-15 14:18:34', '2013-02-15 14:18:34'),
('201302150131', '121307026', '201302140039', 1, 87, 1, '2013-02-15 14:18:34', '2013-02-15 14:18:34'),
('201302150132', '121307027', '201302140039', 1, 78, 1, '2013-02-15 14:18:34', '2013-02-15 14:18:34'),
('201302150133', '121307028', '201302140039', 1, 80, 1, '2013-02-15 14:18:34', '2013-02-15 14:18:34'),
('201302150134', '121307029', '201302140039', 1, 86, 1, '2013-02-15 14:18:34', '2013-02-15 14:18:34'),
('201302150135', '121307030', '201302140039', 1, 80, 1, '2013-02-15 14:18:34', '2013-02-15 14:18:34'),
('201302150136', '111207157', '201302140357', 1, 78, 1, '2013-02-15 14:18:37', '2013-02-15 15:11:01'),
('201302150137', '111207130', '201302140357', 1, 82, 1, '2013-02-15 14:18:37', '2013-02-15 15:11:01'),
('201302150138', '111207001', '201302140357', 1, 80, 1, '2013-02-15 14:18:37', '2013-02-15 15:11:01'),
('201302150139', '111207103', '201302140357', 1, 80, 1, '2013-02-15 14:18:37', '2013-02-15 15:11:01'),
('201302150140', '111207007', '201302140357', 1, 80, 1, '2013-02-15 14:18:37', '2013-02-15 15:11:01'),
('201302150141', '111207162', '201302140357', 1, 80, 1, '2013-02-15 14:18:37', '2013-02-15 15:11:01'),
('201302150142', '111207108', '201302140357', 1, 80, 1, '2013-02-15 14:18:37', '2013-02-15 15:11:01'),
('201302150143', '111207140', '201302140357', 1, 80, 1, '2013-02-15 14:18:37', '2013-02-15 15:11:01'),
('201302150144', '111207169', '201302140357', 1, 80, 1, '2013-02-15 14:18:37', '2013-02-15 15:11:01'),
('201302150145', '111207192', '201302140357', 1, 80, 1, '2013-02-15 14:18:37', '2013-02-15 15:11:01'),
('201302150146', '111207088', '201302140357', 1, 80, 1, '2013-02-15 14:18:38', '2013-02-15 15:11:01'),
('201302150147', '111207171', '201302140357', 1, 80, 1, '2013-02-15 14:18:38', '2013-02-15 15:11:01'),
('201302150148', '111207117', '201302140357', 1, 80, 1, '2013-02-15 14:18:38', '2013-02-15 15:11:01'),
('201302150149', '111207039', '201302140357', 1, 80, 1, '2013-02-15 14:18:38', '2013-02-15 15:11:01'),
('201302150150', '111207092', '201302140357', 1, 80, 1, '2013-02-15 14:18:38', '2013-02-15 15:11:01'),
('201302150151', '111207122', '201302140357', 1, 80, 1, '2013-02-15 14:18:38', '2013-02-15 15:11:01'),
('201302150152', '111207045', '201302140357', 1, 80, 1, '2013-02-15 14:18:38', '2013-02-15 15:11:01'),
('201302150153', '111207207', '201302140357', 1, 80, 1, '2013-02-15 14:18:38', '2013-02-15 15:11:01'),
('201302150154', '111207099', '201302140357', 1, 80, 1, '2013-02-15 14:18:38', '2013-02-15 15:11:01'),
('201302150155', '111207127', '201302140357', 1, 80, 1, '2013-02-15 14:18:38', '2013-02-15 15:11:01'),
('201302150156', '111207023', '201302140357', 1, 80, 1, '2013-02-15 14:18:38', '2013-02-15 15:11:01'),
('201302150157', '111207181', '201302140357', 1, 80, 1, '2013-02-15 14:18:38', '2013-02-15 15:11:01'),
('201302150158', '111207049', '201302140357', 1, 80, 1, '2013-02-15 14:18:38', '2013-02-15 15:11:01'),
('201302150159', '111207182', '201302140357', 1, 80, 1, '2013-02-15 14:18:38', '2013-02-15 15:11:01'),
('201302150160', '111207183', '201302140357', 1, 80, 1, '2013-02-15 14:18:38', '2013-02-15 15:11:01'),
('201302150161', '111207001', '201302140277', 1, 82, 1, '2013-02-15 14:18:50', '2013-02-15 14:18:50'),
('201302150162', '111207003', '201302140277', 1, 80, 1, '2013-02-15 14:18:50', '2013-02-15 14:18:50'),
('201302150163', '111207077', '201302140277', 1, 86, 1, '2013-02-15 14:18:50', '2013-02-15 14:18:50'),
('201302150164', '111207029', '201302140277', 1, 78, 1, '2013-02-15 14:18:50', '2013-02-15 14:18:50'),
('201302150165', '111207007', '201302140277', 1, 88, 1, '2013-02-15 14:18:50', '2013-02-15 14:18:50'),
('201302150166', '111207053', '201302140277', 1, 80, 1, '2013-02-15 14:18:50', '2013-02-15 14:18:50'),
('201302150167', '111207110', '201302140277', 1, 84, 1, '2013-02-15 14:18:50', '2013-02-15 14:18:50'),
('201302150168', '111207166', '201302140277', 1, 82, 1, '2013-02-15 14:18:50', '2013-02-15 14:18:50'),
('201302150169', '111207190', '201302140277', 1, 88, 1, '2013-02-15 14:18:50', '2013-02-15 14:18:50'),
('201302150170', '111207085', '201302140277', 1, 83, 1, '2013-02-15 14:18:50', '2013-02-15 14:18:50'),
('201302150171', '111207035', '201302140277', 1, 83, 1, '2013-02-15 14:18:50', '2013-02-15 14:18:50'),
('201302150172', '111207087', '201302140277', 1, 80, 1, '2013-02-15 14:18:50', '2013-02-15 14:18:50'),
('201302150173', '111207059', '201302140277', 1, 80, 1, '2013-02-15 14:18:50', '2013-02-15 14:18:50'),
('201302150174', '111207061', '201302140277', 1, 80, 1, '2013-02-15 14:18:50', '2013-02-15 14:18:50'),
('201302150175', '111207120', '201302140277', 1, 79, 1, '2013-02-15 14:18:50', '2013-02-15 14:18:50'),
('201302150176', '111207200', '201302140277', 1, 75, 1, '2013-02-15 14:18:50', '2013-02-15 14:18:50'),
('201302150177', '111207149', '201302140277', 1, 88, 1, '2013-02-15 14:18:50', '2013-02-15 14:18:50'),
('201302150178', '111207150', '201302140277', 1, 85, 1, '2013-02-15 14:18:50', '2013-02-15 14:18:50'),
('201302150179', '111207177', '201302140277', 1, 83, 1, '2013-02-15 14:18:50', '2013-02-15 14:18:50'),
('201302150180', '111207019', '201302140277', 1, 79, 1, '2013-02-15 14:18:50', '2013-02-15 14:18:50'),
('201302150181', '111207098', '201302140277', 1, 85, 1, '2013-02-15 14:18:50', '2013-02-15 14:18:50'),
('201302150182', '111207071', '201302140277', 1, 87, 1, '2013-02-15 14:18:50', '2013-02-15 14:18:50'),
('201302150183', '111207208', '201302140277', 1, 88, 1, '2013-02-15 14:18:50', '2013-02-15 14:18:50'),
('201302150184', '111207153', '201302140277', 1, 79, 1, '2013-02-15 14:18:50', '2013-02-15 14:18:50'),
('201302150185', '111207023', '201302140277', 1, 88, 1, '2013-02-15 14:18:50', '2013-02-15 14:18:50'),
('201302150186', '111207212', '201302140277', 1, 89, 1, '2013-02-15 14:18:50', '2013-02-15 14:18:50'),
('201302150187', '111207050', '201302140277', 1, 87, 1, '2013-02-15 14:18:50', '2013-02-15 14:18:50'),
('201302150188', '121307150', '201302140248', 1, 77, 1, '2013-02-15 14:18:52', '2013-02-15 14:18:52'),
('201302150189', '121307151', '201302140248', 1, 90, 1, '2013-02-15 14:18:52', '2013-02-15 14:18:52'),
('201302150190', '121307152', '201302140248', 1, 80, 1, '2013-02-15 14:18:52', '2013-02-15 14:18:52'),
('201302150191', '121307153', '201302140248', 1, 78, 1, '2013-02-15 14:18:52', '2013-02-15 14:18:52'),
('201302150192', '121307154', '201302140248', 1, 85, 1, '2013-02-15 14:18:52', '2013-02-15 14:18:52'),
('201302150193', '121307155', '201302140248', 1, 78, 1, '2013-02-15 14:18:52', '2013-02-15 14:18:52'),
('201302150194', '121307156', '201302140248', 1, 85, 1, '2013-02-15 14:18:52', '2013-02-15 14:18:52'),
('201302150195', '121307157', '201302140248', 1, 85, 1, '2013-02-15 14:18:52', '2013-02-15 14:18:52'),
('201302150196', '121307158', '201302140248', 1, 78, 1, '2013-02-15 14:18:52', '2013-02-15 14:18:52'),
('201302150197', '121307159', '201302140248', 1, 89, 1, '2013-02-15 14:18:52', '2013-02-15 14:18:52'),
('201302150198', '121307160', '201302140248', 1, 96, 1, '2013-02-15 14:18:52', '2013-02-15 14:18:52'),
('201302150199', '121307161', '201302140248', 1, 88, 1, '2013-02-15 14:18:52', '2013-02-15 14:18:52'),
('201302150200', '121307162', '201302140248', 1, 55, 1, '2013-02-15 14:18:52', '2013-02-15 14:18:52'),
('201302150201', '121307163', '201302140248', 1, 77, 1, '2013-02-15 14:18:52', '2013-02-15 14:18:52'),
('201302150202', '121307164', '201302140248', 1, 77, 1, '2013-02-15 14:18:52', '2013-02-15 14:18:52'),
('201302150203', '121307165', '201302140248', 1, 78, 1, '2013-02-15 14:18:52', '2013-02-15 14:18:52'),
('201302150204', '121307166', '201302140248', 1, 88, 1, '2013-02-15 14:18:52', '2013-02-15 14:18:52'),
('201302150205', '121307167', '201302140248', 1, 88, 1, '2013-02-15 14:18:52', '2013-02-15 14:18:52'),
('201302150206', '121307168', '201302140248', 1, 78, 1, '2013-02-15 14:18:52', '2013-02-15 14:18:52'),
('201302150207', '121307169', '201302140248', 1, 78, 1, '2013-02-15 14:18:52', '2013-02-15 14:18:52'),
('201302150208', '121307170', '201302140248', 1, 78, 1, '2013-02-15 14:18:52', '2013-02-15 14:18:52'),
('201302150209', '121307171', '201302140248', 1, 85, 1, '2013-02-15 14:18:52', '2013-02-15 14:18:52'),
('201302150210', '121307172', '201302140248', 1, 85, 1, '2013-02-15 14:18:52', '2013-02-15 14:18:52'),
('201302150211', '121307173', '201302140248', 1, 85, 1, '2013-02-15 14:18:52', '2013-02-15 14:18:52'),
('201302150212', '121307174', '201302140248', 1, 85, 1, '2013-02-15 14:18:52', '2013-02-15 14:18:52'),
('201302150213', '121307175', '201302140248', 1, 85, 1, '2013-02-15 14:18:52', '2013-02-15 14:18:52'),
('201302150214', '121307176', '201302140248', 1, 78, 1, '2013-02-15 14:18:52', '2013-02-15 14:18:52'),
('201302150215', '121307177', '201302140248', 1, 78, 1, '2013-02-15 14:18:52', '2013-02-15 14:18:52'),
('201302150216', '121307178', '201302140248', 1, 88, 1, '2013-02-15 14:18:52', '2013-02-15 14:18:52'),
('201302150217', '121307001', '201302140107', 1, 90, 1, '2013-02-15 14:18:57', '2013-02-15 14:18:57'),
('201302150218', '121307002', '201302140107', 1, 89, 1, '2013-02-15 14:18:57', '2013-02-15 14:18:57'),
('201302150219', '121307003', '201302140107', 1, 88, 1, '2013-02-15 14:18:57', '2013-02-15 14:18:57'),
('201302150220', '121307004', '201302140107', 1, 78, 1, '2013-02-15 14:18:57', '2013-02-15 14:18:57'),
('201302150221', '121307005', '201302140107', 1, 89, 1, '2013-02-15 14:18:57', '2013-02-15 14:18:57'),
('201302150222', '121307006', '201302140107', 1, 88, 1, '2013-02-15 14:18:57', '2013-02-15 14:18:57'),
('201302150223', '121307007', '201302140107', 1, 78, 1, '2013-02-15 14:18:57', '2013-02-15 14:18:57'),
('201302150224', '121307008', '201302140107', 1, 77, 1, '2013-02-15 14:18:57', '2013-02-15 14:18:57'),
('201302150225', '121307009', '201302140107', 1, 79, 1, '2013-02-15 14:18:57', '2013-02-15 14:18:57'),
('201302150226', '121307010', '201302140107', 1, 78, 1, '2013-02-15 14:18:57', '2013-02-15 14:18:57'),
('201302150227', '121307011', '201302140107', 1, 89, 1, '2013-02-15 14:18:57', '2013-02-15 14:18:57'),
('201302150228', '121307012', '201302140107', 1, 88, 1, '2013-02-15 14:18:57', '2013-02-15 14:18:57'),
('201302150229', '121307013', '201302140107', 1, 87, 1, '2013-02-15 14:18:57', '2013-02-15 14:18:57'),
('201302150230', '121307014', '201302140107', 1, 88, 1, '2013-02-15 14:18:57', '2013-02-15 14:18:57'),
('201302150231', '121307015', '201302140107', 1, 89, 1, '2013-02-15 14:18:57', '2013-02-15 14:18:57'),
('201302150232', '121307016', '201302140107', 1, 86, 1, '2013-02-15 14:18:57', '2013-02-15 14:18:57'),
('201302150233', '121307017', '201302140107', 1, 84, 1, '2013-02-15 14:18:57', '2013-02-15 14:18:57'),
('201302150234', '121307018', '201302140107', 1, 90, 1, '2013-02-15 14:18:57', '2013-02-15 14:18:57'),
('201302150235', '121307019', '201302140107', 1, 98, 1, '2013-02-15 14:18:57', '2013-02-15 14:18:57'),
('201302150236', '121307020', '201302140107', 1, 98, 1, '2013-02-15 14:18:57', '2013-02-15 14:18:57'),
('201302150237', '121307021', '201302140107', 1, 88, 1, '2013-02-15 14:18:57', '2013-02-15 14:18:57'),
('201302150238', '121307022', '201302140107', 1, 78, 1, '2013-02-15 14:18:57', '2013-02-15 14:18:57'),
('201302150239', '121307023', '201302140107', 1, 79, 1, '2013-02-15 14:18:57', '2013-02-15 14:18:57'),
('201302150240', '121307024', '201302140107', 1, 89, 1, '2013-02-15 14:18:57', '2013-02-15 14:18:57'),
('201302150241', '121307025', '201302140107', 1, 88, 1, '2013-02-15 14:18:57', '2013-02-15 14:18:57'),
('201302150242', '121307026', '201302140107', 1, 89, 1, '2013-02-15 14:18:57', '2013-02-15 14:18:57'),
('201302150243', '121307027', '201302140107', 1, 90, 1, '2013-02-15 14:18:57', '2013-02-15 14:18:57'),
('201302150244', '121307028', '201302140107', 1, 87, 1, '2013-02-15 14:18:57', '2013-02-15 14:18:57'),
('201302150245', '121307029', '201302140107', 1, 88, 1, '2013-02-15 14:18:57', '2013-02-15 14:18:57'),
('201302150246', '121307030', '201302140107', 1, 87, 1, '2013-02-15 14:18:57', '2013-02-15 14:18:57'),
('201302150247', '121307120', '201302140061', 1, 76, 1, '2013-02-15 14:19:17', '2013-02-15 14:19:17'),
('201302150248', '121307121', '201302140061', 1, 78, 1, '2013-02-15 14:19:17', '2013-02-15 14:19:17'),
('201302150249', '121307122', '201302140061', 1, 87, 1, '2013-02-15 14:19:17', '2013-02-15 14:19:17'),
('201302150250', '121307123', '201302140061', 1, 76, 1, '2013-02-15 14:19:17', '2013-02-15 14:19:17'),
('201302150251', '121307124', '201302140061', 1, 77, 1, '2013-02-15 14:19:17', '2013-02-15 14:19:17'),
('201302150252', '121307125', '201302140061', 1, 78, 1, '2013-02-15 14:19:17', '2013-02-15 14:19:17'),
('201302150253', '121307126', '201302140061', 1, 80, 1, '2013-02-15 14:19:17', '2013-02-15 14:19:17'),
('201302150254', '121307127', '201302140061', 1, 76, 1, '2013-02-15 14:19:17', '2013-02-15 14:19:17'),
('201302150255', '121307128', '201302140061', 1, 79, 1, '2013-02-15 14:19:17', '2013-02-15 14:19:17'),
('201302150256', '121307129', '201302140061', 1, 80, 1, '2013-02-15 14:19:17', '2013-02-15 14:19:17'),
('201302150257', '121307130', '201302140061', 1, 76, 1, '2013-02-15 14:19:17', '2013-02-15 14:19:17'),
('201302150258', '121307131', '201302140061', 1, 76, 1, '2013-02-15 14:19:17', '2013-02-15 14:19:17'),
('201302150259', '121307132', '201302140061', 1, 77, 1, '2013-02-15 14:19:17', '2013-02-15 14:19:17'),
('201302150260', '121307133', '201302140061', 1, 78, 1, '2013-02-15 14:19:17', '2013-02-15 14:19:17'),
('201302150261', '121307134', '201302140061', 1, 76, 1, '2013-02-15 14:19:17', '2013-02-15 14:19:17'),
('201302150262', '121307135', '201302140061', 1, 80, 1, '2013-02-15 14:19:17', '2013-02-15 14:19:17'),
('201302150263', '121307136', '201302140061', 1, 78, 1, '2013-02-15 14:19:17', '2013-02-15 14:19:17'),
('201302150264', '121307137', '201302140061', 1, 76, 1, '2013-02-15 14:19:17', '2013-02-15 14:19:17'),
('201302150265', '121307138', '201302140061', 1, 75, 1, '2013-02-15 14:19:17', '2013-02-15 14:19:17'),
('201302150266', '121307139', '201302140061', 1, 77, 1, '2013-02-15 14:19:17', '2013-02-15 14:19:17'),
('201302150267', '121307140', '201302140061', 1, 78, 1, '2013-02-15 14:19:17', '2013-02-15 14:19:17'),
('201302150268', '121307141', '201302140061', 1, 79, 1, '2013-02-15 14:19:17', '2013-02-15 14:19:17'),
('201302150269', '121307142', '201302140061', 1, 80, 1, '2013-02-15 14:19:17', '2013-02-15 14:19:17'),
('201302150270', '121307143', '201302140061', 1, 76, 1, '2013-02-15 14:19:17', '2013-02-15 14:19:17'),
('201302150271', '121307144', '201302140061', 1, 78, 1, '2013-02-15 14:19:17', '2013-02-15 14:19:17'),
('201302150272', '121307145', '201302140061', 1, 79, 1, '2013-02-15 14:19:17', '2013-02-15 14:19:17'),
('201302150273', '121307146', '201302140061', 1, 76, 1, '2013-02-15 14:19:17', '2013-02-15 14:19:17'),
('201302150274', '121307147', '201302140061', 1, 78, 1, '2013-02-15 14:19:17', '2013-02-15 14:19:17'),
('201302150275', '121307148', '201302140061', 1, 79, 1, '2013-02-15 14:19:17', '2013-02-15 14:19:17'),
('201302150276', '121307149', '201302140061', 1, 77, 1, '2013-02-15 14:19:17', '2013-02-15 14:19:17'),
('201302150277', '121307001', '201302140098', 1, 56, 1, '2013-02-15 14:19:27', '2013-02-15 14:19:27'),
('201302150278', '121307002', '201302140098', 1, 78, 1, '2013-02-15 14:19:27', '2013-02-15 14:19:27'),
('201302150279', '121307003', '201302140098', 1, 76, 1, '2013-02-15 14:19:27', '2013-02-15 14:19:27'),
('201302150280', '121307004', '201302140098', 1, 67, 1, '2013-02-15 14:19:27', '2013-02-15 14:19:27'),
('201302150281', '121307005', '201302140098', 1, 78, 1, '2013-02-15 14:19:27', '2013-02-15 14:19:27'),
('201302150282', '121307006', '201302140098', 1, 86, 1, '2013-02-15 14:19:27', '2013-02-15 14:19:27'),
('201302150283', '121307007', '201302140098', 1, 76, 1, '2013-02-15 14:19:27', '2013-02-15 14:19:27'),
('201302150284', '121307008', '201302140098', 1, 78, 1, '2013-02-15 14:19:27', '2013-02-15 14:19:27'),
('201302150285', '121307009', '201302140098', 1, 80, 1, '2013-02-15 14:19:27', '2013-02-15 14:19:27'),
('201302150286', '121307010', '201302140098', 1, 89, 1, '2013-02-15 14:19:27', '2013-02-15 14:19:27'),
('201302150287', '121307011', '201302140098', 1, 78, 1, '2013-02-15 14:19:27', '2013-02-15 14:19:27'),
('201302150288', '121307012', '201302140098', 1, 92, 1, '2013-02-15 14:19:27', '2013-02-15 14:19:27'),
('201302150289', '121307013', '201302140098', 1, 76, 1, '2013-02-15 14:19:27', '2013-02-15 14:19:27'),
('201302150290', '121307014', '201302140098', 1, 78, 1, '2013-02-15 14:19:27', '2013-02-15 14:19:27'),
('201302150291', '121307015', '201302140098', 1, 77, 1, '2013-02-15 14:19:27', '2013-02-15 14:19:27'),
('201302150292', '121307016', '201302140098', 1, 82, 1, '2013-02-15 14:19:27', '2013-02-15 14:19:27'),
('201302150293', '121307017', '201302140098', 1, 78, 1, '2013-02-15 14:19:27', '2013-02-15 14:19:27'),
('201302150294', '121307018', '201302140098', 1, 76, 1, '2013-02-15 14:19:28', '2013-02-15 14:19:28'),
('201302150295', '121307019', '201302140098', 1, 78, 1, '2013-02-15 14:19:28', '2013-02-15 14:19:28'),
('201302150296', '121307020', '201302140098', 1, 78, 1, '2013-02-15 14:19:28', '2013-02-15 14:19:28'),
('201302150297', '121307021', '201302140098', 1, 76, 1, '2013-02-15 14:19:28', '2013-02-15 14:19:28'),
('201302150298', '121307022', '201302140098', 1, 77, 1, '2013-02-15 14:19:28', '2013-02-15 14:19:28'),
('201302150299', '121307023', '201302140098', 1, 79, 1, '2013-02-15 14:19:28', '2013-02-15 14:19:28'),
('201302150300', '121307024', '201302140098', 1, 78, 1, '2013-02-15 14:19:28', '2013-02-15 14:19:28'),
('201302150301', '121307025', '201302140098', 1, 77, 1, '2013-02-15 14:19:28', '2013-02-15 14:19:28'),
('201302150302', '121307026', '201302140098', 1, 75, 1, '2013-02-15 14:19:28', '2013-02-15 14:19:28'),
('201302150303', '121307027', '201302140098', 1, 76, 1, '2013-02-15 14:19:28', '2013-02-15 14:19:28'),
('201302150304', '121307028', '201302140098', 1, 78, 1, '2013-02-15 14:19:28', '2013-02-15 14:19:28'),
('201302150305', '121307029', '201302140098', 1, 78, 1, '2013-02-15 14:19:28', '2013-02-15 14:19:28'),
('201302150306', '121307030', '201302140098', 1, 78, 1, '2013-02-15 14:19:28', '2013-02-15 14:19:28'),
('201302150307', '111207002', '201302140317', 1, 84, 1, '2013-02-15 14:20:02', '2013-02-15 14:20:02'),
('201302150308', '111207027', '201302140317', 1, 64, 1, '2013-02-15 14:20:02', '2013-02-15 14:20:02'),
('201302150309', '111207033', '201302140317', 1, 72, 1, '2013-02-15 14:20:02', '2013-02-15 14:20:02'),
('201302150310', '111207110', '201302140317', 1, 94, 1, '2013-02-15 14:20:02', '2013-02-15 14:20:02'),
('201302150311', '111207056', '201302140317', 1, 84, 1, '2013-02-15 14:20:02', '2013-02-15 14:20:02'),
('201302150312', '111207057', '201302140317', 1, 94, 1, '2013-02-15 14:20:02', '2013-02-15 14:20:02'),
('201302150313', '111207170', '201302140317', 1, 84, 1, '2013-02-15 14:20:02', '2013-02-15 14:20:02'),
('201302150314', '111207194', '201302140317', 1, 81, 1, '2013-02-15 14:20:02', '2013-02-15 14:20:02'),
('201302150315', '111207118', '201302140317', 1, 82, 1, '2013-02-15 14:20:02', '2013-02-15 14:20:02'),
('201302150316', '111207173', '201302140317', 1, 72, 1, '2013-02-15 14:20:02', '2013-02-15 14:20:02'),
('201302150317', '111207065', '201302140317', 1, 82, 1, '2013-02-15 14:20:02', '2013-02-15 14:20:02'),
('201302150318', '111207042', '201302140317', 1, 92, 1, '2013-02-15 14:20:02', '2013-02-15 14:20:02'),
('201302150319', '111207175', '201302140317', 1, 72, 1, '2013-02-15 14:20:02', '2013-02-15 14:20:02'),
('201302150320', '111207066', '201302140317', 1, 82, 1, '2013-02-15 14:20:02', '2013-02-15 14:20:02'),
('201302150321', '111207067', '201302140317', 1, 82, 1, '2013-02-15 14:20:02', '2013-02-15 14:20:02'),
('201302150322', '111207143', '201302140317', 1, 82, 1, '2013-02-15 14:20:02', '2013-02-15 14:20:02'),
('201302150323', '111207068', '201302140317', 1, 72, 1, '2013-02-15 14:20:02', '2013-02-15 14:20:02'),
('201302150324', '111207200', '201302140317', 1, 82, 1, '2013-02-15 14:20:02', '2013-02-15 14:20:02'),
('201302150325', '111207017', '201302140317', 1, 92, 1, '2013-02-15 14:20:02', '2013-02-15 14:20:02'),
('201302150326', '111207044', '201302140317', 1, 72, 1, '2013-02-15 14:20:02', '2013-02-15 14:20:02'),
('201302150327', '111207205', '201302140317', 1, 82, 1, '2013-02-15 14:20:02', '2013-02-15 14:20:02'),
('201302150328', '111207096', '201302140317', 1, 92, 1, '2013-02-15 14:20:02', '2013-02-15 14:20:02'),
('201302150329', '111207206', '201302140317', 1, 72, 1, '2013-02-15 14:20:02', '2013-02-15 14:20:02'),
('201302150330', '111207152', '201302140317', 1, 82, 1, '2013-02-15 14:20:02', '2013-02-15 14:20:02'),
('201302150331', '111207021', '201302140317', 1, 82, 1, '2013-02-15 14:20:02', '2013-02-15 14:20:02'),
('201302150332', '111207075', '201302140317', 1, 82, 1, '2013-02-15 14:20:02', '2013-02-15 14:20:02'),
('201302150333', '111207025', '201302140317', 1, 92, 1, '2013-02-15 14:20:02', '2013-02-15 14:20:02'),
('201302150334', '121307031', '201302140199', 1, 80, 1, '2013-02-15 14:20:22', '2013-02-15 14:20:22'),
('201302150335', '121307032', '201302140199', 1, 78, 1, '2013-02-15 14:20:22', '2013-02-15 14:20:22'),
('201302150336', '121307033', '201302140199', 1, 80, 1, '2013-02-15 14:20:22', '2013-02-15 14:20:22'),
('201302150337', '121307034', '201302140199', 1, 81, 1, '2013-02-15 14:20:22', '2013-02-15 14:20:22'),
('201302150338', '121307035', '201302140199', 1, 82, 1, '2013-02-15 14:20:22', '2013-02-15 14:20:22'),
('201302150339', '121307036', '201302140199', 1, 83, 1, '2013-02-15 14:20:22', '2013-02-15 14:20:22'),
('201302150340', '121307037', '201302140199', 1, 85, 1, '2013-02-15 14:20:22', '2013-02-15 14:20:22'),
('201302150341', '121307038', '201302140199', 1, 86, 1, '2013-02-15 14:20:22', '2013-02-15 14:20:22'),
('201302150342', '121307039', '201302140199', 1, 82, 1, '2013-02-15 14:20:23', '2013-02-15 14:20:23'),
('201302150343', '121307040', '201302140199', 1, 81, 1, '2013-02-15 14:20:23', '2013-02-15 14:20:23'),
('201302150344', '121307041', '201302140199', 1, 80, 1, '2013-02-15 14:20:23', '2013-02-15 14:20:23'),
('201302150345', '121307042', '201302140199', 1, 79, 1, '2013-02-15 14:20:23', '2013-02-15 14:20:23'),
('201302150346', '121307043', '201302140199', 1, 80, 1, '2013-02-15 14:20:23', '2013-02-15 14:20:23'),
('201302150347', '121307044', '201302140199', 1, 82, 1, '2013-02-15 14:20:23', '2013-02-15 14:20:23'),
('201302150348', '121307045', '201302140199', 1, 81, 1, '2013-02-15 14:20:23', '2013-02-15 14:20:23'),
('201302150349', '121307046', '201302140199', 1, 80, 1, '2013-02-15 14:20:23', '2013-02-15 14:20:23'),
('201302150350', '121307047', '201302140199', 1, 81, 1, '2013-02-15 14:20:23', '2013-02-15 14:20:23'),
('201302150351', '121307048', '201302140199', 1, 80, 1, '2013-02-15 14:20:23', '2013-02-15 14:20:23'),
('201302150352', '121307049', '201302140199', 1, 79, 1, '2013-02-15 14:20:23', '2013-02-15 14:20:23'),
('201302150353', '121307050', '201302140199', 1, 80, 1, '2013-02-15 14:20:23', '2013-02-15 14:20:23'),
('201302150354', '121307051', '201302140199', 1, 82, 1, '2013-02-15 14:20:23', '2013-02-15 14:20:23'),
('201302150355', '121307052', '201302140199', 1, 80, 1, '2013-02-15 14:20:23', '2013-02-15 14:20:23'),
('201302150356', '121307053', '201302140199', 1, 81, 1, '2013-02-15 14:20:23', '2013-02-15 14:20:23'),
('201302150357', '121307054', '201302140199', 1, 83, 1, '2013-02-15 14:20:23', '2013-02-15 14:20:23'),
('201302150358', '121307055', '201302140199', 1, 82, 1, '2013-02-15 14:20:23', '2013-02-15 14:20:23'),
('201302150359', '121307056', '201302140199', 1, 90, 1, '2013-02-15 14:20:23', '2013-02-15 14:20:23'),
('201302150360', '121307057', '201302140199', 1, 92, 1, '2013-02-15 14:20:23', '2013-02-15 14:20:23'),
('201302150361', '121307058', '201302140199', 1, 89, 1, '2013-02-15 14:20:23', '2013-02-15 14:20:23'),
('201302150362', '121307059', '201302140199', 1, 82, 1, '2013-02-15 14:20:23', '2013-02-15 14:20:23'),
('201302150363', '111207157', '201302140092', 1, 78, 1, '2013-02-15 14:20:25', '2013-02-15 14:20:25'),
('201302150364', '111207129', '201302140092', 1, 80, 1, '2013-02-15 14:20:25', '2013-02-15 14:20:25'),
('201302150365', '111207002', '201302140092', 1, 79, 1, '2013-02-15 14:20:25', '2013-02-15 14:20:25'),
('201302150366', '111207159', '201302140092', 1, 84, 1, '2013-02-15 14:20:25', '2013-02-15 14:20:25'),
('201302150367', '111207101', '201302140092', 1, 80, 1, '2013-02-15 14:20:25', '2013-02-15 14:20:25'),
('201302150368', '111207027', '201302140092', 1, 82, 1, '2013-02-15 14:20:25', '2013-02-15 14:20:25'),
('201302150369', '111207004', '201302140092', 1, 78, 1, '2013-02-15 14:20:25', '2013-02-15 14:20:25'),
('201302150370', '111207078', '201302140092', 1, 78, 1, '2013-02-15 14:20:25', '2013-02-15 14:20:25'),
('201302150371', '111207133', '201302140092', 1, 86, 1, '2013-02-15 14:20:25', '2013-02-15 14:20:25'),
('201302150372', '111207081', '201302140092', 1, 79, 1, '2013-02-15 14:20:25', '2013-02-15 14:20:25'),
('201302150373', '111207033', '201302140092', 1, 78, 1, '2013-02-15 14:20:25', '2013-02-15 14:20:25'),
('201302150374', '111207111', '201302140092', 1, 83, 1, '2013-02-15 14:20:25', '2013-02-15 14:20:25'),
('201302150375', '111207191', '201302140092', 1, 80, 1, '2013-02-15 14:20:25', '2013-02-15 14:20:25'),
('201302150376', '111207193', '201302140092', 1, 80, 1, '2013-02-15 14:20:25', '2013-02-15 14:20:25'),
('201302150377', '111207142', '201302140092', 1, 79, 1, '2013-02-15 14:20:25', '2013-02-15 14:20:25'),
('201302150378', '111207176', '201302140092', 1, 79, 1, '2013-02-15 14:20:25', '2013-02-15 14:20:25'),
('201302150379', '111207198', '201302140092', 1, 78, 1, '2013-02-15 14:20:25', '2013-02-15 14:20:25'),
('201302150380', '111207069', '201302140092', 1, 78, 1, '2013-02-15 14:20:26', '2013-02-15 14:20:26'),
('201302150381', '111207125', '201302140092', 1, 78, 1, '2013-02-15 14:20:26', '2013-02-15 14:20:26'),
('201302150382', '111207095', '201302140092', 1, 80, 1, '2013-02-15 14:20:26', '2013-02-15 14:20:26'),
('201302150383', '111207146', '201302140092', 1, 79, 1, '2013-02-15 14:20:26', '2013-02-15 14:20:26'),
('201302150384', '111207181', '201302140092', 1, 80, 1, '2013-02-15 14:20:26', '2013-02-15 14:20:26'),
('201302150385', '111207074', '201302140092', 1, 79, 1, '2013-02-15 14:20:26', '2013-02-15 14:20:26'),
('201302150386', '111207075', '201302140092', 1, 80, 1, '2013-02-15 14:20:26', '2013-02-15 14:20:26'),
('201302150387', '111207025', '201302140092', 1, 79, 1, '2013-02-15 14:20:26', '2013-02-15 14:20:26'),
('201302150388', '111207183', '201302140092', 1, 83, 1, '2013-02-15 14:20:26', '2013-02-15 14:20:26'),
('201302150389', '111207186', '201302140186', 1, 82, 1, '2013-02-15 14:20:34', '2013-02-15 14:20:34'),
('201302150390', '111207158', '201302140186', 1, 81, 1, '2013-02-15 14:20:34', '2013-02-15 14:20:34'),
('201302150391', '111207026', '201302140186', 1, 79, 1, '2013-02-15 14:20:34', '2013-02-15 14:20:34'),
('201302150392', '111207132', '201302140186', 1, 83, 1, '2013-02-15 14:20:34', '2013-02-15 14:20:34'),
('201302150393', '111207051', '201302140186', 1, 82, 1, '2013-02-15 14:20:34', '2013-02-15 14:20:34'),
('201302150394', '111207106', '201302140186', 1, 85, 1, '2013-02-15 14:20:34', '2013-02-15 14:20:34'),
('201302150395', '111207031', '201302140186', 1, 86, 1, '2013-02-15 14:20:34', '2013-02-15 14:20:34'),
('201302150396', '111207161', '201302140186', 1, 82, 1, '2013-02-15 14:20:34', '2013-02-15 14:20:34'),
('201302150397', '111207109', '201302140186', 1, 84, 1, '2013-02-15 14:20:34', '2013-02-15 14:20:34'),
('201302150398', '111207112', '201302140186', 1, 80, 1, '2013-02-15 14:20:34', '2013-02-15 14:20:34'),
('201302150399', '111207113', '201302140186', 1, 79, 1, '2013-02-15 14:20:34', '2013-02-15 14:20:34'),
('201302150400', '111207057', '201302140186', 1, 85, 1, '2013-02-15 14:20:34', '2013-02-15 14:20:34'),
('201302150401', '111207117', '201302140186', 1, 80, 1, '2013-02-15 14:20:34', '2013-02-15 14:20:34'),
('201302150402', '111207172', '201302140186', 1, 83, 1, '2013-02-15 14:20:34', '2013-02-15 14:20:34'),
('201302150403', '111207194', '201302140186', 1, 87, 1, '2013-02-15 14:20:34', '2013-02-15 14:20:34'),
('201302150404', '111207141', '201302140186', 1, 79, 1, '2013-02-15 14:20:34', '2013-02-15 14:20:34'),
('201302150405', '111207041', '201302140186', 1, 88, 1, '2013-02-15 14:20:34', '2013-02-15 14:20:34'),
('201302150406', '111207195', '201302140186', 1, 84, 1, '2013-02-15 14:20:34', '2013-02-15 14:20:34'),
('201302150407', '111207092', '201302140186', 1, 80, 1, '2013-02-15 14:20:34', '2013-02-15 14:20:34'),
('201302150408', '111207068', '201302140186', 1, 80, 1, '2013-02-15 14:20:34', '2013-02-15 14:20:34'),
('201302150409', '111207123', '201302140186', 1, 85, 1, '2013-02-15 14:20:34', '2013-02-15 14:20:34'),
('201302150410', '111207043', '201302140186', 1, 87, 1, '2013-02-15 14:20:34', '2013-02-15 14:20:34'),
('201302150411', '111207204', '201302140186', 1, 82, 1, '2013-02-15 14:20:34', '2013-02-15 14:20:34'),
('201302150412', '111207205', '201302140186', 1, 84, 1, '2013-02-15 14:20:34', '2013-02-15 14:20:34'),
('201302150413', '111207099', '201302140186', 1, 88, 1, '2013-02-15 14:20:34', '2013-02-15 14:20:34'),
('201302150414', '121307001', '201302140031', 1, 84, 1, '2013-02-15 14:22:17', '2013-02-15 14:22:17'),
('201302150415', '121307002', '201302140031', 1, 80, 1, '2013-02-15 14:22:17', '2013-02-15 14:22:17'),
('201302150416', '121307003', '201302140031', 1, 82, 1, '2013-02-15 14:22:17', '2013-02-15 14:22:17'),
('201302150417', '121307004', '201302140031', 1, 85, 1, '2013-02-15 14:22:17', '2013-02-15 14:22:17'),
('201302150418', '121307005', '201302140031', 1, 84, 1, '2013-02-15 14:22:17', '2013-02-15 14:22:17'),
('201302150419', '121307006', '201302140031', 1, 82, 1, '2013-02-15 14:22:17', '2013-02-15 14:22:17'),
('201302150420', '121307007', '201302140031', 1, 82, 1, '2013-02-15 14:22:17', '2013-02-15 14:22:17'),
('201302150421', '121307008', '201302140031', 1, 84, 1, '2013-02-15 14:22:17', '2013-02-15 14:22:17'),
('201302150422', '121307009', '201302140031', 1, 84, 1, '2013-02-15 14:22:17', '2013-02-15 14:22:17'),
('201302150423', '121307010', '201302140031', 1, 0, 1, '2013-02-15 14:22:17', '2013-02-15 14:22:17'),
('201302150424', '121307011', '201302140031', 1, 0, 1, '2013-02-15 14:22:17', '2013-02-15 14:22:17'),
('201302150425', '121307012', '201302140031', 1, 0, 1, '2013-02-15 14:22:17', '2013-02-15 14:22:17'),
('201302150426', '121307013', '201302140031', 1, 80, 1, '2013-02-15 14:22:17', '2013-02-15 14:22:17'),
('201302150427', '121307014', '201302140031', 1, 84, 1, '2013-02-15 14:22:17', '2013-02-15 14:22:17'),
('201302150428', '121307015', '201302140031', 1, 82, 1, '2013-02-15 14:22:17', '2013-02-15 14:22:17'),
('201302150429', '121307016', '201302140031', 1, 83, 1, '2013-02-15 14:22:17', '2013-02-15 14:22:17'),
('201302150430', '121307017', '201302140031', 1, 84, 1, '2013-02-15 14:22:17', '2013-02-15 14:22:17'),
('201302150431', '121307018', '201302140031', 1, 82, 1, '2013-02-15 14:22:17', '2013-02-15 14:22:17'),
('201302150432', '121307019', '201302140031', 1, 82, 1, '2013-02-15 14:22:17', '2013-02-15 14:22:17'),
('201302150433', '121307020', '201302140031', 1, 84, 1, '2013-02-15 14:22:17', '2013-02-15 14:22:17'),
('201302150434', '121307021', '201302140031', 1, 80, 1, '2013-02-15 14:22:17', '2013-02-15 14:22:17'),
('201302150435', '121307022', '201302140031', 1, 85, 1, '2013-02-15 14:22:17', '2013-02-15 14:22:17'),
('201302150436', '121307023', '201302140031', 1, 82, 1, '2013-02-15 14:22:17', '2013-02-15 14:22:17'),
('201302150437', '121307024', '201302140031', 1, 84, 1, '2013-02-15 14:22:17', '2013-02-15 14:22:17'),
('201302150438', '121307025', '201302140031', 1, 83, 1, '2013-02-15 14:22:17', '2013-02-15 14:22:17'),
('201302150439', '121307026', '201302140031', 1, 84, 1, '2013-02-15 14:22:17', '2013-02-15 14:22:17'),
('201302150440', '121307027', '201302140031', 1, 85, 1, '2013-02-15 14:22:17', '2013-02-15 14:22:17'),
('201302150441', '121307028', '201302140031', 1, 84, 1, '2013-02-15 14:22:17', '2013-02-15 14:22:17'),
('201302150442', '121307029', '201302140031', 1, 83, 1, '2013-02-15 14:22:17', '2013-02-15 14:22:17'),
('201302150443', '121307030', '201302140031', 1, 84, 1, '2013-02-15 14:22:17', '2013-02-15 14:22:17'),
('201302150444', '101107001', '201302140026', 1, 88, 1, '2013-02-15 14:34:45', '2013-02-15 14:34:45'),
('201302150445', '101107002', '201302140026', 1, 92, 1, '2013-02-15 14:34:45', '2013-02-15 14:34:45'),
('201302150446', '101107004', '201302140026', 1, 86, 1, '2013-02-15 14:34:45', '2013-02-15 14:34:45'),
('201302150447', '101107005', '201302140026', 1, 86, 1, '2013-02-15 14:34:45', '2013-02-15 14:34:45'),
('201302150448', '101107097', '201302140026', 1, 88, 1, '2013-02-15 14:34:45', '2013-02-15 14:34:45'),
('201302150449', '101107064', '201302140026', 1, 88, 1, '2013-02-15 14:34:45', '2013-02-15 14:34:45'),
('201302150450', '101107100', '201302140026', 1, 90, 1, '2013-02-15 14:34:45', '2013-02-15 14:34:45'),
('201302150451', '101107041', '201302140026', 1, 88, 1, '2013-02-15 14:34:45', '2013-02-15 14:34:45'),
('201302150452', '101107043', '201302140026', 1, 92, 1, '2013-02-15 14:34:45', '2013-02-15 14:34:45'),
('201302150453', '101107069', '201302140026', 1, 90, 1, '2013-02-15 14:34:45', '2013-02-15 14:34:45'),
('201302150454', '101107104', '201302140026', 1, 88, 1, '2013-02-15 14:34:45', '2013-02-15 14:34:45'),
('201302150455', '101107014', '201302140026', 1, 90, 1, '2013-02-15 14:34:45', '2013-02-15 14:34:45'),
('201302150456', '101107072', '201302140026', 1, 86, 1, '2013-02-15 14:34:45', '2013-02-15 14:34:45'),
('201302150457', '101107073', '201302140026', 1, 88, 1, '2013-02-15 14:34:45', '2013-02-15 14:34:45'),
('201302150458', '101107016', '201302140026', 1, 90, 1, '2013-02-15 14:34:45', '2013-02-15 14:34:45'),
('201302150459', '101107074', '201302140026', 1, 90, 1, '2013-02-15 14:34:45', '2013-02-15 14:34:45'),
('201302150460', '101107078', '201302140026', 1, 90, 1, '2013-02-15 14:34:45', '2013-02-15 14:34:45'),
('201302150461', '101107079', '201302140026', 1, 90, 1, '2013-02-15 14:34:45', '2013-02-15 14:34:45'),
('201302150462', '101107052', '201302140026', 1, 90, 1, '2013-02-15 14:34:45', '2013-02-15 14:34:45'),
('201302150463', '101107082', '201302140026', 1, 91, 1, '2013-02-15 14:34:45', '2013-02-15 14:34:45'),
('201302150464', '101107018', '201302140026', 1, 90, 1, '2013-02-15 14:34:45', '2013-02-15 14:34:45'),
('201302150465', '101107054', '201302140026', 1, 90, 1, '2013-02-15 14:34:45', '2013-02-15 14:34:45'),
('201302150466', '101107058', '201302140026', 1, 92, 1, '2013-02-15 14:34:45', '2013-02-15 14:34:45'),
('201302150467', '101107119', '201302140026', 1, 90, 1, '2013-02-15 14:34:45', '2013-02-15 14:34:45'),
('201302150468', '101107120', '201302140026', 1, 90, 1, '2013-02-15 14:34:45', '2013-02-15 14:34:45'),
('201302150469', '121307001', '201302140285', 1, 78, 1, '2013-02-15 14:36:45', '2013-02-15 14:36:45'),
('201302150470', '121307002', '201302140285', 1, 80, 1, '2013-02-15 14:36:45', '2013-02-15 14:36:45'),
('201302150471', '121307003', '201302140285', 1, 82, 1, '2013-02-15 14:36:45', '2013-02-15 14:36:45'),
('201302150472', '121307004', '201302140285', 1, 85, 1, '2013-02-15 14:36:45', '2013-02-15 14:36:45'),
('201302150473', '121307005', '201302140285', 1, 80, 1, '2013-02-15 14:36:45', '2013-02-15 14:36:45'),
('201302150474', '121307006', '201302140285', 1, 80, 1, '2013-02-15 14:36:45', '2013-02-15 14:36:45'),
('201302150475', '121307007', '201302140285', 1, 82, 1, '2013-02-15 14:36:45', '2013-02-15 14:36:45'),
('201302150476', '121307008', '201302140285', 1, 80, 1, '2013-02-15 14:36:45', '2013-02-15 14:36:45'),
('201302150477', '121307009', '201302140285', 1, 80, 1, '2013-02-15 14:36:45', '2013-02-15 14:36:45'),
('201302150478', '121307010', '201302140285', 1, 78, 1, '2013-02-15 14:36:45', '2013-02-15 14:36:45'),
('201302150479', '121307011', '201302140285', 1, 80, 1, '2013-02-15 14:36:45', '2013-02-15 14:36:45'),
('201302150480', '121307012', '201302140285', 1, 88, 1, '2013-02-15 14:36:45', '2013-02-15 14:36:45'),
('201302150481', '121307013', '201302140285', 1, 82, 1, '2013-02-15 14:36:45', '2013-02-15 14:36:45'),
('201302150482', '121307014', '201302140285', 1, 84, 1, '2013-02-15 14:36:45', '2013-02-15 14:36:45'),
('201302150483', '121307015', '201302140285', 1, 78, 1, '2013-02-15 14:36:45', '2013-02-15 14:36:45'),
('201302150484', '121307016', '201302140285', 1, 80, 1, '2013-02-15 14:36:45', '2013-02-15 14:36:45'),
('201302150485', '121307017', '201302140285', 1, 80, 1, '2013-02-15 14:36:45', '2013-02-15 14:36:45'),
('201302150486', '121307018', '201302140285', 1, 78, 1, '2013-02-15 14:36:45', '2013-02-15 14:36:45'),
('201302150487', '121307019', '201302140285', 1, 78, 1, '2013-02-15 14:36:45', '2013-02-15 14:36:45'),
('201302150488', '121307020', '201302140285', 1, 85, 1, '2013-02-15 14:36:45', '2013-02-15 14:36:45'),
('201302150489', '121307021', '201302140285', 1, 80, 1, '2013-02-15 14:36:45', '2013-02-15 14:36:45'),
('201302150490', '121307022', '201302140285', 1, 80, 1, '2013-02-15 14:36:45', '2013-02-15 14:36:45'),
('201302150491', '121307023', '201302140285', 1, 82, 1, '2013-02-15 14:36:45', '2013-02-15 14:36:45'),
('201302150492', '121307024', '201302140285', 1, 82, 1, '2013-02-15 14:36:45', '2013-02-15 14:36:45'),
('201302150493', '121307025', '201302140285', 1, 80, 1, '2013-02-15 14:36:45', '2013-02-15 14:36:45');
INSERT INTO `academic_score` (`score_id`, `score_student`, `score_teaching`, `score_type`, `score_value`, `score_status`, `score_entry`, `score_entry_update`) VALUES
('201302150494', '121307026', '201302140285', 1, 86, 1, '2013-02-15 14:36:45', '2013-02-15 14:36:45'),
('201302150495', '121307027', '201302140285', 1, 88, 1, '2013-02-15 14:36:45', '2013-02-15 14:36:45'),
('201302150496', '121307028', '201302140285', 1, 78, 1, '2013-02-15 14:36:45', '2013-02-15 14:36:45'),
('201302150497', '121307029', '201302140285', 1, 80, 1, '2013-02-15 14:36:45', '2013-02-15 14:36:45'),
('201302150498', '121307030', '201302140285', 1, 82, 1, '2013-02-15 14:36:45', '2013-02-15 14:36:45'),
('201302150499', '101107061', '201302140027', 1, 82, 1, '2013-02-15 14:38:25', '2013-02-15 14:38:25'),
('201302150500', '101107034', '201302140027', 1, 80, 1, '2013-02-15 14:38:25', '2013-02-15 14:38:25'),
('201302150501', '101107125', '201302140027', 1, 80, 1, '2013-02-15 14:38:25', '2013-02-15 14:38:25'),
('201302150502', '101107095', '201302140027', 1, 86, 1, '2013-02-15 14:38:25', '2013-02-15 14:38:25'),
('201302150503', '101107039', '201302140027', 1, 80, 1, '2013-02-15 14:38:25', '2013-02-15 14:38:25'),
('201302150504', '101107129', '201302140027', 1, 84, 1, '2013-02-15 14:38:25', '2013-02-15 14:38:25'),
('201302150505', '101107189', '201302140027', 1, 86, 1, '2013-02-15 14:38:25', '2013-02-15 14:38:25'),
('201302150506', '101107012', '201302140027', 1, 80, 1, '2013-02-15 14:38:25', '2013-02-15 14:38:25'),
('201302150507', '101107193', '201302140027', 1, 86, 1, '2013-02-15 14:38:25', '2013-02-15 14:38:25'),
('201302150508', '101107135', '201302140027', 1, 84, 1, '2013-02-15 14:38:25', '2013-02-15 14:38:25'),
('201302150509', '101107049', '201302140027', 1, 84, 1, '2013-02-15 14:38:25', '2013-02-15 14:38:25'),
('201302150510', '101107137', '201302140027', 1, 82, 1, '2013-02-15 14:38:25', '2013-02-15 14:38:25'),
('201302150511', '101107111', '201302140027', 1, 84, 1, '2013-02-15 14:38:25', '2013-02-15 14:38:25'),
('201302150512', '101107083', '201302140027', 1, 84, 1, '2013-02-15 14:38:25', '2013-02-15 14:38:25'),
('201302150513', '101107055', '201302140027', 1, 90, 1, '2013-02-15 14:38:25', '2013-02-15 14:38:25'),
('201302150514', '101107020', '201302140027', 1, 86, 1, '2013-02-15 14:38:25', '2013-02-15 14:38:25'),
('201302150515', '101107169', '201302140027', 1, 88, 1, '2013-02-15 14:38:25', '2013-02-15 14:38:25'),
('201302150516', '101107056', '201302140027', 1, 82, 1, '2013-02-15 14:38:25', '2013-02-15 14:38:25'),
('201302150517', '101107022', '201302140027', 1, 80, 1, '2013-02-15 14:38:25', '2013-02-15 14:38:25'),
('201302150518', '101107024', '201302140027', 1, 88, 1, '2013-02-15 14:38:25', '2013-02-15 14:38:25'),
('201302150519', '101107172', '201302140027', 1, 88, 1, '2013-02-15 14:38:25', '2013-02-15 14:38:25'),
('201302150520', '101107025', '201302140027', 1, 86, 1, '2013-02-15 14:38:25', '2013-02-15 14:38:25'),
('201302150521', '101107202', '201302140027', 1, 84, 1, '2013-02-15 14:38:25', '2013-02-15 14:38:25'),
('201302150522', '101107089', '201302140027', 1, 88, 1, '2013-02-15 14:38:25', '2013-02-15 14:38:25'),
('201302150523', '101107177', '201302140027', 1, 84, 1, '2013-02-15 14:38:25', '2013-02-15 14:38:25'),
('201302150524', '101107206', '201302140027', 1, 84, 1, '2013-02-15 14:38:25', '2013-02-15 14:38:25'),
('201302150525', '121307120', '201302140358', 1, 90, 1, '2013-02-15 14:40:02', '2013-02-15 15:20:44'),
('201302150526', '121307032', '201302140358', 1, 80, 1, '2013-02-15 14:40:02', '2013-02-15 15:20:44'),
('201302150527', '121307210', '201302140358', 1, 81, 1, '2013-02-15 14:40:02', '2013-02-15 15:20:44'),
('201302150528', '121307181', '201302140358', 1, 85, 1, '2013-02-15 14:40:02', '2013-02-15 15:20:44'),
('201302150529', '121307091', '201302140358', 1, 86, 1, '2013-02-15 14:40:02', '2013-02-15 15:20:44'),
('201302150530', '121307125', '201302140358', 1, 88, 1, '2013-02-15 14:40:02', '2013-02-15 15:20:44'),
('201302150531', '121307214', '201302140358', 1, 87, 1, '2013-02-15 14:40:02', '2013-02-15 15:20:44'),
('201302150532', '121307127', '201302140358', 1, 89, 1, '2013-02-15 14:40:02', '2013-02-15 15:20:44'),
('201302150533', '121307185', '201302140358', 1, 91, 1, '2013-02-15 14:40:02', '2013-02-15 15:20:44'),
('201302150534', '121307131', '201302140358', 1, 92, 1, '2013-02-15 14:40:02', '2013-02-15 15:20:44'),
('201302150535', '121307099', '201302140358', 1, 78, 1, '2013-02-15 14:40:02', '2013-02-15 15:20:44'),
('201302150536', '121307189', '201302140358', 1, 88, 1, '2013-02-15 14:40:02', '2013-02-15 15:20:44'),
('201302150537', '121307190', '201302140358', 1, 85, 1, '2013-02-15 14:40:02', '2013-02-15 15:20:44'),
('201302150538', '121307041', '201302140358', 1, 84, 1, '2013-02-15 14:40:02', '2013-02-15 15:20:44'),
('201302150539', '121307134', '201302140358', 1, 82, 1, '2013-02-15 14:40:02', '2013-02-15 15:20:44'),
('201302150540', '121307136', '201302140358', 1, 83, 1, '2013-02-15 14:40:02', '2013-02-15 15:20:44'),
('201302150541', '121307220', '201302140358', 1, 80, 1, '2013-02-15 14:40:02', '2013-02-15 15:20:44'),
('201302150542', '121307042', '201302140358', 1, 80, 1, '2013-02-15 14:40:02', '2013-02-15 15:20:44'),
('201302150543', '121307195', '201302140358', 1, 81, 1, '2013-02-15 14:40:02', '2013-02-15 15:20:44'),
('201302150544', '121307049', '201302140358', 1, 89, 1, '2013-02-15 14:40:02', '2013-02-15 15:20:44'),
('201302150545', '121307021', '201302140358', 1, 90, 1, '2013-02-15 14:40:02', '2013-02-15 15:20:44'),
('201302150546', '121307113', '201302140358', 1, 86, 1, '2013-02-15 14:40:02', '2013-02-15 15:20:44'),
('201302150547', '121307204', '201302140358', 1, 87, 1, '2013-02-15 14:40:02', '2013-02-15 15:20:44'),
('201302150548', '121307205', '201302140358', 1, 81, 1, '2013-02-15 14:40:02', '2013-02-15 15:20:44'),
('201302150549', '121307114', '201302140358', 1, 82, 1, '2013-02-15 14:40:02', '2013-02-15 15:20:44'),
('201302150550', '121307234', '201302140358', 1, 88, 1, '2013-02-15 14:40:02', '2013-02-15 15:20:44'),
('201302150551', '121307236', '201302140358', 1, 83, 1, '2013-02-15 14:40:02', '2013-02-15 15:20:44'),
('201302150552', '121307206', '201302140358', 1, 79, 1, '2013-02-15 14:40:02', '2013-02-15 15:20:44'),
('201302150553', '121307149', '201302140358', 1, 88, 1, '2013-02-15 14:40:02', '2013-02-15 15:20:44'),
('201302150554', '121307060', '201302140100', 1, 76, 1, '2013-02-15 14:44:26', '2013-02-15 14:44:26'),
('201302150555', '121307061', '201302140100', 1, 78, 1, '2013-02-15 14:44:26', '2013-02-15 14:44:26'),
('201302150556', '121307062', '201302140100', 1, 80, 1, '2013-02-15 14:44:26', '2013-02-15 14:44:26'),
('201302150557', '121307063', '201302140100', 1, 76, 1, '2013-02-15 14:44:26', '2013-02-15 14:44:26'),
('201302150558', '121307064', '201302140100', 1, 67, 1, '2013-02-15 14:44:26', '2013-02-15 14:44:26'),
('201302150559', '121307065', '201302140100', 1, 87, 1, '2013-02-15 14:44:26', '2013-02-15 14:44:26'),
('201302150560', '121307066', '201302140100', 1, 76, 1, '2013-02-15 14:44:26', '2013-02-15 14:44:26'),
('201302150561', '121307067', '201302140100', 1, 77, 1, '2013-02-15 14:44:26', '2013-02-15 14:44:26'),
('201302150562', '121307068', '201302140100', 1, 78, 1, '2013-02-15 14:44:26', '2013-02-15 14:44:26'),
('201302150563', '121307069', '201302140100', 1, 90, 1, '2013-02-15 14:44:26', '2013-02-15 14:44:26'),
('201302150564', '121307070', '201302140100', 1, 76, 1, '2013-02-15 14:44:26', '2013-02-15 14:44:26'),
('201302150565', '121307071', '201302140100', 1, 78, 1, '2013-02-15 14:44:26', '2013-02-15 14:44:26'),
('201302150566', '121307072', '201302140100', 1, 92, 1, '2013-02-15 14:44:26', '2013-02-15 14:44:26'),
('201302150567', '121307073', '201302140100', 1, 78, 1, '2013-02-15 14:44:26', '2013-02-15 14:44:26'),
('201302150568', '121307074', '201302140100', 1, 78, 1, '2013-02-15 14:44:26', '2013-02-15 14:44:26'),
('201302150569', '121307075', '201302140100', 1, 77, 1, '2013-02-15 14:44:26', '2013-02-15 14:44:26'),
('201302150570', '121307076', '201302140100', 1, 98, 1, '2013-02-15 14:44:26', '2013-02-15 14:44:26'),
('201302150571', '121307077', '201302140100', 1, 67, 1, '2013-02-15 14:44:26', '2013-02-15 14:44:26'),
('201302150572', '121307078', '201302140100', 1, 87, 1, '2013-02-15 14:44:26', '2013-02-15 14:44:26'),
('201302150573', '121307079', '201302140100', 1, 76, 1, '2013-02-15 14:44:26', '2013-02-15 14:44:26'),
('201302150574', '121307080', '201302140100', 1, 76, 1, '2013-02-15 14:44:26', '2013-02-15 14:44:26'),
('201302150575', '121307081', '201302140100', 1, 76, 1, '2013-02-15 14:44:26', '2013-02-15 14:44:26'),
('201302150576', '121307082', '201302140100', 1, 79, 1, '2013-02-15 14:44:26', '2013-02-15 14:44:26'),
('201302150577', '121307083', '201302140100', 1, 68, 1, '2013-02-15 14:44:26', '2013-02-15 14:44:26'),
('201302150578', '121307084', '201302140100', 1, 76, 1, '2013-02-15 14:44:26', '2013-02-15 14:44:26'),
('201302150579', '121307085', '201302140100', 1, 77, 1, '2013-02-15 14:44:26', '2013-02-15 14:44:26'),
('201302150580', '121307086', '201302140100', 1, 87, 1, '2013-02-15 14:44:26', '2013-02-15 14:44:26'),
('201302150581', '121307087', '201302140100', 1, 78, 1, '2013-02-15 14:44:26', '2013-02-15 14:44:26'),
('201302150582', '121307088', '201302140100', 1, 80, 1, '2013-02-15 14:44:26', '2013-02-15 14:44:26'),
('201302150583', '121307089', '201302140100', 1, 87, 1, '2013-02-15 14:44:26', '2013-02-15 14:44:26'),
('201303200001', '111207157', '201303200357', 1, 80, 1, '2013-03-20 16:10:33', '2013-03-20 16:10:33'),
('201303200002', '111207130', '201303200357', 1, 80, 1, '2013-03-20 16:10:33', '2013-03-20 16:10:33'),
('201303200003', '111207001', '201303200357', 1, 80, 1, '2013-03-20 16:10:33', '2013-03-20 16:10:33'),
('201303200004', '111207103', '201303200357', 1, 80, 1, '2013-03-20 16:10:33', '2013-03-20 16:10:33'),
('201303200005', '111207007', '201303200357', 1, 80, 1, '2013-03-20 16:10:33', '2013-03-20 16:10:33'),
('201303200006', '111207162', '201303200357', 1, 80, 1, '2013-03-20 16:10:33', '2013-03-20 16:10:33'),
('201303200007', '111207108', '201303200357', 1, 80, 1, '2013-03-20 16:10:33', '2013-03-20 16:10:33'),
('201303200008', '111207140', '201303200357', 1, 80, 1, '2013-03-20 16:10:33', '2013-03-20 16:10:33'),
('201303200009', '111207169', '201303200357', 1, 80, 1, '2013-03-20 16:10:33', '2013-03-20 16:10:33'),
('201303200010', '111207192', '201303200357', 1, 80, 1, '2013-03-20 16:10:33', '2013-03-20 16:10:33'),
('201303200011', '111207088', '201303200357', 1, 80, 1, '2013-03-20 16:10:33', '2013-03-20 16:10:33'),
('201303200012', '111207171', '201303200357', 1, 80, 1, '2013-03-20 16:10:33', '2013-03-20 16:10:33'),
('201303200013', '111207117', '201303200357', 1, 80, 1, '2013-03-20 16:10:33', '2013-03-20 16:10:33'),
('201303200014', '111207039', '201303200357', 1, 80, 1, '2013-03-20 16:10:33', '2013-03-20 16:10:33'),
('201303200015', '111207092', '201303200357', 1, 80, 1, '2013-03-20 16:10:33', '2013-03-20 16:10:33'),
('201303200016', '111207122', '201303200357', 1, 80, 1, '2013-03-20 16:10:33', '2013-03-20 16:10:33'),
('201303200017', '111207045', '201303200357', 1, 80, 1, '2013-03-20 16:10:33', '2013-03-20 16:10:33'),
('201303200018', '111207207', '201303200357', 1, 80, 1, '2013-03-20 16:10:33', '2013-03-20 16:10:33'),
('201303200019', '111207099', '201303200357', 1, 80, 1, '2013-03-20 16:10:33', '2013-03-20 16:10:33'),
('201303200020', '111207127', '201303200357', 1, 80, 1, '2013-03-20 16:10:33', '2013-03-20 16:10:33'),
('201303200021', '111207023', '201303200357', 1, 80, 1, '2013-03-20 16:10:33', '2013-03-20 16:10:33'),
('201303200022', '111207181', '201303200357', 1, 80, 1, '2013-03-20 16:10:33', '2013-03-20 16:10:33'),
('201303200023', '111207049', '201303200357', 1, 80, 1, '2013-03-20 16:10:33', '2013-03-20 16:10:33'),
('201303200024', '111207182', '201303200357', 1, 80, 1, '2013-03-20 16:10:33', '2013-03-20 16:10:33'),
('201303200025', '111207183', '201303200357', 1, 80, 1, '2013-03-20 16:10:33', '2013-03-20 16:10:33'),
('201303200026', '121307120', '201303200358', 1, 80, 1, '2013-03-20 17:14:52', '2013-03-20 17:14:52'),
('201303200027', '121307032', '201303200358', 1, 80, 1, '2013-03-20 17:14:52', '2013-03-20 17:14:52'),
('201303200028', '121307210', '201303200358', 1, 80, 1, '2013-03-20 17:14:52', '2013-03-20 17:14:52'),
('201303200029', '121307181', '201303200358', 1, 80, 1, '2013-03-20 17:14:52', '2013-03-20 17:14:52'),
('201303200030', '121307091', '201303200358', 1, 80, 1, '2013-03-20 17:14:52', '2013-03-20 17:14:52'),
('201303200031', '121307125', '201303200358', 1, 80, 1, '2013-03-20 17:14:52', '2013-03-20 17:14:52'),
('201303200032', '121307214', '201303200358', 1, 80, 1, '2013-03-20 17:14:52', '2013-03-20 17:14:52'),
('201303200033', '121307127', '201303200358', 1, 80, 1, '2013-03-20 17:14:52', '2013-03-20 17:14:52'),
('201303200034', '121307185', '201303200358', 1, 80, 1, '2013-03-20 17:14:52', '2013-03-20 17:14:52'),
('201303200035', '121307131', '201303200358', 1, 80, 1, '2013-03-20 17:14:52', '2013-03-20 17:14:52'),
('201303200036', '121307099', '201303200358', 1, 80, 1, '2013-03-20 17:14:52', '2013-03-20 17:14:52'),
('201303200037', '121307189', '201303200358', 1, 80, 1, '2013-03-20 17:14:52', '2013-03-20 17:14:52'),
('201303200038', '121307190', '201303200358', 1, 80, 1, '2013-03-20 17:14:52', '2013-03-20 17:14:52'),
('201303200039', '121307041', '201303200358', 1, 80, 1, '2013-03-20 17:14:52', '2013-03-20 17:14:52'),
('201303200040', '121307134', '201303200358', 1, 80, 1, '2013-03-20 17:14:52', '2013-03-20 17:14:52'),
('201303200041', '121307136', '201303200358', 1, 80, 1, '2013-03-20 17:14:52', '2013-03-20 17:14:52'),
('201303200042', '121307220', '201303200358', 1, 80, 1, '2013-03-20 17:14:52', '2013-03-20 17:14:52'),
('201303200043', '121307042', '201303200358', 1, 80, 1, '2013-03-20 17:14:52', '2013-03-20 17:14:52'),
('201303200044', '121307195', '201303200358', 1, 80, 1, '2013-03-20 17:14:52', '2013-03-20 17:14:52'),
('201303200045', '121307049', '201303200358', 1, 80, 1, '2013-03-20 17:14:52', '2013-03-20 17:14:52'),
('201303200046', '121307021', '201303200358', 1, 80, 1, '2013-03-20 17:14:52', '2013-03-20 17:14:52'),
('201303200047', '121307113', '201303200358', 1, 80, 1, '2013-03-20 17:14:52', '2013-03-20 17:14:52'),
('201303200048', '121307204', '201303200358', 1, 80, 1, '2013-03-20 17:14:52', '2013-03-20 17:14:52'),
('201303200049', '121307205', '201303200358', 1, 80, 1, '2013-03-20 17:14:52', '2013-03-20 17:14:52'),
('201303200050', '121307114', '201303200358', 1, 80, 1, '2013-03-20 17:14:52', '2013-03-20 17:14:52'),
('201303200051', '121307234', '201303200358', 1, 80, 1, '2013-03-20 17:14:52', '2013-03-20 17:14:52'),
('201303200052', '121307236', '201303200358', 1, 80, 1, '2013-03-20 17:14:52', '2013-03-20 17:14:52'),
('201303200053', '121307206', '201303200358', 1, 80, 1, '2013-03-20 17:14:52', '2013-03-20 17:14:52'),
('201303200054', '121307149', '201303200358', 1, 80, 1, '2013-03-20 17:14:53', '2013-03-20 17:14:53');

-- --------------------------------------------------------

--
-- Table structure for table `academic_score_attitude`
--

CREATE TABLE IF NOT EXISTS `academic_score_attitude` (
  `score_attitude_id` varchar(12) NOT NULL,
  `score_attitude_value` float NOT NULL,
  `score_attitude_student` varchar(10) NOT NULL,
  `score_attitude_period` tinyint(4) NOT NULL,
  `score_attitude_semester` tinyint(4) NOT NULL,
  `score_attitude_subject` tinyint(4) NOT NULL,
  `score_attitude_entry` datetime NOT NULL,
  `score_attitude_entry_update` datetime NOT NULL,
  PRIMARY KEY (`score_attitude_id`),
  KEY `academic_score_attitude_fk1` (`score_attitude_student`),
  KEY `academic_score_attitude_fk2` (`score_attitude_period`),
  KEY `academic_score_attitude_fk3` (`score_attitude_semester`),
  KEY `academic_score_attitude_fk4` (`score_attitude_subject`)
) ENGINE=InnoDB DEFAULT CHARSET=latin1;

-- --------------------------------------------------------

--
-- Table structure for table `academic_score_daily`
--

CREATE TABLE IF NOT EXISTS `academic_score_daily` (
  `score_daily_id` varchar(12) NOT NULL,
  `score_daily_student` varchar(10) NOT NULL,
  `score_daily_period` tinyint(4) NOT NULL,
  `score_daily_semester` tinyint(1) NOT NULL,
  `score_daily_value` float NOT NULL,
  `score_daily_competence` varchar(12) NOT NULL,
  `score_daily_type` tinyint(1) NOT NULL,
  `score_daily_entry` datetime NOT NULL,
  `score_daily_entry_update` datetime NOT NULL,
  PRIMARY KEY (`score_daily_id`),
  KEY `academic_score_daily_fk1` (`score_daily_type`),
  KEY `academic_score_daily_fk5` (`score_daily_student`),
  KEY `academic_score_daily_fk6` (`score_daily_semester`),
  KEY `academic_score_daily_fk3` (`score_daily_period`),
  KEY `academic_score_daily_fk2` (`score_daily_competence`)
) ENGINE=InnoDB DEFAULT CHARSET=latin1;

-- --------------------------------------------------------

--
-- Table structure for table `academic_score_extracurricular`
--

CREATE TABLE IF NOT EXISTS `academic_score_extracurricular` (
  `score_extracurricular_id` varchar(12) NOT NULL,
  `score_extracurricular_student` varchar(10) NOT NULL,
  `score_extracurricular` varchar(12) NOT NULL,
  `score_extracurricular_type` tinyint(1) NOT NULL,
  `score_extracurricular_value` char(1) NOT NULL COMMENT 'nilai diisi dengan huruf',
  `score_extracurricular_entry` datetime NOT NULL,
  `score_extracurricular_entry_update` datetime NOT NULL,
  PRIMARY KEY (`score_extracurricular_id`),
  KEY `academic_score_extracurricular_fk2` (`score_extracurricular_type`),
  KEY `academic_score_extracurricular_fk1` (`score_extracurricular`),
  KEY `academic_score_extracurricular_fk3` (`score_extracurricular_student`)
) ENGINE=InnoDB DEFAULT CHARSET=latin1;

-- --------------------------------------------------------

--
-- Table structure for table `academic_score_final`
--

CREATE TABLE IF NOT EXISTS `academic_score_final` (
  `score_final_id` varchar(12) NOT NULL,
  `score_final_student` varchar(10) NOT NULL,
  `score_final_subject` tinyint(4) NOT NULL,
  `score_final_period` tinyint(4) NOT NULL,
  `score_final_semester` tinyint(1) NOT NULL,
  `score_final_value` float NOT NULL,
  `score_final_entry` datetime NOT NULL,
  `score_final_entry_update` datetime NOT NULL,
  PRIMARY KEY (`score_final_id`),
  KEY `academic_score_final_fk1` (`score_final_student`),
  KEY `academic_score_final_fk4` (`score_final_semester`),
  KEY `academic_score_final_fk3` (`score_final_period`),
  KEY `academic_score_final_fk2` (`score_final_subject`)
) ENGINE=InnoDB DEFAULT CHARSET=latin1;

-- --------------------------------------------------------

--
-- Table structure for table `academic_score_guidance`
--

CREATE TABLE IF NOT EXISTS `academic_score_guidance` (
  `score_guidance_id` varchar(12) NOT NULL,
  `score_guidance_student` varchar(12) NOT NULL,
  `score_guidance_guidance` varchar(12) NOT NULL,
  `score_guidance_value` char(1) NOT NULL,
  `score_guidance_desc` tinyint(1) NOT NULL,
  `score_guidance_type` tinyint(4) NOT NULL,
  `score_guidance_entry` datetime NOT NULL,
  `score_guidance_entry_update` datetime NOT NULL,
  PRIMARY KEY (`score_guidance_id`),
  KEY `academic_score_guidance_fk1` (`score_guidance_guidance`),
  KEY `academic_score_guidance_fk2` (`score_guidance_student`),
  KEY `academic_score_guidance_fk3` (`score_guidance_type`),
  KEY `academic_score_guidance_fk4` (`score_guidance_desc`)
) ENGINE=InnoDB DEFAULT CHARSET=latin1;

--
-- Dumping data for table `academic_score_guidance`
--

INSERT INTO `academic_score_guidance` (`score_guidance_id`, `score_guidance_student`, `score_guidance_guidance`, `score_guidance_value`, `score_guidance_desc`, `score_guidance_type`, `score_guidance_entry`, `score_guidance_entry_update`) VALUES
('201302150001', '121307001', '201302140013', 'A', 1, 1, '2013-02-15 14:34:50', '2013-02-15 14:34:50'),
('201302150002', '121307002', '201302140013', 'A', 1, 1, '2013-02-15 14:34:50', '2013-02-15 14:34:50'),
('201302150003', '121307003', '201302140013', 'A', 1, 1, '2013-02-15 14:34:50', '2013-02-15 14:34:50'),
('201302150004', '121307004', '201302140013', 'A', 1, 1, '2013-02-15 14:34:50', '2013-02-15 14:34:50'),
('201302150005', '121307005', '201302140013', 'A', 1, 1, '2013-02-15 14:34:50', '2013-02-15 14:34:50'),
('201302150006', '121307006', '201302140013', 'B', 1, 1, '2013-02-15 14:34:50', '2013-02-15 14:34:50'),
('201302150007', '121307007', '201302140013', 'B', 1, 1, '2013-02-15 14:34:50', '2013-02-15 14:34:50'),
('201302150008', '121307008', '201302140013', 'A', 1, 1, '2013-02-15 14:34:50', '2013-02-15 14:34:50'),
('201302150009', '121307009', '201302140013', 'A', 1, 1, '2013-02-15 14:34:50', '2013-02-15 14:34:50'),
('201302150010', '121307010', '201302140013', 'A', 1, 1, '2013-02-15 14:34:50', '2013-02-15 14:34:50'),
('201302150011', '121307011', '201302140013', 'A', 1, 1, '2013-02-15 14:34:50', '2013-02-15 14:34:50'),
('201302150012', '121307012', '201302140013', 'A', 1, 1, '2013-02-15 14:34:50', '2013-02-15 14:34:50'),
('201302150013', '121307013', '201302140013', 'A', 1, 1, '2013-02-15 14:34:50', '2013-02-15 14:34:50'),
('201302150014', '121307014', '201302140013', 'A', 1, 1, '2013-02-15 14:34:50', '2013-02-15 14:34:50'),
('201302150015', '121307015', '201302140013', 'B', 1, 1, '2013-02-15 14:34:50', '2013-02-15 14:34:50'),
('201302150016', '121307016', '201302140013', 'A', 1, 1, '2013-02-15 14:34:50', '2013-02-15 14:34:50'),
('201302150017', '121307017', '201302140013', 'A', 1, 1, '2013-02-15 14:34:50', '2013-02-15 14:34:50'),
('201302150018', '121307018', '201302140013', 'A', 1, 1, '2013-02-15 14:34:50', '2013-02-15 14:34:50'),
('201302150019', '121307019', '201302140013', 'B', 1, 1, '2013-02-15 14:34:50', '2013-02-15 14:34:50'),
('201302150020', '121307020', '201302140013', 'C', 1, 1, '2013-02-15 14:34:50', '2013-02-15 14:34:50'),
('201302150021', '121307021', '201302140013', 'A', 1, 1, '2013-02-15 14:34:50', '2013-02-15 14:34:50'),
('201302150022', '121307022', '201302140013', 'C', 1, 1, '2013-02-15 14:34:50', '2013-02-15 14:34:50'),
('201302150023', '121307023', '201302140013', 'A', 1, 1, '2013-02-15 14:34:50', '2013-02-15 14:34:50'),
('201302150024', '121307024', '201302140013', 'B', 1, 1, '2013-02-15 14:34:50', '2013-02-15 14:34:50'),
('201302150025', '121307025', '201302140013', 'B', 1, 1, '2013-02-15 14:34:50', '2013-02-15 14:34:50'),
('201302150026', '121307026', '201302140013', 'A', 1, 1, '2013-02-15 14:34:50', '2013-02-15 14:34:50'),
('201302150027', '121307027', '201302140013', 'B', 1, 1, '2013-02-15 14:34:50', '2013-02-15 14:34:50'),
('201302150028', '121307028', '201302140013', 'B', 1, 1, '2013-02-15 14:34:50', '2013-02-15 14:34:50'),
('201302150029', '121307029', '201302140013', 'B', 1, 1, '2013-02-15 14:34:50', '2013-02-15 14:34:50'),
('201302150030', '121307030', '201302140013', 'B', 1, 1, '2013-02-15 14:34:50', '2013-02-15 14:34:50'),
('201302150031', '121307001', '201302140013', 'B', 2, 1, '2013-02-15 14:35:37', '2013-02-15 14:35:37'),
('201302150032', '121307002', '201302140013', 'A', 2, 1, '2013-02-15 14:35:37', '2013-02-15 14:35:37'),
('201302150033', '121307003', '201302140013', 'B', 2, 1, '2013-02-15 14:35:37', '2013-02-15 14:35:37'),
('201302150034', '121307004', '201302140013', 'A', 2, 1, '2013-02-15 14:35:37', '2013-02-15 14:35:37'),
('201302150035', '121307005', '201302140013', 'A', 2, 1, '2013-02-15 14:35:37', '2013-02-15 14:35:37'),
('201302150036', '121307006', '201302140013', 'B', 2, 1, '2013-02-15 14:35:37', '2013-02-15 14:35:37'),
('201302150037', '121307007', '201302140013', 'B', 2, 1, '2013-02-15 14:35:37', '2013-02-15 14:35:37'),
('201302150038', '121307008', '201302140013', 'B', 2, 1, '2013-02-15 14:35:37', '2013-02-15 14:35:37'),
('201302150039', '121307009', '201302140013', 'C', 2, 1, '2013-02-15 14:35:37', '2013-02-15 14:35:37'),
('201302150040', '121307010', '201302140013', 'A', 2, 1, '2013-02-15 14:35:37', '2013-02-15 14:35:37'),
('201302150041', '121307011', '201302140013', 'B', 2, 1, '2013-02-15 14:35:37', '2013-02-15 14:35:37'),
('201302150042', '121307012', '201302140013', 'B', 2, 1, '2013-02-15 14:35:37', '2013-02-15 14:35:37'),
('201302150043', '121307013', '201302140013', 'A', 2, 1, '2013-02-15 14:35:37', '2013-02-15 14:35:37'),
('201302150044', '121307014', '201302140013', 'B', 2, 1, '2013-02-15 14:35:37', '2013-02-15 14:35:37'),
('201302150045', '121307015', '201302140013', 'A', 2, 1, '2013-02-15 14:35:37', '2013-02-15 14:35:37'),
('201302150046', '121307016', '201302140013', 'B', 2, 1, '2013-02-15 14:35:37', '2013-02-15 14:35:37'),
('201302150047', '121307017', '201302140013', 'B', 2, 1, '2013-02-15 14:35:37', '2013-02-15 14:35:37'),
('201302150048', '121307018', '201302140013', 'C', 2, 1, '2013-02-15 14:35:37', '2013-02-15 14:35:37'),
('201302150049', '121307019', '201302140013', 'C', 2, 1, '2013-02-15 14:35:37', '2013-02-15 14:35:37'),
('201302150050', '121307020', '201302140013', 'A', 2, 1, '2013-02-15 14:35:37', '2013-02-15 14:35:37'),
('201302150051', '121307021', '201302140013', 'B', 2, 1, '2013-02-15 14:35:37', '2013-02-15 14:35:37'),
('201302150052', '121307022', '201302140013', 'B', 2, 1, '2013-02-15 14:35:37', '2013-02-15 14:35:37'),
('201302150053', '121307023', '201302140013', 'B', 2, 1, '2013-02-15 14:35:37', '2013-02-15 14:35:37'),
('201302150054', '121307024', '201302140013', 'A', 2, 1, '2013-02-15 14:35:37', '2013-02-15 14:35:37'),
('201302150055', '121307025', '201302140013', 'B', 2, 1, '2013-02-15 14:35:37', '2013-02-15 14:35:37'),
('201302150056', '121307026', '201302140013', 'A', 2, 1, '2013-02-15 14:35:37', '2013-02-15 14:35:37'),
('201302150057', '121307027', '201302140013', 'B', 2, 1, '2013-02-15 14:35:37', '2013-02-15 14:35:37'),
('201302150058', '121307028', '201302140013', 'A', 2, 1, '2013-02-15 14:35:37', '2013-02-15 14:35:37'),
('201302150059', '121307029', '201302140013', 'B', 2, 1, '2013-02-15 14:35:37', '2013-02-15 14:35:37'),
('201302150060', '121307030', '201302140013', 'B', 2, 1, '2013-02-15 14:35:38', '2013-02-15 14:35:38'),
('201303200001', '121307001', '201303200013', 'A', 1, 1, '2013-03-20 17:08:22', '2013-03-20 17:08:22'),
('201303200002', '121307002', '201303200013', 'A', 1, 1, '2013-03-20 17:08:22', '2013-03-20 17:08:22'),
('201303200003', '121307003', '201303200013', 'A', 1, 1, '2013-03-20 17:08:22', '2013-03-20 17:08:22'),
('201303200004', '121307004', '201303200013', 'B', 1, 1, '2013-03-20 17:08:22', '2013-03-20 17:08:22'),
('201303200005', '121307005', '201303200013', 'B', 1, 1, '2013-03-20 17:08:22', '2013-03-20 17:08:22'),
('201303200006', '121307006', '201303200013', 'B', 1, 1, '2013-03-20 17:08:22', '2013-03-20 17:08:22'),
('201303200007', '121307007', '201303200013', 'B', 1, 1, '2013-03-20 17:08:22', '2013-03-20 17:08:22'),
('201303200008', '121307008', '201303200013', 'B', 1, 1, '2013-03-20 17:08:22', '2013-03-20 17:08:22'),
('201303200009', '121307009', '201303200013', 'B', 1, 1, '2013-03-20 17:08:22', '2013-03-20 17:08:22'),
('201303200010', '121307010', '201303200013', 'B', 1, 1, '2013-03-20 17:08:22', '2013-03-20 17:08:22'),
('201303200011', '121307011', '201303200013', 'B', 1, 1, '2013-03-20 17:08:22', '2013-03-20 17:08:22'),
('201303200012', '121307012', '201303200013', 'B', 1, 1, '2013-03-20 17:08:22', '2013-03-20 17:08:22'),
('201303200013', '121307013', '201303200013', 'B', 1, 1, '2013-03-20 17:08:22', '2013-03-20 17:08:22'),
('201303200014', '121307014', '201303200013', 'B', 1, 1, '2013-03-20 17:08:22', '2013-03-20 17:08:22'),
('201303200015', '121307015', '201303200013', 'B', 1, 1, '2013-03-20 17:08:22', '2013-03-20 17:08:22'),
('201303200016', '121307016', '201303200013', 'B', 1, 1, '2013-03-20 17:08:22', '2013-03-20 17:08:22'),
('201303200017', '121307017', '201303200013', 'B', 1, 1, '2013-03-20 17:08:22', '2013-03-20 17:08:22'),
('201303200018', '121307018', '201303200013', 'B', 1, 1, '2013-03-20 17:08:22', '2013-03-20 17:08:22'),
('201303200019', '121307019', '201303200013', 'B', 1, 1, '2013-03-20 17:08:22', '2013-03-20 17:08:22'),
('201303200020', '121307020', '201303200013', 'B', 1, 1, '2013-03-20 17:08:22', '2013-03-20 17:08:22'),
('201303200021', '121307021', '201303200013', 'B', 1, 1, '2013-03-20 17:08:22', '2013-03-20 17:08:22'),
('201303200022', '121307022', '201303200013', 'B', 1, 1, '2013-03-20 17:08:22', '2013-03-20 17:08:22'),
('201303200023', '121307023', '201303200013', 'B', 1, 1, '2013-03-20 17:08:22', '2013-03-20 17:08:22'),
('201303200024', '121307024', '201303200013', 'B', 1, 1, '2013-03-20 17:08:22', '2013-03-20 17:08:22'),
('201303200025', '121307025', '201303200013', 'B', 1, 1, '2013-03-20 17:08:22', '2013-03-20 17:08:22'),
('201303200026', '121307026', '201303200013', 'B', 1, 1, '2013-03-20 17:08:22', '2013-03-20 17:08:22'),
('201303200027', '121307027', '201303200013', 'B', 1, 1, '2013-03-20 17:08:22', '2013-03-20 17:08:22'),
('201303200028', '121307028', '201303200013', 'B', 1, 1, '2013-03-20 17:08:22', '2013-03-20 17:08:22'),
('201303200029', '121307029', '201303200013', 'B', 1, 1, '2013-03-20 17:08:22', '2013-03-20 17:08:22'),
('201303200030', '121307030', '201303200013', 'B', 1, 1, '2013-03-20 17:08:22', '2013-03-20 17:08:22'),
('201303200031', '121307001', '201303200013', 'A', 2, 1, '2013-03-20 17:17:27', '2013-03-20 17:17:27'),
('201303200032', '121307002', '201303200013', 'A', 2, 1, '2013-03-20 17:17:27', '2013-03-20 17:17:27'),
('201303200033', '121307003', '201303200013', 'A', 2, 1, '2013-03-20 17:17:27', '2013-03-20 17:17:27'),
('201303200034', '121307004', '201303200013', 'A', 2, 1, '2013-03-20 17:17:27', '2013-03-20 17:17:27'),
('201303200035', '121307005', '201303200013', 'A', 2, 1, '2013-03-20 17:17:27', '2013-03-20 17:17:27'),
('201303200036', '121307006', '201303200013', 'A', 2, 1, '2013-03-20 17:17:27', '2013-03-20 17:17:27'),
('201303200037', '121307007', '201303200013', 'A', 2, 1, '2013-03-20 17:17:27', '2013-03-20 17:17:27'),
('201303200038', '121307008', '201303200013', 'A', 2, 1, '2013-03-20 17:17:27', '2013-03-20 17:17:27'),
('201303200039', '121307009', '201303200013', 'A', 2, 1, '2013-03-20 17:17:27', '2013-03-20 17:17:27'),
('201303200040', '121307010', '201303200013', 'A', 2, 1, '2013-03-20 17:17:27', '2013-03-20 17:17:27'),
('201303200041', '121307011', '201303200013', 'A', 2, 1, '2013-03-20 17:17:27', '2013-03-20 17:17:27'),
('201303200042', '121307012', '201303200013', 'A', 2, 1, '2013-03-20 17:17:27', '2013-03-20 17:17:27'),
('201303200043', '121307013', '201303200013', 'A', 2, 1, '2013-03-20 17:17:27', '2013-03-20 17:17:27'),
('201303200044', '121307014', '201303200013', 'A', 2, 1, '2013-03-20 17:17:27', '2013-03-20 17:17:27'),
('201303200045', '121307015', '201303200013', 'A', 2, 1, '2013-03-20 17:17:27', '2013-03-20 17:17:27'),
('201303200046', '121307016', '201303200013', 'A', 2, 1, '2013-03-20 17:17:27', '2013-03-20 17:17:27'),
('201303200047', '121307017', '201303200013', 'A', 2, 1, '2013-03-20 17:17:27', '2013-03-20 17:17:27'),
('201303200048', '121307018', '201303200013', 'A', 2, 1, '2013-03-20 17:17:27', '2013-03-20 17:17:27'),
('201303200049', '121307019', '201303200013', 'A', 2, 1, '2013-03-20 17:17:27', '2013-03-20 17:17:27'),
('201303200050', '121307020', '201303200013', 'A', 2, 1, '2013-03-20 17:17:27', '2013-03-20 17:17:27'),
('201303200051', '121307021', '201303200013', 'A', 2, 1, '2013-03-20 17:17:27', '2013-03-20 17:17:27'),
('201303200052', '121307022', '201303200013', 'A', 2, 1, '2013-03-20 17:17:27', '2013-03-20 17:17:27'),
('201303200053', '121307023', '201303200013', 'A', 2, 1, '2013-03-20 17:17:27', '2013-03-20 17:17:27'),
('201303200054', '121307024', '201303200013', 'A', 2, 1, '2013-03-20 17:17:27', '2013-03-20 17:17:27'),
('201303200055', '121307025', '201303200013', 'A', 2, 1, '2013-03-20 17:17:27', '2013-03-20 17:17:27'),
('201303200056', '121307026', '201303200013', 'A', 2, 1, '2013-03-20 17:17:27', '2013-03-20 17:17:27'),
('201303200057', '121307027', '201303200013', 'A', 2, 1, '2013-03-20 17:17:27', '2013-03-20 17:17:27'),
('201303200058', '121307028', '201303200013', 'A', 2, 1, '2013-03-20 17:17:27', '2013-03-20 17:17:27'),
('201303200059', '121307029', '201303200013', 'A', 2, 1, '2013-03-20 17:17:27', '2013-03-20 17:17:27'),
('201303200060', '121307030', '201303200013', 'A', 2, 1, '2013-03-20 17:17:27', '2013-03-20 17:17:27');

-- --------------------------------------------------------

--
-- Table structure for table `academic_score_mid`
--

CREATE TABLE IF NOT EXISTS `academic_score_mid` (
  `score_mid_id` varchar(12) NOT NULL,
  `score_mid_value` float NOT NULL,
  `score_mid_student` varchar(10) NOT NULL,
  `score_mid_period` tinyint(4) NOT NULL,
  `score_mid_semester` tinyint(1) NOT NULL,
  `score_mid_subject` tinyint(4) NOT NULL,
  `score_mid_entry` datetime NOT NULL,
  `score_mid_entry_update` datetime NOT NULL,
  PRIMARY KEY (`score_mid_id`),
  KEY `academic_score_mid_fk1` (`score_mid_student`),
  KEY `academic_score_mid_fk2` (`score_mid_period`),
  KEY `academic_score_mid_fk3` (`score_mid_semester`),
  KEY `academic_score_mid_fk4` (`score_mid_subject`)
) ENGINE=InnoDB DEFAULT CHARSET=latin1;

-- --------------------------------------------------------

--
-- Table structure for table `academic_score_percentase`
--

CREATE TABLE IF NOT EXISTS `academic_score_percentase` (
  `score_percentase_id` varchar(12) NOT NULL,
  `score_percentase_recap` tinyint(4) DEFAULT NULL,
  `score_percentase_teacher` varchar(12) DEFAULT NULL,
  `score_percentase_subject` tinyint(4) NOT NULL,
  `score_percentase_grade` tinyint(2) NOT NULL,
  `score_percentase_period` tinyint(4) NOT NULL,
  `score_percentase_semester` tinyint(1) NOT NULL,
  `score_percentase_value` float NOT NULL,
  `score_percentase_entry` datetime NOT NULL,
  `score_percentase_entry_update` datetime NOT NULL,
  PRIMARY KEY (`score_percentase_id`),
  KEY `academic_score_percentase_fk1` (`score_percentase_recap`),
  KEY `academic_score_percentase_fk2` (`score_percentase_teacher`),
  KEY `academic_score_percentase_fk3` (`score_percentase_subject`),
  KEY `academic_score_percentase_fk4` (`score_percentase_grade`),
  KEY `academic_score_percentase_fk5` (`score_percentase_period`),
  KEY `academic_score_percentase_fk6` (`score_percentase_semester`)
) ENGINE=InnoDB DEFAULT CHARSET=latin1;

--
-- Dumping data for table `academic_score_percentase`
--

INSERT INTO `academic_score_percentase` (`score_percentase_id`, `score_percentase_recap`, `score_percentase_teacher`, `score_percentase_subject`, `score_percentase_grade`, `score_percentase_period`, `score_percentase_semester`, `score_percentase_value`, `score_percentase_entry`, `score_percentase_entry_update`) VALUES
('201301210001', 1, '201212010049', 10, 1, 1, 1, 10, '2013-01-21 20:48:01', '2013-01-21 23:32:24'),
('201301210002', 2, '201212010049', 10, 1, 1, 1, 10, '2013-01-21 23:27:07', '2013-01-21 23:32:24'),
('201301210003', 3, '201212010049', 10, 1, 1, 1, 10, '2013-01-21 23:27:07', '2013-01-21 23:32:24'),
('201301210004', 4, '201212010049', 10, 1, 1, 1, 10, '2013-01-21 23:27:07', '2013-01-21 23:32:24'),
('201301210005', 5, '201212010049', 10, 1, 1, 1, 10, '2013-01-21 23:27:07', '2013-01-21 23:32:24'),
('201301210006', 6, '201212010049', 10, 1, 1, 1, 50, '2013-01-21 23:27:07', '2013-01-21 23:32:24');

-- --------------------------------------------------------

--
-- Table structure for table `academic_score_status`
--

CREATE TABLE IF NOT EXISTS `academic_score_status` (
  `score_status_id` tinyint(1) NOT NULL,
  `score_status_title` varchar(20) NOT NULL,
  PRIMARY KEY (`score_status_id`)
) ENGINE=InnoDB DEFAULT CHARSET=latin1;

--
-- Dumping data for table `academic_score_status`
--

INSERT INTO `academic_score_status` (`score_status_id`, `score_status_title`) VALUES
(1, 'Belum Disetujui');

-- --------------------------------------------------------

--
-- Table structure for table `academic_score_task`
--

CREATE TABLE IF NOT EXISTS `academic_score_task` (
  `score_task_id` varchar(12) NOT NULL,
  `score_task_value` float NOT NULL,
  `score_task_student` varchar(10) NOT NULL,
  `score_task_description` varchar(12) NOT NULL,
  `score_task_entry` datetime NOT NULL,
  `score_task_entry_update` datetime NOT NULL,
  PRIMARY KEY (`score_task_id`),
  KEY `academic_score_task_fk1` (`score_task_student`),
  KEY `academic_score_task_fk2` (`score_task_description`)
) ENGINE=InnoDB DEFAULT CHARSET=latin1;

-- --------------------------------------------------------

--
-- Table structure for table `academic_score_type`
--

CREATE TABLE IF NOT EXISTS `academic_score_type` (
  `score_type_id` tinyint(1) NOT NULL,
  `score_type_description` varchar(30) NOT NULL,
  PRIMARY KEY (`score_type_id`)
) ENGINE=InnoDB DEFAULT CHARSET=latin1;

--
-- Dumping data for table `academic_score_type`
--

INSERT INTO `academic_score_type` (`score_type_id`, `score_type_description`) VALUES
(1, 'Tengah Semester'),
(2, 'Akhir Semester');

-- --------------------------------------------------------

--
-- Table structure for table `academic_semester`
--

CREATE TABLE IF NOT EXISTS `academic_semester` (
  `semester_id` tinyint(1) NOT NULL,
  `semester_name` varchar(20) NOT NULL,
  PRIMARY KEY (`semester_id`)
) ENGINE=InnoDB DEFAULT CHARSET=latin1;

--
-- Dumping data for table `academic_semester`
--

INSERT INTO `academic_semester` (`semester_id`, `semester_name`) VALUES
(1, 'Semester 1'),
(2, 'Semester 2');

-- --------------------------------------------------------

--
-- Table structure for table `academic_student`
--

CREATE TABLE IF NOT EXISTS `academic_student` (
  `student_nis` varchar(10) NOT NULL,
  `student_name` varchar(100) NOT NULL,
  `student_gender` tinyint(1) NOT NULL,
  `student_nisn` varchar(10) DEFAULT NULL,
  `student_nik` varchar(16) DEFAULT NULL,
  `student_birthplace` varchar(250) NOT NULL,
  `student_birthdate` date NOT NULL,
  `student_religion` tinyint(2) NOT NULL,
  `student_religionother` varchar(50) DEFAULT NULL,
  `student_residance` tinyint(2) NOT NULL,
  `student_residanceother` varchar(50) DEFAULT NULL,
  `student_address` varchar(200) NOT NULL,
  `student_rt` varchar(3) DEFAULT NULL,
  `student_rw` varchar(3) DEFAULT NULL,
  `student_village` varchar(50) DEFAULT NULL,
  `student_subdisctrict` varchar(50) DEFAULT NULL,
  `student_city` int(11) NOT NULL,
  `student_zipcode` varchar(6) DEFAULT NULL,
  `student_distance` tinyint(2) DEFAULT NULL,
  `student_distanceother` float unsigned DEFAULT NULL,
  `student_transportation` tinyint(2) NOT NULL,
  `student_phonenumber1` varchar(12) DEFAULT NULL,
  `student_phonenumber2` varchar(12) DEFAULT NULL,
  `student_email` varchar(50) DEFAULT NULL,
  `student_height` float unsigned DEFAULT NULL,
  `student_weight` float unsigned DEFAULT NULL,
  `student_specialneeds` tinyint(2) NOT NULL,
  `student_pin` varchar(4) DEFAULT NULL,
  `student_entry` datetime NOT NULL,
  `student_entry_update` datetime NOT NULL,
  `student_status` tinyint(2) unsigned NOT NULL,
  PRIMARY KEY (`student_nis`),
  KEY `academic_student_fk6` (`student_city`),
  KEY `academic_student_fk5` (`student_specialneeds`),
  KEY `academic_student_fk4` (`student_residance`),
  KEY `academic_student_fk1` (`student_gender`),
  KEY `academic_student_fk2` (`student_religion`),
  KEY `academic_student_fk3` (`student_transportation`),
  KEY `academic_student_fk7` (`student_distance`)
) ENGINE=InnoDB DEFAULT CHARSET=latin1;

--
-- Dumping data for table `academic_student`
--

INSERT INTO `academic_student` (`student_nis`, `student_name`, `student_gender`, `student_nisn`, `student_nik`, `student_birthplace`, `student_birthdate`, `student_religion`, `student_religionother`, `student_residance`, `student_residanceother`, `student_address`, `student_rt`, `student_rw`, `student_village`, `student_subdisctrict`, `student_city`, `student_zipcode`, `student_distance`, `student_distanceother`, `student_transportation`, `student_phonenumber1`, `student_phonenumber2`, `student_email`, `student_height`, `student_weight`, `student_specialneeds`, `student_pin`, `student_entry`, `student_entry_update`, `student_status`) VALUES
('101107001', 'ADITYA MUHAMMAD ROBBANI NUGRAHA', 1, '9985953828', ' ', ' ', '2013-02-13', -1, '', -1, '', ' ', '', '', '', '', 19, '', 1, 0, -1, '', '', '', 0, 0, -1, NULL, '2013-02-13 17:04:28', '2013-02-13 17:04:28', 1),
('101107002', 'AHMAD NURHUDA', 1, '9956073343', ' ', ' ', '2013-02-13', -1, '', -1, '', ' ', '', '', '', '', 19, '', 1, 0, -1, '', '', '', 0, 0, -1, NULL, '2013-02-13 17:04:28', '2013-02-13 17:04:28', 1),
('101107003', 'AISYAH KHAIRUNNISA', 2, '9977659754', ' ', ' ', '2013-02-13', -1, '', -1, '', ' ', '', '', '', '', 19, '', 1, 0, -1, '', '', '', 0, 0, -1, NULL, '2013-02-13 17:04:28', '2013-02-13 17:04:28', 1),
('101107004', 'ALTAFIYANI RAHMATIKA', 2, '9987817637', ' ', ' ', '2013-02-13', -1, '', -1, '', ' ', '', '', '', '', 19, '', 1, 0, -1, '', '', '', 0, 0, -1, NULL, '2013-02-13 17:04:28', '2013-02-13 17:04:28', 1),
('101107005', 'ANNISA REVIKA YULYANTY SOLAHUDIN', 2, '9980882976', ' ', ' ', '2013-02-13', -1, '', -1, '', ' ', '', '', '', '', 19, '', 1, 0, -1, '', '', '', 0, 0, -1, NULL, '2013-02-13 17:04:28', '2013-02-13 17:04:28', 1),
('101107007', 'EGIN RAHMAT GINANJAR', 1, '9980882450', ' ', ' ', '2013-02-13', -1, '', -1, '', ' ', '', '', '', '', 19, '', 1, 0, -1, '', '', '', 0, 0, -1, NULL, '2013-02-13 17:04:28', '2013-02-13 17:04:28', 1),
('101107008', 'EXCELLENT DEMOLKA P', 1, '9988274052', ' ', ' ', '2013-02-13', -1, '', -1, '', ' ', '', '', '', '', 19, '', 1, 0, -1, '', '', '', 0, 0, -1, NULL, '2013-02-13 17:04:28', '2013-02-13 17:04:28', 1),
('101107009', 'FARAH SHINTA DEWI', 2, '9981695442', ' ', ' ', '2013-02-13', -1, '', -1, '', ' ', '', '', '', '', 19, '', 1, 0, -1, '', '', '', 0, 0, -1, NULL, '2013-02-13 17:04:28', '2013-02-13 17:04:28', 1),
('101107010', 'GANIS ADIS SIDDIK', 1, '9987795338', ' ', ' ', '2013-02-13', -1, '', -1, '', ' ', '', '', '', '', 19, '', 1, 0, -1, '', '', '', 0, 0, -1, NULL, '2013-02-13 17:04:28', '2013-02-13 17:04:28', 1),
('101107011', 'GINA ELGAWATY', 2, '9987796110', ' ', ' ', '2013-02-13', -1, '', -1, '', ' ', '', '', '', '', 19, '', 1, 0, -1, '', '', '', 0, 0, -1, NULL, '2013-02-13 17:04:28', '2013-02-13 17:04:28', 1),
('101107012', 'HANA SETIAWATI HERMAWAN', 2, '9987816437', ' ', ' ', '2013-02-13', -1, '', -1, '', ' ', '', '', '', '', 19, '', 1, 0, -1, '', '', '', 0, 0, -1, NULL, '2013-02-13 17:04:28', '2013-02-13 17:04:28', 1),
('101107013', 'HILDA MAULIDA AMANI', 2, '9987817625', ' ', ' ', '2013-02-13', -1, '', -1, '', ' ', '', '', '', '', 19, '', 1, 0, -1, '', '', '', 0, 0, -1, NULL, '2013-02-13 17:04:28', '2013-02-13 17:04:28', 1),
('101107014', 'ILMI ADHA ISTIQOMAH', 2, '9987795828', ' ', ' ', '2013-02-13', -1, '', -1, '', ' ', '', '', '', '', 19, '', 1, 0, -1, '', '', '', 0, 0, -1, NULL, '2013-02-13 17:04:28', '2013-02-13 17:04:28', 1),
('101107015', 'KOBIE AULIA', 1, '9985078949', ' ', ' ', '2013-02-13', -1, '', -1, '', ' ', '', '', '', '', 19, '', 1, 0, -1, '', '', '', 0, 0, -1, NULL, '2013-02-13 17:04:28', '2013-02-13 17:04:28', 1),
('101107016', 'LISANA DEVIANTI BAGYAWAN', 2, '9985813667', ' ', ' ', '2013-02-13', -1, '', -1, '', ' ', '', '', '', '', 19, '', 1, 0, -1, '', '', '', 0, 0, -1, NULL, '2013-02-13 17:04:28', '2013-02-13 17:04:28', 1),
('101107017', 'MUHAMAD RAKA MUNGGARAN', 1, '9980447625', ' ', ' ', '2013-02-13', -1, '', -1, '', ' ', '', '', '', '', 19, '', 1, 0, -1, '', '', '', 0, 0, -1, NULL, '2013-02-13 17:04:28', '2013-02-13 17:04:28', 1),
('101107018', 'NURMAULIDA FADILAH', 2, '9991444755', ' ', ' ', '2013-02-13', -1, '', -1, '', ' ', '', '', '', '', 19, '', 1, 0, -1, '', '', '', 0, 0, -1, NULL, '2013-02-13 17:04:28', '2013-02-13 17:04:28', 1),
('101107019', 'NURUL ALIFFA', 2, '9981149734', ' ', ' ', '2013-02-13', -1, '', -1, '', ' ', '', '', '', '', 19, '', 1, 0, -1, '', '', '', 0, 0, -1, NULL, '2013-02-13 17:04:28', '2013-02-13 17:04:28', 1),
('101107020', 'PANDU FORDIANTORO EKOPRAWIRA', 1, '9987795331', ' ', ' ', '2013-02-13', -1, '', -1, '', ' ', '', '', '', '', 19, '', 1, 0, -1, '', '', '', 0, 0, -1, NULL, '2013-02-13 17:04:28', '2013-02-13 17:04:28', 1),
('101107021', 'RANDY KUSTIWA KOESMA', 1, '9985952394', ' ', ' ', '2013-02-13', -1, '', -1, '', ' ', '', '', '', '', 19, '', 1, 0, -1, '', '', '', 0, 0, -1, NULL, '2013-02-13 17:04:28', '2013-02-13 17:04:28', 1),
('101107022', 'RIKY SETIAWAN', 1, '9987816002', ' ', ' ', '2013-02-13', -1, '', -1, '', ' ', '', '', '', '', 19, '', 1, 0, -1, '', '', '', 0, 0, -1, NULL, '2013-02-13 17:04:28', '2013-02-13 17:04:28', 1),
('101107023', 'RIRIN ASFARINA DZIKRILLAH', 2, '9987796703', ' ', ' ', '2013-02-13', -1, '', -1, '', ' ', '', '', '', '', 19, '', 1, 0, -1, '', '', '', 0, 0, -1, NULL, '2013-02-13 17:04:29', '2013-02-13 17:04:29', 1),
('101107024', 'ROSSE PRADINI DWI LESTARI', 2, '9987817621', ' ', ' ', '2013-02-13', -1, '', -1, '', ' ', '', '', '', '', 19, '', 1, 0, -1, '', '', '', 0, 0, -1, NULL, '2013-02-13 17:04:29', '2013-02-13 17:04:29', 1),
('101107025', 'SANDRA DWI RAHMANDHITA', 2, '9991444632', ' ', ' ', '2013-02-13', -1, '', -1, '', ' ', '', '', '', '', 19, '', 1, 0, -1, '', '', '', 0, 0, -1, NULL, '2013-02-13 17:04:29', '2013-02-13 17:04:29', 1),
('101107026', 'VEMBRIAS NGAYUGA', 1, '9977939106', ' ', ' ', '2013-02-13', -1, '', -1, '', ' ', '', '', '', '', 19, '', 1, 0, -1, '', '', '', 0, 0, -1, NULL, '2013-02-13 17:04:29', '2013-02-13 17:04:29', 1),
('101107027', 'VIA EVANDA', 2, '9985474857', ' ', ' ', '2013-02-13', -1, '', -1, '', ' ', '', '', '', '', 19, '', 1, 0, -1, '', '', '', 0, 0, -1, NULL, '2013-02-13 17:04:29', '2013-02-13 17:04:29', 1),
('101107029', 'WAHIDDAHTUN NISA HAQE', 2, '9987795016', ' ', ' ', '2013-02-13', -1, '', -1, '', ' ', '', '', '', '', 19, '', 1, 0, -1, '', '', '', 0, 0, -1, NULL, '2013-02-13 17:04:29', '2013-02-13 17:04:29', 1),
('101107030', 'WANDA YUDHA PRATAMA', 1, '9987817639', ' ', ' ', '2013-02-13', -1, '', -1, '', ' ', '', '', '', '', 19, '', 1, 0, -1, '', '', '', 0, 0, -1, NULL, '2013-02-13 17:04:29', '2013-02-13 17:04:29', 1),
('101107031', 'AJENG ROSSA PUSPITA', 2, '9987794156', ' ', ' ', '2013-02-13', -1, '', -1, '', ' ', '', '', '', '', 19, '', 1, 0, -1, '', '', '', 0, 0, -1, NULL, '2013-02-13 17:04:29', '2013-02-13 17:04:29', 1),
('101107032', 'ALA RAI ABDIALLAH', 1, '9987816010', ' ', ' ', '2013-02-13', -1, '', -1, '', ' ', '', '', '', '', 19, '', 1, 0, -1, '', '', '', 0, 0, -1, NULL, '2013-02-13 17:04:29', '2013-02-13 17:04:29', 1),
('101107033', 'ARI ABDUL MAJID', 1, '9976272852', ' ', ' ', '2013-02-13', -1, '', -1, '', ' ', '', '', '', '', 19, '', 1, 0, -1, '', '', '', 0, 0, -1, NULL, '2013-02-13 17:04:29', '2013-02-13 17:04:29', 1),
('101107034', 'AZKHIYA PERTAMA JULIA', 2, '9988350919', ' ', ' ', '2013-02-13', -1, '', -1, '', ' ', '', '', '', '', 19, '', 1, 0, -1, '', '', '', 0, 0, -1, NULL, '2013-02-13 17:04:29', '2013-02-13 17:04:29', 1),
('101107035', 'BALVA FAUSTIN GUMELAR', 2, '9987817629', ' ', ' ', '2013-02-13', -1, '', -1, '', ' ', '', '', '', '', 19, '', 1, 0, -1, '', '', '', 0, 0, -1, NULL, '2013-02-13 17:04:29', '2013-02-13 17:04:29', 1),
('101107036', 'CIKAL FATHIRACHMAN', 1, '9977939044', ' ', ' ', '2013-02-13', -1, '', -1, '', ' ', '', '', '', '', 19, '', 1, 0, -1, '', '', '', 0, 0, -1, NULL, '2013-02-13 17:04:29', '2013-02-13 17:04:29', 1),
('101107037', 'DEWI GITA WULANDARI', 2, '9985795919', ' ', ' ', '2013-02-13', -1, '', -1, '', ' ', '', '', '', '', 19, '', 1, 0, -1, '', '', '', 0, 0, -1, NULL, '2013-02-13 17:04:29', '2013-02-13 17:04:29', 1),
('101107038', 'FATWA ADINANINGSIH MARETA', 2, '9981649255', ' ', ' ', '2013-02-13', -1, '', -1, '', ' ', '', '', '', '', 19, '', 1, 0, -1, '', '', '', 0, 0, -1, NULL, '2013-02-13 17:04:29', '2013-02-13 17:04:29', 1),
('101107039', 'FIRMAN SETIA NUGRAHA', 1, '9984071079', ' ', ' ', '2013-02-13', -1, '', -1, '', ' ', '', '', '', '', 19, '', 1, 0, -1, '', '', '', 0, 0, -1, NULL, '2013-02-13 17:04:29', '2013-02-13 17:04:29', 1),
('101107040', 'GHAZIADIENIAR RACHMA ZAIDHANI', 2, '9971047306', ' ', ' ', '2013-02-13', -1, '', -1, '', ' ', '', '', '', '', 19, '', 1, 0, -1, '', '', '', 0, 0, -1, NULL, '2013-02-13 17:04:29', '2013-02-13 17:04:29', 1),
('101107041', 'GINA NURYUSTIKA RIZAL', 2, '9987795071', ' ', ' ', '2013-02-13', -1, '', -1, '', ' ', '', '', '', '', 19, '', 1, 0, -1, '', '', '', 0, 0, -1, NULL, '2013-02-13 17:04:29', '2013-02-13 17:04:29', 1),
('101107042', 'HANDINI RAKHMA SUJONO', 2, '9987870809', ' ', ' ', '2013-02-13', -1, '', -1, '', ' ', '', '', '', '', 19, '', 1, 0, -1, '', '', '', 0, 0, -1, NULL, '2013-02-13 17:04:29', '2013-02-13 17:04:29', 1),
('101107043', 'HANI HALIMAH FAUZANI', 2, '9988274073', ' ', ' ', '2013-02-13', -1, '', -1, '', ' ', '', '', '', '', 19, '', 1, 0, -1, '', '', '', 0, 0, -1, NULL, '2013-02-13 17:04:29', '2013-02-13 17:04:29', 1),
('101107044', 'HENDRA WIGUNA JAYUSMAN', 1, '9998157579', ' ', ' ', '2013-02-13', -1, '', -1, '', ' ', '', '', '', '', 19, '', 1, 0, -1, '', '', '', 0, 0, -1, NULL, '2013-02-13 17:04:29', '2013-02-13 17:04:29', 1),
('101107045', 'M. ANDZAR ANSHORI', 1, '9998178288', ' ', ' ', '2013-02-13', -1, '', -1, '', ' ', '', '', '', '', 19, '', 1, 0, -1, '', '', '', 0, 0, -1, NULL, '2013-02-13 17:04:29', '2013-02-13 17:04:29', 1),
('101107046', 'MAHARDINI NASTITI SANTOSO', 2, '9980882452', ' ', ' ', '2013-02-13', -1, '', -1, '', ' ', '', '', '', '', 19, '', 1, 0, -1, '', '', '', 0, 0, -1, NULL, '2013-02-13 17:04:29', '2013-02-13 17:04:29', 1),
('101107047', 'MAYANG APSARI', 2, '9980882831', ' ', ' ', '2013-02-13', -1, '', -1, '', ' ', '', '', '', '', 19, '', 1, 0, -1, '', '', '', 0, 0, -1, NULL, '2013-02-13 17:04:29', '2013-02-13 17:04:29', 1),
('101107048', 'MUHAMMAD AGUNG NULHAKIM', 1, '9985192812', ' ', ' ', '2013-02-13', -1, '', -1, '', ' ', '', '', '', '', 19, '', 1, 0, -1, '', '', '', 0, 0, -1, NULL, '2013-02-13 17:04:29', '2013-02-13 17:04:29', 1),
('101107049', 'MUHAMMAD RAFIF MUZAKY', 1, '9988274064', ' ', ' ', '2013-02-13', -1, '', -1, '', ' ', '', '', '', '', 19, '', 1, 0, -1, '', '', '', 0, 0, -1, NULL, '2013-02-13 17:04:29', '2013-02-13 17:04:29', 1),
('101107050', 'MUHAMMAD RIDWAN AULIA', 1, '9987795821', ' ', ' ', '2013-02-13', -1, '', -1, '', ' ', '', '', '', '', 19, '', 1, 0, -1, '', '', '', 0, 0, -1, NULL, '2013-02-13 17:04:29', '2013-02-13 17:04:29', 1),
('101107051', 'NAFISA PUTRI', 2, '9980882979', ' ', ' ', '2013-02-13', -1, '', -1, '', ' ', '', '', '', '', 19, '', 1, 0, -1, '', '', '', 0, 0, -1, NULL, '2013-02-13 17:04:29', '2013-02-13 17:04:29', 1),
('101107052', 'NURCHOLISH FAUZI', 1, '9988677044', ' ', ' ', '2013-02-13', -1, '', -1, '', ' ', '', '', '', '', 19, '', 1, 0, -1, '', '', '', 0, 0, -1, NULL, '2013-02-13 17:04:29', '2013-02-13 17:04:29', 1),
('101107053', 'NURUL ULFA LACUBA', 2, '9985092509', ' ', ' ', '2013-02-13', -1, '', -1, '', ' ', '', '', '', '', 19, '', 1, 0, -1, '', '', '', 0, 0, -1, NULL, '2013-02-13 17:04:29', '2013-02-13 17:04:29', 1),
('101107054', 'NYNSCA SHALSABILA SAFITRI ISKANDAR P.', 2, '9991444735', ' ', ' ', '2013-02-13', -1, '', -1, '', ' ', '', '', '', '', 19, '', 1, 0, -1, '', '', '', 0, 0, -1, NULL, '2013-02-13 17:04:29', '2013-02-13 17:04:29', 1),
('101107055', 'OCHY NANDIA ROSIANDANI', 2, '9988274079', ' ', ' ', '2013-02-13', -1, '', -1, '', ' ', '', '', '', '', 19, '', 1, 0, -1, '', '', '', 0, 0, -1, NULL, '2013-02-13 17:04:29', '2013-02-13 17:04:29', 1),
('101107056', 'RAMADHANI BARKAH', 1, '9985532709', ' ', ' ', '2013-02-13', -1, '', -1, '', ' ', '', '', '', '', 19, '', 1, 0, -1, '', '', '', 0, 0, -1, NULL, '2013-02-13 17:04:29', '2013-02-13 17:04:29', 1),
('101107057', 'ROHMAT TAUFIK PRATAMA', 1, '9988398839', ' ', ' ', '2013-02-13', -1, '', -1, '', ' ', '', '', '', '', 19, '', 1, 0, -1, '', '', '', 0, 0, -1, NULL, '2013-02-13 17:04:29', '2013-02-13 17:04:29', 1),
('101107058', 'SOFIE NURFADILA', 2, '9987796693', ' ', ' ', '2013-02-13', -1, '', -1, '', ' ', '', '', '', '', 19, '', 1, 0, -1, '', '', '', 0, 0, -1, NULL, '2013-02-13 17:04:29', '2013-02-13 17:04:29', 1),
('101107059', 'VINA IRMAWATI', 2, '9988334083', ' ', ' ', '2013-02-13', -1, '', -1, '', ' ', '', '', '', '', 19, '', 1, 0, -1, '', '', '', 0, 0, -1, NULL, '2013-02-13 17:04:29', '2013-02-13 17:04:29', 1),
('101107060', 'VIRA ANNIZAR NURFATIMAH TALITA PUTRI', 2, '9998157680', ' ', ' ', '2013-02-13', -1, '', -1, '', ' ', '', '', '', '', 19, '', 1, 0, -1, '', '', '', 0, 0, -1, NULL, '2013-02-13 17:04:29', '2013-02-13 17:04:29', 1),
('101107061', 'AGNES SUSANTO', 2, '9991444740', ' ', ' ', '2013-02-13', -1, '', -1, '', ' ', '', '', '', '', 19, '', 1, 0, -1, '', '', '', 0, 0, -1, NULL, '2013-02-13 17:04:29', '2013-02-13 17:04:29', 1),
('101107062', 'ALDO DWI PRAVIASTO', 1, '9980882973', ' ', ' ', '2013-02-13', -1, '', -1, '', ' ', '', '', '', '', 19, '', 1, 0, -1, '', '', '', 0, 0, -1, NULL, '2013-02-13 17:04:29', '2013-02-13 17:04:29', 1),
('101107063', 'DHEANNA PUTRI SHAFA RACHMAWATI', 2, '9980882457', ' ', ' ', '2013-02-13', -1, '', -1, '', ' ', '', '', '', '', 19, '', 1, 0, -1, '', '', '', 0, 0, -1, NULL, '2013-02-13 17:04:29', '2013-02-13 17:04:29', 1),
('101107064', 'EMILIA VANDA YOVANI GAOS', 2, '9985458339', ' ', ' ', '2013-02-13', -1, '', -1, '', ' ', '', '', '', '', 19, '', 1, 0, -1, '', '', '', 0, 0, -1, NULL, '2013-02-13 17:04:29', '2013-02-13 17:04:29', 1),
('101107065', 'FAKHRI WALIYYUDDIN NUGRAHA', 1, '9980882433', ' ', ' ', '2013-02-13', -1, '', -1, '', ' ', '', '', '', '', 19, '', 1, 0, -1, '', '', '', 0, 0, -1, NULL, '2013-02-13 17:04:29', '2013-02-13 17:04:29', 1),
('101107066', 'GHEA SUGAR AULYA', 2, '999885571', ' ', ' ', '2013-02-13', -1, '', -1, '', ' ', '', '', '', '', 19, '', 1, 0, -1, '', '', '', 0, 0, -1, NULL, '2013-02-13 17:04:29', '2013-02-13 17:04:29', 1),
('101107067', 'GIANAJ HERMAWAN FAHIRA', 1, '9980245928', ' ', ' ', '2013-02-13', -1, '', -1, '', ' ', '', '', '', '', 19, '', 1, 0, -1, '', '', '', 0, 0, -1, NULL, '2013-02-13 17:04:29', '2013-02-13 17:04:29', 1),
('101107068', 'HANNA DESTIA NURAIDA', 2, '9988274031', ' ', ' ', '2013-02-13', -1, '', -1, '', ' ', '', '', '', '', 19, '', 1, 0, -1, '', '', '', 0, 0, -1, NULL, '2013-02-13 17:04:29', '2013-02-13 17:04:29', 1),
('101107069', 'HILYA AINI', 2, '9985090373', ' ', ' ', '2013-02-13', -1, '', -1, '', ' ', '', '', '', '', 19, '', 1, 0, -1, '', '', '', 0, 0, -1, NULL, '2013-02-13 17:04:29', '2013-02-13 17:04:29', 1),
('101107070', 'HITNES MUHARRAM', 1, '9988274059', ' ', ' ', '2013-02-13', -1, '', -1, '', ' ', '', '', '', '', 19, '', 1, 0, -1, '', '', '', 0, 0, -1, NULL, '2013-02-13 17:04:29', '2013-02-13 17:04:29', 1),
('101107071', 'IDANG JIMARA', 1, '9977936002', ' ', ' ', '2013-02-13', -1, '', -1, '', ' ', '', '', '', '', 19, '', 1, 0, -1, '', '', '', 0, 0, -1, NULL, '2013-02-13 17:04:29', '2013-02-13 17:04:29', 1),
('101107072', 'JODY FURQON SANJAYA', 1, '9987817612', ' ', ' ', '2013-02-13', -1, '', -1, '', ' ', '', '', '', '', 19, '', 1, 0, -1, '', '', '', 0, 0, -1, NULL, '2013-02-13 17:04:29', '2013-02-13 17:04:29', 1),
('101107073', 'KEZIA CLARA BELLA', 2, '9980883055', ' ', ' ', '2013-02-13', -1, '', -1, '', ' ', '', '', '', '', 19, '', 1, 0, -1, '', '', '', 0, 0, -1, NULL, '2013-02-13 17:04:29', '2013-02-13 17:04:29', 1),
('101107074', 'MADIHA RABBANIA SHALIHA', 2, '9971048034', ' ', ' ', '2013-02-13', -1, '', -1, '', ' ', '', '', '', '', 19, '', 1, 0, -1, '', '', '', 0, 0, -1, NULL, '2013-02-13 17:04:29', '2013-02-13 17:04:29', 1),
('101107075', 'MIEKE REJEKI', 2, '9988274045', ' ', ' ', '2013-02-13', -1, '', -1, '', ' ', '', '', '', '', 19, '', 1, 0, -1, '', '', '', 0, 0, -1, NULL, '2013-02-13 17:04:29', '2013-02-13 17:04:29', 1),
('101107076', 'MOCH. JHODY AL-GHANY', 1, '9987796098', ' ', ' ', '2013-02-13', -1, '', -1, '', ' ', '', '', '', '', 19, '', 1, 0, -1, '', '', '', 0, 0, -1, NULL, '2013-02-13 17:04:29', '2013-02-13 17:04:29', 1),
('101107077', 'MOCHAMAD SALMAN TAZAKA', 1, '9980882970', ' ', ' ', '2013-02-13', -1, '', -1, '', ' ', '', '', '', '', 19, '', 1, 0, -1, '', '', '', 0, 0, -1, NULL, '2013-02-13 17:04:29', '2013-02-13 17:04:29', 1),
('101107078', 'MOHAMMAD FARHAN FAUZAN', 1, '9971047942', ' ', ' ', '2013-02-13', -1, '', -1, '', ' ', '', '', '', '', 19, '', 1, 0, -1, '', '', '', 0, 0, -1, NULL, '2013-02-13 17:04:29', '2013-02-13 17:04:29', 1),
('101107079', 'MUTIARA KANTIKA', 2, '9987795831', ' ', ' ', '2013-02-13', -1, '', -1, '', ' ', '', '', '', '', 19, '', 1, 0, -1, '', '', '', 0, 0, -1, NULL, '2013-02-13 17:04:29', '2013-02-13 17:04:29', 1),
('101107080', 'NABILA AYUDYA MAHARANI', 2, '9980883097', ' ', ' ', '2013-02-13', -1, '', -1, '', ' ', '', '', '', '', 19, '', 1, 0, -1, '', '', '', 0, 0, -1, NULL, '2013-02-13 17:04:29', '2013-02-13 17:04:29', 1),
('101107081', 'NADYA PARAMITHA', 2, '9985192805', ' ', ' ', '2013-02-13', -1, '', -1, '', ' ', '', '', '', '', 19, '', 1, 0, -1, '', '', '', 0, 0, -1, NULL, '2013-02-13 17:04:29', '2013-02-13 17:04:29', 1),
('101107082', 'NURHALIZA FITRIYANTI', 2, '9987811040', ' ', ' ', '2013-02-13', -1, '', -1, '', ' ', '', '', '', '', 19, '', 1, 0, -1, '', '', '', 0, 0, -1, NULL, '2013-02-13 17:04:29', '2013-02-13 17:04:29', 1),
('101107083', 'NURUL MUSTOFA', 2, '9980882781', ' ', ' ', '2013-02-13', -1, '', -1, '', ' ', '', '', '', '', 19, '', 1, 0, -1, '', '', '', 0, 0, -1, NULL, '2013-02-13 17:04:29', '2013-02-13 17:04:29', 1),
('101107084', 'PRILI UTAMI HERTIANTI', 2, '9987794152', ' ', ' ', '2013-02-13', -1, '', -1, '', ' ', '', '', '', '', 19, '', 1, 0, -1, '', '', '', 0, 0, -1, NULL, '2013-02-13 17:04:29', '2013-02-13 17:04:29', 1),
('101107085', 'RIESYA NUR FEBRIYANI', 2, '9998158573', ' ', ' ', '2013-02-13', -1, '', -1, '', ' ', '', '', '', '', 19, '', 1, 0, -1, '', '', '', 0, 0, -1, NULL, '2013-02-13 17:04:29', '2013-02-13 17:04:29', 1),
('101107086', 'RIZKI NUGRAHA', 1, '9985814922', ' ', ' ', '2013-02-13', -1, '', -1, '', ' ', '', '', '', '', 19, '', 1, 0, -1, '', '', '', 0, 0, -1, NULL, '2013-02-13 17:04:29', '2013-02-13 17:04:29', 1),
('101107087', 'SEPTI AULIZA REFOLINDA', 2, '9980882981', ' ', ' ', '2013-02-13', -1, '', -1, '', ' ', '', '', '', '', 19, '', 1, 0, -1, '', '', '', 0, 0, -1, NULL, '2013-02-13 17:04:29', '2013-02-13 17:04:29', 1),
('101107088', 'WIDYA PUTRI SEPTIANI', 2, '9966651610', ' ', ' ', '2013-02-13', -1, '', -1, '', ' ', '', '', '', '', 19, '', 1, 0, -1, '', '', '', 0, 0, -1, NULL, '2013-02-13 17:04:29', '2013-02-13 17:04:29', 1),
('101107089', 'WINA FAJRIATIN', 2, '9987870822', ' ', ' ', '2013-02-13', -1, '', -1, '', ' ', '', '', '', '', 19, '', 1, 0, -1, '', '', '', 0, 0, -1, NULL, '2013-02-13 17:04:29', '2013-02-13 17:04:29', 1),
('101107090', 'ZYWA PRATAMA NUGRAHA', 1, '9987795979', ' ', ' ', '2013-02-13', -1, '', -1, '', ' ', '', '', '', '', 19, '', 1, 0, -1, '', '', '', 0, 0, -1, NULL, '2013-02-13 17:04:29', '2013-02-13 17:04:29', 1),
('101107091', 'ADI AHMAD YASIN', 1, '9980882508', ' ', ' ', '2013-02-13', -1, '', -1, '', ' ', '', '', '', '', 19, '', 1, 0, -1, '', '', '', 0, 0, -1, NULL, '2013-02-13 17:04:29', '2013-02-13 17:04:29', 1),
('101107092', 'ANDIKA IMRONI PUTRA', 1, '9991444852', ' ', ' ', '2013-02-13', -1, '', -1, '', ' ', '', '', '', '', 19, '', 1, 0, -1, '', '', '', 0, 0, -1, NULL, '2013-02-13 17:04:29', '2013-02-13 17:04:29', 1),
('101107093', 'CHRISTINA MANOPO', 2, '9985092091', ' ', ' ', '2013-02-13', -1, '', -1, '', ' ', '', '', '', '', 19, '', 1, 0, -1, '', '', '', 0, 0, -1, NULL, '2013-02-13 17:04:29', '2013-02-13 17:04:29', 1),
('101107094', 'DAVID MUHAMAD BAKTI', 1, '9987796767', ' ', ' ', '2013-02-13', -1, '', -1, '', ' ', '', '', '', '', 19, '', 1, 0, -1, '', '', '', 0, 0, -1, NULL, '2013-02-13 17:04:29', '2013-02-13 17:04:29', 1),
('101107095', 'DEWI FITRIANTI HABIBAH KURNIASIH', 2, '9980882966', ' ', ' ', '2013-02-13', -1, '', -1, '', ' ', '', '', '', '', 19, '', 1, 0, -1, '', '', '', 0, 0, -1, NULL, '2013-02-13 17:04:29', '2013-02-13 17:04:29', 1),
('101107096', 'DIK DIK PERMADI DANAN JAYA', 1, '9975178029', ' ', ' ', '2013-02-13', -1, '', -1, '', ' ', '', '', '', '', 19, '', 1, 0, -1, '', '', '', 0, 0, -1, NULL, '2013-02-13 17:04:29', '2013-02-13 17:04:29', 1),
('101107097', 'DINA NURUL ANNISA', 2, '9988274071', ' ', ' ', '2013-02-13', -1, '', -1, '', ' ', '', '', '', '', 19, '', 1, 0, -1, '', '', '', 0, 0, -1, NULL, '2013-02-13 17:04:29', '2013-02-13 17:04:29', 1),
('101107098', 'EDRA JANITRA UTOMO', 2, '9998178290', ' ', ' ', '2013-02-13', -1, '', -1, '', ' ', '', '', '', '', 19, '', 1, 0, -1, '', '', '', 0, 0, -1, NULL, '2013-02-13 17:04:29', '2013-02-13 17:04:29', 1),
('101107099', 'EVANI DWI PRATIWI', 2, '9985813645', ' ', ' ', '2013-02-13', -1, '', -1, '', ' ', '', '', '', '', 19, '', 1, 0, -1, '', '', '', 0, 0, -1, NULL, '2013-02-13 17:04:29', '2013-02-13 17:04:29', 1),
('101107100', 'GHAISANI FILDZAH AMAJIDA', 2, '9987817630', ' ', ' ', '2013-02-13', -1, '', -1, '', ' ', '', '', '', '', 19, '', 1, 0, -1, '', '', '', 0, 0, -1, NULL, '2013-02-13 17:04:29', '2013-02-13 17:04:29', 1),
('101107101', 'GURUH SAIVI ALI', 1, '9998178288', ' ', ' ', '2013-02-13', -1, '', -1, '', ' ', '', '', '', '', 19, '', 1, 0, -1, '', '', '', 0, 0, -1, NULL, '2013-02-13 17:04:29', '2013-02-13 17:04:29', 1),
('101107102', 'HABIB KURNIAWAN', 1, '9986156116', ' ', ' ', '2013-02-13', -1, '', -1, '', ' ', '', '', '', '', 19, '', 1, 0, -1, '', '', '', 0, 0, -1, NULL, '2013-02-13 17:04:29', '2013-02-13 17:04:29', 1),
('101107103', 'HASNA NUR'' ADNIN', 2, '9987817610', ' ', ' ', '2013-02-13', -1, '', -1, '', ' ', '', '', '', '', 19, '', 1, 0, -1, '', '', '', 0, 0, -1, NULL, '2013-02-13 17:04:29', '2013-02-13 17:04:29', 1),
('101107104', 'IKHRAM HAFIZ RAHMADI', 1, '9977970100', ' ', ' ', '2013-02-13', -1, '', -1, '', ' ', '', '', '', '', 19, '', 1, 0, -1, '', '', '', 0, 0, -1, NULL, '2013-02-13 17:04:29', '2013-02-13 17:04:29', 1),
('101107105', 'KHARISMA DEARIKA IRSANYYA', 2, '9980323681', ' ', ' ', '2013-02-13', -1, '', -1, '', ' ', '', '', '', '', 19, '', 1, 0, -1, '', '', '', 0, 0, -1, NULL, '2013-02-13 17:04:29', '2013-02-13 17:04:29', 1),
('101107106', 'LALA MARLIANDA', 2, '9987796698', ' ', ' ', '2013-02-13', -1, '', -1, '', ' ', '', '', '', '', 19, '', 1, 0, -1, '', '', '', 0, 0, -1, NULL, '2013-02-13 17:04:29', '2013-02-13 17:04:29', 1),
('101107107', 'MAHARANI FUJI LESTARI', 2, '9987816434', ' ', ' ', '2013-02-13', -1, '', -1, '', ' ', '', '', '', '', 19, '', 1, 0, -1, '', '', '', 0, 0, -1, NULL, '2013-02-13 17:04:29', '2013-02-13 17:04:29', 1),
('101107108', 'MOCH GIAN DESTIAN', 1, '9956073363', ' ', ' ', '2013-02-13', -1, '', -1, '', ' ', '', '', '', '', 19, '', 1, 0, -1, '', '', '', 0, 0, -1, NULL, '2013-02-13 17:04:29', '2013-02-13 17:04:29', 1),
('101107109', 'MOCHAMAD ELRIZAL SYAHPUTRA WAHYUDI', 1, '9971047948', ' ', ' ', '2013-02-13', -1, '', -1, '', ' ', '', '', '', '', 19, '', 1, 0, -1, '', '', '', 0, 0, -1, NULL, '2013-02-13 17:04:29', '2013-02-13 17:04:29', 1),
('101107110', 'MUHAMMAD RIDWAN NOOR PERMADI', 1, '9980882971', ' ', ' ', '2013-02-13', -1, '', -1, '', ' ', '', '', '', '', 19, '', 1, 0, -1, '', '', '', 0, 0, -1, NULL, '2013-02-13 17:04:29', '2013-02-13 17:04:29', 1),
('101107111', 'NIKEN SONIA ASTUTI', 2, '9985078947', ' ', ' ', '2013-02-13', -1, '', -1, '', ' ', '', '', '', '', 19, '', 1, 0, -1, '', '', '', 0, 0, -1, NULL, '2013-02-13 17:04:29', '2013-02-13 17:04:29', 1),
('101107112', 'NOVIA FIRSTANIA NURAENUN', 2, '9986156123', ' ', ' ', '2013-02-13', -1, '', -1, '', ' ', '', '', '', '', 19, '', 1, 0, -1, '', '', '', 0, 0, -1, NULL, '2013-02-13 17:04:29', '2013-02-13 17:04:29', 1),
('101107113', 'PIPIT DYAH PITALOKA', 2, '9985795297', ' ', ' ', '2013-02-13', -1, '', -1, '', ' ', '', '', '', '', 19, '', 1, 0, -1, '', '', '', 0, 0, -1, NULL, '2013-02-13 17:04:29', '2013-02-13 17:04:29', 1),
('101107114', 'REZA FAJAR NUGRAHA', 1, '9987815986', ' ', ' ', '2013-02-13', -1, '', -1, '', ' ', '', '', '', '', 19, '', 1, 0, -1, '', '', '', 0, 0, -1, NULL, '2013-02-13 17:04:29', '2013-02-13 17:04:29', 1),
('101107115', 'RIYANTI ALIFA', 2, '9985090352', ' ', ' ', '2013-02-13', -1, '', -1, '', ' ', '', '', '', '', 19, '', 1, 0, -1, '', '', '', 0, 0, -1, NULL, '2013-02-13 17:04:29', '2013-02-13 17:04:29', 1),
('101107116', 'RO ''UL DWI YULIANTO NUGROHO', 1, '9980882806', ' ', ' ', '2013-02-13', -1, '', -1, '', ' ', '', '', '', '', 19, '', 1, 0, -1, '', '', '', 0, 0, -1, NULL, '2013-02-13 17:04:29', '2013-02-13 17:04:29', 1),
('101107117', 'SALSABILA ELBAR', 2, '9980883068', ' ', ' ', '2013-02-13', -1, '', -1, '', ' ', '', '', '', '', 19, '', 1, 0, -1, '', '', '', 0, 0, -1, NULL, '2013-02-13 17:04:29', '2013-02-13 17:04:29', 1),
('101107118', 'SILVI YANTI DEWI', 2, '9987795907', ' ', ' ', '2013-02-13', -1, '', -1, '', ' ', '', '', '', '', 19, '', 1, 0, -1, '', '', '', 0, 0, -1, NULL, '2013-02-13 17:04:29', '2013-02-13 17:04:29', 1),
('101107119', 'WEBY RAHMAWATI', 2, '9987796124', ' ', ' ', '2013-02-13', -1, '', -1, '', ' ', '', '', '', '', 19, '', 1, 0, -1, '', '', '', 0, 0, -1, NULL, '2013-02-13 17:04:30', '2013-02-13 17:04:30', 1),
('101107120', 'WINI SAFITRI', 2, '9988334064', ' ', ' ', '2013-02-13', -1, '', -1, '', ' ', '', '', '', '', 19, '', 1, 0, -1, '', '', '', 0, 0, -1, NULL, '2013-02-13 17:04:30', '2013-02-13 17:04:30', 1),
('101107121', 'ANNIDA AL-ISLAMI MAULIDA', 2, '9980882443', ' ', ' ', '2013-02-13', -1, '', -1, '', ' ', '', '', '', '', 19, '', 1, 0, -1, '', '', '', 0, 0, -1, NULL, '2013-02-13 17:04:30', '2013-02-13 17:04:30', 1),
('101107122', 'BRIGITTA VIDYA SALSABILA', 2, '9987796756', ' ', ' ', '2013-02-13', -1, '', -1, '', ' ', '', '', '', '', 19, '', 1, 0, -1, '', '', '', 0, 0, -1, NULL, '2013-02-13 17:04:30', '2013-02-13 17:04:30', 1),
('101107123', 'CHONDRO SETO NUR SURYAWAN', 1, '9984334370', ' ', ' ', '2013-02-13', -1, '', -1, '', ' ', '', '', '', '', 19, '', 1, 0, -1, '', '', '', 0, 0, -1, NULL, '2013-02-13 17:04:30', '2013-02-13 17:04:30', 1),
('101107124', 'DEA OKTAVIANI', 2, '9980882983', ' ', ' ', '2013-02-13', -1, '', -1, '', ' ', '', '', '', '', 19, '', 1, 0, -1, '', '', '', 0, 0, -1, NULL, '2013-02-13 17:04:30', '2013-02-13 17:04:30', 1),
('101107125', 'DERIZA ADITYA PUTRA', 1, '9987796115', ' ', ' ', '2013-02-13', -1, '', -1, '', ' ', '', '', '', '', 19, '', 1, 0, -1, '', '', '', 0, 0, -1, NULL, '2013-02-13 17:04:30', '2013-02-13 17:04:30', 1),
('101107126', 'FATIMAH AZZAHRA', 2, '9977958878', ' ', ' ', '2013-02-13', -1, '', -1, '', ' ', '', '', '', '', 19, '', 1, 0, -1, '', '', '', 0, 0, -1, NULL, '2013-02-13 17:04:30', '2013-02-13 17:04:30', 1),
('101107127', 'FIJAR MAULID DWI PERMATA', 1, '9971047796', ' ', ' ', '2013-02-13', -1, '', -1, '', ' ', '', '', '', '', 19, '', 1, 0, -1, '', '', '', 0, 0, -1, NULL, '2013-02-13 17:04:30', '2013-02-13 17:04:30', 1),
('101107128', 'FIQHI FALKAN ENGLAN', 2, '9980882620', ' ', ' ', '2013-02-13', -1, '', -1, '', ' ', '', '', '', '', 19, '', 1, 0, -1, '', '', '', 0, 0, -1, NULL, '2013-02-13 17:04:30', '2013-02-13 17:04:30', 1),
('101107129', 'FRIDIANI ASIYAH RACHMAWATI', 2, '9994812300', ' ', ' ', '2013-02-13', -1, '', -1, '', ' ', '', '', '', '', 19, '', 1, 0, -1, '', '', '', 0, 0, -1, NULL, '2013-02-13 17:04:30', '2013-02-13 17:04:30', 1),
('101107130', 'IMAM PRATAMA SETIADY', 1, '9975255603', ' ', ' ', '2013-02-13', -1, '', -1, '', ' ', '', '', '', '', 19, '', 1, 0, -1, '', '', '', 0, 0, -1, NULL, '2013-02-13 17:04:30', '2013-02-13 17:04:30', 1),
('101107131', 'INDAH NURMALASARI', 2, '9977958557', ' ', ' ', '2013-02-13', -1, '', -1, '', ' ', '', '', '', '', 19, '', 1, 0, -1, '', '', '', 0, 0, -1, NULL, '2013-02-13 17:04:30', '2013-02-13 17:04:30', 1),
('101107132', 'ISHEL CIPTA DWI JAYANI', 2, '9987796107', ' ', ' ', '2013-02-13', -1, '', -1, '', ' ', '', '', '', '', 19, '', 1, 0, -1, '', '', '', 0, 0, -1, NULL, '2013-02-13 17:04:30', '2013-02-13 17:04:30', 1),
('101107133', 'M. DWI SYARIFUDIN', 1, '9985250170', ' ', ' ', '2013-02-13', -1, '', -1, '', ' ', '', '', '', '', 19, '', 1, 0, -1, '', '', '', 0, 0, -1, NULL, '2013-02-13 17:04:30', '2013-02-13 17:04:30', 1),
('101107134', 'M. LUTHFI WAHFIYUDIN', 1, '9987794144', ' ', ' ', '2013-02-13', -1, '', -1, '', ' ', '', '', '', '', 19, '', 1, 0, -1, '', '', '', 0, 0, -1, NULL, '2013-02-13 17:04:30', '2013-02-13 17:04:30', 1),
('101107135', 'MIRADILLA', 2, '9985092400', ' ', ' ', '2013-02-13', -1, '', -1, '', ' ', '', '', '', '', 19, '', 1, 0, -1, '', '', '', 0, 0, -1, NULL, '2013-02-13 17:04:30', '2013-02-13 17:04:30', 1),
('101107137', 'NAGIA PUTRI MUNAJAT', 2, '9975397612', ' ', ' ', '2013-02-13', -1, '', -1, '', ' ', '', '', '', '', 19, '', 1, 0, -1, '', '', '', 0, 0, -1, NULL, '2013-02-13 17:04:30', '2013-02-13 17:04:30', 1),
('101107138', 'POPI SOPMAWATI', 2, '9975179896', ' ', ' ', '2013-02-13', -1, '', -1, '', ' ', '', '', '', '', 19, '', 1, 0, -1, '', '', '', 0, 0, -1, NULL, '2013-02-13 17:04:30', '2013-02-13 17:04:30', 1),
('101107139', 'PUTRI TSANIA MAHMUD', 2, '9987795075', ' ', ' ', '2013-02-13', -1, '', -1, '', ' ', '', '', '', '', 19, '', 1, 0, -1, '', '', '', 0, 0, -1, NULL, '2013-02-13 17:04:30', '2013-02-13 17:04:30', 1),
('101107140', 'RAMLAN LANA MAULANA', 1, '9987816020', ' ', ' ', '2013-02-13', -1, '', -1, '', ' ', '', '', '', '', 19, '', 1, 0, -1, '', '', '', 0, 0, -1, NULL, '2013-02-13 17:04:30', '2013-02-13 17:04:30', 1),
('101107141', 'SALMA PRATIWI RAMADHANI', 2, '9987817638', ' ', ' ', '2013-02-13', -1, '', -1, '', ' ', '', '', '', '', 19, '', 1, 0, -1, '', '', '', 0, 0, -1, NULL, '2013-02-13 17:04:30', '2013-02-13 17:04:30', 1),
('101107142', 'SONIA KARMILA', 2, '9984693373', ' ', ' ', '2013-02-13', -1, '', -1, '', ' ', '', '', '', '', 19, '', 1, 0, -1, '', '', '', 0, 0, -1, NULL, '2013-02-13 17:04:30', '2013-02-13 17:04:30', 1),
('101107143', 'STELLA SYIFA SARASWATI', 2, '9987797341', ' ', ' ', '2013-02-13', -1, '', -1, '', ' ', '', '', '', '', 19, '', 1, 0, -1, '', '', '', 0, 0, -1, NULL, '2013-02-13 17:04:30', '2013-02-13 17:04:30', 1),
('101107144', 'TIARA AMELIA', 2, '9987817618', ' ', ' ', '2013-02-13', -1, '', -1, '', ' ', '', '', '', '', 19, '', 1, 0, -1, '', '', '', 0, 0, -1, NULL, '2013-02-13 17:04:30', '2013-02-13 17:04:30', 1),
('101107145', 'VALINDIO RINANDI', 1, '998776102', ' ', ' ', '2013-02-13', -1, '', -1, '', ' ', '', '', '', '', 19, '', 1, 0, -1, '', '', '', 0, 0, -1, NULL, '2013-02-13 17:04:30', '2013-02-13 17:04:30', 1),
('101107146', 'VEGA LINGGARDANI BELO', 1, '9971047992', ' ', ' ', '2013-02-13', -1, '', -1, '', ' ', '', '', '', '', 19, '', 1, 0, -1, '', '', '', 0, 0, -1, NULL, '2013-02-13 17:04:30', '2013-02-13 17:04:30', 1),
('101107147', 'WANTI NURILA', 2, '9998178255', ' ', ' ', '2013-02-13', -1, '', -1, '', ' ', '', '', '', '', 19, '', 1, 0, -1, '', '', '', 0, 0, -1, NULL, '2013-02-13 17:04:30', '2013-02-13 17:04:30', 1),
('101107148', 'YANUAR PRISMAYANDI', 1, '9980882967', ' ', ' ', '2013-02-13', -1, '', -1, '', ' ', '', '', '', '', 19, '', 1, 0, -1, '', '', '', 0, 0, -1, NULL, '2013-02-13 17:04:30', '2013-02-13 17:04:30', 1),
('101107149', 'AINA DEWANI', 2, '9992882026', ' ', ' ', '2013-02-13', -1, '', -1, '', ' ', '', '', '', '', 19, '', 1, 0, -1, '', '', '', 0, 0, -1, NULL, '2013-02-13 17:04:30', '2013-02-13 17:04:30', 1),
('101107150', 'ALYDIA MAULDY SYAHZHA', 2, '9987796121', ' ', ' ', '2013-02-13', -1, '', -1, '', ' ', '', '', '', '', 19, '', 1, 0, -1, '', '', '', 0, 0, -1, NULL, '2013-02-13 17:04:30', '2013-02-13 17:04:30', 1),
('101107151', 'BILLY NURSYAH RIAN', 1, '9987795309', ' ', ' ', '2013-02-13', -1, '', -1, '', ' ', '', '', '', '', 19, '', 1, 0, -1, '', '', '', 0, 0, -1, NULL, '2013-02-13 17:04:30', '2013-02-13 17:04:30', 1),
('101107152', 'BUMI MADANI', 2, '9991444850', ' ', ' ', '2013-02-13', -1, '', -1, '', ' ', '', '', '', '', 19, '', 1, 0, -1, '', '', '', 0, 0, -1, NULL, '2013-02-13 17:04:30', '2013-02-13 17:04:30', 1),
('101107153', 'DESI PUSPITASARI', 2, '9986179405', ' ', ' ', '2013-02-13', -1, '', -1, '', ' ', '', '', '', '', 19, '', 1, 0, -1, '', '', '', 0, 0, -1, NULL, '2013-02-13 17:04:30', '2013-02-13 17:04:30', 1),
('101107154', 'EKIDITYA AJI P', 1, '9987795970', ' ', ' ', '2013-02-13', -1, '', -1, '', ' ', '', '', '', '', 19, '', 1, 0, -1, '', '', '', 0, 0, -1, NULL, '2013-02-13 17:04:30', '2013-02-13 17:04:30', 1),
('101107156', 'FANNY DELITA PUTERI', 2, '9975273763', ' ', ' ', '2013-02-13', -1, '', -1, '', ' ', '', '', '', '', 19, '', 1, 0, -1, '', '', '', 0, 0, -1, NULL, '2013-02-13 17:04:30', '2013-02-13 17:04:30', 1),
('101107157', 'FIKRI PUTRI UTAMI', 2, '9985091157', ' ', ' ', '2013-02-13', -1, '', -1, '', ' ', '', '', '', '', 19, '', 1, 0, -1, '', '', '', 0, 0, -1, NULL, '2013-02-13 17:04:30', '2013-02-13 17:04:30', 1),
('101107158', 'FIRDA GHINA FITRI', 2, '9987819098', ' ', ' ', '2013-02-13', -1, '', -1, '', ' ', '', '', '', '', 19, '', 1, 0, -1, '', '', '', 0, 0, -1, NULL, '2013-02-13 17:04:30', '2013-02-13 17:04:30', 1),
('101107159', 'GALUH ASISTA NUR AFIFAH', 2, '9982382070', ' ', ' ', '2013-02-13', -1, '', -1, '', ' ', '', '', '', '', 19, '', 1, 0, -1, '', '', '', 0, 0, -1, NULL, '2013-02-13 17:04:30', '2013-02-13 17:04:30', 1),
('101107160', 'KINTAN FIRLY IFTIANA', 2, '9980882980', ' ', ' ', '2013-02-13', -1, '', -1, '', ' ', '', '', '', '', 19, '', 1, 0, -1, '', '', '', 0, 0, -1, NULL, '2013-02-13 17:04:30', '2013-02-13 17:04:30', 1),
('101107161', 'LOVIN CYNTINA ADIKU', 2, '9987796118', ' ', ' ', '2013-02-13', -1, '', -1, '', ' ', '', '', '', '', 19, '', 1, 0, -1, '', '', '', 0, 0, -1, NULL, '2013-02-13 17:04:30', '2013-02-13 17:04:30', 1),
('101107163', 'MARWA SAFIRA ROHADATUL AISY', 2, '9998178254', ' ', ' ', '2013-02-13', -1, '', -1, '', ' ', '', '', '', '', 19, '', 1, 0, -1, '', '', '', 0, 0, -1, NULL, '2013-02-13 17:04:30', '2013-02-13 17:04:30', 1),
('101107164', 'MOCH. ERLANGGA ADHA', 1, '9998156879', ' ', ' ', '2013-02-13', -1, '', -1, '', ' ', '', '', '', '', 19, '', 1, 0, -1, '', '', '', 0, 0, -1, NULL, '2013-02-13 17:04:30', '2013-02-13 17:04:30', 1),
('101107165', 'MOCH. IRVAN HERLIANSYAH', 1, '9971047453', ' ', ' ', '2013-02-13', -1, '', -1, '', ' ', '', '', '', '', 19, '', 1, 0, -1, '', '', '', 0, 0, -1, NULL, '2013-02-13 17:04:30', '2013-02-13 17:04:30', 1),
('101107166', 'MUHAMMAD HAZMI ZUHDI', 1, '9985092408', ' ', ' ', '2013-02-13', -1, '', -1, '', ' ', '', '', '', '', 19, '', 1, 0, -1, '', '', '', 0, 0, -1, NULL, '2013-02-13 17:04:30', '2013-02-13 17:04:30', 1),
('101107167', 'MUHAMMAD YOSEF ASH-SHIDDIQIE', 1, '9980882849', ' ', ' ', '2013-02-13', -1, '', -1, '', ' ', '', '', '', '', 19, '', 1, 0, -1, '', '', '', 0, 0, -1, NULL, '2013-02-13 17:04:30', '2013-02-13 17:04:30', 1),
('101107168', 'NAZIEB JORDIE FATUROHMAN', 1, '9995470990', ' ', ' ', '2013-02-13', -1, '', -1, '', ' ', '', '', '', '', 19, '', 1, 0, -1, '', '', '', 0, 0, -1, NULL, '2013-02-13 17:04:30', '2013-02-13 17:04:30', 1),
('101107169', 'RACHMADANTI', 2, '9985793908', ' ', ' ', '2013-02-13', -1, '', -1, '', ' ', '', '', '', '', 19, '', 1, 0, -1, '', '', '', 0, 0, -1, NULL, '2013-02-13 17:04:30', '2013-02-13 17:04:30', 1),
('101107170', 'RD. ASRIYANI LESTARI', 2, '9987796692', ' ', ' ', '2013-02-13', -1, '', -1, '', ' ', '', '', '', '', 19, '', 1, 0, -1, '', '', '', 0, 0, -1, NULL, '2013-02-13 17:04:30', '2013-02-13 17:04:30', 1),
('101107171', 'REGGY RIZQIARTA DWIRACHFI', 1, '9977937110', ' ', ' ', '2013-02-13', -1, '', -1, '', ' ', '', '', '', '', 19, '', 1, 0, -1, '', '', '', 0, 0, -1, NULL, '2013-02-13 17:04:30', '2013-02-13 17:04:30', 1),
('101107172', 'SAEFUL ANWAR', 1, '9987795131', ' ', ' ', '2013-02-13', -1, '', -1, '', ' ', '', '', '', '', 19, '', 1, 0, -1, '', '', '', 0, 0, -1, NULL, '2013-02-13 17:04:30', '2013-02-13 17:04:30', 1),
('101107173', 'SANDI RIDWAN ARDIANSYAH', 1, '9975177604', ' ', ' ', '2013-02-13', -1, '', -1, '', ' ', '', '', '', '', 19, '', 1, 0, -1, '', '', '', 0, 0, -1, NULL, '2013-02-13 17:04:30', '2013-02-13 17:04:30', 1),
('101107174', 'SILVIANA DEWI', 2, '9978215050', ' ', ' ', '2013-02-13', -1, '', -1, '', ' ', '', '', '', '', 19, '', 1, 0, -1, '', '', '', 0, 0, -1, NULL, '2013-02-13 17:04:30', '2013-02-13 17:04:30', 1),
('101107175', 'TANIA RISANDRA HIKMAT', 2, '9960703062', ' ', ' ', '2013-02-13', -1, '', -1, '', ' ', '', '', '', '', 19, '', 1, 0, -1, '', '', '', 0, 0, -1, NULL, '2013-02-13 17:04:30', '2013-02-13 17:04:30', 1),
('101107176', 'ULPA NUR MULYASARI WIJAYA', 2, '9980882435', ' ', ' ', '2013-02-13', -1, '', -1, '', ' ', '', '', '', '', 19, '', 1, 0, -1, '', '', '', 0, 0, -1, NULL, '2013-02-13 17:04:30', '2013-02-13 17:04:30', 1),
('101107177', 'WINDI PUTRI AGUSTINE', 2, '9981947967', ' ', ' ', '2013-02-13', -1, '', -1, '', ' ', '', '', '', '', 19, '', 1, 0, -1, '', '', '', 0, 0, -1, NULL, '2013-02-13 17:04:30', '2013-02-13 17:04:30', 1),
('101107178', 'ALMA SHALSABILA ZAHIRA', 2, '9980882423', ' ', ' ', '2013-02-13', -1, '', -1, '', ' ', '', '', '', '', 19, '', 1, 0, -1, '', '', '', 0, 0, -1, NULL, '2013-02-13 17:04:30', '2013-02-13 17:04:30', 1),
('101107179', 'AZIZ IRSYADUL AQWAM', 1, '9987796123', ' ', ' ', '2013-02-13', -1, '', -1, '', ' ', '', '', '', '', 19, '', 1, 0, -1, '', '', '', 0, 0, -1, NULL, '2013-02-13 17:04:30', '2013-02-13 17:04:30', 1),
('101107180', 'BINTANG SETIAHERMANA', 1, '9984334379', ' ', ' ', '2013-02-13', -1, '', -1, '', ' ', '', '', '', '', 19, '', 1, 0, -1, '', '', '', 0, 0, -1, NULL, '2013-02-13 17:04:30', '2013-02-13 17:04:30', 1),
('101107181', 'DHEADRA SALMAA RIBKA KIRANA', 2, '9988274044', ' ', ' ', '2013-02-13', -1, '', -1, '', ' ', '', '', '', '', 19, '', 1, 0, -1, '', '', '', 0, 0, -1, NULL, '2013-02-13 17:04:30', '2013-02-13 17:04:30', 1),
('101107182', 'DIAR LEZAR SUNGKAWA', 1, '9980882404', ' ', ' ', '2013-02-13', -1, '', -1, '', ' ', '', '', '', '', 19, '', 1, 0, -1, '', '', '', 0, 0, -1, NULL, '2013-02-13 17:04:30', '2013-02-13 17:04:30', 1),
('101107183', 'DISTIA BILYANDARA', 2, '9980883076', ' ', ' ', '2013-02-13', -1, '', -1, '', ' ', '', '', '', '', 19, '', 1, 0, -1, '', '', '', 0, 0, -1, NULL, '2013-02-13 17:04:30', '2013-02-13 17:04:30', 1),
('101107184', 'DLIYA DWI LITA', 2, '9991444358', ' ', ' ', '2013-02-13', -1, '', -1, '', ' ', '', '', '', '', 19, '', 1, 0, -1, '', '', '', 0, 0, -1, NULL, '2013-02-13 17:04:30', '2013-02-13 17:04:30', 1),
('101107185', 'DWIKI FAHRIZAL', 1, '9980882972', ' ', ' ', '2013-02-13', -1, '', -1, '', ' ', '', '', '', '', 19, '', 1, 0, -1, '', '', '', 0, 0, -1, NULL, '2013-02-13 17:04:30', '2013-02-13 17:04:30', 1),
('101107186', 'FAUZUNUL DINI SALAMA', 2, '9984692986', ' ', ' ', '2013-02-13', -1, '', -1, '', ' ', '', '', '', '', 19, '', 1, 0, -1, '', '', '', 0, 0, -1, NULL, '2013-02-13 17:04:30', '2013-02-13 17:04:30', 1),
('101107187', 'FEBRIYANTI NURHIDAYAH', 2, '9987796103', ' ', ' ', '2013-02-13', -1, '', -1, '', ' ', '', '', '', '', 19, '', 1, 0, -1, '', '', '', 0, 0, -1, NULL, '2013-02-13 17:04:30', '2013-02-13 17:04:30', 1),
('101107188', 'FILLA WIDHA SARI', 2, '9987794501', ' ', ' ', '2013-02-13', -1, '', -1, '', ' ', '', '', '', '', 19, '', 1, 0, -1, '', '', '', 0, 0, -1, NULL, '2013-02-13 17:04:30', '2013-02-13 17:04:30', 1),
('101107189', 'GHIFAR MAULANA GUNADI', 1, '9987759389', ' ', ' ', '2013-02-13', -1, '', -1, '', ' ', '', '', '', '', 19, '', 1, 0, -1, '', '', '', 0, 0, -1, NULL, '2013-02-13 17:04:30', '2013-02-13 17:04:30', 1),
('101107190', 'HANA NURAZIZAH', 2, '9956073342', ' ', ' ', '2013-02-13', -1, '', -1, '', ' ', '', '', '', '', 19, '', 1, 0, -1, '', '', '', 0, 0, -1, NULL, '2013-02-13 17:04:30', '2013-02-13 17:04:30', 1),
('101107191', 'IKHSAN MUHAMAD REZA', 1, '9987796762', ' ', ' ', '2013-02-13', -1, '', -1, '', ' ', '', '', '', '', 19, '', 1, 0, -1, '', '', '', 0, 0, -1, NULL, '2013-02-13 17:04:30', '2013-02-13 17:04:30', 1),
('101107192', 'INTAN SUCI KUSUMA PERTIWI', 2, '9987795339', ' ', ' ', '2013-02-13', -1, '', -1, '', ' ', '', '', '', '', 19, '', 1, 0, -1, '', '', '', 0, 0, -1, NULL, '2013-02-13 17:04:30', '2013-02-13 17:04:30', 1),
('101107193', 'KENTIA FAUZIAH', 2, '9987794207', ' ', ' ', '2013-02-13', -1, '', -1, '', ' ', '', '', '', '', 19, '', 1, 0, -1, '', '', '', 0, 0, -1, NULL, '2013-02-13 17:04:31', '2013-02-13 17:04:31', 1),
('101107194', 'M. RIFKI MAHENDRA. A. K', 1, '9987815983', ' ', ' ', '2013-02-13', -1, '', -1, '', ' ', '', '', '', '', 19, '', 1, 0, -1, '', '', '', 0, 0, -1, NULL, '2013-02-13 17:04:31', '2013-02-13 17:04:31', 1),
('101107195', 'MUHAMAD AGUNG PRAWIRO', 1, '9987816017', ' ', ' ', '2013-02-13', -1, '', -1, '', ' ', '', '', '', '', 19, '', 1, 0, -1, '', '', '', 0, 0, -1, NULL, '2013-02-13 17:04:31', '2013-02-13 17:04:31', 1),
('101107196', 'MUHAMMAD RAYHAN FAUZAN', 1, '9971048029', ' ', ' ', '2013-02-13', -1, '', -1, '', ' ', '', '', '', '', 19, '', 1, 0, -1, '', '', '', 0, 0, -1, NULL, '2013-02-13 17:04:31', '2013-02-13 17:04:31', 1),
('101107197', 'NOVIYAN NUR FITRIYANI', 2, '9988274096', ' ', ' ', '2013-02-13', -1, '', -1, '', ' ', '', '', '', '', 19, '', 1, 0, -1, '', '', '', 0, 0, -1, NULL, '2013-02-13 17:04:31', '2013-02-13 17:04:31', 1),
('101107198', 'PUTRI MARLIN AGUSTINA', 2, '9987819127', ' ', ' ', '2013-02-13', -1, '', -1, '', ' ', '', '', '', '', 19, '', 1, 0, -1, '', '', '', 0, 0, -1, NULL, '2013-02-13 17:04:31', '2013-02-13 17:04:31', 1),
('101107199', 'REIHANA IHZAUL AULIA', 2, '9987816008', ' ', ' ', '2013-02-13', -1, '', -1, '', ' ', '', '', '', '', 19, '', 1, 0, -1, '', '', '', 0, 0, -1, NULL, '2013-02-13 17:04:31', '2013-02-13 17:04:31', 1),
('101107200', 'RYAN HAFIYAN AZMI', 1, '9987816021', ' ', ' ', '2013-02-13', -1, '', -1, '', ' ', '', '', '', '', 19, '', 1, 0, -1, '', '', '', 0, 0, -1, NULL, '2013-02-13 17:04:31', '2013-02-13 17:04:31', 1),
('101107201', 'TASYA SETIA BUDI', 2, '9985091160', ' ', ' ', '2013-02-13', -1, '', -1, '', ' ', '', '', '', '', 19, '', 1, 0, -1, '', '', '', 0, 0, -1, NULL, '2013-02-13 17:04:31', '2013-02-13 17:04:31', 1),
('101107202', 'TEGAR NURFAZAR', 1, '9987816031', ' ', ' ', '2013-02-13', -1, '', -1, '', ' ', '', '', '', '', 19, '', 1, 0, -1, '', '', '', 0, 0, -1, NULL, '2013-02-13 17:04:31', '2013-02-13 17:04:31', 1),
('101107203', 'YANTI SUPRIANTI AGUSTIN', 2, '9975179063', ' ', ' ', '2013-02-13', -1, '', -1, '', ' ', '', '', '', '', 19, '', 1, 0, -1, '', '', '', 0, 0, -1, NULL, '2013-02-13 17:04:31', '2013-02-13 17:04:31', 1),
('101107204', 'YAZID ARRAFI', 1, '9995071364', ' ', ' ', '2013-02-13', -1, '', -1, '', ' ', '', '', '', '', 19, '', 1, 0, -1, '', '', '', 0, 0, -1, NULL, '2013-02-13 17:04:31', '2013-02-13 17:04:31', 1),
('101107205', 'ZESSY TRIANI PUTRI IRAWAN', 2, '9987794799', ' ', ' ', '2013-02-13', -1, '', -1, '', ' ', '', '', '', '', 19, '', 1, 0, -1, '', '', '', 0, 0, -1, NULL, '2013-02-13 17:04:31', '2013-02-13 17:04:31', 1),
('101107206', 'ZIANUR IMAN SAIDINA', 1, '9985474912', ' ', ' ', '2013-02-13', -1, '', -1, '', ' ', '', '', '', '', 19, '', 1, 0, -1, '', '', '', 0, 0, -1, NULL, '2013-02-13 17:04:31', '2013-02-13 17:04:31', 1),
('111207001', 'AJRINA NUR SHABRINA', 2, '9991444201', ' ', ' ', '2013-02-13', -1, '', -1, '', ' ', '', '', '', '', 19, '', 1, 0, -1, '', '', '', 0, 0, -1, NULL, '2013-02-13 17:00:18', '2013-02-13 17:00:18', 1),
('111207002', 'AL RAMADHANI', 1, '9991747423', ' ', ' ', '2013-02-13', -1, '', -1, '', ' ', '', '', '', '', 19, '', 1, 0, -1, '', '', '', 0, 0, -1, NULL, '2013-02-13 17:00:19', '2013-02-13 17:00:19', 1),
('111207003', 'ALFY NUR FAUZIA', 2, '0000488956', ' ', ' ', '2013-02-13', -1, '', -1, '', ' ', '', '', '', '', 19, '', 1, 0, -1, '', '', '', 0, 0, -1, NULL, '2013-02-13 17:00:18', '2013-02-13 17:00:18', 1),
('111207004', 'ANESTYA HAYATUNUFUS HAFSYAH', 2, '0006972638', ' ', ' ', '2013-02-13', -1, '', -1, '', ' ', '', '', '', '', 19, '', 1, 0, -1, '', '', '', 0, 0, -1, NULL, '2013-02-13 17:00:19', '2013-02-13 17:00:19', 1),
('111207005', 'ASTUTI ALAWIAH', 2, '9999537944', ' ', ' ', '2013-02-13', -1, '', -1, '', ' ', '', '', '', '', 19, '', 1, 0, -1, '', '', '', 0, 0, -1, NULL, '2013-02-13 17:00:18', '2013-02-13 17:00:18', 1),
('111207006', 'AYU TIARA KURNIASARI', 2, '9987812382', ' ', ' ', '2013-02-13', -1, '', -1, '', ' ', '', '', '', '', 19, '', 1, 0, -1, '', '', '', 0, 0, -1, NULL, '2013-02-13 17:00:19', '2013-02-13 17:00:19', 1),
('111207007', 'BRIGITTA MAYORI PUTERI', 2, '9994432474', ' ', ' ', '2013-02-13', -1, '', -1, '', ' ', '', '', '', '', 19, '', 1, 0, -1, '', '', '', 0, 0, -1, NULL, '2013-02-13 17:00:18', '2013-02-13 17:00:18', 1),
('111207008', 'EKA NOVITA', 2, '9968134987', ' ', ' ', '2013-02-13', -1, '', -1, '', ' ', '', '', '', '', 19, '', 1, 0, -1, '', '', '', 0, 0, -1, NULL, '2013-02-13 17:00:17', '2013-02-13 17:00:17', 1),
('111207009', 'ELBA AULIA', 2, '9985813698', ' ', ' ', '2013-02-13', -1, '', -1, '', ' ', '', '', '', '', 19, '', 1, 0, -1, '', '', '', 0, 0, -1, NULL, '2013-02-13 17:00:17', '2013-02-13 17:00:17', 1),
('111207010', 'FEBRIANA MIHARJA', 1, '9992882027', ' ', ' ', '2013-02-13', -1, '', -1, '', ' ', '', '', '', '', 19, '', 1, 0, -1, '', '', '', 0, 0, -1, NULL, '2013-02-13 17:00:17', '2013-02-13 17:00:17', 1),
('111207011', 'GUGUM BUDIARTO LAKSONO', 1, '9998158513', ' ', ' ', '2013-02-13', -1, '', -1, '', ' ', '', '', '', '', 19, '', 1, 0, -1, '', '', '', 0, 0, -1, NULL, '2013-02-13 17:00:19', '2013-02-13 17:00:19', 1),
('111207012', 'MEYDI ARIYANDINI JUNAEDI', 2, '9998190034', ' ', ' ', '2013-02-13', -1, '', -1, '', ' ', '', '', '', '', 19, '', 1, 0, -1, '', '', '', 0, 0, -1, NULL, '2013-02-13 17:00:17', '2013-02-13 17:00:17', 1),
('111207013', 'MUHAMMAD TERINODI', 1, '9996460304', ' ', ' ', '2013-02-13', -1, '', -1, '', ' ', '', '', '', '', 19, '', 1, 0, -1, '', '', '', 0, 0, -1, NULL, '2013-02-13 17:00:17', '2013-02-13 17:00:17', 1),
('111207014', 'MUHAMAD ZAINAL MUTAQIN  ', 1, '9987870821', ' ', ' ', '2013-02-13', -1, '', -1, '', ' ', '', '', '', '', 19, '', 1, 0, -1, '', '', '', 0, 0, -1, NULL, '2013-02-13 17:00:19', '2013-02-13 17:00:19', 1),
('111207015', 'MUHAMMAD FERRY FITRIADI', 1, '9998677945', ' ', ' ', '2013-02-13', -1, '', -1, '', ' ', '', '', '', '', 19, '', 1, 0, -1, '', '', '', 0, 0, -1, NULL, '2013-02-13 17:00:18', '2013-02-13 17:00:18', 1),
('111207016', 'NUR ISMAWATI YUSTIANA', 2, '9998178756', ' ', ' ', '2013-02-13', -1, '', -1, '', ' ', '', '', '', '', 19, '', 1, 0, -1, '', '', '', 0, 0, -1, NULL, '2013-02-13 17:00:17', '2013-02-13 17:00:17', 1),
('111207017', 'RAIHAN AHMAD KANZ', 1, '9991444635', ' ', ' ', '2013-02-13', -1, '', -1, '', ' ', '', '', '', '', 19, '', 1, 0, -1, '', '', '', 0, 0, -1, NULL, '2013-02-13 17:00:18', '2013-02-13 17:00:18', 1),
('111207018', 'RD. KOMARA SETIADJI', 1, '9992728867', ' ', ' ', '2013-02-13', -1, '', -1, '', ' ', '', '', '', '', 19, '', 1, 0, -1, '', '', '', 0, 0, -1, NULL, '2013-02-13 17:00:17', '2013-02-13 17:00:17', 1),
('111207019', 'RIFAL ARDIANSYAH UTOMO', 1, '9998677049', ' ', ' ', '2013-02-13', -1, '', -1, '', ' ', '', '', '', '', 19, '', 1, 0, -1, '', '', '', 0, 0, -1, NULL, '2013-02-13 17:00:18', '2013-02-13 17:00:18', 1),
('111207020', 'SHAFIRA TYAS KUMENYAR', 2, '9998156917', ' ', ' ', '2013-02-13', -1, '', -1, '', ' ', '', '', '', '', 19, '', 1, 0, -1, '', '', '', 0, 0, -1, NULL, '2013-02-13 17:00:18', '2013-02-13 17:00:18', 1),
('111207021', 'SHANDY RAMANDA FIRMANSYACH', 1, '9998156612', ' ', ' ', '2013-02-13', -1, '', -1, '', ' ', '', '', '', '', 19, '', 1, 0, -1, '', '', '', 0, 0, -1, NULL, '2013-02-13 17:00:17', '2013-02-13 17:00:17', 1),
('111207022', 'SHEREN SHESAR NATASHYA', 2, '9995378213', ' ', ' ', '2013-02-13', -1, '', -1, '', ' ', '', '', '', '', 19, '', 1, 0, -1, '', '', '', 0, 0, -1, NULL, '2013-02-13 17:00:17', '2013-02-13 17:00:17', 1),
('111207023', 'SUFIA NUR KAMILA', 2, '9991444206', ' ', ' ', '2013-02-13', -1, '', -1, '', ' ', '', '', '', '', 19, '', 1, 0, -1, '', '', '', 0, 0, -1, NULL, '2013-02-13 17:00:18', '2013-02-13 17:00:18', 1),
('111207024', 'TAUFIK HIDAYAT', 1, '9991444743', ' ', ' ', '2013-02-13', -1, '', -1, '', ' ', '', '', '', '', 19, '', 1, 0, -1, '', '', '', 0, 0, -1, NULL, '2013-02-13 17:00:17', '2013-02-13 17:00:17', 1),
('111207025', 'YOSSI OKA IBRAHIM', 1, '9990380824', ' ', ' ', '2013-02-13', -1, '', -1, '', ' ', '', '', '', '', 19, '', 1, 0, -1, '', '', '', 0, 0, -1, NULL, '2013-02-13 17:00:19', '2013-02-13 17:00:19', 1),
('111207026', 'ALFARISTY NURTSURAYYA', 2, '9998190035', ' ', ' ', '2013-02-13', -1, '', -1, '', ' ', '', '', '', '', 19, '', 1, 0, -1, '', '', '', 0, 0, -1, NULL, '2013-02-13 17:00:17', '2013-02-13 17:00:17', 1),
('111207027', 'ALIFA AYATUR RAHMAN', 1, '9996374983', ' ', ' ', '2013-02-13', -1, '', -1, '', ' ', '', '', '', '', 19, '', 1, 0, -1, '', '', '', 0, 0, -1, NULL, '2013-02-13 17:00:19', '2013-02-13 17:00:19', 1),
('111207028', 'ANGGI ANDANI PUTRI', 2, '9998190027', ' ', ' ', '2013-02-13', -1, '', -1, '', ' ', '', '', '', '', 19, '', 1, 0, -1, '', '', '', 0, 0, -1, NULL, '2013-02-13 17:00:18', '2013-02-13 17:00:18', 1),
('111207029', 'BAYU TRESNA ARIESTA', 1, '0000488980', ' ', ' ', '2013-02-13', -1, '', -1, '', ' ', '', '', '', '', 19, '', 1, 0, -1, '', '', '', 0, 0, -1, NULL, '2013-02-13 17:00:18', '2013-02-13 17:00:18', 1),
('111207030', 'BIAGY DESSANCHEZ', 1, '9985091120', ' ', ' ', '2013-02-13', -1, '', -1, '', ' ', '', '', '', '', 19, '', 1, 0, -1, '', '', '', 0, 0, -1, NULL, '2013-02-13 17:00:17', '2013-02-13 17:00:17', 1),
('111207031', 'CHANTIKA ALIFA IASHA', 2, '9987816035', ' ', ' ', '2013-02-13', -1, '', -1, '', ' ', '', '', '', '', 19, '', 1, 0, -1, '', '', '', 0, 0, -1, NULL, '2013-02-13 17:00:17', '2013-02-13 17:00:17', 1),
('111207032', 'CHINTYA RIZALDI', 2, '9996372779', ' ', ' ', '2013-02-13', -1, '', -1, '', ' ', '', '', '', '', 19, '', 1, 0, -1, '', '', '', 0, 0, -1, NULL, '2013-02-13 17:00:17', '2013-02-13 17:00:17', 1),
('111207033', 'DHERI IRSYAD DAMANIK', 1, '9990724808', ' ', ' ', '2013-02-13', -1, '', -1, '', ' ', '', '', '', '', 19, '', 1, 0, -1, '', '', '', 0, 0, -1, NULL, '2013-02-13 17:00:19', '2013-02-13 17:00:19', 1),
('111207034', 'DICKY MAHENDRA', 1, '9998157839', ' ', ' ', '2013-02-13', -1, '', -1, '', ' ', '', '', '', '', 19, '', 1, 0, -1, '', '', '', 0, 0, -1, NULL, '2013-02-13 17:00:19', '2013-02-13 17:00:19', 1);
INSERT INTO `academic_student` (`student_nis`, `student_name`, `student_gender`, `student_nisn`, `student_nik`, `student_birthplace`, `student_birthdate`, `student_religion`, `student_religionother`, `student_residance`, `student_residanceother`, `student_address`, `student_rt`, `student_rw`, `student_village`, `student_subdisctrict`, `student_city`, `student_zipcode`, `student_distance`, `student_distanceother`, `student_transportation`, `student_phonenumber1`, `student_phonenumber2`, `student_email`, `student_height`, `student_weight`, `student_specialneeds`, `student_pin`, `student_entry`, `student_entry_update`, `student_status`) VALUES
('111207035', 'FATHIA JUSTISIA ADLIANI', 2, '9991444762', ' ', ' ', '2013-02-13', -1, '', -1, '', ' ', '', '', '', '', 19, '', 1, 0, -1, '', '', '', 0, 0, -1, NULL, '2013-02-13 17:00:18', '2013-02-13 17:00:18', 1),
('111207036', 'GIASY PRANYTHA SUGIARTO', 2, '9998178283', ' ', ' ', '2013-02-13', -1, '', -1, '', ' ', '', '', '', '', 19, '', 1, 0, -1, '', '', '', 0, 0, -1, NULL, '2013-02-13 17:00:19', '2013-02-13 17:00:19', 1),
('111207037', 'HAMZAH SAIFUL MUBAROK', 1, '9992705918', ' ', ' ', '2013-02-13', -1, '', -1, '', ' ', '', '', '', '', 19, '', 1, 0, -1, '', '', '', 0, 0, -1, NULL, '2013-02-13 17:00:17', '2013-02-13 17:00:17', 1),
('111207038', 'HANI  NURDITA', 2, '9998157598', ' ', ' ', '2013-02-13', -1, '', -1, '', ' ', '', '', '', '', 19, '', 1, 0, -1, '', '', '', 0, 0, -1, NULL, '2013-02-13 17:00:19', '2013-02-13 17:00:19', 1),
('111207039', 'JELSI RATU BERLIANE', 2, '0000488851', ' ', ' ', '2013-02-13', -1, '', -1, '', ' ', '', '', '', '', 19, '', 1, 0, -1, '', '', '', 0, 0, -1, NULL, '2013-02-13 17:00:19', '2013-02-13 17:00:19', 1),
('111207040', 'JOVANKA MARIANA SWAROVSKY', 2, '9991444837', ' ', ' ', '2013-02-13', -1, '', -1, '', ' ', '', '', '', '', 19, '', 1, 0, -1, '', '', '', 0, 0, -1, NULL, '2013-02-13 17:00:18', '2013-02-13 17:00:18', 1),
('111207041', 'KAMILA NUR AFIATI', 2, '9998158538', ' ', ' ', '2013-02-13', -1, '', -1, '', ' ', '', '', '', '', 19, '', 1, 0, -1, '', '', '', 0, 0, -1, NULL, '2013-02-13 17:00:17', '2013-02-13 17:00:17', 1),
('111207042', 'MAULANA LUTHFI FIRMAN', 1, '9994812295', ' ', ' ', '2013-02-13', -1, '', -1, '', ' ', '', '', '', '', 19, '', 1, 0, -1, '', '', '', 0, 0, -1, NULL, '2013-02-13 17:00:19', '2013-02-13 17:00:19', 1),
('111207043', 'RASYA AYU FIRDA WARDHANI', 2, '9996012083', ' ', ' ', '2013-02-13', -1, '', -1, '', ' ', '', '', '', '', 19, '', 1, 0, -1, '', '', '', 0, 0, -1, NULL, '2013-02-13 17:00:17', '2013-02-13 17:00:17', 1),
('111207044', 'REIGINA PRESTYCIA YOUSHIVA', 2, '9993629216', ' ', ' ', '2013-02-13', -1, '', -1, '', ' ', '', '', '', '', 19, '', 1, 0, -1, '', '', '', 0, 0, -1, NULL, '2013-02-13 17:00:19', '2013-02-13 17:00:19', 1),
('111207045', 'RIDWAN ALIFAZA', 1, '9985091166', ' ', ' ', '2013-02-13', -1, '', -1, '', ' ', '', '', '', '', 19, '', 1, 0, -1, '', '', '', 0, 0, -1, NULL, '2013-02-13 17:00:19', '2013-02-13 17:00:19', 1),
('111207046', 'RIJAL FADILLAH', 1, '9990380809', ' ', ' ', '2013-02-13', -1, '', -1, '', ' ', '', '', '', '', 19, '', 1, 0, -1, '', '', '', 0, 0, -1, NULL, '2013-02-13 17:00:18', '2013-02-13 17:00:18', 1),
('111207047', 'ROSALINDA AGNESTYA INDRA', 2, '9991444893', ' ', ' ', '2013-02-13', -1, '', -1, '', ' ', '', '', '', '', 19, '', 1, 0, -1, '', '', '', 0, 0, -1, NULL, '2013-02-13 17:00:19', '2013-02-13 17:00:19', 1),
('111207048', 'SARAH FARIDA FITRIA', 2, '9991444183', ' ', ' ', '2013-02-13', -1, '', -1, '', ' ', '', '', '', '', 19, '', 1, 0, -1, '', '', '', 0, 0, -1, NULL, '2013-02-13 17:00:18', '2013-02-13 17:00:18', 1),
('111207049', 'SYLVIA ROSADI', 2, '9995991549', ' ', ' ', '2013-02-13', -1, '', -1, '', ' ', '', '', '', '', 19, '', 1, 0, -1, '', '', '', 0, 0, -1, NULL, '2013-02-13 17:00:19', '2013-02-13 17:00:19', 1),
('111207050', 'ZEPANYA ZESKE RUTH  FIRSTYLONA H.', 2, '0003256131', ' ', ' ', '2013-02-13', -1, '', -1, '', ' ', '', '', '', '', 19, '', 1, 0, -1, '', '', '', 0, 0, -1, NULL, '2013-02-13 17:00:18', '2013-02-13 17:00:18', 1),
('111207051', 'ATIEK ADELIANTI', 2, '9995378218', ' ', ' ', '2013-02-13', -1, '', -1, '', ' ', '', '', '', '', 19, '', 1, 0, -1, '', '', '', 0, 0, -1, NULL, '2013-02-13 17:00:17', '2013-02-13 17:00:17', 1),
('111207052', 'AYU RARAS RAHAYU', 2, '9998158624', ' ', ' ', '2013-02-13', -1, '', -1, '', ' ', '', '', '', '', 19, '', 1, 0, -1, '', '', '', 0, 0, -1, NULL, '2013-02-13 17:00:18', '2013-02-13 17:00:18', 1),
('111207053', 'DHINAR YASMINIA UTAMI', 2, '9998158521', ' ', ' ', '2013-02-13', -1, '', -1, '', ' ', '', '', '', '', 19, '', 1, 0, -1, '', '', '', 0, 0, -1, NULL, '2013-02-13 17:00:18', '2013-02-13 17:00:18', 1),
('111207054', 'DIANA ROSA YUSFIKA', 2, '9985090343', ' ', ' ', '2013-02-13', -1, '', -1, '', ' ', '', '', '', '', 19, '', 1, 0, -1, '', '', '', 0, 0, -1, NULL, '2013-02-13 17:00:17', '2013-02-13 17:00:17', 1),
('111207055', 'DINNE DWI FITRI', 2, '9998156912', ' ', ' ', '2013-02-13', -1, '', -1, '', ' ', '', '', '', '', 19, '', 1, 0, -1, '', '', '', 0, 0, -1, NULL, '2013-02-13 17:00:19', '2013-02-13 17:00:19', 1),
('111207056', 'FIKRI FAJRIKA NASYARUDDIN', 1, '9991444745', ' ', ' ', '2013-02-13', -1, '', -1, '', ' ', '', '', '', '', 19, '', 1, 0, -1, '', '', '', 0, 0, -1, NULL, '2013-02-13 17:00:18', '2013-02-13 17:00:18', 1),
('111207057', 'GALANG FA''ADILAN BA''ARIZ', 1, '9998677075', ' ', ' ', '2013-02-13', -1, '', -1, '', ' ', '', '', '', '', 19, '', 1, 0, -1, '', '', '', 0, 0, -1, NULL, '2013-02-13 17:00:17', '2013-02-13 17:00:17', 1),
('111207058', 'GHURIYANTI SHOLIHAH', 2, '9991444181', ' ', ' ', '2013-02-13', -1, '', -1, '', ' ', '', '', '', '', 19, '', 1, 0, -1, '', '', '', 0, 0, -1, NULL, '2013-02-13 17:00:17', '2013-02-13 17:00:17', 1),
('111207059', 'GUMELAR ANUGRAH BUDIANA', 1, '9995235756', ' ', ' ', '2013-02-13', -1, '', -1, '', ' ', '', '', '', '', 19, '', 1, 0, -1, '', '', '', 0, 0, -1, NULL, '2013-02-13 17:00:18', '2013-02-13 17:00:18', 1),
('111207060', 'HANIFAN AULIA', 1, '9998995128', ' ', ' ', '2013-02-13', -1, '', -1, '', ' ', '', '', '', '', 19, '', 1, 0, -1, '', '', '', 0, 0, -1, NULL, '2013-02-13 17:00:19', '2013-02-13 17:00:19', 1),
('111207061', 'INDIRA SHAKINA RAMADHANI', 2, '9991444880', ' ', ' ', '2013-02-13', -1, '', -1, '', ' ', '', '', '', '', 19, '', 1, 0, -1, '', '', '', 0, 0, -1, NULL, '2013-02-13 17:00:18', '2013-02-13 17:00:18', 1),
('111207062', 'IRMAYANTY SRI RAHAYU', 2, '9995237750', ' ', ' ', '2013-02-13', -1, '', -1, '', ' ', '', '', '', '', 19, '', 1, 0, -1, '', '', '', 0, 0, -1, NULL, '2013-02-13 17:00:18', '2013-02-13 17:00:18', 1),
('111207063', 'ISMI DWISTYRANI', 2, '9944812291', ' ', ' ', '2013-02-13', -1, '', -1, '', ' ', '', '', '', '', 19, '', 1, 0, -1, '', '', '', 0, 0, -1, NULL, '2013-02-13 17:00:19', '2013-02-13 17:00:19', 1),
('111207064', 'JOHANNA RATUWANI SUNDAH', 2, '9991444769', ' ', ' ', '2013-02-13', -1, '', -1, '', ' ', '', '', '', '', 19, '', 1, 0, -1, '', '', '', 0, 0, -1, NULL, '2013-02-13 17:00:17', '2013-02-13 17:00:17', 1),
('111207065', 'KHARISMA LARABHAKTI MAYORETTE', 2, '9991885238', ' ', ' ', '2013-02-13', -1, '', -1, '', ' ', '', '', '', '', 19, '', 1, 0, -1, '', '', '', 0, 0, -1, NULL, '2013-02-13 17:00:19', '2013-02-13 17:00:19', 1),
('111207066', 'MUHAMAD AFIF LUKMANSYACH S.', 1, '9991444649', ' ', ' ', '2013-02-13', -1, '', -1, '', ' ', '', '', '', '', 19, '', 1, 0, -1, '', '', '', 0, 0, -1, NULL, '2013-02-13 17:00:18', '2013-02-13 17:00:18', 1),
('111207067', 'MUHAMAD IHSAN SABATIAN ARAFAH', 1, '9991444742', ' ', ' ', '2013-02-13', -1, '', -1, '', ' ', '', '', '', '', 19, '', 1, 0, -1, '', '', '', 0, 0, -1, NULL, '2013-02-13 17:00:18', '2013-02-13 17:00:18', 1),
('111207068', 'MUHAMMAD IBRAHIM YUSUF', 1, '9996013477', ' ', ' ', '2013-02-13', -1, '', -1, '', ' ', '', '', '', '', 19, '', 1, 0, -1, '', '', '', 0, 0, -1, NULL, '2013-02-13 17:00:17', '2013-02-13 17:00:17', 1),
('111207069', 'NIASA LORA RIMAR', 2, '9995237957', ' ', ' ', '2013-02-13', -1, '', -1, '', ' ', '', '', '', '', 19, '', 1, 0, -1, '', '', '', 0, 0, -1, NULL, '2013-02-13 17:00:19', '2013-02-13 17:00:19', 1),
('111207070', 'NISRINA ALMA ALYSHIA', 2, '9991444746', ' ', ' ', '2013-02-13', -1, '', -1, '', ' ', '', '', '', '', 19, '', 1, 0, -1, '', '', '', 0, 0, -1, NULL, '2013-02-13 17:00:18', '2013-02-13 17:00:18', 1),
('111207071', 'SALSYABILLA WILANDA RAMLAN', 2, '9998677072', ' ', ' ', '2013-02-13', -1, '', -1, '', ' ', '', '', '', '', 19, '', 1, 0, -1, '', '', '', 0, 0, -1, NULL, '2013-02-13 17:00:18', '2013-02-13 17:00:18', 1),
('111207072', 'SILVA EKA PUTRA UTAMA', 1, '9981966007', ' ', ' ', '2013-02-13', -1, '', -1, '', ' ', '', '', '', '', 19, '', 1, 0, -1, '', '', '', 0, 0, -1, NULL, '2013-02-13 17:00:17', '2013-02-13 17:00:17', 1),
('111207073', 'TASYA DWI INDRIANI', 2, '9998158520', ' ', ' ', '2013-02-13', -1, '', -1, '', ' ', '', '', '', '', 19, '', 1, 0, -1, '', '', '', 0, 0, -1, NULL, '2013-02-13 17:00:17', '2013-02-13 17:00:17', 1),
('111207074', 'TRISKA HURUL AINI', 2, '9998155563', ' ', ' ', '2013-02-13', -1, '', -1, '', ' ', '', '', '', '', 19, '', 1, 0, -1, '', '', '', 0, 0, -1, NULL, '2013-02-13 17:00:19', '2013-02-13 17:00:19', 1),
('111207075', 'TYO DANU KUSUMA', 1, '9991444888', ' ', ' ', '2013-02-13', -1, '', -1, '', ' ', '', '', '', '', 19, '', 1, 0, -1, '', '', '', 0, 0, -1, NULL, '2013-02-13 17:00:19', '2013-02-13 17:00:19', 1),
('111207077', 'AMALIANNISA RIZQIA FIQRIYATI', 2, '999155588', ' ', ' ', '2013-02-13', -1, '', -1, '', ' ', '', '', '', '', 19, '', 1, 0, -1, '', '', '', 0, 0, -1, NULL, '2013-02-13 17:00:18', '2013-02-13 17:00:18', 1),
('111207078', 'AQILLA FADILAH HIDAYAT', 1, '9991444216', ' ', ' ', '2013-02-13', -1, '', -1, '', ' ', '', '', '', '', 19, '', 1, 0, -1, '', '', '', 0, 0, -1, NULL, '2013-02-13 17:00:19', '2013-02-13 17:00:19', 1),
('111207079', 'ARIEF FATHUL FARIANDI', 1, '9998159120', ' ', ' ', '2013-02-13', -1, '', -1, '', ' ', '', '', '', '', 19, '', 1, 0, -1, '', '', '', 0, 0, -1, NULL, '2013-02-13 17:00:19', '2013-02-13 17:00:19', 1),
('111207081', 'CRISTY JUNIO SHAFARANI', 2, '9991444752', ' ', ' ', '2013-02-13', -1, '', -1, '', ' ', '', '', '', '', 19, '', 1, 0, -1, '', '', '', 0, 0, -1, NULL, '2013-02-13 17:00:19', '2013-02-13 17:00:19', 1),
('111207082', 'DEA YUNTIKA NUR ILHAMI', 2, '9991444751', ' ', ' ', '2013-02-13', -1, '', -1, '', ' ', '', '', '', '', 19, '', 1, 0, -1, '', '', '', 0, 0, -1, NULL, '2013-02-13 17:00:17', '2013-02-13 17:00:17', 1),
('111207083', 'DENA DJAYUSMAN', 1, '9995237954', ' ', ' ', '2013-02-13', -1, '', -1, '', ' ', '', '', '', '', 19, '', 1, 0, -1, '', '', '', 0, 0, -1, NULL, '2013-02-13 17:00:18', '2013-02-13 17:00:18', 1),
('111207084', 'DINI INDAH LESTARI', 2, '0000488958', ' ', ' ', '2013-02-13', -1, '', -1, '', ' ', '', '', '', '', 19, '', 1, 0, -1, '', '', '', 0, 0, -1, NULL, '2013-02-13 17:00:19', '2013-02-13 17:00:19', 1),
('111207085', 'FAIZA ORI HUTAMI PURNOMO', 2, '9991444872', ' ', ' ', '2013-02-13', -1, '', -1, '', ' ', '', '', '', '', 19, '', 1, 0, -1, '', '', '', 0, 0, -1, NULL, '2013-02-13 17:00:18', '2013-02-13 17:00:18', 1),
('111207087', 'GITA RANJANI', 2, '9994432485', ' ', ' ', '2013-02-13', -1, '', -1, '', ' ', '', '', '', '', 19, '', 1, 0, -1, '', '', '', 0, 0, -1, NULL, '2013-02-13 17:00:18', '2013-02-13 17:00:18', 1),
('111207088', 'HAFIZH MULIARASIS', 1, '9980883072', ' ', ' ', '2013-02-13', -1, '', -1, '', ' ', '', '', '', '', 19, '', 1, 0, -1, '', '', '', 0, 0, -1, NULL, '2013-02-13 17:00:17', '2013-02-13 17:00:17', 1),
('111207089', 'ILHAM MAULANA GINANJAR', 1, '9985295267', ' ', ' ', '2013-02-13', -1, '', -1, '', ' ', '', '', '', '', 19, '', 1, 0, -1, '', '', '', 0, 0, -1, NULL, '2013-02-13 17:00:19', '2013-02-13 17:00:19', 1),
('111207090', 'ILYAS NURALPANDANI', 1, '9991444177', ' ', ' ', '2013-02-13', -1, '', -1, '', ' ', '', '', '', '', 19, '', 1, 0, -1, '', '', '', 0, 0, -1, NULL, '2013-02-13 17:00:19', '2013-02-13 17:00:19', 1),
('111207091', 'INESSIA NABILA MAHARANI', 2, '9998157468', ' ', ' ', '2013-02-13', -1, '', -1, '', ' ', '', '', '', '', 19, '', 1, 0, -1, '', '', '', 0, 0, -1, NULL, '2013-02-13 17:00:18', '2013-02-13 17:00:18', 1),
('111207092', 'M. PRADAVI SATRIO WIBOWO', 1, '9995254529', ' ', ' ', '2013-02-13', -1, '', -1, '', ' ', '', '', '', '', 19, '', 1, 0, -1, '', '', '', 0, 0, -1, NULL, '2013-02-13 17:00:17', '2013-02-13 17:00:17', 1),
('111207093', 'MUHAMMAD GIBBRAN MADANI', 1, '9995238218', ' ', ' ', '2013-02-13', -1, '', -1, '', ' ', '', '', '', '', 19, '', 1, 0, -1, '', '', '', 0, 0, -1, NULL, '2013-02-13 17:00:17', '2013-02-13 17:00:17', 1),
('111207094', 'MUHAMMAD LUTHFI ABDUL WAHID', 1, '0004051161', ' ', ' ', '2013-02-13', -1, '', -1, '', ' ', '', '', '', '', 19, '', 1, 0, -1, '', '', '', 0, 0, -1, NULL, '2013-02-13 17:00:17', '2013-02-13 17:00:17', 1),
('111207095', 'NOPELLIAN ANNISA KURNIA', 2, '9991444881', ' ', ' ', '2013-02-13', -1, '', -1, '', ' ', '', '', '', '', 19, '', 1, 0, -1, '', '', '', 0, 0, -1, NULL, '2013-02-13 17:00:19', '2013-02-13 17:00:19', 1),
('111207096', 'RIFKY ANUGERAH PRATAMA', 1, '9998157496', ' ', ' ', '2013-02-13', -1, '', -1, '', ' ', '', '', '', '', 19, '', 1, 0, -1, '', '', '', 0, 0, -1, NULL, '2013-02-13 17:00:17', '2013-02-13 17:00:17', 1),
('111207097', 'RISMA ELMI AULIA', 2, '9991444887', ' ', ' ', '2013-02-13', -1, '', -1, '', ' ', '', '', '', '', 19, '', 1, 0, -1, '', '', '', 0, 0, -1, NULL, '2013-02-13 17:00:17', '2013-02-13 17:00:17', 1),
('111207098', 'SA''IDAH FITRIYAH', 2, '9992882025', ' ', ' ', '2013-02-13', -1, '', -1, '', ' ', '', '', '', '', 19, '', 1, 0, -1, '', '', '', 0, 0, -1, NULL, '2013-02-13 17:00:18', '2013-02-13 17:00:18', 1),
('111207099', 'SALSABILA SYABANI', 2, '9991444773', ' ', ' ', '2013-02-13', -1, '', -1, '', ' ', '', '', '', '', 19, '', 1, 0, -1, '', '', '', 0, 0, -1, NULL, '2013-02-13 17:00:17', '2013-02-13 17:00:17', 1),
('111207100', 'SYANGHIANG AJI DEWAYANA', 1, '9985091161', ' ', ' ', '2013-02-13', -1, '', -1, '', ' ', '', '', '', '', 19, '', 1, 0, -1, '', '', '', 0, 0, -1, NULL, '2013-02-13 17:00:17', '2013-02-13 17:00:17', 1),
('111207101', 'ALFANDY SANTOSO', 1, '9991444827', ' ', ' ', '2013-02-13', -1, '', -1, '', ' ', '', '', '', '', 19, '', 1, 0, -1, '', '', '', 0, 0, -1, NULL, '2013-02-13 17:00:19', '2013-02-13 17:00:19', 1),
('111207102', 'ALGIFARI FAUZIA', 1, '9995239668', ' ', ' ', '2013-02-13', -1, '', -1, '', ' ', '', '', '', '', 19, '', 1, 0, -1, '', '', '', 0, 0, -1, NULL, '2013-02-13 17:00:17', '2013-02-13 17:00:17', 1),
('111207103', 'ALYA SETYANINGRUM', 2, '0006953803', ' ', ' ', '2013-02-13', -1, '', -1, '', ' ', '', '', '', '', 19, '', 1, 0, -1, '', '', '', 0, 0, -1, NULL, '2013-02-13 17:00:18', '2013-02-13 17:00:18', 1),
('111207104', 'ANNISA ARSYA EFFELI', 2, '9988274089', ' ', ' ', '2013-02-13', -1, '', -1, '', ' ', '', '', '', '', 19, '', 1, 0, -1, '', '', '', 0, 0, -1, NULL, '2013-02-13 17:00:19', '2013-02-13 17:00:19', 1),
('111207105', 'ANNISA REVANANDA', 2, '0000488964', ' ', ' ', '2013-02-13', -1, '', -1, '', ' ', '', '', '', '', 19, '', 1, 0, -1, '', '', '', 0, 0, -1, NULL, '2013-02-13 17:00:18', '2013-02-13 17:00:18', 1),
('111207106', 'BELLA MARHAENIA DYAH AYU P. H.', 2, '998190032', NULL, ' ', '2013-02-13', -1, NULL, -1, NULL, ' ', NULL, NULL, NULL, NULL, 19, NULL, 1, 0, -1, NULL, NULL, NULL, 0, 0, -1, NULL, '2013-02-14 23:39:09', '2013-02-14 23:39:15', 1),
('111207107', 'BILLY JULIYAN PUTRA', 1, '9991444829', ' ', ' ', '2013-02-13', -1, '', -1, '', ' ', '', '', '', '', 19, '', 1, 0, -1, '', '', '', 0, 0, -1, NULL, '2013-02-13 17:00:17', '2013-02-13 17:00:17', 1),
('111207108', 'DERIEL LASKA LUBNA', 2, '9996012080', ' ', ' ', '2013-02-13', -1, '', -1, '', ' ', '', '', '', '', 19, '', 1, 0, -1, '', '', '', 0, 0, -1, NULL, '2013-02-13 17:00:17', '2013-02-13 17:00:17', 1),
('111207109', 'DIAN ALFIANI', 2, '9991444764', ' ', ' ', '2013-02-13', -1, '', -1, '', ' ', '', '', '', '', 19, '', 1, 0, -1, '', '', '', 0, 0, -1, NULL, '2013-02-13 17:00:17', '2013-02-13 17:00:17', 1),
('111207110', 'DITA PUSPITASARI', 2, '9998174406', ' ', ' ', '2013-02-13', -1, '', -1, '', ' ', '', '', '', '', 19, '', 1, 0, -1, '', '', '', 0, 0, -1, NULL, '2013-02-13 17:00:18', '2013-02-13 17:00:18', 1),
('111207111', 'EUIS LAELATUS SHOFIYAH', 2, '9998158637', ' ', ' ', '2013-02-13', -1, '', -1, '', ' ', '', '', '', '', 19, '', 1, 0, -1, '', '', '', 0, 0, -1, NULL, '2013-02-13 17:00:19', '2013-02-13 17:00:19', 1),
('111207112', 'FAISAL RIZKY RAMADHAN', 1, '9998156392', ' ', ' ', '2013-02-13', -1, '', -1, '', ' ', '', '', '', '', 19, '', 1, 0, -1, '', '', '', 0, 0, -1, NULL, '2013-02-13 17:00:17', '2013-02-13 17:00:17', 1),
('111207113', 'FARHAN SEPTIAN NUGRAHA', 1, '9991444868', ' ', ' ', '2013-02-13', -1, '', -1, '', ' ', '', '', '', '', 19, '', 1, 0, -1, '', '', '', 0, 0, -1, NULL, '2013-02-13 17:00:17', '2013-02-13 17:00:17', 1),
('111207114', 'FINGKI CHRISPIAN', 2, '9985091820', ' ', ' ', '2013-02-13', -1, '', -1, '', ' ', '', '', '', '', 19, '', 1, 0, -1, '', '', '', 0, 0, -1, NULL, '2013-02-13 17:00:17', '2013-02-13 17:00:17', 1),
('111207115', 'FIRDA RAMADHANTI', 2, '9998157847', ' ', ' ', '2013-02-13', -1, '', -1, '', ' ', '', '', '', '', 19, '', 1, 0, -1, '', '', '', 0, 0, -1, NULL, '2013-02-13 17:00:19', '2013-02-13 17:00:19', 1),
('111207116', 'HANNAFALA FAJRIANI MAULIDA', 2, '0000488143', ' ', ' ', '2013-02-13', -1, '', -1, '', ' ', '', '', '', '', 19, '', 1, 0, -1, '', '', '', 0, 0, -1, NULL, '2013-02-13 17:00:19', '2013-02-13 17:00:19', 1),
('111207117', 'ILHAM FAUZAN WILLYANA', 1, '9996374789', ' ', ' ', '2013-02-13', -1, '', -1, '', ' ', '', '', '', '', 19, '', 1, 0, -1, '', '', '', 0, 0, -1, NULL, '2013-02-13 17:00:17', '2013-02-13 17:00:17', 1),
('111207118', 'IQBAL NAHRUL HAYAT', 1, '9991444885', ' ', ' ', '2013-02-13', -1, '', -1, '', ' ', '', '', '', '', 19, '', 1, 0, -1, '', '', '', 0, 0, -1, NULL, '2013-02-13 17:00:19', '2013-02-13 17:00:19', 1),
('111207119', 'KANIA SANY ARDI', 1, '9985813678', ' ', ' ', '2013-02-13', -1, '', -1, '', ' ', '', '', '', '', 19, '', 1, 0, -1, '', '', '', 0, 0, -1, NULL, '2013-02-13 17:00:19', '2013-02-13 17:00:19', 1),
('111207120', 'KEVIN JOSEPH TARUNA SUGITTO', 1, '9991444842', ' ', ' ', '2013-02-13', -1, '', -1, '', ' ', '', '', '', '', 19, '', 1, 0, -1, '', '', '', 0, 0, -1, NULL, '2013-02-13 17:00:18', '2013-02-13 17:00:18', 1),
('111207122', 'MUHAMMAD SA''YAN HASBI YALLAH', 1, '0000488976', ' ', ' ', '2013-02-13', -1, '', -1, '', ' ', '', '', '', '', 19, '', 1, 0, -1, '', '', '', 0, 0, -1, NULL, '2013-02-13 17:00:18', '2013-02-13 17:00:18', 1),
('111207123', 'MUTIARA PUTRI UTAMI', 2, '9980883095', ' ', ' ', '2013-02-13', -1, '', -1, '', ' ', '', '', '', '', 19, '', 1, 0, -1, '', '', '', 0, 0, -1, NULL, '2013-02-13 17:00:17', '2013-02-13 17:00:17', 1),
('111207124', 'NILDA NABILA DHIYA ''ULHAQ', 2, '0006976273', ' ', ' ', '2013-02-13', -1, '', -1, '', ' ', '', '', '', '', 19, '', 1, 0, -1, '', '', '', 0, 0, -1, NULL, '2013-02-13 17:00:17', '2013-02-13 17:00:17', 1),
('111207125', 'NINDA SULASTIN', 2, '9985078614', ' ', ' ', '2013-02-13', -1, '', -1, '', ' ', '', '', '', '', 19, '', 1, 0, -1, '', '', '', 0, 0, -1, NULL, '2013-02-13 17:00:19', '2013-02-13 17:00:19', 1),
('111207126', 'SALSABILA SULTANAH RATNAPUTRI', 2, '9991444767', ' ', ' ', '2013-02-13', -1, '', -1, '', ' ', '', '', '', '', 19, '', 1, 0, -1, '', '', '', 0, 0, -1, NULL, '2013-02-13 17:00:19', '2013-02-13 17:00:19', 1),
('111207127', 'SATRIA FAREL MUHAMMAD', 1, '9991444774', ' ', ' ', '2013-02-13', -1, '', -1, '', ' ', '', '', '', '', 19, '', 1, 0, -1, '', '', '', 0, 0, -1, NULL, '2013-02-13 17:00:19', '2013-02-13 17:00:19', 1),
('111207128', 'SITI LAILA RAMDANIAH', 2, '9993424778', ' ', ' ', '2013-02-13', -1, '', -1, '', ' ', '', '', '', '', 19, '', 1, 0, -1, '', '', '', 0, 0, -1, NULL, '2013-02-13 17:00:19', '2013-02-13 17:00:19', 1),
('111207129', 'AGNIA FIRDAYULIA', 2, '9980883083', ' ', ' ', '2013-02-13', -1, '', -1, '', ' ', '', '', '', '', 19, '', 1, 0, -1, '', '', '', 0, 0, -1, NULL, '2013-02-13 17:00:19', '2013-02-13 17:00:19', 1),
('111207130', 'AGUSTIYANTI CAHYANINGTIYAS S.', 2, '9998155582', ' ', ' ', '2013-02-13', -1, '', -1, '', ' ', '', '', '', '', 19, '', 1, 0, -1, '', '', '', 0, 0, -1, NULL, '2013-02-13 17:00:17', '2013-02-13 17:00:17', 1),
('111207131', 'ALDERA MARGIANTI SUKAWAPUTRI', 2, '9995415409', ' ', ' ', '2013-02-13', -1, '', -1, '', ' ', '', '', '', '', 19, '', 1, 0, -1, '', '', '', 0, 0, -1, NULL, '2013-02-13 17:00:19', '2013-02-13 17:00:19', 1),
('111207132', 'ANISA PUSPITA', 2, '9991444754', ' ', ' ', '2013-02-13', -1, '', -1, '', ' ', '', '', '', '', 19, '', 1, 0, -1, '', '', '', 0, 0, -1, NULL, '2013-02-13 17:00:17', '2013-02-13 17:00:17', 1),
('111207133', 'BAKTHI RAMADHAN', 1, '9994812967', ' ', ' ', '2013-02-13', -1, '', -1, '', ' ', '', '', '', '', 19, '', 1, 0, -1, '', '', '', 0, 0, -1, NULL, '2013-02-13 17:00:19', '2013-02-13 17:00:19', 1),
('111207134', 'DANDY ARIANDI DJUMIARNA', 1, '9991444739', ' ', ' ', '2013-02-13', -1, '', -1, '', ' ', '', '', '', '', 19, '', 1, 0, -1, '', '', '', 0, 0, -1, NULL, '2013-02-13 17:00:18', '2013-02-13 17:00:18', 1),
('111207135', 'DEVIRA NOVALISA PUTRI UTAMI', 2, '9991444770', ' ', ' ', '2013-02-13', -1, '', -1, '', ' ', '', '', '', '', 19, '', 1, 0, -1, '', '', '', 0, 0, -1, NULL, '2013-02-13 17:00:18', '2013-02-13 17:00:18', 1),
('111207136', 'DINAR KHOERUN NISA', 2, '9987817616', ' ', ' ', '2013-02-13', -1, '', -1, '', ' ', '', '', '', '', 19, '', 1, 0, -1, '', '', '', 0, 0, -1, NULL, '2013-02-13 17:00:17', '2013-02-13 17:00:17', 1),
('111207137', 'DINDA NURUL RAMADHANI', 2, '998716445', ' ', ' ', '2013-02-13', -1, '', -1, '', ' ', '', '', '', '', 19, '', 1, 0, -1, '', '', '', 0, 0, -1, NULL, '2013-02-13 17:00:19', '2013-02-13 17:00:19', 1),
('111207138', 'DZIKRUL MUWAFIQ', 1, '9987796127', ' ', ' ', '2013-02-13', -1, '', -1, '', ' ', '', '', '', '', 19, '', 1, 0, -1, '', '', '', 0, 0, -1, NULL, '2013-02-13 17:00:18', '2013-02-13 17:00:18', 1),
('111207139', 'FIRZANAH GHASANI SURYA', 2, '0006956817', ' ', ' ', '2013-02-13', -1, '', -1, '', ' ', '', '', '', '', 19, '', 1, 0, -1, '', '', '', 0, 0, -1, NULL, '2013-02-13 17:00:17', '2013-02-13 17:00:17', 1),
('111207140', 'FITRI DWI UTAMI', 2, '9991444733', ' ', ' ', '2013-02-13', -1, '', -1, '', ' ', '', '', '', '', 19, '', 1, 0, -1, '', '', '', 0, 0, -1, NULL, '2013-02-13 17:00:19', '2013-02-13 17:00:19', 1),
('111207141', 'IRVAN GURUH FATHUR AZHARI', 1, '9991444760', ' ', ' ', '2013-02-13', -1, '', -1, '', ' ', '', '', '', '', 19, '', 1, 0, -1, '', '', '', 0, 0, -1, NULL, '2013-02-13 17:00:17', '2013-02-13 17:00:17', 1),
('111207142', 'LISDA MULIANI SEKAR ARUM', 2, '0000488981', ' ', ' ', '2013-02-13', -1, '', -1, '', ' ', '', '', '', '', 19, '', 1, 0, -1, '', '', '', 0, 0, -1, NULL, '2013-02-13 17:00:19', '2013-02-13 17:00:19', 1),
('111207143', 'MUHAMMAD AZIZ SALIM', 1, '9991444897', ' ', ' ', '2013-02-13', -1, '', -1, '', ' ', '', '', '', '', 19, '', 1, 0, -1, '', '', '', 0, 0, -1, NULL, '2013-02-13 17:00:19', '2013-02-13 17:00:19', 1),
('111207144', 'MUHAMMAD JUAN DWIYAN', 1, '9991444884', ' ', ' ', '2013-02-13', -1, '', -1, '', ' ', '', '', '', '', 19, '', 1, 0, -1, '', '', '', 0, 0, -1, NULL, '2013-02-13 17:00:18', '2013-02-13 17:00:18', 1),
('111207145', 'NOVAL YUSUF KURNIAWAN', 1, '9998178298', ' ', ' ', '2013-02-13', -1, '', -1, '', ' ', '', '', '', '', 19, '', 1, 0, -1, '', '', '', 0, 0, -1, NULL, '2013-02-13 17:00:17', '2013-02-13 17:00:17', 1),
('111207146', 'NUR ASYIFA', 2, '9990881085', ' ', ' ', '2013-02-13', -1, '', -1, '', ' ', '', '', '', '', 19, '', 1, 0, -1, '', '', '', 0, 0, -1, NULL, '2013-02-13 17:00:19', '2013-02-13 17:00:19', 1),
('111207147', 'POPPY NINING NAGANINGRUM', 2, '9980883090', ' ', ' ', '2013-02-13', -1, '', -1, '', ' ', '', '', '', '', 19, '', 1, 0, -1, '', '', '', 0, 0, -1, NULL, '2013-02-13 17:00:17', '2013-02-13 17:00:17', 1),
('111207148', 'RA. YOVANKA PUSPA ANGGELINA', 2, '0006955218', ' ', ' ', '2013-02-13', -1, '', -1, '', ' ', '', '', '', '', 19, '', 1, 0, -1, '', '', '', 0, 0, -1, NULL, '2013-02-13 17:00:19', '2013-02-13 17:00:19', 1),
('111207149', 'RAFIFAH ZAHRA', 2, '9968156207', ' ', ' ', '2013-02-13', -1, '', -1, '', ' ', '', '', '', '', 19, '', 1, 0, -1, '', '', '', 0, 0, -1, NULL, '2013-02-13 17:00:18', '2013-02-13 17:00:18', 1),
('111207150', 'RAISYA INDRIANI JOEHARDJAT', 2, '9991444874', ' ', ' ', '2013-02-13', -1, '', -1, '', ' ', '', '', '', '', 19, '', 1, 0, -1, '', '', '', 0, 0, -1, NULL, '2013-02-13 17:00:18', '2013-02-13 17:00:18', 1),
('111207151', 'RONDI RUNOAR', 1, '9991444898', ' ', ' ', '2013-02-13', -1, '', -1, '', ' ', '', '', '', '', 19, '', 1, 0, -1, '', '', '', 0, 0, -1, NULL, '2013-02-13 17:00:17', '2013-02-13 17:00:17', 1),
('111207152', 'SATRIO AJI', 1, '9991444894', ' ', ' ', '2013-02-13', -1, '', -1, '', ' ', '', '', '', '', 19, '', 1, 0, -1, '', '', '', 0, 0, -1, NULL, '2013-02-13 17:00:19', '2013-02-13 17:00:19', 1),
('111207153', 'SITI ZULFANIA ARIFIN', 2, '9991444203', ' ', ' ', '2013-02-13', -1, '', -1, '', ' ', '', '', '', '', 19, '', 1, 0, -1, '', '', '', 0, 0, -1, NULL, '2013-02-13 17:00:18', '2013-02-13 17:00:18', 1),
('111207154', 'SUCI AMALIA', 2, '9994812955', ' ', ' ', '2013-02-13', -1, '', -1, '', ' ', '', '', '', '', 19, '', 1, 0, -1, '', '', '', 0, 0, -1, NULL, '2013-02-13 17:00:17', '2013-02-13 17:00:17', 1),
('111207155', 'WIDI MUFIDAH RIFQOH', 2, '9998157837', ' ', ' ', '2013-02-13', -1, '', -1, '', ' ', '', '', '', '', 19, '', 1, 0, -1, '', '', '', 0, 0, -1, NULL, '2013-02-13 17:00:17', '2013-02-13 17:00:17', 1),
('111207156', 'ZIQRI MUHAMMAD IQBAL', 1, '9991444882', ' ', ' ', '2013-02-13', -1, '', -1, '', ' ', '', '', '', '', 19, '', 1, 0, -1, '', '', '', 0, 0, -1, NULL, '2013-02-13 17:00:17', '2013-02-13 17:00:17', 1),
('111207157', 'ADHIA NUR PERMATAWANGI', 1, '9998196422', ' ', ' ', '2013-02-13', -1, '', -1, '', ' ', '', '', '', '', 19, '', 1, 0, -1, '', '', '', 0, 0, -1, NULL, '2013-02-13 17:00:19', '2013-02-13 17:00:19', 1),
('111207158', 'AJI MULYANA', 1, '9995235742', ' ', ' ', '2013-02-13', -1, '', -1, '', ' ', '', '', '', '', 19, '', 1, 0, -1, '', '', '', 0, 0, -1, NULL, '2013-02-13 17:00:17', '2013-02-13 17:00:17', 1),
('111207159', 'ALDI RAHAYU', 1, '9998158519', ' ', ' ', '2013-02-13', -1, '', -1, '', ' ', '', '', '', '', 19, '', 1, 0, -1, '', '', '', 0, 0, -1, NULL, '2013-02-13 17:00:19', '2013-02-13 17:00:19', 1),
('111207160', 'BELA AYU SUBARINI P', 2, '9998155578', ' ', ' ', '2013-02-13', -1, '', -1, '', ' ', '', '', '', '', 19, '', 1, 0, -1, '', '', '', 0, 0, -1, NULL, '2013-02-13 17:00:17', '2013-02-13 17:00:17', 1),
('111207161', 'CICA NURDILA', 2, '9995235723', ' ', ' ', '2013-02-13', -1, '', -1, '', ' ', '', '', '', '', 19, '', 1, 0, -1, '', '', '', 0, 0, -1, NULL, '2013-02-13 17:00:17', '2013-02-13 17:00:17', 1),
('111207162', 'CRISTIAN JONATHAN', 1, '9994615888', ' ', ' ', '2013-02-13', -1, '', -1, '', ' ', '', '', '', '', 19, '', 1, 0, -1, '', '', '', 0, 0, -1, NULL, '2013-02-13 17:00:17', '2013-02-13 17:00:17', 1),
('111207163', 'DEA ALAYDA ZAKIAH', 2, '9991444012', ' ', ' ', '2013-02-13', -1, '', -1, '', ' ', '', '', '', '', 19, '', 1, 0, -1, '', '', '', 0, 0, -1, NULL, '2013-02-13 17:00:17', '2013-02-13 17:00:17', 1),
('111207164', 'DILIA HENDRIA PANI', 2, '0000488975', ' ', ' ', '2013-02-13', -1, '', -1, '', ' ', '', '', '', '', 19, '', 1, 0, -1, '', '', '', 0, 0, -1, NULL, '2013-02-13 17:00:19', '2013-02-13 17:00:19', 1),
('111207165', 'DILLATIA ALMA MEIDINA', 2, '9998677058', ' ', ' ', '2013-02-13', -1, '', -1, '', ' ', '', '', '', '', 19, '', 1, 0, -1, '', '', '', 0, 0, -1, NULL, '2013-02-13 17:00:19', '2013-02-13 17:00:19', 1),
('111207166', 'ERINDYA NAVIKA R', 2, '9992882034', ' ', ' ', '2013-02-13', -1, '', -1, '', ' ', '', '', '', '', 19, '', 1, 0, -1, '', '', '', 0, 0, -1, NULL, '2013-02-13 17:00:18', '2013-02-13 17:00:18', 1),
('111207167', 'FITRI NAILAN KARIMA', 2, '9985078975', ' ', ' ', '2013-02-13', -1, '', -1, '', ' ', '', '', '', '', 19, '', 1, 0, -1, '', '', '', 0, 0, -1, NULL, '2013-02-13 17:00:18', '2013-02-13 17:00:18', 1),
('111207168', 'GANI MUNGGARAN', 1, '9991444892', ' ', ' ', '2013-02-13', -1, '', -1, '', ' ', '', '', '', '', 19, '', 1, 0, -1, '', '', '', 0, 0, -1, NULL, '2013-02-13 17:00:19', '2013-02-13 17:00:19', 1),
('111207169', 'GIA ARYA PUTRA', 1, '9996296953', ' ', ' ', '2013-02-13', -1, '', -1, '', ' ', '', '', '', '', 19, '', 1, 0, -1, '', '', '', 0, 0, -1, NULL, '2013-02-13 17:00:19', '2013-02-13 17:00:19', 1),
('111207170', 'HAIDAR IRFAN FAUZAN', 1, '9998190040', ' ', ' ', '2013-02-13', -1, '', -1, '', ' ', '', '', '', '', 19, '', 1, 0, -1, '', '', '', 0, 0, -1, NULL, '2013-02-13 17:00:19', '2013-02-13 17:00:19', 1),
('111207171', 'HILMI ZAKARIYA', 1, '9990082967', ' ', ' ', '2013-02-13', -1, '', -1, '', ' ', '', '', '', '', 19, '', 1, 0, -1, '', '', '', 0, 0, -1, NULL, '2013-02-13 17:00:17', '2013-02-13 17:00:17', 1),
('111207172', 'INDRI UTAMI DEWI', 2, '9998179414', ' ', ' ', '2013-02-13', -1, '', -1, '', ' ', '', '', '', '', 19, '', 1, 0, -1, '', '', '', 0, 0, -1, NULL, '2013-02-13 17:00:17', '2013-02-13 17:00:17', 1),
('111207173', 'KAKA ARY SOBARNA', 1, '9985294853', ' ', ' ', '2013-02-13', -1, '', -1, '', ' ', '', '', '', '', 19, '', 1, 0, -1, '', '', '', 0, 0, -1, NULL, '2013-02-13 17:00:17', '2013-02-13 17:00:17', 1),
('111207174', 'KIRANA SAGITA', 2, '9987796135', ' ', ' ', '2013-02-13', -1, '', -1, '', ' ', '', '', '', '', 19, '', 1, 0, -1, '', '', '', 0, 0, -1, NULL, '2013-02-13 17:00:17', '2013-02-13 17:00:17', 1),
('111207175', 'MOCH. ZIDAN HERLIANSYAH', 1, '9991444385', ' ', ' ', '2013-02-13', -1, '', -1, '', ' ', '', '', '', '', 19, '', 1, 0, -1, '', '', '', 0, 0, -1, NULL, '2013-02-13 17:00:18', '2013-02-13 17:00:18', 1),
('111207176', 'NADIRA FEGIYANTI', 2, '9995239328', ' ', ' ', '2013-02-13', -1, '', -1, '', ' ', '', '', '', '', 19, '', 1, 0, -1, '', '', '', 0, 0, -1, NULL, '2013-02-13 17:00:19', '2013-02-13 17:00:19', 1),
('111207177', 'RENATA ELSA HAPSARI', 2, '9998190057', ' ', ' ', '2013-02-13', -1, '', -1, '', ' ', '', '', '', '', 19, '', 1, 0, -1, '', '', '', 0, 0, -1, NULL, '2013-02-13 17:00:18', '2013-02-13 17:00:18', 1),
('111207178', 'RIS REFORMADIA', 2, '9991444628', ' ', ' ', '2013-02-13', -1, '', -1, '', ' ', '', '', '', '', 19, '', 1, 0, -1, '', '', '', 0, 0, -1, NULL, '2013-02-13 17:00:19', '2013-02-13 17:00:19', 1),
('111207179', 'RISKA HANDAYANI', 2, '9980882733', ' ', ' ', '2013-02-13', -1, '', -1, '', ' ', '', '', '', '', 19, '', 1, 0, -1, '', '', '', 0, 0, -1, NULL, '2013-02-13 17:00:18', '2013-02-13 17:00:18', 1),
('111207180', 'RISYA AULIA SAGITA', 2, '9991444863', ' ', ' ', '2013-02-13', -1, '', -1, '', ' ', '', '', '', '', 19, '', 1, 0, -1, '', '', '', 0, 0, -1, NULL, '2013-02-13 17:00:18', '2013-02-13 17:00:18', 1),
('111207181', 'SYAEFUL BACHRI', 1, '9987796919', ' ', ' ', '2013-02-13', -1, '', -1, '', ' ', '', '', '', '', 19, '', 1, 0, -1, '', '', '', 0, 0, -1, NULL, '2013-02-13 17:00:19', '2013-02-13 17:00:19', 1),
('111207182', 'THERLIN LUTHFI PRATAMA', 1, '0006976271', ' ', ' ', '2013-02-13', -1, '', -1, '', ' ', '', '', '', '', 19, '', 1, 0, -1, '', '', '', 0, 0, -1, NULL, '2013-02-13 17:00:17', '2013-02-13 17:00:17', 1),
('111207183', 'YUDHA ANTON PRATAMA A.', 1, '0000488971', ' ', ' ', '2013-02-13', -1, '', -1, '', ' ', '', '', '', '', 19, '', 1, 0, -1, '', '', '', 0, 0, -1, NULL, '2013-02-13 17:00:19', '2013-02-13 17:00:19', 1),
('111207184', 'ZENZA IDFI PERMANA', 2, '9994432415', ' ', ' ', '2013-02-13', -1, '', -1, '', ' ', '', '', '', '', 19, '', 1, 0, -1, '', '', '', 0, 0, -1, NULL, '2013-02-13 17:00:18', '2013-02-13 17:00:18', 1),
('111207185', 'ABDUL  WAHID MUHTAR', 1, '9991444187', ' ', ' ', '2013-02-13', -1, '', -1, '', ' ', '', '', '', '', 19, '', 1, 0, -1, '', '', '', 0, 0, -1, NULL, '2013-02-13 17:00:19', '2013-02-13 17:00:19', 1),
('111207186', 'ADINDA DWI MEYLIANA', 2, '9998756622', ' ', ' ', '2013-02-13', -1, '', -1, '', ' ', '', '', '', '', 19, '', 1, 0, -1, '', '', '', 0, 0, -1, NULL, '2013-02-13 17:00:17', '2013-02-13 17:00:17', 1),
('111207187', 'ARINI RATNASARI', 2, '0006976266', ' ', ' ', '2013-02-13', -1, '', -1, '', ' ', '', '', '', '', 19, '', 1, 0, -1, '', '', '', 0, 0, -1, NULL, '2013-02-13 17:00:18', '2013-02-13 17:00:18', 1),
('111207189', 'DEWY KANIA SITI MEDAL MAS', 2, '0006956812', ' ', ' ', '2013-02-13', -1, '', -1, '', ' ', '', '', '', '', 19, '', 1, 0, -1, '', '', '', 0, 0, -1, NULL, '2013-02-13 17:00:18', '2013-02-13 17:00:18', 1),
('111207190', 'FADLILA GIFARINA GANI', 2, '9991444760', ' ', ' ', '2013-02-13', -1, '', -1, '', ' ', '', '', '', '', 19, '', 1, 0, -1, '', '', '', 0, 0, -1, NULL, '2013-02-13 17:00:18', '2013-02-13 17:00:18', 1),
('111207191', 'FITRI DYAH PITALOKA', 2, '9998190020', ' ', ' ', '2013-02-13', -1, '', -1, '', ' ', '', '', '', '', 19, '', 1, 0, -1, '', '', '', 0, 0, -1, NULL, '2013-02-13 17:00:19', '2013-02-13 17:00:19', 1),
('111207192', 'GINA LAILATUL QODRIYAH', 2, '9998158570', ' ', ' ', '2013-02-13', -1, '', -1, '', ' ', '', '', '', '', 19, '', 1, 0, -1, '', '', '', 0, 0, -1, NULL, '2013-02-13 17:00:19', '2013-02-13 17:00:19', 1),
('111207193', 'INDAH NOOR MEDIANI', 2, '9995459453', ' ', ' ', '2013-02-13', -1, '', -1, '', ' ', '', '', '', '', 19, '', 1, 0, -1, '', '', '', 0, 0, -1, NULL, '2013-02-13 17:00:19', '2013-02-13 17:00:19', 1),
('111207194', 'IQBAL MAULANA S', 1, '9998190055', ' ', ' ', '2013-02-13', -1, '', -1, '', ' ', '', '', '', '', 19, '', 1, 0, -1, '', '', '', 0, 0, -1, NULL, '2013-02-13 17:00:17', '2013-02-13 17:00:17', 1),
('111207195', 'LUSI SUSILAWATI RAHAYU', 2, '9995454100', ' ', ' ', '2013-02-13', -1, '', -1, '', ' ', '', '', '', '', 19, '', 1, 0, -1, '', '', '', 0, 0, -1, NULL, '2013-02-13 17:00:17', '2013-02-13 17:00:17', 1),
('111207196', 'MELDA YULIANTI', 2, '9980588074', ' ', ' ', '2013-02-13', -1, '', -1, '', ' ', '', '', '', '', 19, '', 1, 0, -1, '', '', '', 0, 0, -1, NULL, '2013-02-13 17:00:19', '2013-02-13 17:00:19', 1),
('111207197', 'MELVINA HELLY HUTASOIT', 2, '9995237961', ' ', ' ', '2013-02-13', -1, '', -1, '', ' ', '', '', '', '', 19, '', 1, 0, -1, '', '', '', 0, 0, -1, NULL, '2013-02-13 17:00:17', '2013-02-13 17:00:17', 1),
('111207198', 'NANDA ELSA ELVIRA', 2, '9998156937', ' ', ' ', '2013-02-13', -1, '', -1, '', ' ', '', '', '', '', 19, '', 1, 0, -1, '', '', '', 0, 0, -1, NULL, '2013-02-13 17:00:19', '2013-02-13 17:00:19', 1),
('111207199', 'NAUPAL HAMDANI', 1, '9995235994', ' ', ' ', '2013-02-13', -1, '', -1, '', ' ', '', '', '', '', 19, '', 1, 0, -1, '', '', '', 0, 0, -1, NULL, '2013-02-13 17:00:18', '2013-02-13 17:00:18', 1),
('111207200', 'NORMAN IBRAHIM SULTAN', 1, '9994432498', ' ', ' ', '2013-02-13', -1, '', -1, '', ' ', '', '', '', '', 19, '', 1, 0, -1, '', '', '', 0, 0, -1, NULL, '2013-02-13 17:00:18', '2013-02-13 17:00:18', 1),
('111207201', 'PEGY MEIRIZKA', 2, '9998156588', ' ', ' ', '2013-02-13', -1, '', -1, '', ' ', '', '', '', '', 19, '', 1, 0, -1, '', '', '', 0, 0, -1, NULL, '2013-02-13 17:00:19', '2013-02-13 17:00:19', 1),
('111207202', 'PRATIWI INDA RIZKY DEWI', 2, '0012598505', ' ', ' ', '2013-02-13', -1, '', -1, '', ' ', '', '', '', '', 19, '', 1, 0, -1, '', '', '', 0, 0, -1, NULL, '2013-02-13 17:00:17', '2013-02-13 17:00:17', 1),
('111207203', 'PUTRI WULANDARI', 2, '9998174419', ' ', ' ', '2013-02-13', -1, '', -1, '', ' ', '', '', '', '', 19, '', 1, 0, -1, '', '', '', 0, 0, -1, NULL, '2013-02-13 17:00:17', '2013-02-13 17:00:17', 1),
('111207204', 'RESTU RIZKI MAULANA', 1, '9998155639', ' ', ' ', '2013-02-13', -1, '', -1, '', ' ', '', '', '', '', 19, '', 1, 0, -1, '', '', '', 0, 0, -1, NULL, '2013-02-13 17:00:17', '2013-02-13 17:00:17', 1),
('111207205', 'RICKY WIBOWO ARDIANSYAH', 1, '9987816026', ' ', ' ', '2013-02-13', -1, '', -1, '', ' ', '', '', '', '', 19, '', 1, 0, -1, '', '', '', 0, 0, -1, NULL, '2013-02-13 17:00:17', '2013-02-13 17:00:17', 1),
('111207206', 'RISMA MUHAMMAD EPRIANTO', 1, '9980882868', ' ', ' ', '2013-02-13', -1, '', -1, '', ' ', '', '', '', '', 19, '', 1, 0, -1, '', '', '', 0, 0, -1, NULL, '2013-02-13 17:00:19', '2013-02-13 17:00:19', 1),
('111207207', 'RUHAN MADANI', 1, '9982486367', ' ', ' ', '2013-02-13', -1, '', -1, '', ' ', '', '', '', '', 19, '', 1, 0, -1, '', '', '', 0, 0, -1, NULL, '2013-02-13 17:00:18', '2013-02-13 17:00:18', 1),
('111207208', 'SHOFURA HANUN ', 2, '9991444757', ' ', ' ', '2013-02-13', -1, '', -1, '', ' ', '', '', '', '', 19, '', 1, 0, -1, '', '', '', 0, 0, -1, NULL, '2013-02-13 17:00:18', '2013-02-13 17:00:18', 1),
('111207209', 'SYIFA HASNA PERTIWI', 2, '9996013516', ' ', ' ', '2013-02-13', -1, '', -1, '', ' ', '', '', '', '', 19, '', 1, 0, -1, '', '', '', 0, 0, -1, NULL, '2013-02-13 17:00:17', '2013-02-13 17:00:17', 1),
('111207210', 'YASYFI FAIKAR JUNDIL  HAQ', 1, '9991444194', ' ', ' ', '2013-02-13', -1, '', -1, '', ' ', '', '', '', '', 19, '', 1, 0, -1, '', '', '', 0, 0, -1, NULL, '2013-02-13 17:00:17', '2013-02-13 17:00:17', 1),
('111207211', 'YOSSY OKTAVIA SURYANI', 2, '9995239324', ' ', ' ', '2013-02-13', -1, '', -1, '', ' ', '', '', '', '', 19, '', 1, 0, -1, '', '', '', 0, 0, -1, NULL, '2013-02-13 17:00:17', '2013-02-13 17:00:17', 1),
('111207212', 'ZEA SHAFIRA SURYA', 2, '0000488960', ' ', ' ', '2013-02-13', -1, '', -1, '', ' ', '', '', '', '', 19, '', 1, 0, -1, '', '', '', 0, 0, -1, NULL, '2013-02-13 17:00:18', '2013-02-13 17:00:18', 1),
('111207213', 'DIANE ISMI MAUDY', 2, '9982716590', ' ', ' ', '2013-02-13', -1, '', -1, '', ' ', '', '', '', '', 19, '', 1, 0, -1, '', '', '', 0, 0, -1, NULL, '2013-02-13 17:00:19', '2013-02-13 17:00:19', 1),
('111208214', 'WIDY SETYA PRATAMA', 1, '9982421289', ' ', ' ', '2013-02-13', -1, '', -1, '', ' ', '', '', '', '', 19, '', 1, 0, -1, '', '', '', 0, 0, -1, NULL, '2013-02-13 17:04:31', '2013-02-13 17:04:31', 1),
('121307001', 'ADILLO ALMAN AHMAD', 1, '0011531663', ' ', ' ', '2013-02-13', -1, '', -1, '', ' ', '', '', '', '', 19, '', 1, 0, -1, '', '', '', 0, 0, -1, NULL, '2013-02-13 16:56:19', '2013-02-13 16:56:19', 1),
('121307002', 'AFIIFAH PUTRI TUFFAAHATII', 2, '0004051165', ' ', ' ', '2013-02-13', -1, '', -1, '', ' ', '', '', '', '', 19, '', 1, 0, -1, '', '', '', 0, 0, -1, NULL, '2013-02-13 16:56:19', '2013-02-13 16:56:19', 1),
('121307003', 'AJENG PURNAMA SARI', 2, '0004154870', ' ', ' ', '2013-02-13', -1, '', -1, '', ' ', '', '', '', '', 19, '', 1, 0, -1, '', '', '', 0, 0, -1, NULL, '2013-02-13 16:56:19', '2013-02-13 16:56:19', 1),
('121307004', 'ANTIA ELSA SEPTIANA', 2, '0000086261', ' ', ' ', '2013-02-13', -1, '', -1, '', ' ', '', '', '', '', 19, '', 1, 0, -1, '', '', '', 0, 0, -1, NULL, '2013-02-13 16:56:19', '2013-02-13 16:56:19', 1),
('121307005', 'AYU PUTRI LESTARI', 2, '0006954910', ' ', ' ', '2013-02-13', -1, '', -1, '', ' ', '', '', '', '', 19, '', 1, 0, -1, '', '', '', 0, 0, -1, NULL, '2013-02-13 16:56:19', '2013-02-13 16:56:19', 1),
('121307006', 'CHYNTIA SALSA NUR ALIFA', 2, '0002383511', ' ', ' ', '2013-02-13', -1, '', -1, '', ' ', '', '', '', '', 19, '', 1, 0, -1, '', '', '', 0, 0, -1, NULL, '2013-02-13 16:56:19', '2013-02-13 16:56:19', 1),
('121307007', 'DINDA PERMATA KUSHERAWATI', 2, '0000488714', ' ', ' ', '2013-02-13', -1, '', -1, '', ' ', '', '', '', '', 19, '', 1, 0, -1, '', '', '', 0, 0, -1, NULL, '2013-02-13 16:56:19', '2013-02-13 16:56:19', 1),
('121307008', 'FARHAN FADHILA HABIBULLAH', 1, '9998155651', ' ', ' ', '2013-02-13', -1, '', -1, '', ' ', '', '', '', '', 19, '', 1, 0, -1, '', '', '', 0, 0, -1, NULL, '2013-02-13 16:56:19', '2013-02-13 16:56:19', 1),
('121307009', 'FERNANDA LOVITA PUTRI', 2, '0014273427', ' ', ' ', '2013-02-13', -1, '', -1, '', ' ', '', '', '', '', 19, '', 1, 0, -1, '', '', '', 0, 0, -1, NULL, '2013-02-13 16:56:19', '2013-02-13 16:56:19', 1),
('121307010', 'GERADI NADHIF FIANDRA', 1, '0006955242', ' ', ' ', '2013-02-13', -1, '', -1, '', ' ', '', '', '', '', 19, '', 1, 0, -1, '', '', '', 0, 0, -1, NULL, '2013-02-13 16:56:19', '2013-02-13 16:56:19', 1),
('121307011', 'GIVSON GABRIEL SIHOMBING HST', 1, '0000488921', ' ', ' ', '2013-02-13', -1, '', -1, '', ' ', '', '', '', '', 19, '', 1, 0, -1, '', '', '', 0, 0, -1, NULL, '2013-02-13 16:56:19', '2013-02-13 16:56:19', 1),
('121307012', 'IDHAMARTYA WULANI', 2, '0007572292', ' ', ' ', '2013-02-13', -1, '', -1, '', ' ', '', '', '', '', 19, '', 1, 0, -1, '', '', '', 0, 0, -1, NULL, '2013-02-13 16:56:19', '2013-02-13 16:56:19', 1),
('121307013', 'LABIBAH ANASTUZAHRA PERMANASARI', 2, '0017135115', ' ', ' ', '2013-02-13', -1, '', -1, '', ' ', '', '', '', '', 19, '', 1, 0, -1, '', '', '', 0, 0, -1, NULL, '2013-02-13 16:56:19', '2013-02-13 16:56:19', 1),
('121307014', 'M. PRAYUDA AGYET ANUGRAH', 1, '9996296670', ' ', ' ', '2013-02-13', -1, '', -1, '', ' ', '', '', '', '', 19, '', 1, 0, -1, '', '', '', 0, 0, -1, NULL, '2013-02-13 16:56:19', '2013-02-13 16:56:19', 1),
('121307015', 'MOCH. RAYHAN NIDHAR', 1, '0006976243', ' ', ' ', '2013-02-13', -1, '', -1, '', ' ', '', '', '', '', 19, '', 1, 0, -1, '', '', '', 0, 0, -1, NULL, '2013-02-13 16:56:19', '2013-02-13 16:56:19', 1),
('121307016', 'MUHAMAD EMIR TABAH SUBARDHI', 1, '0011479960', ' ', ' ', '2013-02-13', -1, '', -1, '', ' ', '', '', '', '', 19, '', 1, 0, -1, '', '', '', 0, 0, -1, NULL, '2013-02-13 16:56:19', '2013-02-13 16:56:19', 1),
('121307017', 'MUHAMAD FADHIL FALHAN', 1, '0000488984', ' ', ' ', '2013-02-13', -1, '', -1, '', ' ', '', '', '', '', 19, '', 1, 0, -1, '', '', '', 0, 0, -1, NULL, '2013-02-13 16:56:20', '2013-02-13 16:56:20', 1),
('121307018', 'MUHAMMAD ABELYAN NUR QALAM', 1, '0014273501', ' ', ' ', '2013-02-13', -1, '', -1, '', ' ', '', '', '', '', 19, '', 1, 0, -1, '', '', '', 0, 0, -1, NULL, '2013-02-13 16:56:20', '2013-02-13 16:56:20', 1),
('121307019', 'MUHAMMAD ARBIAN MADJID', 1, '0000488962', ' ', ' ', '2013-02-13', -1, '', -1, '', ' ', '', '', '', '', 19, '', 1, 0, -1, '', '', '', 0, 0, -1, NULL, '2013-02-13 16:56:20', '2013-02-13 16:56:20', 1),
('121307020', 'NAZWA AINUN NAFISAH', 2, '9998157498', ' ', ' ', '2013-02-13', -1, '', -1, '', ' ', '', '', '', '', 19, '', 1, 0, -1, '', '', '', 0, 0, -1, NULL, '2013-02-13 16:56:20', '2013-02-13 16:56:20', 1),
('121307021', 'NYDHA NOVIANI', 2, '0004134694', ' ', ' ', '2013-02-13', -1, '', -1, '', ' ', '', '', '', '', 19, '', 1, 0, -1, '', '', '', 0, 0, -1, NULL, '2013-02-13 16:56:20', '2013-02-13 16:56:20', 1),
('121307022', 'PUJI RAHMAWATI', 2, '9991444318', ' ', ' ', '2013-02-13', -1, '', -1, '', ' ', '', '', '', '', 19, '', 1, 0, -1, '', '', '', 0, 0, -1, NULL, '2013-02-13 16:56:20', '2013-02-13 16:56:20', 1),
('121307023', 'RD SALSA DEWI KUSUMA', 2, '0006956831', ' ', ' ', '2013-02-13', -1, '', -1, '', ' ', '', '', '', '', 19, '', 1, 0, -1, '', '', '', 0, 0, -1, NULL, '2013-02-13 16:56:20', '2013-02-13 16:56:20', 1),
('121307024', 'REVI MERLIANI NUGRAHA', 2, '0012598292', ' ', ' ', '2013-02-13', -1, '', -1, '', ' ', '', '', '', '', 19, '', 1, 0, -1, '', '', '', 0, 0, -1, NULL, '2013-02-13 16:56:20', '2013-02-13 16:56:20', 1),
('121307025', 'RISKY BINTA REGIFTA', 1, '0000488138', ' ', ' ', '2013-02-13', -1, '', -1, '', ' ', '', '', '', '', 19, '', 1, 0, -1, '', '', '', 0, 0, -1, NULL, '2013-02-13 16:56:20', '2013-02-13 16:56:20', 1),
('121307026', 'SAVIANA ANDJANI MUSOFWAN', 2, '0014273507', ' ', ' ', '2013-02-13', -1, '', -1, '', ' ', '', '', '', '', 19, '', 1, 0, -1, '', '', '', 0, 0, -1, NULL, '2013-02-13 16:56:20', '2013-02-13 16:56:20', 1),
('121307027', 'SILVY ANISTIAWIGATI', 2, '0004271919', ' ', ' ', '2013-02-13', -1, '', -1, '', ' ', '', '', '', '', 19, '', 1, 0, -1, '', '', '', 0, 0, -1, NULL, '2013-02-13 16:56:20', '2013-02-13 16:56:20', 1),
('121307028', 'SULTHAN MULKI SUMARNA', 1, '0006956832', ' ', ' ', '2013-02-13', -1, '', -1, '', ' ', '', '', '', '', 19, '', 1, 0, -1, '', '', '', 0, 0, -1, NULL, '2013-02-13 16:56:20', '2013-02-13 16:56:20', 1),
('121307029', 'TRISNA ALFIAN', 1, '0011411565', ' ', ' ', '2013-02-13', -1, '', -1, '', ' ', '', '', '', '', 19, '', 1, 0, -1, '', '', '', 0, 0, -1, NULL, '2013-02-13 16:56:20', '2013-02-13 16:56:20', 1),
('121307030', 'YUGA RAIHAN SYACHREZA', 1, '0004758139', ' ', ' ', '2013-02-13', -1, '', -1, '', ' ', '', '', '', '', 19, '', 1, 0, -1, '', '', '', 0, 0, -1, NULL, '2013-02-13 16:56:20', '2013-02-13 16:56:20', 1),
('121307031', 'ADRI LAZUARDIAN S', 1, '9998190054', ' ', ' ', '2013-02-13', -1, '', -1, '', ' ', '', '', '', '', 19, '', 1, 0, -1, '', '', '', 0, 0, -1, NULL, '2013-02-13 16:56:20', '2013-02-13 16:56:20', 1),
('121307032', 'AMELIA LAILI', 2, '0998178300', ' ', ' ', '2013-02-13', -1, '', -1, '', ' ', '', '', '', '', 19, '', 1, 0, -1, '', '', '', 0, 0, -1, NULL, '2013-02-13 16:56:20', '2013-02-13 16:56:20', 1),
('121307033', 'ARIF RAHMAN HAKIM', 1, '0006671730', ' ', ' ', '2013-02-13', -1, '', -1, '', ' ', '', '', '', '', 19, '', 1, 0, -1, '', '', '', 0, 0, -1, NULL, '2013-02-13 16:56:20', '2013-02-13 16:56:20', 1),
('121307034', 'DAFFA HAKIM ALAINA NUGROHO', 1, '0002189335', ' ', ' ', '2013-02-13', -1, '', -1, '', ' ', '', '', '', '', 19, '', 1, 0, -1, '', '', '', 0, 0, -1, NULL, '2013-02-13 16:56:20', '2013-02-13 16:56:20', 1),
('121307035', 'FAKHRIZAL AZHAR ARYASA', 1, '0000488923', ' ', ' ', '2013-02-13', -1, '', -1, '', ' ', '', '', '', '', 19, '', 1, 0, -1, '', '', '', 0, 0, -1, NULL, '2013-02-13 16:56:20', '2013-02-13 16:56:20', 1),
('121307036', 'FATHURRASYID IBRAHIM', 1, '9991565633', ' ', ' ', '2013-02-13', -1, '', -1, '', ' ', '', '', '', '', 19, '', 1, 0, -1, '', '', '', 0, 0, -1, NULL, '2013-02-13 16:56:20', '2013-02-13 16:56:20', 1),
('121307037', 'FAUZAN RIZKI MUHARAM', 1, '0004276294', ' ', ' ', '2013-02-13', -1, '', -1, '', ' ', '', '', '', '', 19, '', 1, 0, -1, '', '', '', 0, 0, -1, NULL, '2013-02-13 16:56:20', '2013-02-13 16:56:20', 1),
('121307038', 'FIKRY ALZAIDAN RADIAN', 1, '0000488859', ' ', ' ', '2013-02-13', -1, '', -1, '', ' ', '', '', '', '', 19, '', 1, 0, -1, '', '', '', 0, 0, -1, NULL, '2013-02-13 16:56:20', '2013-02-13 16:56:20', 1),
('121307039', 'GHEA GRACIELLA JUANDA', 2, '000488853', ' ', ' ', '2013-02-13', -1, '', -1, '', ' ', '', '', '', '', 19, '', 1, 0, -1, '', '', '', 0, 0, -1, NULL, '2013-02-13 16:56:20', '2013-02-13 16:56:20', 1),
('121307040', 'HARUN AL RASYID', 1, '007572326', ' ', ' ', '2013-02-13', -1, '', -1, '', ' ', '', '', '', '', 19, '', 1, 0, -1, '', '', '', 0, 0, -1, NULL, '2013-02-13 16:56:20', '2013-02-13 16:56:20', 1),
('121307041', 'JERIKHO YUDHATAMA', 1, '000488906', ' ', ' ', '2013-02-13', -1, '', -1, '', ' ', '', '', '', '', 19, '', 1, 0, -1, '', '', '', 0, 0, -1, NULL, '2013-02-13 16:56:20', '2013-02-13 16:56:20', 1),
('121307042', 'MAHENDRA ALFATH FIRDAUS', 1, '0003256096', ' ', ' ', '2013-02-13', -1, '', -1, '', ' ', '', '', '', '', 19, '', 1, 0, -1, '', '', '', 0, 0, -1, NULL, '2013-02-13 16:56:20', '2013-02-13 16:56:20', 1),
('121307043', 'MOCHAMMAD SYAUQI HIBATULLAH HAETAMI', 1, '9991444759', ' ', ' ', '2013-02-13', -1, '', -1, '', ' ', '', '', '', '', 19, '', 1, 0, -1, '', '', '', 0, 0, -1, NULL, '2013-02-13 16:56:20', '2013-02-13 16:56:20', 1),
('121307044', 'MUHAMAD RASYID IRAWAN', 1, '0001270584', ' ', ' ', '2013-02-13', -1, '', -1, '', ' ', '', '', '', '', 19, '', 1, 0, -1, '', '', '', 0, 0, -1, NULL, '2013-02-13 16:56:20', '2013-02-13 16:56:20', 1),
('121307045', 'MUHAMAD RHEZA NARASUDJANA', 1, '0000488969', ' ', ' ', '2013-02-13', -1, '', -1, '', ' ', '', '', '', '', 19, '', 1, 0, -1, '', '', '', 0, 0, -1, NULL, '2013-02-13 16:56:20', '2013-02-13 16:56:20', 1),
('121307046', 'MUHAMMAD AGAM ISLAMI ALMUTAQIN', 1, '0006994535', ' ', ' ', '2013-02-13', -1, '', -1, '', ' ', '', '', '', '', 19, '', 1, 0, -1, '', '', '', 0, 0, -1, NULL, '2013-02-13 16:56:20', '2013-02-13 16:56:20', 1),
('121307047', 'MUTIARA NATASYA RAHMAPUTRI', 2, '0004117707', ' ', ' ', '2013-02-13', -1, '', -1, '', ' ', '', '', '', '', 19, '', 1, 0, -1, '', '', '', 0, 0, -1, NULL, '2013-02-13 16:56:20', '2013-02-13 16:56:20', 1),
('121307048', 'MUTIARA SHOLIHAH', 2, '9992620816', ' ', ' ', '2013-02-13', -1, '', -1, '', ' ', '', '', '', '', 19, '', 1, 0, -1, '', '', '', 0, 0, -1, NULL, '2013-02-13 16:56:20', '2013-02-13 16:56:20', 1),
('121307049', 'NABHAN SHIDQI FARGHANI', 1, '0002189344', ' ', ' ', '2013-02-13', -1, '', -1, '', ' ', '', '', '', '', 19, '', 1, 0, -1, '', '', '', 0, 0, -1, NULL, '2013-02-13 16:56:20', '2013-02-13 16:56:20', 1),
('121307050', 'NASYIA SALMA', 2, '0006953785', ' ', ' ', '2013-02-13', -1, '', -1, '', ' ', '', '', '', '', 19, '', 1, 0, -1, '', '', '', 0, 0, -1, NULL, '2013-02-13 16:56:20', '2013-02-13 16:56:20', 1),
('121307051', 'PRAWIRO WENINGGALIH ', 1, '0000488835', ' ', ' ', '2013-02-13', -1, '', -1, '', ' ', '', '', '', '', 19, '', 1, 0, -1, '', '', '', 0, 0, -1, NULL, '2013-02-13 16:56:20', '2013-02-13 16:56:20', 1),
('121307052', 'REZA TAUFIQ SUBAGIO', 1, '9991444775', ' ', ' ', '2013-02-13', -1, '', -1, '', ' ', '', '', '', '', 19, '', 1, 0, -1, '', '', '', 0, 0, -1, NULL, '2013-02-13 16:56:20', '2013-02-13 16:56:20', 1),
('121307053', 'RIZQY MUHAMMAD RIDLWANA', 1, '9991444879', ' ', ' ', '2013-02-13', -1, '', -1, '', ' ', '', '', '', '', 19, '', 1, 0, -1, '', '', '', 0, 0, -1, NULL, '2013-02-13 16:56:20', '2013-02-13 16:56:20', 1),
('121307054', 'SALFA AQILLA', 2, '0006956858', ' ', ' ', '2013-02-13', -1, '', -1, '', ' ', '', '', '', '', 19, '', 1, 0, -1, '', '', '', 0, 0, -1, NULL, '2013-02-13 16:56:20', '2013-02-13 16:56:20', 1),
('121307055', 'SISKA YOHANA BATUBARA', 2, '0000488909', ' ', ' ', '2013-02-13', -1, '', -1, '', ' ', '', '', '', '', 19, '', 1, 0, -1, '', '', '', 0, 0, -1, NULL, '2013-02-13 16:56:20', '2013-02-13 16:56:20', 1),
('121307056', 'SMESTA RINDU SUKARNA', 2, '0006956866', ' ', ' ', '2013-02-13', -1, '', -1, '', ' ', '', '', '', '', 19, '', 1, 0, -1, '', '', '', 0, 0, -1, NULL, '2013-02-13 16:56:21', '2013-02-13 16:56:21', 1),
('121307057', 'SYIFA GHEANA', 2, '9991444849', ' ', ' ', '2013-02-13', -1, '', -1, '', ' ', '', '', '', '', 19, '', 1, 0, -1, '', '', '', 0, 0, -1, NULL, '2013-02-13 16:56:21', '2013-02-13 16:56:21', 1),
('121307058', 'SYNTIARA FEBRIDA PUTRI GUNAWAN', 2, '0006976235', ' ', ' ', '2013-02-13', -1, '', -1, '', ' ', '', '', '', '', 19, '', 1, 0, -1, '', '', '', 0, 0, -1, NULL, '2013-02-13 16:56:21', '2013-02-13 16:56:21', 1),
('121307059', 'VELLA SIANECHA AZZAH TESLA BOSE', 2, '0004912292', ' ', ' ', '2013-02-13', -1, '', -1, '', ' ', '', '', '', '', 19, '', 1, 0, -1, '', '', '', 0, 0, -1, NULL, '2013-02-13 16:56:21', '2013-02-13 16:56:21', 1),
('121307060', 'ADINDA NIKEN AYU NIRMALA', 2, '0000488822', ' ', ' ', '2013-02-13', -1, '', -1, '', ' ', '', '', '', '', 19, '', 1, 0, -1, '', '', '', 0, 0, -1, NULL, '2013-02-13 16:56:21', '2013-02-13 16:56:21', 1);
INSERT INTO `academic_student` (`student_nis`, `student_name`, `student_gender`, `student_nisn`, `student_nik`, `student_birthplace`, `student_birthdate`, `student_religion`, `student_religionother`, `student_residance`, `student_residanceother`, `student_address`, `student_rt`, `student_rw`, `student_village`, `student_subdisctrict`, `student_city`, `student_zipcode`, `student_distance`, `student_distanceother`, `student_transportation`, `student_phonenumber1`, `student_phonenumber2`, `student_email`, `student_height`, `student_weight`, `student_specialneeds`, `student_pin`, `student_entry`, `student_entry_update`, `student_status`) VALUES
('121307061', 'ALDI YANUARI ARIFIN', 1, '0006955941', ' ', ' ', '2013-02-13', -1, '', -1, '', ' ', '', '', '', '', 19, '', 1, 0, -1, '', '', '', 0, 0, -1, NULL, '2013-02-13 16:56:21', '2013-02-13 16:56:21', 1),
('121307062', 'ALIVIANI FABILLAH NUR HARYATI', 2, '0004050073', ' ', ' ', '2013-02-13', -1, '', -1, '', ' ', '', '', '', '', 19, '', 1, 0, -1, '', '', '', 0, 0, -1, NULL, '2013-02-13 16:56:21', '2013-02-13 16:56:21', 1),
('121307063', 'ANISA MULYASARI', 2, '0004159961', ' ', ' ', '2013-02-13', -1, '', -1, '', ' ', '', '', '', '', 19, '', 1, 0, -1, '', '', '', 0, 0, -1, NULL, '2013-02-13 16:56:21', '2013-02-13 16:56:21', 1),
('121307064', 'CINDY VIONIKA', 2, '0000488841', ' ', ' ', '2013-02-13', -1, '', -1, '', ' ', '', '', '', '', 19, '', 1, 0, -1, '', '', '', 0, 0, -1, NULL, '2013-02-13 16:56:21', '2013-02-13 16:56:21', 1),
('121307065', 'DENDA PRAYOGA', 1, '0011355135', ' ', ' ', '2013-02-13', -1, '', -1, '', ' ', '', '', '', '', 19, '', 1, 0, -1, '', '', '', 0, 0, -1, NULL, '2013-02-13 16:56:21', '2013-02-13 16:56:21', 1),
('121307066', 'DEWI INTAN PERMATASARI RAMADHANI', 2, '0006956123', ' ', ' ', '2013-02-13', -1, '', -1, '', ' ', '', '', '', '', 19, '', 1, 0, -1, '', '', '', 0, 0, -1, NULL, '2013-02-13 16:56:21', '2013-02-13 16:56:21', 1),
('121307067', 'DIMAS RAMADHANI', 1, '9995993070', ' ', ' ', '2013-02-13', -1, '', -1, '', ' ', '', '', '', '', 19, '', 1, 0, -1, '', '', '', 0, 0, -1, NULL, '2013-02-13 16:56:21', '2013-02-13 16:56:21', 1),
('121307068', 'FARHAN AKBAR NUR FAUZI', 1, '0000488957', ' ', ' ', '2013-02-13', -1, '', -1, '', ' ', '', '', '', '', 19, '', 1, 0, -1, '', '', '', 0, 0, -1, NULL, '2013-02-13 16:56:21', '2013-02-13 16:56:21', 1),
('121307069', 'FENA ERLINA RAHMATUNNISA', 2, '0006956819', ' ', ' ', '2013-02-13', -1, '', -1, '', ' ', '', '', '', '', 19, '', 1, 0, -1, '', '', '', 0, 0, -1, NULL, '2013-02-13 16:56:21', '2013-02-13 16:56:21', 1),
('121307070', 'FIDAN FIDIANA GIFTARAMADHAN', 1, '9996013533', ' ', ' ', '2013-02-13', -1, '', -1, '', ' ', '', '', '', '', 19, '', 1, 0, -1, '', '', '', 0, 0, -1, NULL, '2013-02-13 16:56:21', '2013-02-13 16:56:21', 1),
('121307071', 'GEBY ROSTAULI SINAGA', 2, '0007476562', ' ', ' ', '2013-02-13', -1, '', -1, '', ' ', '', '', '', '', 19, '', 1, 0, -1, '', '', '', 0, 0, -1, NULL, '2013-02-13 16:56:21', '2013-02-13 16:56:21', 1),
('121307072', 'IRVANJAYA RAMDAN', 1, '9998190028', ' ', ' ', '2013-02-13', -1, '', -1, '', ' ', '', '', '', '', 19, '', 1, 0, -1, '', '', '', 0, 0, -1, NULL, '2013-02-13 16:56:21', '2013-02-13 16:56:21', 1),
('121307073', 'JYLAN ANGGIANI PUTRI', 2, '0006976264', ' ', ' ', '2013-02-13', -1, '', -1, '', ' ', '', '', '', '', 19, '', 1, 0, -1, '', '', '', 0, 0, -1, NULL, '2013-02-13 16:56:21', '2013-02-13 16:56:21', 1),
('121307074', 'KHOIRUN NISA ASYFA', 2, '0006978078', ' ', ' ', '2013-02-13', -1, '', -1, '', ' ', '', '', '', '', 19, '', 1, 0, -1, '', '', '', 0, 0, -1, NULL, '2013-02-13 16:56:21', '2013-02-13 16:56:21', 1),
('121307075', 'MAULANA NUR FAZRI ABDILLAH', 1, '0006978086', ' ', ' ', '2013-02-13', -1, '', -1, '', ' ', '', '', '', '', 19, '', 1, 0, -1, '', '', '', 0, 0, -1, NULL, '2013-02-13 16:56:21', '2013-02-13 16:56:21', 1),
('121307076', 'MISHBAHUL ALAM KAMILA', 2, '0006994550', ' ', ' ', '2013-02-13', -1, '', -1, '', ' ', '', '', '', '', 19, '', 1, 0, -1, '', '', '', 0, 0, -1, NULL, '2013-02-13 16:56:21', '2013-02-13 16:56:21', 1),
('121307077', 'NENDEN ADITYA PURSITA NINGRUM', 2, '0002628586', ' ', ' ', '2013-02-13', -1, '', -1, '', ' ', '', '', '', '', 19, '', 1, 0, -1, '', '', '', 0, 0, -1, NULL, '2013-02-13 16:56:21', '2013-02-13 16:56:21', 1),
('121307078', 'NISRINA FEBRIANI', 2, '0006976238', ' ', ' ', '2013-02-13', -1, '', -1, '', ' ', '', '', '', '', 19, '', 1, 0, -1, '', '', '', 0, 0, -1, NULL, '2013-02-13 16:56:21', '2013-02-13 16:56:21', 1),
('121307079', 'PANJI WIGUNA', 1, '0000488708', ' ', ' ', '2013-02-13', -1, '', -1, '', ' ', '', '', '', '', 19, '', 1, 0, -1, '', '', '', 0, 0, -1, NULL, '2013-02-13 16:56:21', '2013-02-13 16:56:21', 1),
('121307080', 'R. RAISYA INSANI PRASIWI', 2, '0006978065', ' ', ' ', '2013-02-13', -1, '', -1, '', ' ', '', '', '', '', 19, '', 1, 0, -1, '', '', '', 0, 0, -1, NULL, '2013-02-13 16:56:21', '2013-02-13 16:56:21', 1),
('121307081', 'RASENDRIYA RIZQ NOOR ADLI', 1, '0004037748', ' ', ' ', '2013-02-13', -1, '', -1, '', ' ', '', '', '', '', 19, '', 1, 0, -1, '', '', '', 0, 0, -1, NULL, '2013-02-13 16:56:21', '2013-02-13 16:56:21', 1),
('121307082', 'SALSABILA FITRIA PUTRI', 2, '0006957548', ' ', ' ', '2013-02-13', -1, '', -1, '', ' ', '', '', '', '', 19, '', 1, 0, -1, '', '', '', 0, 0, -1, NULL, '2013-02-13 16:56:21', '2013-02-13 16:56:21', 1),
('121307083', 'SEFTY PRATIWI', 2, '9991444857', ' ', ' ', '2013-02-13', -1, '', -1, '', ' ', '', '', '', '', 19, '', 1, 0, -1, '', '', '', 0, 0, -1, NULL, '2013-02-13 16:56:21', '2013-02-13 16:56:21', 1),
('121307084', 'SILMI FAUZAN YUSUP JAMALUDIN', 1, '0006955935', ' ', ' ', '2013-02-13', -1, '', -1, '', ' ', '', '', '', '', 19, '', 1, 0, -1, '', '', '', 0, 0, -1, NULL, '2013-02-13 16:56:21', '2013-02-13 16:56:21', 1),
('121307085', 'SYAFIRA KHAIRUNISA ALIFA ADHA', 2, '0005679232', ' ', ' ', '2013-02-13', -1, '', -1, '', ' ', '', '', '', '', 19, '', 1, 0, -1, '', '', '', 0, 0, -1, NULL, '2013-02-13 16:56:21', '2013-02-13 16:56:21', 1),
('121307086', 'SYAIDDAH CALISTA LUTHFIYYAH', 2, '0006956224', ' ', ' ', '2013-02-13', -1, '', -1, '', ' ', '', '', '', '', 19, '', 1, 0, -1, '', '', '', 0, 0, -1, NULL, '2013-02-13 16:56:21', '2013-02-13 16:56:21', 1),
('121307087', 'SYILVIA BAYU DIANA', 2, '0004037725', ' ', ' ', '2013-02-13', -1, '', -1, '', ' ', '', '', '', '', 19, '', 1, 0, -1, '', '', '', 0, 0, -1, NULL, '2013-02-13 16:56:21', '2013-02-13 16:56:21', 1),
('121307088', 'TAUFIQ MUHAMAD OKTAVIAN', 1, '0006953808', ' ', ' ', '2013-02-13', -1, '', -1, '', ' ', '', '', '', '', 19, '', 1, 0, -1, '', '', '', 0, 0, -1, NULL, '2013-02-13 16:56:21', '2013-02-13 16:56:21', 1),
('121307089', 'YUSRIL MEGANTARA', 1, '9996374804', ' ', ' ', '2013-02-13', -1, '', -1, '', ' ', '', '', '', '', 19, '', 1, 0, -1, '', '', '', 0, 0, -1, NULL, '2013-02-13 16:56:21', '2013-02-13 16:56:21', 1),
('121307090', 'ALFY IHDA FARID ALFARRIZIE', 1, '0003716806', ' ', ' ', '2013-02-13', -1, '', -1, '', ' ', '', '', '', '', 19, '', 1, 0, -1, '', '', '', 0, 0, -1, NULL, '2013-02-13 16:56:21', '2013-02-13 16:56:21', 1),
('121307091', 'AZIZ DWI PRIYATMOKO', 1, '9995239340', ' ', ' ', '2013-02-13', -1, '', -1, '', ' ', '', '', '', '', 19, '', 1, 0, -1, '', '', '', 0, 0, -1, NULL, '2013-02-13 16:56:21', '2013-02-13 16:56:21', 1),
('121307092', 'BELLA AUFA SUHARTO', 2, '0003617807', ' ', ' ', '2013-02-13', -1, '', -1, '', ' ', '', '', '', '', 19, '', 1, 0, -1, '', '', '', 0, 0, -1, NULL, '2013-02-13 16:56:21', '2013-02-13 16:56:21', 1),
('121307093', 'DENNYSHA PRIECILLA AULIA NUR''IZMHA', 2, '0007572321', ' ', ' ', '2013-02-13', -1, '', -1, '', ' ', '', '', '', '', 19, '', 1, 0, -1, '', '', '', 0, 0, -1, NULL, '2013-02-13 16:56:21', '2013-02-13 16:56:21', 1),
('121307094', 'DINDA NURHALIZA', 2, '0001981564', ' ', ' ', '2013-02-13', -1, '', -1, '', ' ', '', '', '', '', 19, '', 1, 0, -1, '', '', '', 0, 0, -1, NULL, '2013-02-13 16:56:22', '2013-02-13 16:56:22', 1),
('121307095', 'FADILLA NAILA DIAFARANI', 2, '0014272908', ' ', ' ', '2013-02-13', -1, '', -1, '', ' ', '', '', '', '', 19, '', 1, 0, -1, '', '', '', 0, 0, -1, NULL, '2013-02-13 16:56:22', '2013-02-13 16:56:22', 1),
('121307096', 'FIKA FEBI SANDIQI', 2, '0003617367', ' ', ' ', '2013-02-13', -1, '', -1, '', ' ', '', '', '', '', 19, '', 1, 0, -1, '', '', '', 0, 0, -1, NULL, '2013-02-13 16:56:22', '2013-02-13 16:56:22', 1),
('121307097', 'FINZHA MUHAMAD HAVIDZ', 1, '0006956210', ' ', ' ', '2013-02-13', -1, '', -1, '', ' ', '', '', '', '', 19, '', 1, 0, -1, '', '', '', 0, 0, -1, NULL, '2013-02-13 16:56:22', '2013-02-13 16:56:22', 1),
('121307098', 'GIAN ANTARES', 1, '9996379308', ' ', ' ', '2013-02-13', -1, '', -1, '', ' ', '', '', '', '', 19, '', 1, 0, -1, '', '', '', 0, 0, -1, NULL, '2013-02-13 16:56:22', '2013-02-13 16:56:22', 1),
('121307099', 'HASBI HASBULLAH HADIANSYAH', 1, '0004019549', ' ', ' ', '2013-02-13', -1, '', -1, '', ' ', '', '', '', '', 19, '', 1, 0, -1, '', '', '', 0, 0, -1, NULL, '2013-02-13 16:56:22', '2013-02-13 16:56:22', 1),
('121307100', 'HEKSA AINUN ZAKYAH', 2, '0006953862', ' ', ' ', '2013-02-13', -1, '', -1, '', ' ', '', '', '', '', 19, '', 1, 0, -1, '', '', '', 0, 0, -1, NULL, '2013-02-13 16:56:22', '2013-02-13 16:56:22', 1),
('121307101', 'HUZAIFAH IKHWANUS SHOFA', 1, '0002363414', ' ', ' ', '2013-02-13', -1, '', -1, '', ' ', '', '', '', '', 19, '', 1, 0, -1, '', '', '', 0, 0, -1, NULL, '2013-02-13 16:56:22', '2013-02-13 16:56:22', 1),
('121307102', 'IKHWAN SUGIH PRATAMA', 1, '0000488861', ' ', ' ', '2013-02-13', -1, '', -1, '', ' ', '', '', '', '', 19, '', 1, 0, -1, '', '', '', 0, 0, -1, NULL, '2013-02-13 16:56:22', '2013-02-13 16:56:22', 1),
('121307103', 'LETTI NURLATIFAH', 2, '0006956214', ' ', ' ', '2013-02-13', -1, '', -1, '', ' ', '', '', '', '', 19, '', 1, 0, -1, '', '', '', 0, 0, -1, NULL, '2013-02-13 16:56:22', '2013-02-13 16:56:22', 1),
('121307104', 'M. RIZAL NURFIKRI', 1, '9996379335', ' ', ' ', '2013-02-13', -1, '', -1, '', ' ', '', '', '', '', 19, '', 1, 0, -1, '', '', '', 0, 0, -1, NULL, '2013-02-13 16:56:22', '2013-02-13 16:56:22', 1),
('121307105', 'MAULINA ZAHWA', 2, '420233097', ' ', ' ', '2013-02-13', -1, '', -1, '', ' ', '', '', '', '', 19, '', 1, 0, -1, '', '', '', 0, 0, -1, NULL, '2013-02-13 16:56:22', '2013-02-13 16:56:22', 1),
('121307106', 'MUHAMAD RAYHAN GEMILANG', 1, '0006953786', ' ', ' ', '2013-02-13', -1, '', -1, '', ' ', '', '', '', '', 19, '', 1, 0, -1, '', '', '', 0, 0, -1, NULL, '2013-02-13 16:56:22', '2013-02-13 16:56:22', 1),
('121307107', 'MUHAMMAD THORIQ ZULHAJ', 1, '0004051160', ' ', ' ', '2013-02-13', -1, '', -1, '', ' ', '', '', '', '', 19, '', 1, 0, -1, '', '', '', 0, 0, -1, NULL, '2013-02-13 16:56:22', '2013-02-13 16:56:22', 1),
('121307108', 'NOVA INDRIANA PERMANA', 2, '9998156649', ' ', ' ', '2013-02-13', -1, '', -1, '', ' ', '', '', '', '', 19, '', 1, 0, -1, '', '', '', 0, 0, -1, NULL, '2013-02-13 16:56:22', '2013-02-13 16:56:22', 1),
('121307109', 'PEBRIYANTO SIBORO', 1, '0000488666', ' ', ' ', '2013-02-13', -1, '', -1, '', ' ', '', '', '', '', 19, '', 1, 0, -1, '', '', '', 0, 0, -1, NULL, '2013-02-13 16:56:22', '2013-02-13 16:56:22', 1),
('121307110', 'PUTRI NURLAILA FAJRIAH', 2, '0004051163', ' ', ' ', '2013-02-13', -1, '', -1, '', ' ', '', '', '', '', 19, '', 1, 0, -1, '', '', '', 0, 0, -1, NULL, '2013-02-13 16:56:22', '2013-02-13 16:56:22', 1),
('121307111', 'R. ARNANDA ADI WIJANARKO', 1, '0000488858', ' ', ' ', '2013-02-13', -1, '', -1, '', ' ', '', '', '', '', 19, '', 1, 0, -1, '', '', '', 0, 0, -1, NULL, '2013-02-13 16:56:22', '2013-02-13 16:56:22', 1),
('121307112', 'RANIA PURNAMASARI SUKIRMAN', 2, '0006954901', ' ', ' ', '2013-02-13', -1, '', -1, '', ' ', '', '', '', '', 19, '', 1, 0, -1, '', '', '', 0, 0, -1, NULL, '2013-02-13 16:56:22', '2013-02-13 16:56:22', 1),
('121307113', 'REVITHA VIRGIANY LARAS PUTRI MULYONO', 2, '0000488837', ' ', ' ', '2013-02-13', -1, '', -1, '', ' ', '', '', '', '', 19, '', 1, 0, -1, '', '', '', 0, 0, -1, NULL, '2013-02-13 16:56:22', '2013-02-13 16:56:22', 1),
('121307114', 'RUBBY JOVAN PRIMANANDA', 1, '0002189332', ' ', ' ', '2013-02-13', -1, '', -1, '', ' ', '', '', '', '', 19, '', 1, 0, -1, '', '', '', 0, 0, -1, NULL, '2013-02-13 16:56:22', '2013-02-13 16:56:22', 1),
('121307115', 'SHAFIRA THASYA ADIARIEZA', 2, '000048835', ' ', ' ', '2013-02-13', -1, '', -1, '', ' ', '', '', '', '', 19, '', 1, 0, -1, '', '', '', 0, 0, -1, NULL, '2013-02-13 16:56:22', '2013-02-13 16:56:22', 1),
('121307116', 'SITI AUGUSTINA NUR APRIANI', 2, '0006976267', ' ', ' ', '2013-02-13', -1, '', -1, '', ' ', '', '', '', '', 19, '', 1, 0, -1, '', '', '', 0, 0, -1, NULL, '2013-02-13 16:56:22', '2013-02-13 16:56:22', 1),
('121307117', 'SOFIATUL ASPIA', 2, '0003256650', ' ', ' ', '2013-02-13', -1, '', -1, '', ' ', '', '', '', '', 19, '', 1, 0, -1, '', '', '', 0, 0, -1, NULL, '2013-02-13 16:56:22', '2013-02-13 16:56:22', 1),
('121307118', 'WEGA FABIA PRAWIRA', 1, '0007316609', ' ', ' ', '2013-02-13', -1, '', -1, '', ' ', '', '', '', '', 19, '', 1, 0, -1, '', '', '', 0, 0, -1, NULL, '2013-02-13 16:56:22', '2013-02-13 16:56:22', 1),
('121307119', 'YOSRIZAL MARTKA', 1, '0006953783', ' ', ' ', '2013-02-13', -1, '', -1, '', ' ', '', '', '', '', 19, '', 1, 0, -1, '', '', '', 0, 0, -1, NULL, '2013-02-13 16:56:22', '2013-02-13 16:56:22', 1),
('121307120', 'AJENG MUKTIWIDARI', 2, '0014273392', ' ', ' ', '2013-02-13', -1, '', -1, '', ' ', '', '', '', '', 19, '', 1, 0, -1, '', '', '', 0, 0, -1, NULL, '2013-02-13 16:56:22', '2013-02-13 16:56:22', 1),
('121307121', 'AMANDA OKTAVIA PUSPITASARI', 2, '0003256632', ' ', ' ', '2013-02-13', -1, '', -1, '', ' ', '', '', '', '', 19, '', 1, 0, -1, '', '', '', 0, 0, -1, NULL, '2013-02-13 16:56:22', '2013-02-13 16:56:22', 1),
('121307122', 'ANI RAHMAWATI ', 2, '0004037995', ' ', ' ', '2013-02-13', -1, '', -1, '', ' ', '', '', '', '', 19, '', 1, 0, -1, '', '', '', 0, 0, -1, NULL, '2013-02-13 16:56:22', '2013-02-13 16:56:22', 1),
('121307123', 'ATTHARIQ FACHRI RAMADHAN ARIEF', 1, '0000488983', ' ', ' ', '2013-02-13', -1, '', -1, '', ' ', '', '', '', '', 19, '', 1, 0, -1, '', '', '', 0, 0, -1, NULL, '2013-02-13 16:56:22', '2013-02-13 16:56:22', 1),
('121307124', 'AZIZ MUHAMMAD LAZUARDI', 1, '0002189338', ' ', ' ', '2013-02-13', -1, '', -1, '', ' ', '', '', '', '', 19, '', 1, 0, -1, '', '', '', 0, 0, -1, NULL, '2013-02-13 16:56:22', '2013-02-13 16:56:22', 1),
('121307125', 'BIMO AJI PRASETYO', 1, '0006956825', ' ', ' ', '2013-02-13', -1, '', -1, '', ' ', '', '', '', '', 19, '', 1, 0, -1, '', '', '', 0, 0, -1, NULL, '2013-02-13 16:56:23', '2013-02-13 16:56:23', 1),
('121307126', 'DEIDRA FEYRINA AMELIA', 2, '0012892619', ' ', ' ', '2013-02-13', -1, '', -1, '', ' ', '', '', '', '', 19, '', 1, 0, -1, '', '', '', 0, 0, -1, NULL, '2013-02-13 16:56:23', '2013-02-13 16:56:23', 1),
('121307127', 'DIMAS AFRIZAL RACHMAT', 1, '9998178262', ' ', ' ', '2013-02-13', -1, '', -1, '', ' ', '', '', '', '', 19, '', 1, 0, -1, '', '', '', 0, 0, -1, NULL, '2013-02-13 16:56:23', '2013-02-13 16:56:23', 1),
('121307128', 'FARUQ IZZUDIN AL-QOSAM ', 1, '0010713544', ' ', ' ', '2013-02-13', -1, '', -1, '', ' ', '', '', '', '', 19, '', 1, 0, -1, '', '', '', 0, 0, -1, NULL, '2013-02-13 16:56:23', '2013-02-13 16:56:23', 1),
('121307129', 'FIRDAUS ANDRI PRAMANA', 1, '0007476511', ' ', ' ', '2013-02-13', -1, '', -1, '', ' ', '', '', '', '', 19, '', 1, 0, -1, '', '', '', 0, 0, -1, NULL, '2013-02-13 16:56:23', '2013-02-13 16:56:23', 1),
('121307130', 'FRIZKI OKTAVIANI DWI PUTRI', 2, '0000488978', ' ', ' ', '2013-02-13', -1, '', -1, '', ' ', '', '', '', '', 19, '', 1, 0, -1, '', '', '', 0, 0, -1, NULL, '2013-02-13 16:56:23', '2013-02-13 16:56:23', 1),
('121307131', 'HANNA AMIRA ZEIN', 2, '0008230289', ' ', ' ', '2013-02-13', -1, '', -1, '', ' ', '', '', '', '', 19, '', 1, 0, -1, '', '', '', 0, 0, -1, NULL, '2013-02-13 16:56:23', '2013-02-13 16:56:23', 1),
('121307132', 'IMA MASRIFAH', 2, '9995237967', ' ', ' ', '2013-02-13', -1, '', -1, '', ' ', '', '', '', '', 19, '', 1, 0, -1, '', '', '', 0, 0, -1, NULL, '2013-02-13 16:56:23', '2013-02-13 16:56:23', 1),
('121307133', 'KARUNIA ISLAMI HARTINI SUTANTO', 2, '0006972630', ' ', ' ', '2013-02-13', -1, '', -1, '', ' ', '', '', '', '', 19, '', 1, 0, -1, '', '', '', 0, 0, -1, NULL, '2013-02-13 16:56:23', '2013-02-13 16:56:23', 1),
('121307134', 'KHAIRUL ANAS NASRULLAH', 1, '0006955230', ' ', ' ', '2013-02-13', -1, '', -1, '', ' ', '', '', '', '', 19, '', 1, 0, -1, '', '', '', 0, 0, -1, NULL, '2013-02-13 16:56:23', '2013-02-13 16:56:23', 1),
('121307135', 'KINTAN NISRINA', 2, '0000488808', ' ', ' ', '2013-02-13', -1, '', -1, '', ' ', '', '', '', '', 19, '', 1, 0, -1, '', '', '', 0, 0, -1, NULL, '2013-02-13 16:56:23', '2013-02-13 16:56:23', 1),
('121307136', 'LOUIS APRILIA PRATAMA', 1, '0004051143', ' ', ' ', '2013-02-13', -1, '', -1, '', ' ', '', '', '', '', 19, '', 1, 0, -1, '', '', '', 0, 0, -1, NULL, '2013-02-13 16:56:23', '2013-02-13 16:56:23', 1),
('121307137', 'LUTHFAN SYAUQI MUNGGARAN', 1, '0006954841', ' ', ' ', '2013-02-13', -1, '', -1, '', ' ', '', '', '', '', 19, '', 1, 0, -1, '', '', '', 0, 0, -1, NULL, '2013-02-13 16:56:23', '2013-02-13 16:56:23', 1),
('121307138', 'MUHAMAD SAEF EL ISLAM', 1, '0003043027', ' ', ' ', '2013-02-13', -1, '', -1, '', ' ', '', '', '', '', 19, '', 1, 0, -1, '', '', '', 0, 0, -1, NULL, '2013-02-13 16:56:23', '2013-02-13 16:56:23', 1),
('121307139', 'NINDISYA PUTRI GRENADITA', 2, '0014272912', ' ', ' ', '2013-02-13', -1, '', -1, '', ' ', '', '', '', '', 19, '', 1, 0, -1, '', '', '', 0, 0, -1, NULL, '2013-02-13 16:56:23', '2013-02-13 16:56:23', 1),
('121307140', 'RAI MUHAMMAD DZAKY', 1, '0000488848', ' ', ' ', '2013-02-13', -1, '', -1, '', ' ', '', '', '', '', 19, '', 1, 0, -1, '', '', '', 0, 0, -1, NULL, '2013-02-13 16:56:23', '2013-02-13 16:56:23', 1),
('121307141', 'RAZAN NAUFAL FALAH', 1, '0000496340', ' ', ' ', '2013-02-13', -1, '', -1, '', ' ', '', '', '', '', 19, '', 1, 0, -1, '', '', '', 0, 0, -1, NULL, '2013-02-13 16:56:23', '2013-02-13 16:56:23', 1),
('121307142', 'RIKA YULIYANTI', 2, '0002450803', ' ', ' ', '2013-02-13', -1, '', -1, '', ' ', '', '', '', '', 19, '', 1, 0, -1, '', '', '', 0, 0, -1, NULL, '2013-02-13 16:56:23', '2013-02-13 16:56:23', 1),
('121307143', 'RISTIA HANZARI', 2, '0007032796', ' ', ' ', '2013-02-13', -1, '', -1, '', ' ', '', '', '', '', 19, '', 1, 0, -1, '', '', '', 0, 0, -1, NULL, '2013-02-13 16:56:23', '2013-02-13 16:56:23', 1),
('121307144', 'RIZAL PRATAMA FAJAR RAMDHANI', 1, '0006956867', ' ', ' ', '2013-02-13', -1, '', -1, '', ' ', '', '', '', '', 19, '', 1, 0, -1, '', '', '', 0, 0, -1, NULL, '2013-02-13 16:56:23', '2013-02-13 16:56:23', 1),
('121307145', 'SHABILA ZAHIRA SHAFA', 2, '9998156670', ' ', ' ', '2013-02-13', -1, '', -1, '', ' ', '', '', '', '', 19, '', 1, 0, -1, '', '', '', 0, 0, -1, NULL, '2013-02-13 16:56:23', '2013-02-13 16:56:23', 1),
('121307146', 'SRI YUNITA WULANDARI', 2, '0006957525', ' ', ' ', '2013-02-13', -1, '', -1, '', ' ', '', '', '', '', 19, '', 1, 0, -1, '', '', '', 0, 0, -1, NULL, '2013-02-13 16:56:23', '2013-02-13 16:56:23', 1),
('121307147', 'SYAFFINA AULYA', 2, '0002628587', ' ', ' ', '2013-02-13', -1, '', -1, '', ' ', '', '', '', '', 19, '', 1, 0, -1, '', '', '', 0, 0, -1, NULL, '2013-02-13 16:56:23', '2013-02-13 16:56:23', 1),
('121307148', 'TRIA RAMADHAN', 1, '0006976287', ' ', ' ', '2013-02-13', -1, '', -1, '', ' ', '', '', '', '', 19, '', 1, 0, -1, '', '', '', 0, 0, -1, NULL, '2013-02-13 16:56:23', '2013-02-13 16:56:23', 1),
('121307149', 'WULAN RACHMAWATI', 2, '0006972631', ' ', ' ', '2013-02-13', -1, '', -1, '', ' ', '', '', '', '', 19, '', 1, 0, -1, '', '', '', 0, 0, -1, NULL, '2013-02-13 16:56:23', '2013-02-13 16:56:23', 1),
('121307150', 'ADITYA RAHMADI KARYA', 1, '0005131671', ' ', ' ', '2013-02-13', -1, '', -1, '', ' ', '', '', '', '', 19, '', 1, 0, -1, '', '', '', 0, 0, -1, NULL, '2013-02-13 16:56:23', '2013-02-13 16:56:23', 1),
('121307151', 'ALYSSA MAULIDA NURSYIFA', 2, '0000488140', ' ', ' ', '2013-02-13', -1, '', -1, '', ' ', '', '', '', '', 19, '', 1, 0, -1, '', '', '', 0, 0, -1, NULL, '2013-02-13 16:56:23', '2013-02-13 16:56:23', 1),
('121307152', 'ANNISA NUR FAUZIYAH', 2, '9998157842', ' ', ' ', '2013-02-13', -1, '', -1, '', ' ', '', '', '', '', 19, '', 1, 0, -1, '', '', '', 0, 0, -1, NULL, '2013-02-13 16:56:23', '2013-02-13 16:56:23', 1),
('121307153', 'BUNGA CHICA NOVANTRI', 2, '9994043835', ' ', ' ', '2013-02-13', -1, '', -1, '', ' ', '', '', '', '', 19, '', 1, 0, -1, '', '', '', 0, 0, -1, NULL, '2013-02-13 16:56:23', '2013-02-13 16:56:23', 1),
('121307154', 'DIMAS AGUNG PRASETYO', 1, '0012614273', ' ', ' ', '2013-02-13', -1, '', -1, '', ' ', '', '', '', '', 19, '', 1, 0, -1, '', '', '', 0, 0, -1, NULL, '2013-02-13 16:56:23', '2013-02-13 16:56:23', 1),
('121307155', 'DWINA FRIDAYANTI', 2, '9998156173', ' ', ' ', '2013-02-13', -1, '', -1, '', ' ', '', '', '', '', 19, '', 1, 0, -1, '', '', '', 0, 0, -1, NULL, '2013-02-13 16:56:23', '2013-02-13 16:56:23', 1),
('121307156', 'ELSA ALFIYOLA', 2, '0000487521', ' ', ' ', '2013-02-13', -1, '', -1, '', ' ', '', '', '', '', 19, '', 1, 0, -1, '', '', '', 0, 0, -1, NULL, '2013-02-13 16:56:23', '2013-02-13 16:56:23', 1),
('121307157', 'ERVIN DWI KURNIAWAN', 1, '0000488823', ' ', ' ', '2013-02-13', -1, '', -1, '', ' ', '', '', '', '', 19, '', 1, 0, -1, '', '', '', 0, 0, -1, NULL, '2013-02-13 16:56:23', '2013-02-13 16:56:23', 1),
('121307158', 'FANDRA DAFA IBRAHIM', 1, '0002189342', ' ', ' ', '2013-02-13', -1, '', -1, '', ' ', '', '', '', '', 19, '', 1, 0, -1, '', '', '', 0, 0, -1, NULL, '2013-02-13 16:56:23', '2013-02-13 16:56:23', 1),
('121307159', 'FIKRY KURNIAWAN', 1, '0005131673', ' ', ' ', '2013-02-13', -1, '', -1, '', ' ', '', '', '', '', 19, '', 1, 0, -1, '', '', '', 0, 0, -1, NULL, '2013-02-13 16:56:23', '2013-02-13 16:56:23', 1),
('121307160', 'GHEANANDA NUR IQLIMA', 2, '0000488132', ' ', ' ', '2013-02-13', -1, '', -1, '', ' ', '', '', '', '', 19, '', 1, 0, -1, '', '', '', 0, 0, -1, NULL, '2013-02-13 16:56:23', '2013-02-13 16:56:23', 1),
('121307161', 'HASNA RAHMA NURAZIZAH', 2, '0006978062', ' ', ' ', '2013-02-13', -1, '', -1, '', ' ', '', '', '', '', 19, '', 1, 0, -1, '', '', '', 0, 0, -1, NULL, '2013-02-13 16:56:23', '2013-02-13 16:56:23', 1),
('121307162', 'JOHANES ANUGRAH SITORUS', 1, '0004190474', ' ', ' ', '2013-02-13', -1, '', -1, '', ' ', '', '', '', '', 19, '', 1, 0, -1, '', '', '', 0, 0, -1, NULL, '2013-02-13 16:56:23', '2013-02-13 16:56:23', 1),
('121307163', 'MARCELL IVALDRI RACHMAN', 1, '0002191933', ' ', ' ', '2013-02-13', -1, '', -1, '', ' ', '', '', '', '', 19, '', 1, 0, -1, '', '', '', 0, 0, -1, NULL, '2013-02-13 16:56:23', '2013-02-13 16:56:23', 1),
('121307164', 'MITASYA NUR JANNAH', 2, '0006978088', ' ', ' ', '2013-02-13', -1, '', -1, '', ' ', '', '', '', '', 19, '', 1, 0, -1, '', '', '', 0, 0, -1, NULL, '2013-02-13 16:56:23', '2013-02-13 16:56:23', 1),
('121307165', 'MOCHAMAD ALFARI PASSYA', 1, '9994812977', ' ', ' ', '2013-02-13', -1, '', -1, '', ' ', '', '', '', '', 19, '', 1, 0, -1, '', '', '', 0, 0, -1, NULL, '2013-02-13 16:56:23', '2013-02-13 16:56:23', 1),
('121307166', 'MUHAMMAD DZULFIKAR RIVAI', 1, '9995239343', ' ', ' ', '2013-02-13', -1, '', -1, '', ' ', '', '', '', '', 19, '', 1, 0, -1, '', '', '', 0, 0, -1, NULL, '2013-02-13 16:56:23', '2013-02-13 16:56:23', 1),
('121307167', 'MUHAMMAD HEFZAN DWI SUTRA', 1, '9998157502', ' ', ' ', '2013-02-13', -1, '', -1, '', ' ', '', '', '', '', 19, '', 1, 0, -1, '', '', '', 0, 0, -1, NULL, '2013-02-13 16:56:23', '2013-02-13 16:56:23', 1),
('121307168', 'NADHIV IRVINA WIBAWA', 2, '0007476570', ' ', ' ', '2013-02-13', -1, '', -1, '', ' ', '', '', '', '', 19, '', 1, 0, -1, '', '', '', 0, 0, -1, NULL, '2013-02-13 16:56:23', '2013-02-13 16:56:23', 1),
('121307169', 'NAURAH NAZIHAH HM', 2, '0002189339', ' ', ' ', '2013-02-13', -1, '', -1, '', ' ', '', '', '', '', 19, '', 1, 0, -1, '', '', '', 0, 0, -1, NULL, '2013-02-13 16:56:23', '2013-02-13 16:56:23', 1),
('121307170', 'NOMI REGINA PUTRI', 2, '0006956239', ' ', ' ', '2013-02-13', -1, '', -1, '', ' ', '', '', '', '', 19, '', 1, 0, -1, '', '', '', 0, 0, -1, NULL, '2013-02-13 16:56:23', '2013-02-13 16:56:23', 1),
('121307171', 'NURUL IKHRIMAH', 2, '0007476573', ' ', ' ', '2013-02-13', -1, '', -1, '', ' ', '', '', '', '', 19, '', 1, 0, -1, '', '', '', 0, 0, -1, NULL, '2013-02-13 16:56:23', '2013-02-13 16:56:23', 1),
('121307172', 'RAFLI ALFAIN', 1, '0002844774', ' ', ' ', '2013-02-13', -1, '', -1, '', ' ', '', '', '', '', 19, '', 1, 0, -1, '', '', '', 0, 0, -1, NULL, '2013-02-13 16:56:23', '2013-02-13 16:56:23', 1),
('121307173', 'RIVAN NUR IHSAN', 1, '0000488955', ' ', ' ', '2013-02-13', -1, '', -1, '', ' ', '', '', '', '', 19, '', 1, 0, -1, '', '', '', 0, 0, -1, NULL, '2013-02-13 16:56:23', '2013-02-13 16:56:23', 1),
('121307174', 'SALSA BILLA ALYSIA', 2, '0000488850', ' ', ' ', '2013-02-13', -1, '', -1, '', ' ', '', '', '', '', 19, '', 1, 0, -1, '', '', '', 0, 0, -1, NULL, '2013-02-13 16:56:23', '2013-02-13 16:56:23', 1),
('121307175', 'SEFHIA NUR HANYFAN VIYADAIKA', 2, '0007476569', ' ', ' ', '2013-02-13', -1, '', -1, '', ' ', '', '', '', '', 19, '', 1, 0, -1, '', '', '', 0, 0, -1, NULL, '2013-02-13 16:56:23', '2013-02-13 16:56:23', 1),
('121307176', 'SINDI CINTIA', 2, '0006976711', ' ', ' ', '2013-02-13', -1, '', -1, '', ' ', '', '', '', '', 19, '', 1, 0, -1, '', '', '', 0, 0, -1, NULL, '2013-02-13 16:56:23', '2013-02-13 16:56:23', 1),
('121307177', 'VERRY CHANDRA GUNAWAN', 1, '9991444895', ' ', ' ', '2013-02-13', -1, '', -1, '', ' ', '', '', '', '', 19, '', 1, 0, -1, '', '', '', 0, 0, -1, NULL, '2013-02-13 16:56:23', '2013-02-13 16:56:23', 1),
('121307178', 'YOGA ADI RESTU MUZAKKI', 1, '0006957572', ' ', ' ', '2013-02-13', -1, '', -1, '', ' ', '', '', '', '', 19, '', 1, 0, -1, '', '', '', 0, 0, -1, NULL, '2013-02-13 16:56:23', '2013-02-13 16:56:23', 1),
('121307179', 'ANGGITA NUR BAETI', 2, '0006994567', ' ', ' ', '2013-02-13', -1, '', -1, '', ' ', '', '', '', '', 19, '', 1, 0, -1, '', '', '', 0, 0, -1, NULL, '2013-02-13 16:56:23', '2013-02-13 16:56:23', 1),
('121307180', 'ANNISA FITRIANA', 2, NULL, ' ', ' ', '2013-02-13', -1, '', -1, '', ' ', '', '', '', '', 19, '', 1, 0, -1, '', '', '', 0, 0, -1, NULL, '2013-02-13 16:56:23', '2013-02-13 16:56:23', 1),
('121307181', 'ASRI RIZKI KHAERUNISA', 2, '0006956865', ' ', ' ', '2013-02-13', -1, '', -1, '', ' ', '', '', '', '', 19, '', 1, 0, -1, '', '', '', 0, 0, -1, NULL, '2013-02-13 16:56:23', '2013-02-13 16:56:23', 1),
('121307182', 'DIVA GEOVANY', 2, '0000488924', ' ', ' ', '2013-02-13', -1, '', -1, '', ' ', '', '', '', '', 19, '', 1, 0, -1, '', '', '', 0, 0, -1, NULL, '2013-02-13 16:56:23', '2013-02-13 16:56:23', 1),
('121307183', 'ELVINA LAKSMI KHAIRUNISA', 2, '0017135111', ' ', ' ', '2013-02-13', -1, '', -1, '', ' ', '', '', '', '', 19, '', 1, 0, -1, '', '', '', 0, 0, -1, NULL, '2013-02-13 16:56:23', '2013-02-13 16:56:23', 1),
('121307184', 'FAJAR SATRIO PAMUNGKAS', 1, '0007476571', ' ', ' ', '2013-02-13', -1, '', -1, '', ' ', '', '', '', '', 19, '', 1, 0, -1, '', '', '', 0, 0, -1, NULL, '2013-02-13 16:56:23', '2013-02-13 16:56:23', 1),
('121307185', 'FAKHRIZAL HASYA RAIHANSYAH', 1, '0012614740', ' ', ' ', '2013-02-13', -1, '', -1, '', ' ', '', '', '', '', 19, '', 1, 0, -1, '', '', '', 0, 0, -1, NULL, '2013-02-13 16:56:23', '2013-02-13 16:56:23', 1),
('121307186', 'FAUZIYYAH SAUSANTI WIJAYA KUSUMAH', 2, '0004790264', ' ', ' ', '2013-02-13', -1, '', -1, '', ' ', '', '', '', '', 19, '', 1, 0, -1, '', '', '', 0, 0, -1, NULL, '2013-02-13 16:56:23', '2013-02-13 16:56:23', 1),
('121307187', 'FENDRY RIZMA HAYUNINGTYAS', 2, '0020395671', ' ', ' ', '2013-02-13', -1, '', -1, '', ' ', '', '', '', '', 19, '', 1, 0, -1, '', '', '', 0, 0, -1, NULL, '2013-02-13 16:56:23', '2013-02-13 16:56:23', 1),
('121307188', 'FERNANDO DELVECCHIO ANANDADIKA', 1, '0001006227', ' ', ' ', '2013-02-13', -1, '', -1, '', ' ', '', '', '', '', 19, '', 1, 0, -1, '', '', '', 0, 0, -1, NULL, '2013-02-13 16:56:23', '2013-02-13 16:56:23', 1),
('121307189', 'HENRY THEO PRAWIRA SUGITO', 1, '0000488937', ' ', ' ', '2013-02-13', -1, '', -1, '', ' ', '', '', '', '', 19, '', 1, 0, -1, '', '', '', 0, 0, -1, NULL, '2013-02-13 16:56:23', '2013-02-13 16:56:23', 1),
('121307190', 'INRA ROSITA', 1, '0004039840', ' ', ' ', '2013-02-13', -1, '', -1, '', ' ', '', '', '', '', 19, '', 1, 0, -1, '', '', '', 0, 0, -1, NULL, '2013-02-13 16:56:23', '2013-02-13 16:56:23', 1),
('121307191', 'ISE WAFIQ AZIZAH', 2, '0010712815', ' ', ' ', '2013-02-13', -1, '', -1, '', ' ', '', '', '', '', 19, '', 1, 0, -1, '', '', '', 0, 0, -1, NULL, '2013-02-13 16:56:23', '2013-02-13 16:56:23', 1),
('121307192', 'ISHAFANI AULIA AZZAHRA', 2, '0002628585', ' ', ' ', '2013-02-13', -1, '', -1, '', ' ', '', '', '', '', 19, '', 1, 0, -1, '', '', '', 0, 0, -1, NULL, '2013-02-13 16:56:23', '2013-02-13 16:56:23', 1),
('121307193', 'KHOIRUNNISA', 2, '9992620814', ' ', ' ', '2013-02-13', -1, '', -1, '', ' ', '', '', '', '', 19, '', 1, 0, -1, '', '', '', 0, 0, -1, NULL, '2013-02-13 16:56:23', '2013-02-13 16:56:23', 1),
('121307194', 'KRESNA DWI NALENDRA', 1, '0000488948', ' ', ' ', '2013-02-13', -1, '', -1, '', ' ', '', '', '', '', 19, '', 1, 0, -1, '', '', '', 0, 0, -1, NULL, '2013-02-13 16:56:23', '2013-02-13 16:56:23', 1),
('121307195', 'MUHAMAD RIZAL SARIF HIDAYAT', 1, '0012613657', ' ', ' ', '2013-02-13', -1, '', -1, '', ' ', '', '', '', '', 19, '', 1, 0, -1, '', '', '', 0, 0, -1, NULL, '2013-02-13 16:56:23', '2013-02-13 16:56:23', 1),
('121307196', 'MUHAMMAD ARSYAD TWIESHA RAHMAN', 1, '0000488982', ' ', ' ', '2013-02-13', -1, '', -1, '', ' ', '', '', '', '', 19, '', 1, 0, -1, '', '', '', 0, 0, -1, NULL, '2013-02-13 16:56:23', '2013-02-13 16:56:23', 1),
('121307197', 'MUTIA DEA HARUYA', 2, '0003619279', ' ', ' ', '2013-02-13', -1, '', -1, '', ' ', '', '', '', '', 19, '', 1, 0, -1, '', '', '', 0, 0, -1, NULL, '2013-02-13 16:56:23', '2013-02-13 16:56:23', 1),
('121307198', 'NABILA HAFNA SALSABILA', 2, '0003256106', ' ', ' ', '2013-02-13', -1, '', -1, '', ' ', '', '', '', '', 19, '', 1, 0, -1, '', '', '', 0, 0, -1, NULL, '2013-02-13 16:56:23', '2013-02-13 16:56:23', 1),
('121307199', 'NURULLINA SALSABILA', 2, '0004912308', ' ', ' ', '2013-02-13', -1, '', -1, '', ' ', '', '', '', '', 19, '', 1, 0, -1, '', '', '', 0, 0, -1, NULL, '2013-02-13 16:56:23', '2013-02-13 16:56:23', 1),
('121307200', 'NURUSYSYIFA', 2, '9991444883', ' ', ' ', '2013-02-13', -1, '', -1, '', ' ', '', '', '', '', 19, '', 1, 0, -1, '', '', '', 0, 0, -1, NULL, '2013-02-13 16:56:23', '2013-02-13 16:56:23', 1),
('121307201', 'PUTRI SALSABILLA RACHMAN', 2, '0911003065', ' ', ' ', '2013-02-13', -1, '', -1, '', ' ', '', '', '', '', 19, '', 1, 0, -1, '', '', '', 0, 0, -1, NULL, '2013-02-13 16:56:24', '2013-02-13 16:56:24', 1),
('121307202', 'RENITA LAIRA MAHURI', 2, '0005656567', ' ', ' ', '2013-02-13', -1, '', -1, '', ' ', '', '', '', '', 19, '', 1, 0, -1, '', '', '', 0, 0, -1, NULL, '2013-02-13 16:56:24', '2013-02-13 16:56:24', 1),
('121307203', 'RIAR QUR''ANA TRIPUTRA', 1, '0011055960', ' ', ' ', '2013-02-13', -1, '', -1, '', ' ', '', '', '', '', 19, '', 1, 0, -1, '', '', '', 0, 0, -1, NULL, '2013-02-13 16:56:24', '2013-02-13 16:56:24', 1),
('121307204', 'RIZQI RAHMANIA', 2, '0005132534', ' ', ' ', '2013-02-13', -1, '', -1, '', ' ', '', '', '', '', 19, '', 1, 0, -1, '', '', '', 0, 0, -1, NULL, '2013-02-13 16:56:24', '2013-02-13 16:56:24', 1),
('121307205', 'ROBBY CHANDRA HARDI', 1, '0006976252', ' ', ' ', '2013-02-13', -1, '', -1, '', ' ', '', '', '', '', 19, '', 1, 0, -1, '', '', '', 0, 0, -1, NULL, '2013-02-13 16:56:24', '2013-02-13 16:56:24', 1),
('121307206', 'VIRGI INDIRA DAMAYANTI RAFIUDIN', 2, '0006955827', ' ', ' ', '2013-02-13', -1, '', -1, '', ' ', '', '', '', '', 19, '', 1, 0, -1, '', '', '', 0, 0, -1, NULL, '2013-02-13 16:56:24', '2013-02-13 16:56:24', 1),
('121307207', 'ZAHRA LUTHFIANASARI', 2, '0003256130', ' ', ' ', '2013-02-13', -1, '', -1, '', ' ', '', '', '', '', 19, '', 1, 0, -1, '', '', '', 0, 0, -1, NULL, '2013-02-13 16:56:24', '2013-02-13 16:56:24', 1),
('121307208', 'ALYAA NAZALA AWWALIA', 2, '0004778985', ' ', ' ', '2013-02-13', -1, '', -1, '', ' ', '', '', '', '', 19, '', 1, 0, -1, '', '', '', 0, 0, -1, NULL, '2013-02-13 16:56:24', '2013-02-13 16:56:24', 1),
('121307209', 'ANI NOVIANTI', 2, '9995238320', ' ', ' ', '2013-02-13', -1, '', -1, '', ' ', '', '', '', '', 19, '', 1, 0, -1, '', '', '', 0, 0, -1, NULL, '2013-02-13 16:56:24', '2013-02-13 16:56:24', 1),
('121307210', 'ANISAH FAUZIYYAH', 2, '0006955952', ' ', ' ', '2013-02-13', -1, '', -1, '', ' ', '', '', '', '', 19, '', 1, 0, -1, '', '', '', 0, 0, -1, NULL, '2013-02-13 16:56:24', '2013-02-13 16:56:24', 1),
('121307211', 'ANNIDA FADHILAH SUBEKTI', 2, '9996012094', ' ', ' ', '2013-02-13', -1, '', -1, '', ' ', '', '', '', '', 19, '', 1, 0, -1, '', '', '', 0, 0, -1, NULL, '2013-02-13 16:56:24', '2013-02-13 16:56:24', 1),
('121307212', 'BELLA SILVIA RHAMADANY F.', 2, '0004217545', ' ', ' ', '2013-02-13', -1, '', -1, '', ' ', '', '', '', '', 19, '', 1, 0, -1, '', '', '', 0, 0, -1, NULL, '2013-02-13 16:56:24', '2013-02-13 16:56:24', 1),
('121307213', 'DANI JUHANDA', 1, '0012596750', ' ', ' ', '2013-02-13', -1, '', -1, '', ' ', '', '', '', '', 19, '', 1, 0, -1, '', '', '', 0, 0, -1, NULL, '2013-02-13 16:56:24', '2013-02-13 16:56:24', 1),
('121307214', 'DERA PUTRI RAMADHANTY', 2, '0000488840', ' ', ' ', '2013-02-13', -1, '', -1, '', ' ', '', '', '', '', 19, '', 1, 0, -1, '', '', '', 0, 0, -1, NULL, '2013-02-13 16:56:24', '2013-02-13 16:56:24', 1),
('121307215', 'DILLA SYLVANIA DHEWI', 2, '0004037760', ' ', ' ', '2013-02-13', -1, '', -1, '', ' ', '', '', '', '', 19, '', 1, 0, -1, '', '', '', 0, 0, -1, NULL, '2013-02-13 16:56:24', '2013-02-13 16:56:24', 1),
('121307216', 'FAHMI AMARULLAH', 1, '9994813975', ' ', ' ', '2013-02-13', -1, '', -1, '', ' ', '', '', '', '', 19, '', 1, 0, -1, '', '', '', 0, 0, -1, NULL, '2013-02-13 16:56:24', '2013-02-13 16:56:24', 1),
('121307217', 'FATIA ASY-SYAHIDAH AL-HAQ', 2, '0004051153', ' ', ' ', '2013-02-13', -1, '', -1, '', ' ', '', '', '', '', 19, '', 1, 0, -1, '', '', '', 0, 0, -1, NULL, '2013-02-13 16:56:24', '2013-02-13 16:56:24', 1),
('121307218', 'HAFIZH INDRIYANTO', 1, '0006978076', ' ', ' ', '2013-02-13', -1, '', -1, '', ' ', '', '', '', '', 19, '', 1, 0, -1, '', '', '', 0, 0, -1, NULL, '2013-02-13 16:56:24', '2013-02-13 16:56:24', 1),
('121307219', 'HERU PUTRA NUGRAHA', 1, '0000488141', ' ', ' ', '2013-02-13', -1, '', -1, '', ' ', '', '', '', '', 19, '', 1, 0, -1, '', '', '', 0, 0, -1, NULL, '2013-02-13 16:56:24', '2013-02-13 16:56:24', 1),
('121307220', 'LYRA LITAMI', 2, '0000488950', ' ', ' ', '2013-02-13', -1, '', -1, '', ' ', '', '', '', '', 19, '', 1, 0, -1, '', '', '', 0, 0, -1, NULL, '2013-02-13 16:56:24', '2013-02-13 16:56:24', 1),
('121307221', 'MELLYNIA PUTRI HAMDANI', 2, '0006955829', ' ', ' ', '2013-02-13', -1, '', -1, '', ' ', '', '', '', '', 19, '', 1, 0, -1, '', '', '', 0, 0, -1, NULL, '2013-02-13 16:56:24', '2013-02-13 16:56:24', 1),
('121307222', 'MUHAMMADHAFIZH IMAM MUTTAQIEN', 1, '0006955942', ' ', ' ', '2013-02-13', -1, '', -1, '', ' ', '', '', '', '', 19, '', 1, 0, -1, '', '', '', 0, 0, -1, NULL, '2013-02-13 16:56:24', '2013-02-13 16:56:24', 1),
('121307223', 'OKI DWIANA', 1, '0000488737', ' ', ' ', '2013-02-13', -1, '', -1, '', ' ', '', '', '', '', 19, '', 1, 0, -1, '', '', '', 0, 0, -1, NULL, '2013-02-13 16:56:24', '2013-02-13 16:56:24', 1),
('121307224', 'PRIYOGA SUGENG ADITYA', 1, '0006953797', ' ', ' ', '2013-02-13', -1, '', -1, '', ' ', '', '', '', '', 19, '', 1, 0, -1, '', '', '', 0, 0, -1, NULL, '2013-02-13 16:56:24', '2013-02-13 16:56:24', 1),
('121307225', 'PUTRI SEKAR ARUM', 2, '0002405252', ' ', ' ', '2013-02-13', -1, '', -1, '', ' ', '', '', '', '', 19, '', 1, 0, -1, '', '', '', 0, 0, -1, NULL, '2013-02-13 16:56:24', '2013-02-13 16:56:24', 1),
('121307226', 'RAHMA  RIDHA PRATIWI', 2, '0000488161', ' ', ' ', '2013-02-13', -1, '', -1, '', ' ', '', '', '', '', 19, '', 1, 0, -1, '', '', '', 0, 0, -1, NULL, '2013-02-13 16:56:24', '2013-02-13 16:56:24', 1),
('121307227', 'RAKA FARIDHAN ALAMSYAH', 1, '9980883093', ' ', ' ', '2013-02-13', -1, '', -1, '', ' ', '', '', '', '', 19, '', 1, 0, -1, '', '', '', 0, 0, -1, NULL, '2013-02-13 16:56:24', '2013-02-13 16:56:24', 1),
('121307228', 'RAMDHINA FINITA', 2, '0007476591', ' ', ' ', '2013-02-13', -1, '', -1, '', ' ', '', '', '', '', 19, '', 1, 0, -1, '', '', '', 0, 0, -1, NULL, '2013-02-13 16:56:24', '2013-02-13 16:56:24', 1),
('121307229', 'REDHA MAULANA MAHENDRA', 1, '9998677066', ' ', ' ', '2013-02-13', -1, '', -1, '', ' ', '', '', '', '', 19, '', 1, 0, -1, '', '', '', 0, 0, -1, NULL, '2013-02-13 16:56:24', '2013-02-13 16:56:24', 1),
('121307230', 'REVA MERLIANA NUGRAHA', 2, '0012598291', ' ', ' ', '2013-02-13', -1, '', -1, '', ' ', '', '', '', '', 19, '', 1, 0, -1, '', '', '', 0, 0, -1, NULL, '2013-02-13 16:56:24', '2013-02-13 16:56:24', 1),
('121307231', 'RIZKY WIHANTIKA', 1, '0006978070', ' ', ' ', '2013-02-13', -1, '', -1, '', ' ', '', '', '', '', 19, '', 1, 0, -1, '', '', '', 0, 0, -1, NULL, '2013-02-13 16:56:24', '2013-02-13 16:56:24', 1),
('121307232', 'SHAFFA PADLURAHMAN', 1, '0004451881', ' ', ' ', '2013-02-13', -1, '', -1, '', ' ', '', '', '', '', 19, '', 1, 0, -1, '', '', '', 0, 0, -1, NULL, '2013-02-13 16:56:24', '2013-02-13 16:56:24', 1),
('121307233', 'SHAFIRA LEVYMIA ASHIDIQ', 2, '0002084230', ' ', ' ', '2013-02-13', -1, '', -1, '', ' ', '', '', '', '', 19, '', 1, 0, -1, '', '', '', 0, 0, -1, NULL, '2013-02-13 16:56:24', '2013-02-13 16:56:24', 1),
('121307234', 'TANTI YOSSI LATIFAH', 2, '9995459452', ' ', ' ', '2013-02-13', -1, '', -1, '', ' ', '', '', '', '', 19, '', 1, 0, -1, '', '', '', 0, 0, -1, NULL, '2013-02-13 16:56:24', '2013-02-13 16:56:24', 1),
('121307235', 'TARI PUTRIE TRI SEPTIAN', 2, '0004050157', ' ', ' ', '2013-02-13', -1, '', -1, '', ' ', '', '', '', '', 19, '', 1, 0, -1, '', '', '', 0, 0, -1, NULL, '2013-02-13 16:56:24', '2013-02-13 16:56:24', 1),
('121307236', 'VICKY ALTARIQ', 2, '0000488163', ' ', ' ', '2013-02-13', -1, '', -1, '', ' ', '', '', '', '', 19, '', 1, 0, -1, '', '', '', 0, 0, -1, NULL, '2013-02-13 16:56:24', '2013-02-13 16:56:24', 1);

-- --------------------------------------------------------

--
-- Table structure for table `academic_student_academic_history`
--

CREATE TABLE IF NOT EXISTS `academic_student_academic_history` (
  `academic_history_id` bigint(20) unsigned NOT NULL,
  `academic_history_student` varchar(10) NOT NULL,
  `academic_history_level` tinyint(4) NOT NULL,
  `academic_history_description` varchar(50) NOT NULL,
  `academic_history_year` int(4) unsigned NOT NULL,
  `academic_history_entry` datetime NOT NULL,
  `academic_history_update` datetime NOT NULL,
  PRIMARY KEY (`academic_history_id`),
  KEY `academic_student_academic_history_fk1` (`academic_history_student`),
  KEY `academic_student_academic_history_fk2` (`academic_history_level`)
) ENGINE=InnoDB DEFAULT CHARSET=latin1;

-- --------------------------------------------------------

--
-- Table structure for table `academic_student_achievement`
--

CREATE TABLE IF NOT EXISTS `academic_student_achievement` (
  `student_achievement_id` bigint(20) unsigned NOT NULL,
  `student_achievement_student` varchar(10) NOT NULL,
  `student_achievement_year` int(4) unsigned NOT NULL,
  `student_achievement_contest` varchar(50) NOT NULL,
  `student_achievement_rank` int(10) unsigned NOT NULL,
  `student_achievement_level` tinyint(1) NOT NULL,
  `student_achievement_contest_type` tinyint(2) NOT NULL,
  `student_achievement_entry` datetime NOT NULL,
  `student_achievement_update` datetime NOT NULL,
  PRIMARY KEY (`student_achievement_id`),
  KEY `academic_student_achievement_fk1` (`student_achievement_student`),
  KEY `academic_student_achievement_fk3` (`student_achievement_contest_type`),
  KEY `academic_student_achievement_fk2` (`student_achievement_level`)
) ENGINE=InnoDB DEFAULT CHARSET=latin1;

-- --------------------------------------------------------

--
-- Table structure for table `academic_student_achievement_level`
--

CREATE TABLE IF NOT EXISTS `academic_student_achievement_level` (
  `achievement_level_id` tinyint(1) NOT NULL,
  `achievement_level_title` varchar(30) NOT NULL,
  `achievement_level_entry` datetime NOT NULL,
  `achievement_level_entry_update` datetime NOT NULL,
  PRIMARY KEY (`achievement_level_id`)
) ENGINE=InnoDB DEFAULT CHARSET=latin1;

--
-- Dumping data for table `academic_student_achievement_level`
--

INSERT INTO `academic_student_achievement_level` (`achievement_level_id`, `achievement_level_title`, `achievement_level_entry`, `achievement_level_entry_update`) VALUES
(1, 'Sekolah', '2012-11-10 08:40:51', '2012-11-10 08:40:53'),
(2, 'Kecamatan', '2012-11-10 08:41:10', '2012-11-10 08:41:12'),
(3, 'Kabupaten / Kota', '2012-11-10 08:41:30', '2012-11-10 08:41:33'),
(4, 'Provinsi', '2012-11-10 08:42:06', '2012-11-10 08:42:10'),
(5, 'Nasional', '2012-11-10 08:45:22', '2012-11-10 08:45:24'),
(6, 'Internasional', '2012-11-10 08:45:37', '2012-11-10 08:45:39');

-- --------------------------------------------------------

--
-- Table structure for table `academic_student_parent`
--

CREATE TABLE IF NOT EXISTS `academic_student_parent` (
  `student_parent_id` int(11) NOT NULL,
  `student_parent_name` varchar(100) NOT NULL,
  `student_parent_address` int(11) DEFAULT NULL,
  `student_parent_rt` varchar(3) DEFAULT NULL,
  `student_parent_rw` varchar(3) DEFAULT NULL,
  `student_parent_village` varchar(50) DEFAULT NULL,
  `student_parent_subdistrict` varchar(50) DEFAULT NULL,
  `student_parent_city` int(11) NOT NULL,
  `student_parent_religion` tinyint(1) NOT NULL,
  `student_parent_job` tinyint(4) NOT NULL,
  `student_parent_lasteducation` tinyint(4) NOT NULL,
  `student_parent_backdegree` varchar(10) DEFAULT NULL,
  `student_parent_frontdegree` varchar(10) DEFAULT NULL,
  `student_parent_icome` tinyint(2) DEFAULT NULL,
  `student_parent_identity` tinyint(1) NOT NULL,
  `student_parent_email` varchar(50) DEFAULT NULL,
  `student_parent_of` varchar(10) DEFAULT NULL,
  `student_parent_entry` datetime NOT NULL,
  `student_parent_update` datetime NOT NULL,
  PRIMARY KEY (`student_parent_id`),
  KEY `academic_student_parent_fk6` (`student_parent_city`),
  KEY `academic_student_parent_fk1` (`student_parent_of`),
  KEY `academic_student_parent_fk5` (`student_parent_identity`),
  KEY `academic_student_parent_fk3` (`student_parent_lasteducation`),
  KEY `academic_student_parent_fk2` (`student_parent_job`),
  KEY `academic_student_parent_fk4` (`student_parent_icome`),
  KEY `academic_student_parent_fk7` (`student_parent_religion`)
) ENGINE=InnoDB DEFAULT CHARSET=latin1;

-- --------------------------------------------------------

--
-- Table structure for table `academic_student_parent_icome`
--

CREATE TABLE IF NOT EXISTS `academic_student_parent_icome` (
  `student_parent_icome_id` tinyint(2) NOT NULL,
  `student_parent_icome_description` varchar(20) NOT NULL,
  `student_parent_icome_entry` datetime NOT NULL,
  `student_parent_icome_entry_update` datetime NOT NULL,
  PRIMARY KEY (`student_parent_icome_id`)
) ENGINE=InnoDB DEFAULT CHARSET=latin1;

--
-- Dumping data for table `academic_student_parent_icome`
--

INSERT INTO `academic_student_parent_icome` (`student_parent_icome_id`, `student_parent_icome_description`, `student_parent_icome_entry`, `student_parent_icome_entry_update`) VALUES
(1, 'Kurang dari Rp. 1.00', '2012-11-10 09:02:26', '2012-11-10 09:02:29'),
(2, 'Rp. 1.000.000 - Rp. ', '2012-11-10 09:03:10', '2012-11-10 09:03:15'),
(3, 'Lebih dar Rp. 2.000.', '2012-11-10 09:03:38', '2012-11-10 09:03:41');

-- --------------------------------------------------------

--
-- Table structure for table `academic_student_parent_identity`
--

CREATE TABLE IF NOT EXISTS `academic_student_parent_identity` (
  `student_parent_identity_id` tinyint(1) NOT NULL,
  `student_parent_identity_title` varchar(20) NOT NULL,
  `student_parent_identity_entry` datetime NOT NULL,
  `student_parent_identity_entry_update` datetime NOT NULL,
  PRIMARY KEY (`student_parent_identity_id`)
) ENGINE=InnoDB DEFAULT CHARSET=latin1;

--
-- Dumping data for table `academic_student_parent_identity`
--

INSERT INTO `academic_student_parent_identity` (`student_parent_identity_id`, `student_parent_identity_title`, `student_parent_identity_entry`, `student_parent_identity_entry_update`) VALUES
(1, 'Ayah', '2012-11-10 09:04:52', '2012-11-10 09:04:54'),
(2, 'Ibu', '2012-11-10 09:05:01', '2012-11-10 09:05:05'),
(3, 'Wali', '2012-11-10 09:05:13', '2012-11-10 09:05:16');

-- --------------------------------------------------------

--
-- Table structure for table `academic_student_residance`
--

CREATE TABLE IF NOT EXISTS `academic_student_residance` (
  `student_residance_id` tinyint(2) NOT NULL,
  `student_residance_name` varchar(50) NOT NULL,
  `student_resident_isother` tinyint(1) unsigned DEFAULT NULL,
  `student_residance_entry` datetime NOT NULL,
  `student_residance_entry_update` datetime NOT NULL,
  PRIMARY KEY (`student_residance_id`)
) ENGINE=InnoDB DEFAULT CHARSET=latin1;

--
-- Dumping data for table `academic_student_residance`
--

INSERT INTO `academic_student_residance` (`student_residance_id`, `student_residance_name`, `student_resident_isother`, `student_residance_entry`, `student_residance_entry_update`) VALUES
(-1, 'Lainnya', 1, '2012-11-10 09:09:12', '2012-11-10 09:09:15'),
(1, 'Bersama Orang Tua', 0, '2012-11-10 09:06:59', '2012-11-10 09:07:04'),
(2, 'Bersama Wali', 0, '2012-11-10 09:07:35', '2012-11-10 09:07:37'),
(3, 'Kost', 0, '2012-11-10 09:07:46', '2012-11-10 09:07:49'),
(4, 'Asrama', 0, '2012-11-10 09:08:26', '2012-11-10 09:08:29'),
(5, 'Panti Asuhan', 0, '2012-11-10 09:08:46', '2012-11-10 09:08:49');

-- --------------------------------------------------------

--
-- Table structure for table `academic_student_scholarship`
--

CREATE TABLE IF NOT EXISTS `academic_student_scholarship` (
  `student_scholarship_id` bigint(20) unsigned NOT NULL,
  `student_scholarship_source` varchar(50) NOT NULL,
  `student_scholarship_type` tinyint(1) NOT NULL,
  `student_scholarship_start` int(4) unsigned NOT NULL,
  `student_scholarship_end` int(4) unsigned NOT NULL,
  `student_scholarship_entry` datetime NOT NULL,
  `student_scholarship_update` datetime NOT NULL,
  `student_scholarship_student` varchar(10) NOT NULL,
  PRIMARY KEY (`student_scholarship_id`),
  KEY `academic_student_scholarship_fk1` (`student_scholarship_student`),
  KEY `academic_student_scholarship_fk2` (`student_scholarship_type`)
) ENGINE=InnoDB DEFAULT CHARSET=latin1;

-- --------------------------------------------------------

--
-- Table structure for table `academic_student_scholarship_type`
--

CREATE TABLE IF NOT EXISTS `academic_student_scholarship_type` (
  `scholarship_type_id` tinyint(1) NOT NULL,
  `scholarship_type_title` varchar(30) NOT NULL,
  `scholarship_isother` tinyint(1) NOT NULL,
  `scholarship_type_entry` datetime NOT NULL,
  `scholarship_type_entry_update` datetime NOT NULL,
  PRIMARY KEY (`scholarship_type_id`)
) ENGINE=InnoDB DEFAULT CHARSET=latin1;

--
-- Dumping data for table `academic_student_scholarship_type`
--

INSERT INTO `academic_student_scholarship_type` (`scholarship_type_id`, `scholarship_type_title`, `scholarship_isother`, `scholarship_type_entry`, `scholarship_type_entry_update`) VALUES
(-1, 'Lainnya', 1, '2012-11-10 08:37:27', '2012-11-10 08:37:31'),
(1, 'Anak Berprestasi', 0, '2012-11-10 08:29:29', '2012-11-10 08:29:32'),
(2, 'Anak Kurang Mampu', 0, '2012-11-10 08:29:59', '2012-11-10 08:30:03'),
(3, 'Pendidikan', 0, '2012-11-10 08:30:22', '2012-11-10 08:30:24'),
(4, 'Unggulan', 0, '2012-11-10 08:30:35', '2012-11-10 08:30:46');

-- --------------------------------------------------------

--
-- Table structure for table `academic_student_special_needs`
--

CREATE TABLE IF NOT EXISTS `academic_student_special_needs` (
  `student_special_needs_id` tinyint(2) NOT NULL,
  `student_special_needs_name` varchar(30) NOT NULL,
  `student_special_needs_isother` tinyint(1) unsigned NOT NULL,
  `student_special_needs_entry` datetime NOT NULL,
  `student_special_needs_entry_update` datetime NOT NULL,
  PRIMARY KEY (`student_special_needs_id`)
) ENGINE=InnoDB DEFAULT CHARSET=latin1;

--
-- Dumping data for table `academic_student_special_needs`
--

INSERT INTO `academic_student_special_needs` (`student_special_needs_id`, `student_special_needs_name`, `student_special_needs_isother`, `student_special_needs_entry`, `student_special_needs_entry_update`) VALUES
(-1, 'Lainnya', 1, '2012-11-10 09:18:09', '2012-11-10 09:18:12'),
(1, 'Tidak', 0, '2012-11-10 09:10:19', '2012-11-10 09:10:22'),
(2, 'Netra', 0, '2012-11-10 09:10:36', '2012-11-10 09:10:40'),
(3, 'Rungu', 0, '2012-11-10 09:11:15', '2012-11-10 09:11:17'),
(4, 'Grahita Ringan', 0, '2012-11-10 09:11:32', '2012-11-10 09:11:34'),
(5, 'Grahita Sedang', 0, '2012-11-10 09:11:52', '2012-11-10 09:11:55'),
(6, 'Daksa Ringan', 0, '2012-11-10 09:12:09', '2012-11-10 09:12:13'),
(7, 'Daksa Sedang', 0, '2012-11-10 09:12:26', '2012-11-10 09:12:29'),
(8, 'Laras', 0, '2012-11-10 09:12:40', '2012-11-10 09:12:43'),
(9, 'Wicara', 0, '2012-11-10 09:12:54', '2012-11-10 09:12:57'),
(10, 'Tuna Ganda', 0, '2012-11-10 09:13:24', '2012-11-10 09:13:27'),
(11, 'Hyperaktif', 0, '2012-11-10 09:13:42', '2012-11-10 09:13:44'),
(12, 'Cerdas Istimewa', 0, '2012-11-10 09:14:14', '2012-11-10 09:14:17'),
(13, 'Bakat Istimewa', 0, '2012-11-10 09:14:35', '2012-11-10 09:14:38'),
(14, 'Kesulitan Belajar', 0, '2012-11-10 09:14:53', '2012-11-10 09:14:56'),
(15, 'Narkoba', 0, '2012-11-10 09:15:15', '2012-11-10 09:15:18'),
(16, 'Indigo', 0, '2012-11-10 09:15:31', '2012-11-10 09:15:33'),
(17, 'Down Syndrom', 0, '2012-11-10 09:15:59', '2012-11-10 09:16:03'),
(18, 'Autis', 0, '2012-11-10 09:16:28', '2012-11-10 09:16:31'),
(19, 'Terpencil/Terbelakang', 0, '2012-11-10 09:16:56', '2012-11-10 09:16:59'),
(20, 'Bencana Alam/Sosial', 0, '2012-11-10 09:17:15', '2012-11-10 09:17:18'),
(21, 'Tidak Mampu Ekonomi', 0, '2012-11-10 09:17:39', '2012-11-10 09:17:42');

-- --------------------------------------------------------

--
-- Table structure for table `academic_subject`
--

CREATE TABLE IF NOT EXISTS `academic_subject` (
  `subject_id` tinyint(4) NOT NULL,
  `subject_name` varchar(100) NOT NULL,
  `subject_category` tinyint(1) NOT NULL,
  `subject_order` int(11) NOT NULL,
  `subject_entry` datetime NOT NULL,
  `subject_entry_update` datetime NOT NULL,
  PRIMARY KEY (`subject_id`),
  KEY `academic_subject_fk1` (`subject_category`)
) ENGINE=InnoDB DEFAULT CHARSET=latin1;

--
-- Dumping data for table `academic_subject`
--

INSERT INTO `academic_subject` (`subject_id`, `subject_name`, `subject_category`, `subject_order`, `subject_entry`, `subject_entry_update`) VALUES
(1, 'Pendidikan Agama', 1, 1, '2012-11-17 22:44:36', '2012-11-17 22:44:38'),
(2, 'Pendidikan Kewarganegaraan', 1, 2, '2012-11-17 23:05:47', '2012-11-17 23:05:49'),
(3, 'Bahasa Indonesia', 1, 3, '2012-11-17 23:06:29', '2012-11-17 23:06:34'),
(4, 'Bahasa Inggris', 1, 4, '2012-11-17 23:06:58', '2012-11-17 23:07:00'),
(5, 'Matematika', 1, 5, '2012-11-17 23:07:15', '2012-11-17 23:07:17'),
(6, 'Ilmu Pengetahuan Alam', 1, 6, '2012-11-17 23:08:22', '2012-11-17 23:08:24'),
(7, 'Ilmu Pengetahuan Sosial', 1, 7, '2012-11-17 23:08:36', '2012-11-17 23:08:38'),
(8, 'Seni Budaya', 1, 8, '2012-11-17 23:08:49', '2012-11-17 23:08:51'),
(9, 'Penjaskes', 1, 9, '2012-11-17 23:09:05', '2012-11-17 23:09:07'),
(10, 'Teknologi Informasi dan Komunikasi', 2, 1, '2012-11-17 23:05:03', '2012-11-17 23:05:06'),
(11, 'PTD', 2, 2, '2013-02-05 10:52:42', '2013-02-05 10:52:44'),
(12, 'Bahasa Sunda', 3, 1, '2012-11-17 23:31:20', '2012-11-17 23:31:22'),
(13, 'Desain Grafis', 3, 2, '2013-02-06 10:51:48', '2013-02-06 10:51:51'),
(14, 'PC Assembling', 3, 3, '2013-02-09 13:36:56', '2013-02-09 13:36:59'),
(15, 'Seni Kriya', 3, 4, '2013-02-13 16:11:16', '2013-02-13 16:11:18'),
(16, 'Seni Karawitan', 3, 5, '2013-02-13 16:11:36', '2013-02-13 16:11:39'),
(17, 'Teknik Penghijauan', 3, 6, '2013-02-13 16:12:06', '2013-02-13 16:12:09'),
(18, 'Teknik Penjernihan Air', 3, 7, '2013-02-13 16:12:38', '2013-02-13 16:12:40'),
(19, 'Teknik Pengolahan Makanan', 3, 8, '2013-02-13 16:13:28', '2013-02-13 16:13:30'),
(20, 'Teknik Pembuatan Kompos', 3, 9, '2013-02-13 16:13:47', '2013-02-13 16:13:49'),
(21, 'Tata Boga', 3, 10, '2013-02-13 16:14:13', '2013-02-13 16:14:16'),
(22, 'Tata Busana', 3, 11, '2013-02-13 16:14:37', '2013-02-13 16:14:39'),
(23, 'Seni Tari Tradisional', 3, 12, '2013-02-13 16:15:01', '2013-02-13 16:15:03');

-- --------------------------------------------------------

--
-- Table structure for table `academic_subject_category`
--

CREATE TABLE IF NOT EXISTS `academic_subject_category` (
  `subject_category_id` tinyint(1) NOT NULL,
  `subject_category_title` varchar(30) NOT NULL,
  `subject_category_entry` datetime NOT NULL,
  `subject_category_entry_update` datetime NOT NULL,
  PRIMARY KEY (`subject_category_id`)
) ENGINE=InnoDB DEFAULT CHARSET=latin1;

--
-- Dumping data for table `academic_subject_category`
--

INSERT INTO `academic_subject_category` (`subject_category_id`, `subject_category_title`, `subject_category_entry`, `subject_category_entry_update`) VALUES
(1, 'Matapelajaran Wajib', '2013-02-05 10:28:58', '2013-02-05 10:29:01'),
(2, 'Matapelajaran Pilihan', '2013-02-05 10:29:17', '2013-02-05 10:29:20'),
(3, 'Muatan Lokal', '2013-02-05 10:30:08', '2013-02-05 10:30:11');

-- --------------------------------------------------------

--
-- Table structure for table `academic_task_description`
--

CREATE TABLE IF NOT EXISTS `academic_task_description` (
  `task_description_id` varchar(12) NOT NULL,
  `task_description_subject` tinyint(4) NOT NULL,
  `task_description_teacher` varchar(12) NOT NULL,
  `task_description_period` tinyint(4) NOT NULL,
  `task_description_semester` tinyint(1) NOT NULL,
  `task_description_garde` tinyint(2) NOT NULL,
  `task_description_title` varchar(250) NOT NULL,
  `task_description` text,
  `task_description_mlc` float NOT NULL,
  `task_description_entry` datetime NOT NULL,
  `task_description_entry_update` datetime NOT NULL,
  PRIMARY KEY (`task_description_id`),
  KEY `academic_task_description_fk1` (`task_description_semester`),
  KEY `academic_task_description_fk2` (`task_description_teacher`),
  KEY `academic_task_description_fk3` (`task_description_period`),
  KEY `academic_task_description_fk4` (`task_description_subject`),
  KEY `academic_task_description_fk5` (`task_description_garde`)
) ENGINE=InnoDB DEFAULT CHARSET=latin1;

--
-- Dumping data for table `academic_task_description`
--

INSERT INTO `academic_task_description` (`task_description_id`, `task_description_subject`, `task_description_teacher`, `task_description_period`, `task_description_semester`, `task_description_garde`, `task_description_title`, `task_description`, `task_description_mlc`, `task_description_entry`, `task_description_entry_update`) VALUES
('201212130001', 10, '201212010049', 1, 1, 1, 'sang juaran', 'harus coba', 90, '2012-12-13 00:00:00', '2012-12-27 12:41:03'),
('201212130002', 10, '201212010048', 1, 1, 1, 'Membuat Kabel Jaringan', '', 0, '2012-12-13 00:00:00', '2012-12-13 00:00:00');

-- --------------------------------------------------------

--
-- Table structure for table `academic_teaching`
--

CREATE TABLE IF NOT EXISTS `academic_teaching` (
  `teaching_id` varchar(12) NOT NULL,
  `teaching_teacher` varchar(12) NOT NULL,
  `teaching_classgroup` varchar(12) NOT NULL,
  `teaching_subject` tinyint(4) NOT NULL,
  `teaching_total_time` int(2) NOT NULL,
  `teaching_period` tinyint(4) NOT NULL,
  `teaching_semester` tinyint(1) NOT NULL,
  `teaching_entry` datetime NOT NULL,
  `teaching_entry_update` datetime NOT NULL,
  PRIMARY KEY (`teaching_id`),
  KEY `academic_teaching_fk1` (`teaching_teacher`),
  KEY `academic_teaching_fk3` (`teaching_subject`),
  KEY `academic_teaching_fk2` (`teaching_classgroup`),
  KEY `academic_teaching_fk4` (`teaching_period`),
  KEY `academic_teaching_fk5` (`teaching_semester`)
) ENGINE=InnoDB DEFAULT CHARSET=latin1;

--
-- Dumping data for table `academic_teaching`
--

INSERT INTO `academic_teaching` (`teaching_id`, `teaching_teacher`, `teaching_classgroup`, `teaching_subject`, `teaching_total_time`, `teaching_period`, `teaching_semester`, `teaching_entry`, `teaching_entry_update`) VALUES
('201302140001', '201212010004', '1', 5, 1, 1, 1, '2013-02-14 09:36:40', '2013-02-14 09:36:40'),
('201302140002', '201212010004', '2', 5, 1, 1, 1, '2013-02-14 09:36:40', '2013-02-14 09:36:40'),
('201302140003', '201212010004', '3', 5, 1, 1, 1, '2013-02-14 09:36:40', '2013-02-14 09:36:40'),
('201302140004', '201212010004', '4', 5, 1, 1, 1, '2013-02-14 09:36:40', '2013-02-14 09:36:40'),
('201302140005', '201212010004', '5', 5, 1, 1, 1, '2013-02-14 09:36:40', '2013-02-14 09:36:40'),
('201302140006', '201212010004', '6', 5, 1, 1, 1, '2013-02-14 09:36:40', '2013-02-14 09:36:40'),
('201302140007', '201212010004', '7', 5, 1, 1, 1, '2013-02-14 09:36:40', '2013-02-14 09:36:40'),
('201302140008', '201212010004', '8', 5, 1, 1, 1, '2013-02-14 09:36:40', '2013-02-14 09:36:40'),
('201302140009', '201212010056', '17', 5, 3, 1, 1, '2013-02-14 09:36:40', '2013-02-14 09:36:40'),
('201302140010', '201212010056', '18', 5, 3, 1, 1, '2013-02-14 09:36:40', '2013-02-14 09:36:40'),
('201302140011', '201212010056', '19', 5, 3, 1, 1, '2013-02-14 09:36:40', '2013-02-14 09:36:40'),
('201302140012', '201212010056', '20', 5, 3, 1, 1, '2013-02-14 09:36:40', '2013-02-14 09:36:40'),
('201302140013', '201212010056', '21', 5, 3, 1, 1, '2013-02-14 09:36:40', '2013-02-14 09:36:40'),
('201302140014', '201212010056', '22', 5, 3, 1, 1, '2013-02-14 09:36:40', '2013-02-14 09:36:40'),
('201302140015', '201212010056', '23', 5, 3, 1, 1, '2013-02-14 09:36:40', '2013-02-14 09:36:40'),
('201302140016', '201212010056', '24', 5, 3, 1, 1, '2013-02-14 09:36:40', '2013-02-14 09:36:40'),
('201302140017', '201212010006', '1', 4, 3, 1, 1, '2013-02-14 09:36:40', '2013-02-14 09:36:40'),
('201302140018', '201212010006', '2', 4, 3, 1, 1, '2013-02-14 09:36:40', '2013-02-14 09:36:40'),
('201302140019', '201212010006', '3', 4, 3, 1, 1, '2013-02-14 09:36:40', '2013-02-14 09:36:40'),
('201302140020', '201212010006', '4', 4, 3, 1, 1, '2013-02-14 09:36:40', '2013-02-14 09:36:40'),
('201302140021', '201212010006', '5', 4, 3, 1, 1, '2013-02-14 09:36:40', '2013-02-14 09:36:40'),
('201302140022', '201212010006', '6', 4, 3, 1, 1, '2013-02-14 09:36:40', '2013-02-14 09:36:40'),
('201302140023', '201212010006', '7', 4, 3, 1, 1, '2013-02-14 09:36:40', '2013-02-14 09:36:40'),
('201302140024', '201212010006', '8', 4, 3, 1, 1, '2013-02-14 09:36:40', '2013-02-14 09:36:40'),
('201302140025', '201212010008', '19', 3, 4, 1, 1, '2013-02-14 09:36:40', '2013-02-14 09:36:40'),
('201302140026', '201212010008', '20', 3, 4, 1, 1, '2013-02-14 09:36:41', '2013-02-14 09:36:41'),
('201302140027', '201212010008', '21', 3, 4, 1, 1, '2013-02-14 09:36:41', '2013-02-14 09:36:41'),
('201302140028', '201212010008', '22', 3, 4, 1, 1, '2013-02-14 09:36:41', '2013-02-14 09:36:41'),
('201302140029', '201212010008', '23', 3, 4, 1, 1, '2013-02-14 09:36:41', '2013-02-14 09:36:41'),
('201302140030', '201212010008', '24', 3, 4, 1, 1, '2013-02-14 09:36:41', '2013-02-14 09:36:41'),
('201302140031', '201212010001', '1', 9, 2, 1, 1, '2013-02-14 09:36:41', '2013-02-14 09:36:41'),
('201302140032', '201212010001', '2', 9, 2, 1, 1, '2013-02-14 09:36:41', '2013-02-14 09:36:41'),
('201302140033', '201212010001', '3', 9, 2, 1, 1, '2013-02-14 09:36:41', '2013-02-14 09:36:41'),
('201302140034', '201212010001', '4', 9, 2, 1, 1, '2013-02-14 09:36:41', '2013-02-14 09:36:41'),
('201302140035', '201212010001', '5', 9, 2, 1, 1, '2013-02-14 09:36:41', '2013-02-14 09:36:41'),
('201302140036', '201212010001', '6', 9, 2, 1, 1, '2013-02-14 09:36:41', '2013-02-14 09:36:41'),
('201302140037', '201212010001', '7', 9, 2, 1, 1, '2013-02-14 09:36:41', '2013-02-14 09:36:41'),
('201302140038', '201212010001', '8', 9, 2, 1, 1, '2013-02-14 09:36:41', '2013-02-14 09:36:41'),
('201302140039', '201212010011', '1', 6, 3, 1, 1, '2013-02-14 09:36:41', '2013-02-14 09:36:41'),
('201302140040', '201212010011', '2', 6, 3, 1, 1, '2013-02-14 09:36:41', '2013-02-14 09:36:41'),
('201302140041', '201212010011', '3', 6, 3, 1, 1, '2013-02-14 09:36:41', '2013-02-14 09:36:41'),
('201302140042', '201212010011', '4', 6, 3, 1, 1, '2013-02-14 09:36:41', '2013-02-14 09:36:41'),
('201302140043', '201212010011', '5', 6, 3, 1, 1, '2013-02-14 09:36:41', '2013-02-14 09:36:41'),
('201302140044', '201212010011', '6', 6, 3, 1, 1, '2013-02-14 09:36:41', '2013-02-14 09:36:41'),
('201302140045', '201212010011', '7', 6, 3, 1, 1, '2013-02-14 09:36:41', '2013-02-14 09:36:41'),
('201302140046', '201212010011', '8', 6, 3, 1, 1, '2013-02-14 09:36:41', '2013-02-14 09:36:41'),
('201302140047', '201212010011', '27', 19, 2, 1, 1, '2013-02-14 09:36:41', '2013-02-14 09:36:41'),
('201302140048', '201212010007', '9', 5, 3, 1, 1, '2013-02-14 09:36:41', '2013-02-14 09:36:41'),
('201302140049', '201212010007', '10', 5, 3, 1, 1, '2013-02-14 09:36:41', '2013-02-14 09:36:41'),
('201302140050', '201212010007', '11', 5, 3, 1, 1, '2013-02-14 09:36:41', '2013-02-14 09:36:41'),
('201302140051', '201212010007', '12', 5, 3, 1, 1, '2013-02-14 09:36:41', '2013-02-14 09:36:41'),
('201302140052', '201212010007', '13', 5, 3, 1, 1, '2013-02-14 09:36:41', '2013-02-14 09:36:41'),
('201302140053', '201212010007', '14', 5, 3, 1, 1, '2013-02-14 09:36:41', '2013-02-14 09:36:41'),
('201302140054', '201212010007', '15', 5, 3, 1, 1, '2013-02-14 09:36:41', '2013-02-14 09:36:41'),
('201302140055', '201212010007', '16', 5, 3, 1, 1, '2013-02-14 09:36:41', '2013-02-14 09:36:41'),
('201302140056', '201212010007', '42', 22, 2, 1, 1, '2013-02-14 09:36:41', '2013-02-14 09:36:41'),
('201302140057', '201212010013', '1', 6, 3, 1, 1, '2013-02-14 09:36:41', '2013-02-14 09:36:41'),
('201302140058', '201212010013', '2', 6, 3, 1, 1, '2013-02-14 09:36:41', '2013-02-14 09:36:41'),
('201302140059', '201212010013', '3', 6, 3, 1, 1, '2013-02-14 09:36:41', '2013-02-14 09:36:41'),
('201302140060', '201212010013', '4', 6, 3, 1, 1, '2013-02-14 09:36:41', '2013-02-14 09:36:41'),
('201302140061', '201212010013', '5', 6, 3, 1, 1, '2013-02-14 09:36:41', '2013-02-14 09:36:41'),
('201302140062', '201212010013', '6', 6, 3, 1, 1, '2013-02-14 09:36:41', '2013-02-14 09:36:41'),
('201302140063', '201212010013', '7', 6, 3, 1, 1, '2013-02-14 09:36:41', '2013-02-14 09:36:41'),
('201302140064', '201212010013', '8', 6, 3, 1, 1, '2013-02-14 09:36:41', '2013-02-14 09:36:41'),
('201302140065', '201212010013', '38', 18, 2, 1, 1, '2013-02-14 09:36:41', '2013-02-14 09:36:41'),
('201302140066', '201212010003', '5', 2, 2, 1, 1, '2013-02-14 09:36:41', '2013-02-14 09:36:41'),
('201302140067', '201212010003', '6', 2, 2, 1, 1, '2013-02-14 09:36:41', '2013-02-14 09:36:41'),
('201302140068', '201212010003', '7', 2, 2, 1, 1, '2013-02-14 09:36:41', '2013-02-14 09:36:41'),
('201302140069', '201212010003', '8', 2, 2, 1, 1, '2013-02-14 09:36:41', '2013-02-14 09:36:41'),
('201302140070', '201212010003', '9', 2, 2, 1, 1, '2013-02-14 09:36:41', '2013-02-14 09:36:41'),
('201302140071', '201212010003', '10', 2, 2, 1, 1, '2013-02-14 09:36:41', '2013-02-14 09:36:41'),
('201302140072', '201212010003', '11', 2, 2, 1, 1, '2013-02-14 09:36:41', '2013-02-14 09:36:41'),
('201302140073', '201212010003', '12', 2, 2, 1, 1, '2013-02-14 09:36:41', '2013-02-14 09:36:41'),
('201302140074', '201212010003', '13', 2, 2, 1, 1, '2013-02-14 09:36:41', '2013-02-14 09:36:41'),
('201302140075', '201212010003', '14', 2, 2, 1, 1, '2013-02-14 09:36:41', '2013-02-14 09:36:41'),
('201302140076', '201212010003', '15', 2, 2, 1, 1, '2013-02-14 09:36:41', '2013-02-14 09:36:41'),
('201302140077', '201212010003', '16', 2, 2, 1, 1, '2013-02-14 09:36:41', '2013-02-14 09:36:41'),
('201302140078', '201212010014', '1', 5, 3, 1, 1, '2013-02-14 09:36:41', '2013-02-14 09:36:41'),
('201302140079', '201212010014', '2', 5, 3, 1, 1, '2013-02-14 09:36:41', '2013-02-14 09:36:41'),
('201302140080', '201212010014', '3', 5, 3, 1, 1, '2013-02-14 09:36:41', '2013-02-14 09:36:41'),
('201302140081', '201212010014', '4', 5, 3, 1, 1, '2013-02-14 09:36:41', '2013-02-14 09:36:41'),
('201302140082', '201212010014', '5', 5, 3, 1, 1, '2013-02-14 09:36:41', '2013-02-14 09:36:41'),
('201302140083', '201212010014', '6', 5, 3, 1, 1, '2013-02-14 09:36:41', '2013-02-14 09:36:41'),
('201302140084', '201212010014', '7', 5, 3, 1, 1, '2013-02-14 09:36:41', '2013-02-14 09:36:41'),
('201302140085', '201212010014', '8', 5, 3, 1, 1, '2013-02-14 09:36:41', '2013-02-14 09:36:41'),
('201302140086', '201212010026', '9', 7, 4, 1, 1, '2013-02-14 09:36:41', '2013-02-14 09:36:41'),
('201302140087', '201212010026', '10', 7, 4, 1, 1, '2013-02-14 09:36:41', '2013-02-14 09:36:41'),
('201302140088', '201212010026', '11', 7, 4, 1, 1, '2013-02-14 09:36:41', '2013-02-14 09:36:41'),
('201302140089', '201212010026', '12', 7, 4, 1, 1, '2013-02-14 09:36:41', '2013-02-14 09:36:41'),
('201302140090', '201212010026', '13', 7, 4, 1, 1, '2013-02-14 09:36:41', '2013-02-14 09:36:41'),
('201302140091', '201212010026', '14', 7, 4, 1, 1, '2013-02-14 09:36:41', '2013-02-14 09:36:41'),
('201302140092', '201212010010', '15', 7, 4, 1, 1, '2013-02-14 09:36:41', '2013-02-14 09:36:41'),
('201302140093', '201212010010', '16', 7, 4, 1, 1, '2013-02-14 09:36:41', '2013-02-14 09:36:41'),
('201302140094', '201212010010', '17', 7, 4, 1, 1, '2013-02-14 09:36:41', '2013-02-14 09:36:41'),
('201302140095', '201212010010', '18', 7, 4, 1, 1, '2013-02-14 09:36:41', '2013-02-14 09:36:41'),
('201302140096', '201212010010', '19', 7, 4, 1, 1, '2013-02-14 09:36:41', '2013-02-14 09:36:41'),
('201302140097', '201212010010', '20', 7, 4, 1, 1, '2013-02-14 09:36:41', '2013-02-14 09:36:41'),
('201302140098', '201212010016', '1', 5, 2, 1, 1, '2013-02-14 09:36:41', '2013-02-14 09:36:41'),
('201302140099', '201212010016', '2', 5, 2, 1, 1, '2013-02-14 09:36:41', '2013-02-14 09:36:41'),
('201302140100', '201212010016', '3', 5, 2, 1, 1, '2013-02-14 09:36:41', '2013-02-14 09:36:41'),
('201302140101', '201212010016', '4', 5, 2, 1, 1, '2013-02-14 09:36:41', '2013-02-14 09:36:41'),
('201302140102', '201212010016', '5', 5, 2, 1, 1, '2013-02-14 09:36:41', '2013-02-14 09:36:41'),
('201302140103', '201212010016', '6', 5, 2, 1, 1, '2013-02-14 09:36:41', '2013-02-14 09:36:41'),
('201302140104', '201212010016', '7', 5, 2, 1, 1, '2013-02-14 09:36:41', '2013-02-14 09:36:41'),
('201302140105', '201212010016', '8', 5, 2, 1, 1, '2013-02-14 09:36:41', '2013-02-14 09:36:41'),
('201302140106', '201212010016', '35', 17, 2, 1, 1, '2013-02-14 09:36:41', '2013-02-14 09:36:41'),
('201302140107', '201212010022', '1', 12, 2, 1, 1, '2013-02-14 09:36:41', '2013-02-14 09:36:41'),
('201302140108', '201212010022', '2', 12, 2, 1, 1, '2013-02-14 09:36:41', '2013-02-14 09:36:41'),
('201302140109', '201212010022', '3', 12, 2, 1, 1, '2013-02-14 09:36:41', '2013-02-14 09:36:41'),
('201302140110', '201212010022', '4', 12, 2, 1, 1, '2013-02-14 09:36:41', '2013-02-14 09:36:41'),
('201302140111', '201212010022', '5', 12, 2, 1, 1, '2013-02-14 09:36:41', '2013-02-14 09:36:41'),
('201302140112', '201212010022', '6', 12, 2, 1, 1, '2013-02-14 09:36:41', '2013-02-14 09:36:41'),
('201302140113', '201212010022', '7', 12, 2, 1, 1, '2013-02-14 09:36:41', '2013-02-14 09:36:41'),
('201302140114', '201212010022', '8', 12, 2, 1, 1, '2013-02-14 09:36:41', '2013-02-14 09:36:41'),
('201302140115', '201212010022', '46', 15, 2, 1, 1, '2013-02-14 09:36:41', '2013-02-14 09:36:41'),
('201302140116', '201212010025', '9', 6, 3, 1, 1, '2013-02-14 09:36:41', '2013-02-14 09:36:41'),
('201302140117', '201212010025', '10', 6, 3, 1, 1, '2013-02-14 09:36:41', '2013-02-14 09:36:41'),
('201302140118', '201212010025', '11', 6, 3, 1, 1, '2013-02-14 09:36:41', '2013-02-14 09:36:41'),
('201302140119', '201212010025', '12', 6, 3, 1, 1, '2013-02-14 09:36:41', '2013-02-14 09:36:41'),
('201302140120', '201212010025', '13', 6, 3, 1, 1, '2013-02-14 09:36:41', '2013-02-14 09:36:41'),
('201302140121', '201212010025', '14', 6, 3, 1, 1, '2013-02-14 09:36:41', '2013-02-14 09:36:41'),
('201302140122', '201212010025', '15', 6, 3, 1, 1, '2013-02-14 09:36:41', '2013-02-14 09:36:41'),
('201302140123', '201212010025', '16', 6, 3, 1, 1, '2013-02-14 09:36:41', '2013-02-14 09:36:41'),
('201302140124', '201212010025', '36', 17, 2, 1, 1, '2013-02-14 09:36:41', '2013-02-14 09:36:41'),
('201302140125', '201212010018', '17', 5, 3, 1, 1, '2013-02-14 09:36:41', '2013-02-14 09:36:41'),
('201302140126', '201212010018', '18', 5, 3, 1, 1, '2013-02-14 09:36:41', '2013-02-14 09:36:41'),
('201302140127', '201212010018', '19', 5, 3, 1, 1, '2013-02-14 09:36:42', '2013-02-14 09:36:42'),
('201302140128', '201212010018', '20', 5, 3, 1, 1, '2013-02-14 09:36:42', '2013-02-14 09:36:42'),
('201302140129', '201212010018', '21', 5, 3, 1, 1, '2013-02-14 09:36:42', '2013-02-14 09:36:42'),
('201302140130', '201212010018', '22', 5, 3, 1, 1, '2013-02-14 09:36:42', '2013-02-14 09:36:42'),
('201302140131', '201212010018', '23', 5, 3, 1, 1, '2013-02-14 09:36:42', '2013-02-14 09:36:42'),
('201302140132', '201212010018', '24', 5, 3, 1, 1, '2013-02-14 09:36:42', '2013-02-14 09:36:42'),
('201302140133', '201212010018', '39', 21, 2, 1, 1, '2013-02-14 09:36:42', '2013-02-14 09:36:42'),
('201302140134', '201212010028', '3', 3, 4, 1, 1, '2013-02-14 09:36:42', '2013-02-14 09:36:42'),
('201302140135', '201212010028', '4', 3, 4, 1, 1, '2013-02-14 09:36:42', '2013-02-14 09:36:42'),
('201302140136', '201212010028', '5', 3, 4, 1, 1, '2013-02-14 09:36:42', '2013-02-14 09:36:42'),
('201302140137', '201212010028', '6', 3, 4, 1, 1, '2013-02-14 09:36:42', '2013-02-14 09:36:42'),
('201302140138', '201212010028', '7', 3, 4, 1, 1, '2013-02-14 09:36:42', '2013-02-14 09:36:42'),
('201302140139', '201212010028', '8', 3, 4, 1, 1, '2013-02-14 09:36:42', '2013-02-14 09:36:42'),
('201302140140', '201212010028', '40', 21, 2, 1, 1, '2013-02-14 09:36:42', '2013-02-14 09:36:42'),
('201302140141', '201212010031', '17', 6, 3, 1, 1, '2013-02-14 09:36:42', '2013-02-14 09:36:42'),
('201302140142', '201212010031', '18', 6, 3, 1, 1, '2013-02-14 09:36:42', '2013-02-14 09:36:42'),
('201302140143', '201212010031', '19', 6, 3, 1, 1, '2013-02-14 09:36:42', '2013-02-14 09:36:42'),
('201302140144', '201212010031', '20', 6, 3, 1, 1, '2013-02-14 09:36:42', '2013-02-14 09:36:42'),
('201302140145', '201212010031', '21', 6, 3, 1, 1, '2013-02-14 09:36:42', '2013-02-14 09:36:42'),
('201302140146', '201212010031', '22', 6, 3, 1, 1, '2013-02-14 09:36:42', '2013-02-14 09:36:42'),
('201302140147', '201212010031', '23', 6, 3, 1, 1, '2013-02-14 09:36:42', '2013-02-14 09:36:42'),
('201302140148', '201212010031', '24', 6, 3, 1, 1, '2013-02-14 09:36:42', '2013-02-14 09:36:42'),
('201302140149', '201212010031', '37', 18, 2, 1, 1, '2013-02-14 09:36:42', '2013-02-14 09:36:42'),
('201302140150', '201212010021', '5', 1, 2, 1, 1, '2013-02-14 09:36:42', '2013-02-14 09:36:42'),
('201302140151', '201212010021', '6', 1, 2, 1, 1, '2013-02-14 09:36:42', '2013-02-14 09:36:42'),
('201302140152', '201212010021', '7', 1, 2, 1, 1, '2013-02-14 09:36:42', '2013-02-14 09:36:42'),
('201302140153', '201212010021', '8', 1, 2, 1, 1, '2013-02-14 09:36:42', '2013-02-14 09:36:42'),
('201302140154', '201212010021', '9', 1, 2, 1, 1, '2013-02-14 09:36:42', '2013-02-14 09:36:42'),
('201302140155', '201212010021', '10', 1, 2, 1, 1, '2013-02-14 09:36:42', '2013-02-14 09:36:42'),
('201302140156', '201212010021', '11', 1, 2, 1, 1, '2013-02-14 09:36:42', '2013-02-14 09:36:42'),
('201302140157', '201212010021', '12', 1, 2, 1, 1, '2013-02-14 09:36:42', '2013-02-14 09:36:42'),
('201302140158', '201212010021', '13', 1, 2, 1, 1, '2013-02-14 09:36:42', '2013-02-14 09:36:42'),
('201302140159', '201212010021', '14', 1, 2, 1, 1, '2013-02-14 09:36:42', '2013-02-14 09:36:42'),
('201302140160', '201212010021', '15', 1, 2, 1, 1, '2013-02-14 09:36:42', '2013-02-14 09:36:42'),
('201302140161', '201212010021', '16', 1, 2, 1, 1, '2013-02-14 09:36:42', '2013-02-14 09:36:42'),
('201302140162', '201212010032', '17', 4, 3, 1, 1, '2013-02-14 09:36:42', '2013-02-14 09:36:42'),
('201302140163', '201212010032', '18', 4, 3, 1, 1, '2013-02-14 09:36:42', '2013-02-14 09:36:42'),
('201302140164', '201212010032', '19', 4, 3, 1, 1, '2013-02-14 09:36:42', '2013-02-14 09:36:42'),
('201302140165', '201212010032', '20', 4, 3, 1, 1, '2013-02-14 09:36:42', '2013-02-14 09:36:42'),
('201302140166', '201212010032', '21', 4, 3, 1, 1, '2013-02-14 09:36:42', '2013-02-14 09:36:42'),
('201302140167', '201212010032', '22', 4, 3, 1, 1, '2013-02-14 09:36:42', '2013-02-14 09:36:42'),
('201302140168', '201212010032', '23', 4, 3, 1, 1, '2013-02-14 09:36:42', '2013-02-14 09:36:42'),
('201302140169', '201212010032', '24', 4, 3, 1, 1, '2013-02-14 09:36:42', '2013-02-14 09:36:42'),
('201302140170', '201212010054', '17', 4, 3, 1, 1, '2013-02-14 09:36:42', '2013-02-14 09:36:42'),
('201302140171', '201212010054', '18', 4, 3, 1, 1, '2013-02-14 09:36:42', '2013-02-14 09:36:42'),
('201302140172', '201212010054', '19', 4, 3, 1, 1, '2013-02-14 09:36:42', '2013-02-14 09:36:42'),
('201302140173', '201212010054', '20', 4, 3, 1, 1, '2013-02-14 09:36:42', '2013-02-14 09:36:42'),
('201302140174', '201212010054', '21', 4, 3, 1, 1, '2013-02-14 09:36:42', '2013-02-14 09:36:42'),
('201302140175', '201212010054', '22', 4, 3, 1, 1, '2013-02-14 09:36:42', '2013-02-14 09:36:42'),
('201302140176', '201212010054', '23', 4, 3, 1, 1, '2013-02-14 09:36:42', '2013-02-14 09:36:42'),
('201302140177', '201212010054', '24', 4, 3, 1, 1, '2013-02-14 09:36:42', '2013-02-14 09:36:42'),
('201302140178', '201212010029', '9', 5, 3, 1, 1, '2013-02-14 09:36:42', '2013-02-14 09:36:42'),
('201302140179', '201212010029', '10', 5, 3, 1, 1, '2013-02-14 09:36:42', '2013-02-14 09:36:42'),
('201302140180', '201212010029', '11', 5, 3, 1, 1, '2013-02-14 09:36:42', '2013-02-14 09:36:42'),
('201302140181', '201212010029', '12', 5, 3, 1, 1, '2013-02-14 09:36:42', '2013-02-14 09:36:42'),
('201302140182', '201212010029', '13', 5, 3, 1, 1, '2013-02-14 09:36:42', '2013-02-14 09:36:42'),
('201302140183', '201212010029', '14', 5, 3, 1, 1, '2013-02-14 09:36:42', '2013-02-14 09:36:42'),
('201302140184', '201212010029', '15', 5, 3, 1, 1, '2013-02-14 09:36:42', '2013-02-14 09:36:42'),
('201302140185', '201212010029', '16', 5, 3, 1, 1, '2013-02-14 09:36:42', '2013-02-14 09:36:42'),
('201302140186', '201212010019', '9', 12, 2, 1, 1, '2013-02-14 09:36:42', '2013-02-14 09:36:42'),
('201302140187', '201212010019', '10', 12, 2, 1, 1, '2013-02-14 09:36:43', '2013-02-14 09:36:43'),
('201302140188', '201212010019', '11', 12, 2, 1, 1, '2013-02-14 09:36:43', '2013-02-14 09:36:43'),
('201302140189', '201212010019', '12', 12, 2, 1, 1, '2013-02-14 09:36:43', '2013-02-14 09:36:43'),
('201302140190', '201212010019', '17', 12, 2, 1, 1, '2013-02-14 09:36:43', '2013-02-14 09:36:43'),
('201302140191', '201212010019', '18', 12, 2, 1, 1, '2013-02-14 09:36:43', '2013-02-14 09:36:43'),
('201302140192', '201212010019', '19', 12, 2, 1, 1, '2013-02-14 09:36:43', '2013-02-14 09:36:43'),
('201302140193', '201212010019', '20', 12, 2, 1, 1, '2013-02-14 09:36:43', '2013-02-14 09:36:43'),
('201302140194', '201212010019', '21', 12, 2, 1, 1, '2013-02-14 09:36:43', '2013-02-14 09:36:43'),
('201302140195', '201212010019', '22', 12, 2, 1, 1, '2013-02-14 09:36:43', '2013-02-14 09:36:43'),
('201302140196', '201212010019', '23', 12, 2, 1, 1, '2013-02-14 09:36:43', '2013-02-14 09:36:43'),
('201302140197', '201212010019', '24', 12, 2, 1, 1, '2013-02-14 09:36:43', '2013-02-14 09:36:43'),
('201302140198', '201212010019', '31', 16, 2, 1, 1, '2013-02-14 09:36:43', '2013-02-14 09:36:43'),
('201302140199', '201212010015', '2', 3, 4, 1, 1, '2013-02-14 09:36:43', '2013-02-14 09:36:43'),
('201302140200', '201212010015', '12', 3, 4, 1, 1, '2013-02-14 09:36:43', '2013-02-14 09:36:43'),
('201302140201', '201212010015', '13', 3, 4, 1, 1, '2013-02-14 09:36:43', '2013-02-14 09:36:43'),
('201302140202', '201212010015', '14', 3, 4, 1, 1, '2013-02-14 09:36:43', '2013-02-14 09:36:43'),
('201302140203', '201212010015', '15', 3, 4, 1, 1, '2013-02-14 09:36:43', '2013-02-14 09:36:43'),
('201302140204', '201212010015', '16', 3, 4, 1, 1, '2013-02-14 09:36:43', '2013-02-14 09:36:43'),
('201302140205', '201212010023', '1', 3, 4, 1, 1, '2013-02-14 09:36:43', '2013-02-14 09:36:43'),
('201302140206', '201212010023', '9', 3, 4, 1, 1, '2013-02-14 09:36:43', '2013-02-14 09:36:43'),
('201302140207', '201212010023', '10', 3, 4, 1, 1, '2013-02-14 09:36:43', '2013-02-14 09:36:43'),
('201302140208', '201212010023', '11', 3, 4, 1, 1, '2013-02-14 09:36:43', '2013-02-14 09:36:43'),
('201302140209', '201212010023', '17', 3, 4, 1, 1, '2013-02-14 09:36:43', '2013-02-14 09:36:43'),
('201302140210', '201212010023', '18', 3, 4, 1, 1, '2013-02-14 09:36:43', '2013-02-14 09:36:43'),
('201302140211', '201212010023', '41', 22, 2, 1, 1, '2013-02-14 09:36:43', '2013-02-14 09:36:43'),
('201302140212', '201212010005', '9', 4, 3, 1, 1, '2013-02-14 09:36:43', '2013-02-14 09:36:43'),
('201302140213', '201212010005', '10', 4, 3, 1, 1, '2013-02-14 09:36:43', '2013-02-14 09:36:43'),
('201302140214', '201212010005', '11', 4, 3, 1, 1, '2013-02-14 09:36:43', '2013-02-14 09:36:43'),
('201302140215', '201212010005', '12', 4, 3, 1, 1, '2013-02-14 09:36:43', '2013-02-14 09:36:43'),
('201302140216', '201212010005', '13', 4, 3, 1, 1, '2013-02-14 09:36:43', '2013-02-14 09:36:43'),
('201302140217', '201212010005', '14', 4, 3, 1, 1, '2013-02-14 09:36:43', '2013-02-14 09:36:43'),
('201302140218', '201212010005', '15', 4, 3, 1, 1, '2013-02-14 09:36:43', '2013-02-14 09:36:43'),
('201302140219', '201212010005', '16', 4, 3, 1, 1, '2013-02-14 09:36:43', '2013-02-14 09:36:43'),
('201302140220', '201212010005', '30', 15, 2, 1, 1, '2013-02-14 09:36:43', '2013-02-14 09:36:43'),
('201302140221', '201212010020', '9', 9, 2, 1, 1, '2013-02-14 09:36:43', '2013-02-14 09:36:43'),
('201302140222', '201212010020', '10', 9, 2, 1, 1, '2013-02-14 09:36:43', '2013-02-14 09:36:43'),
('201302140223', '201212010020', '11', 9, 2, 1, 1, '2013-02-14 09:36:43', '2013-02-14 09:36:43'),
('201302140224', '201212010020', '12', 9, 2, 1, 1, '2013-02-14 09:36:43', '2013-02-14 09:36:43'),
('201302140225', '201212010020', '13', 9, 2, 1, 1, '2013-02-14 09:36:43', '2013-02-14 09:36:43'),
('201302140226', '201212010020', '14', 9, 2, 1, 1, '2013-02-14 09:36:43', '2013-02-14 09:36:43'),
('201302140227', '201212010020', '15', 9, 2, 1, 1, '2013-02-14 09:36:43', '2013-02-14 09:36:43'),
('201302140228', '201212010020', '16', 9, 2, 1, 1, '2013-02-14 09:36:43', '2013-02-14 09:36:43'),
('201302140229', '201212010042', '1', 9, 2, 1, 1, '2013-02-14 09:36:43', '2013-02-14 09:36:43'),
('201302140230', '201212010042', '2', 9, 2, 1, 1, '2013-02-14 09:36:43', '2013-02-14 09:36:43'),
('201302140231', '201212010042', '3', 9, 2, 1, 1, '2013-02-14 09:36:43', '2013-02-14 09:36:43'),
('201302140232', '201212010042', '4', 9, 2, 1, 1, '2013-02-14 09:36:43', '2013-02-14 09:36:43'),
('201302140233', '201212010042', '5', 9, 2, 1, 1, '2013-02-14 09:36:43', '2013-02-14 09:36:43'),
('201302140234', '201212010038', '1', 2, 2, 1, 1, '2013-02-14 09:36:43', '2013-02-14 09:36:43'),
('201302140235', '201212010038', '2', 2, 2, 1, 1, '2013-02-14 09:36:43', '2013-02-14 09:36:43'),
('201302140236', '201212010038', '3', 2, 2, 1, 1, '2013-02-14 09:36:43', '2013-02-14 09:36:43'),
('201302140237', '201212010038', '4', 2, 2, 1, 1, '2013-02-14 09:36:43', '2013-02-14 09:36:43'),
('201302140238', '201212010038', '17', 2, 2, 1, 1, '2013-02-14 09:36:43', '2013-02-14 09:36:43'),
('201302140239', '201212010038', '18', 2, 2, 1, 1, '2013-02-14 09:36:43', '2013-02-14 09:36:43'),
('201302140240', '201212010038', '19', 2, 2, 1, 1, '2013-02-14 09:36:43', '2013-02-14 09:36:43'),
('201302140241', '201212010038', '20', 2, 2, 1, 1, '2013-02-14 09:36:43', '2013-02-14 09:36:43'),
('201302140242', '201212010038', '21', 2, 2, 1, 1, '2013-02-14 09:36:43', '2013-02-14 09:36:43'),
('201302140243', '201212010038', '22', 2, 2, 1, 1, '2013-02-14 09:36:43', '2013-02-14 09:36:43'),
('201302140244', '201212010038', '23', 2, 2, 1, 1, '2013-02-14 09:36:43', '2013-02-14 09:36:43'),
('201302140245', '201212010038', '24', 2, 2, 1, 1, '2013-02-14 09:36:43', '2013-02-14 09:36:43'),
('201302140246', '201212010045', '4', 7, 5, 1, 1, '2013-02-14 09:36:43', '2013-02-14 09:36:43'),
('201302140247', '201212010045', '5', 7, 5, 1, 1, '2013-02-14 09:36:43', '2013-02-14 09:36:43'),
('201302140248', '201212010045', '6', 7, 5, 1, 1, '2013-02-14 09:36:43', '2013-02-14 09:36:43'),
('201302140249', '201212010045', '7', 7, 5, 1, 1, '2013-02-14 09:36:44', '2013-02-14 09:36:44'),
('201302140250', '201212010045', '8', 7, 5, 1, 1, '2013-02-14 09:36:44', '2013-02-14 09:36:44'),
('201302140251', '201212010045', '29', 15, 2, 1, 1, '2013-02-14 09:36:44', '2013-02-14 09:36:44'),
('201302140252', '201212010002', '1', 1, 2, 1, 1, '2013-02-14 09:36:44', '2013-02-14 09:36:44'),
('201302140253', '201212010002', '2', 1, 2, 1, 1, '2013-02-14 09:36:44', '2013-02-14 09:36:44'),
('201302140254', '201212010002', '3', 1, 2, 1, 1, '2013-02-14 09:36:44', '2013-02-14 09:36:44'),
('201302140255', '201212010002', '4', 1, 2, 1, 1, '2013-02-14 09:36:44', '2013-02-14 09:36:44'),
('201302140256', '201212010002', '17', 1, 2, 1, 1, '2013-02-14 09:36:44', '2013-02-14 09:36:44'),
('201302140257', '201212010002', '18', 1, 2, 1, 1, '2013-02-14 09:36:44', '2013-02-14 09:36:44'),
('201302140258', '201212010002', '19', 1, 2, 1, 1, '2013-02-14 09:36:44', '2013-02-14 09:36:44'),
('201302140259', '201212010002', '20', 1, 2, 1, 1, '2013-02-14 09:36:44', '2013-02-14 09:36:44'),
('201302140260', '201212010002', '21', 1, 2, 1, 1, '2013-02-14 09:36:44', '2013-02-14 09:36:44'),
('201302140261', '201212010002', '22', 1, 2, 1, 1, '2013-02-14 09:36:44', '2013-02-14 09:36:44'),
('201302140262', '201212010002', '23', 1, 2, 1, 1, '2013-02-14 09:36:44', '2013-02-14 09:36:44'),
('201302140263', '201212010002', '24', 1, 2, 1, 1, '2013-02-14 09:36:44', '2013-02-14 09:36:44'),
('201302140264', '201212010039', '1', 10, 2, 1, 1, '2013-02-14 09:36:44', '2013-02-14 09:36:44'),
('201302140265', '201212010039', '2', 10, 2, 1, 1, '2013-02-14 09:36:44', '2013-02-14 09:36:44'),
('201302140266', '201212010039', '3', 10, 2, 1, 1, '2013-02-14 09:36:44', '2013-02-14 09:36:44'),
('201302140267', '201212010039', '4', 10, 2, 1, 1, '2013-02-14 09:36:44', '2013-02-14 09:36:44'),
('201302140268', '201212010039', '5', 10, 2, 1, 1, '2013-02-14 09:36:44', '2013-02-14 09:36:44'),
('201302140269', '201212010039', '6', 10, 2, 1, 1, '2013-02-14 09:36:44', '2013-02-14 09:36:44'),
('201302140270', '201212010039', '7', 10, 2, 1, 1, '2013-02-14 09:36:44', '2013-02-14 09:36:44'),
('201302140271', '201212010039', '8', 10, 2, 1, 1, '2013-02-14 09:36:44', '2013-02-14 09:36:44'),
('201302140272', '201212010039', '9', 10, 2, 1, 1, '2013-02-14 09:36:44', '2013-02-14 09:36:44'),
('201302140273', '201212010039', '10', 10, 2, 1, 1, '2013-02-14 09:36:44', '2013-02-14 09:36:44'),
('201302140274', '201212010039', '11', 10, 2, 1, 1, '2013-02-14 09:36:44', '2013-02-14 09:36:44'),
('201302140275', '201212010039', '12', 10, 2, 1, 1, '2013-02-14 09:36:44', '2013-02-14 09:36:44'),
('201302140276', '201212010039', '26', 14, 2, 1, 1, '2013-02-14 09:36:44', '2013-02-14 09:36:44'),
('201302140277', '201212010036', '13', 12, 2, 1, 1, '2013-02-14 09:36:44', '2013-02-14 09:36:44'),
('201302140278', '201212010036', '14', 12, 2, 1, 1, '2013-02-14 09:36:44', '2013-02-14 09:36:44'),
('201302140279', '201212010036', '15', 12, 2, 1, 1, '2013-02-14 09:36:44', '2013-02-14 09:36:44'),
('201302140280', '201212010036', '16', 12, 2, 1, 1, '2013-02-14 09:36:44', '2013-02-14 09:36:44'),
('201302140281', '201212010036', '11', 8, 2, 1, 1, '2013-02-14 09:36:44', '2013-02-14 09:36:44'),
('201302140282', '201212010036', '12', 8, 2, 1, 1, '2013-02-14 09:36:44', '2013-02-14 09:36:44'),
('201302140283', '201212010036', '3', 7, 5, 1, 1, '2013-02-14 09:36:44', '2013-02-14 09:36:44'),
('201302140284', '201212010036', '32', 16, 2, 1, 1, '2013-02-14 09:36:44', '2013-02-14 09:36:44'),
('201302140285', '201212010035', '1', 8, 2, 1, 1, '2013-02-14 09:36:44', '2013-02-14 09:36:44'),
('201302140286', '201212010035', '2', 8, 2, 1, 1, '2013-02-14 09:36:44', '2013-02-14 09:36:44'),
('201302140287', '201212010035', '3', 8, 2, 1, 1, '2013-02-14 09:36:44', '2013-02-14 09:36:44'),
('201302140288', '201212010035', '4', 8, 2, 1, 1, '2013-02-14 09:36:44', '2013-02-14 09:36:44'),
('201302140289', '201212010035', '5', 8, 2, 1, 1, '2013-02-14 09:36:44', '2013-02-14 09:36:44'),
('201302140290', '201212010035', '6', 8, 2, 1, 1, '2013-02-14 09:36:44', '2013-02-14 09:36:44'),
('201302140291', '201212010035', '7', 8, 2, 1, 1, '2013-02-14 09:36:44', '2013-02-14 09:36:44'),
('201302140292', '201212010035', '8', 8, 2, 1, 1, '2013-02-14 09:36:44', '2013-02-14 09:36:44'),
('201302140293', '201212010035', '44', 23, 2, 1, 1, '2013-02-14 09:36:44', '2013-02-14 09:36:44'),
('201302140294', '201212010047', '13', 8, 2, 1, 1, '2013-02-14 09:36:44', '2013-02-14 09:36:44'),
('201302140295', '201212010047', '14', 8, 2, 1, 1, '2013-02-14 09:36:44', '2013-02-14 09:36:44'),
('201302140296', '201212010047', '15', 8, 2, 1, 1, '2013-02-14 09:36:44', '2013-02-14 09:36:44'),
('201302140297', '201212010047', '16', 8, 2, 1, 1, '2013-02-14 09:36:44', '2013-02-14 09:36:44'),
('201302140298', '201212010047', '17', 8, 2, 1, 1, '2013-02-14 09:36:44', '2013-02-14 09:36:44'),
('201302140299', '201212010047', '18', 8, 2, 1, 1, '2013-02-14 09:36:44', '2013-02-14 09:36:44'),
('201302140300', '201212010047', '19', 8, 2, 1, 1, '2013-02-14 09:36:44', '2013-02-14 09:36:44'),
('201302140301', '201212010047', '20', 8, 2, 1, 1, '2013-02-14 09:36:44', '2013-02-14 09:36:44'),
('201302140302', '201212010047', '21', 8, 2, 1, 1, '2013-02-14 09:36:44', '2013-02-14 09:36:44'),
('201302140303', '201212010047', '22', 8, 2, 1, 1, '2013-02-14 09:36:44', '2013-02-14 09:36:44'),
('201302140304', '201212010047', '43', 23, 2, 1, 1, '2013-02-14 09:36:44', '2013-02-14 09:36:44'),
('201302140305', '201212010048', '13', 10, 2, 1, 1, '2013-02-14 09:36:44', '2013-02-14 09:36:44'),
('201302140306', '201212010048', '14', 10, 2, 1, 1, '2013-02-14 09:36:44', '2013-02-14 09:36:44'),
('201302140307', '201212010048', '15', 10, 2, 1, 1, '2013-02-14 09:36:44', '2013-02-14 09:36:44'),
('201302140308', '201212010048', '16', 10, 2, 1, 1, '2013-02-14 09:36:44', '2013-02-14 09:36:44'),
('201302140309', '201212010048', '17', 10, 2, 1, 1, '2013-02-14 09:36:44', '2013-02-14 09:36:44'),
('201302140310', '201212010048', '18', 10, 2, 1, 1, '2013-02-14 09:36:44', '2013-02-14 09:36:44'),
('201302140311', '201212010048', '19', 10, 2, 1, 1, '2013-02-14 09:36:44', '2013-02-14 09:36:44'),
('201302140312', '201212010048', '20', 10, 2, 1, 1, '2013-02-14 09:36:44', '2013-02-14 09:36:44'),
('201302140313', '201212010048', '21', 10, 2, 1, 1, '2013-02-14 09:36:44', '2013-02-14 09:36:44'),
('201302140314', '201212010048', '22', 10, 2, 1, 1, '2013-02-14 09:36:44', '2013-02-14 09:36:44'),
('201302140315', '201212010048', '23', 10, 2, 1, 1, '2013-02-14 09:36:44', '2013-02-14 09:36:44'),
('201302140316', '201212010048', '24', 10, 2, 1, 1, '2013-02-14 09:36:44', '2013-02-14 09:36:44'),
('201302140317', '201212010048', '34', 14, 2, 1, 1, '2013-02-14 09:36:44', '2013-02-14 09:36:44'),
('201302140318', '201212010053', '9', 4, 3, 1, 1, '2013-02-14 09:36:44', '2013-02-14 09:36:44'),
('201302140319', '201212010053', '10', 4, 3, 1, 1, '2013-02-14 09:36:44', '2013-02-14 09:36:44'),
('201302140320', '201212010053', '11', 4, 3, 1, 1, '2013-02-14 09:36:44', '2013-02-14 09:36:44'),
('201302140321', '201212010053', '12', 4, 3, 1, 1, '2013-02-14 09:36:44', '2013-02-14 09:36:44'),
('201302140322', '201212010053', '13', 4, 3, 1, 1, '2013-02-14 09:36:44', '2013-02-14 09:36:44'),
('201302140323', '201212010053', '14', 4, 3, 1, 1, '2013-02-14 09:36:44', '2013-02-14 09:36:44'),
('201302140324', '201212010053', '15', 4, 3, 1, 1, '2013-02-14 09:36:44', '2013-02-14 09:36:44'),
('201302140325', '201212010053', '16', 4, 3, 1, 1, '2013-02-14 09:36:44', '2013-02-14 09:36:44'),
('201302140326', '201212010055', '9', 6, 3, 1, 1, '2013-02-14 09:36:44', '2013-02-14 09:36:44'),
('201302140327', '201212010055', '10', 6, 3, 1, 1, '2013-02-14 09:36:44', '2013-02-14 09:36:44'),
('201302140328', '201212010055', '11', 6, 3, 1, 1, '2013-02-14 09:36:44', '2013-02-14 09:36:44'),
('201302140329', '201212010055', '12', 6, 3, 1, 1, '2013-02-14 09:36:44', '2013-02-14 09:36:44'),
('201302140330', '201212010055', '13', 6, 3, 1, 1, '2013-02-14 09:36:44', '2013-02-14 09:36:44'),
('201302140331', '201212010055', '14', 6, 3, 1, 1, '2013-02-14 09:36:44', '2013-02-14 09:36:44'),
('201302140332', '201212010055', '15', 6, 3, 1, 1, '2013-02-14 09:36:44', '2013-02-14 09:36:44'),
('201302140333', '201212010055', '16', 6, 3, 1, 1, '2013-02-14 09:36:44', '2013-02-14 09:36:44'),
('201302140334', '201212010055', '6', 11, 2, 1, 1, '2013-02-14 09:36:44', '2013-02-14 09:36:44'),
('201302140335', '201212010055', '7', 11, 2, 1, 1, '2013-02-14 09:36:44', '2013-02-14 09:36:44'),
('201302140336', '201212010055', '8', 11, 2, 1, 1, '2013-02-14 09:36:44', '2013-02-14 09:36:44'),
('201302140337', '201212010055', '28', 19, 2, 1, 1, '2013-02-14 09:36:44', '2013-02-14 09:36:44'),
('201302140338', '201212010050', '9', 6, 3, 1, 1, '2013-02-14 09:36:44', '2013-02-14 09:36:44'),
('201302140339', '201212010050', '10', 6, 3, 1, 1, '2013-02-14 09:36:44', '2013-02-14 09:36:44'),
('201302140340', '201212010050', '11', 6, 3, 1, 1, '2013-02-14 09:36:44', '2013-02-14 09:36:44'),
('201302140341', '201212010050', '12', 6, 3, 1, 1, '2013-02-14 09:36:44', '2013-02-14 09:36:44'),
('201302140342', '201212010050', '13', 6, 3, 1, 1, '2013-02-14 09:36:44', '2013-02-14 09:36:44'),
('201302140343', '201212010050', '14', 6, 3, 1, 1, '2013-02-14 09:36:44', '2013-02-14 09:36:44'),
('201302140344', '201212010050', '15', 6, 3, 1, 1, '2013-02-14 09:36:44', '2013-02-14 09:36:44'),
('201302140345', '201212010050', '16', 6, 3, 1, 1, '2013-02-14 09:36:44', '2013-02-14 09:36:44'),
('201302140346', '201212010050', '45', 20, 2, 1, 1, '2013-02-14 09:36:44', '2013-02-14 09:36:44'),
('201302140347', '201212010052', '1', 4, 3, 1, 1, '2013-02-14 09:36:44', '2013-02-14 09:36:44'),
('201302140348', '201212010052', '2', 4, 3, 1, 1, '2013-02-14 09:36:44', '2013-02-14 09:36:44'),
('201302140349', '201212010052', '3', 4, 3, 1, 1, '2013-02-14 09:36:44', '2013-02-14 09:36:44'),
('201302140350', '201212010052', '4', 4, 3, 1, 1, '2013-02-14 09:36:44', '2013-02-14 09:36:44'),
('201302140351', '201212010052', '5', 4, 3, 1, 1, '2013-02-14 09:36:44', '2013-02-14 09:36:44'),
('201302140352', '201212010052', '6', 4, 3, 1, 1, '2013-02-14 09:36:44', '2013-02-14 09:36:44'),
('201302140353', '201212010052', '7', 4, 3, 1, 1, '2013-02-14 09:36:44', '2013-02-14 09:36:44'),
('201302140354', '201212010052', '8', 4, 3, 1, 1, '2013-02-14 09:36:45', '2013-02-14 09:36:45'),
('201302140355', '201212010041', '1', 8, 2, 1, 1, '2013-02-14 09:36:45', '2013-02-14 09:36:45'),
('201302140356', '201212010041', '2', 8, 2, 1, 1, '2013-02-14 09:36:45', '2013-02-14 09:36:45'),
('201302140357', '201212010049', '33', 13, 2, 1, 1, '2013-02-14 09:36:45', '2013-02-14 09:36:45'),
('201302140358', '201212010051', '25', 13, 2, 1, 1, '2013-02-14 09:36:45', '2013-02-14 09:36:45'),
('201302150001', '201212010027', '1', 7, 5, 1, 1, '2013-02-15 15:24:07', '2013-02-15 15:24:07'),
('201302150002', '201212010027', '2', 7, 5, 1, 1, '2013-02-15 15:24:07', '2013-02-15 15:24:07'),
('201302150003', '201212010027', '21', 7, 4, 1, 1, '2013-02-15 15:24:07', '2013-02-15 15:24:07'),
('201302150004', '201212010027', '22', 7, 4, 1, 1, '2013-02-15 15:24:07', '2013-02-15 15:24:07'),
('201302150005', '201212010027', '23', 7, 4, 1, 1, '2013-02-15 15:24:07', '2013-02-15 15:24:07'),
('201302150006', '201212010027', '24', 7, 4, 1, 1, '2013-02-15 15:24:07', '2013-02-15 15:24:07'),
('201303200001', '201212010004', '201303190001', 5, 1, 1, 2, '2013-03-20 11:59:46', '2013-03-20 11:59:46'),
('201303200002', '201212010004', '201303190012', 5, 1, 1, 2, '2013-03-20 11:59:46', '2013-03-20 11:59:46'),
('201303200003', '201212010004', '201303190023', 5, 1, 1, 2, '2013-03-20 11:59:46', '2013-03-20 11:59:46'),
('201303200004', '201212010004', '201303190034', 5, 1, 1, 2, '2013-03-20 11:59:47', '2013-03-20 11:59:47'),
('201303200005', '201212010004', '201303190042', 5, 1, 1, 2, '2013-03-20 11:59:47', '2013-03-20 11:59:47'),
('201303200006', '201212010004', '201303190043', 5, 1, 1, 2, '2013-03-20 11:59:47', '2013-03-20 11:59:47'),
('201303200007', '201212010004', '201303190044', 5, 1, 1, 2, '2013-03-20 11:59:47', '2013-03-20 11:59:47'),
('201303200008', '201212010004', '201303190045', 5, 1, 1, 2, '2013-03-20 11:59:47', '2013-03-20 11:59:47'),
('201303200009', '201212010056', '201303190009', 5, 3, 1, 2, '2013-03-20 11:59:47', '2013-03-20 11:59:47'),
('201303200010', '201212010056', '201303190010', 5, 3, 1, 2, '2013-03-20 11:59:47', '2013-03-20 11:59:47'),
('201303200011', '201212010056', '201303190011', 5, 3, 1, 2, '2013-03-20 11:59:47', '2013-03-20 11:59:47'),
('201303200012', '201212010056', '201303190013', 5, 3, 1, 2, '2013-03-20 11:59:47', '2013-03-20 11:59:47'),
('201303200013', '201212010056', '201303190014', 5, 3, 1, 2, '2013-03-20 11:59:47', '2013-03-20 11:59:47'),
('201303200014', '201212010056', '201303190015', 5, 3, 1, 2, '2013-03-20 11:59:47', '2013-03-20 11:59:47'),
('201303200015', '201212010056', '201303190016', 5, 3, 1, 2, '2013-03-20 11:59:47', '2013-03-20 11:59:47'),
('201303200016', '201212010056', '201303190017', 5, 3, 1, 2, '2013-03-20 11:59:47', '2013-03-20 11:59:47'),
('201303200017', '201212010006', '201303190001', 4, 3, 1, 2, '2013-03-20 11:59:47', '2013-03-20 11:59:47'),
('201303200018', '201212010006', '201303190012', 4, 3, 1, 2, '2013-03-20 11:59:47', '2013-03-20 11:59:47'),
('201303200019', '201212010006', '201303190023', 4, 3, 1, 2, '2013-03-20 11:59:47', '2013-03-20 11:59:47'),
('201303200020', '201212010006', '201303190034', 4, 3, 1, 2, '2013-03-20 11:59:47', '2013-03-20 11:59:47'),
('201303200021', '201212010006', '201303190042', 4, 3, 1, 2, '2013-03-20 11:59:47', '2013-03-20 11:59:47'),
('201303200022', '201212010006', '201303190043', 4, 3, 1, 2, '2013-03-20 11:59:47', '2013-03-20 11:59:47'),
('201303200023', '201212010006', '201303190044', 4, 3, 1, 2, '2013-03-20 11:59:47', '2013-03-20 11:59:47'),
('201303200024', '201212010006', '201303190045', 4, 3, 1, 2, '2013-03-20 11:59:47', '2013-03-20 11:59:47'),
('201303200025', '201212010008', '201303190011', 3, 4, 1, 2, '2013-03-20 11:59:47', '2013-03-20 11:59:47'),
('201303200026', '201212010008', '201303190013', 3, 4, 1, 2, '2013-03-20 11:59:47', '2013-03-20 11:59:47'),
('201303200027', '201212010008', '201303190014', 3, 4, 1, 2, '2013-03-20 11:59:47', '2013-03-20 11:59:47'),
('201303200028', '201212010008', '201303190015', 3, 4, 1, 2, '2013-03-20 11:59:47', '2013-03-20 11:59:47'),
('201303200029', '201212010008', '201303190016', 3, 4, 1, 2, '2013-03-20 11:59:47', '2013-03-20 11:59:47'),
('201303200030', '201212010008', '201303190017', 3, 4, 1, 2, '2013-03-20 11:59:47', '2013-03-20 11:59:47'),
('201303200031', '201212010001', '201303190001', 9, 2, 1, 2, '2013-03-20 11:59:47', '2013-03-20 11:59:47'),
('201303200032', '201212010001', '201303190012', 9, 2, 1, 2, '2013-03-20 11:59:47', '2013-03-20 11:59:47'),
('201303200033', '201212010001', '201303190023', 9, 2, 1, 2, '2013-03-20 11:59:47', '2013-03-20 11:59:47'),
('201303200034', '201212010001', '201303190034', 9, 2, 1, 2, '2013-03-20 11:59:47', '2013-03-20 11:59:47'),
('201303200035', '201212010001', '201303190042', 9, 2, 1, 2, '2013-03-20 11:59:47', '2013-03-20 11:59:47'),
('201303200036', '201212010001', '201303190043', 9, 2, 1, 2, '2013-03-20 11:59:47', '2013-03-20 11:59:47'),
('201303200037', '201212010001', '201303190044', 9, 2, 1, 2, '2013-03-20 11:59:47', '2013-03-20 11:59:47'),
('201303200038', '201212010001', '201303190045', 9, 2, 1, 2, '2013-03-20 11:59:47', '2013-03-20 11:59:47'),
('201303200039', '201212010011', '201303190001', 6, 3, 1, 2, '2013-03-20 11:59:47', '2013-03-20 11:59:47'),
('201303200040', '201212010011', '201303190012', 6, 3, 1, 2, '2013-03-20 11:59:47', '2013-03-20 11:59:47'),
('201303200041', '201212010011', '201303190023', 6, 3, 1, 2, '2013-03-20 11:59:47', '2013-03-20 11:59:47'),
('201303200042', '201212010011', '201303190034', 6, 3, 1, 2, '2013-03-20 11:59:47', '2013-03-20 11:59:47'),
('201303200043', '201212010011', '201303190042', 6, 3, 1, 2, '2013-03-20 11:59:47', '2013-03-20 11:59:47'),
('201303200044', '201212010011', '201303190043', 6, 3, 1, 2, '2013-03-20 11:59:47', '2013-03-20 11:59:47'),
('201303200045', '201212010011', '201303190044', 6, 3, 1, 2, '2013-03-20 11:59:47', '2013-03-20 11:59:47'),
('201303200046', '201212010011', '201303190045', 6, 3, 1, 2, '2013-03-20 11:59:47', '2013-03-20 11:59:47'),
('201303200047', '201212010011', '201303190020', 19, 2, 1, 2, '2013-03-20 11:59:47', '2013-03-20 11:59:47'),
('201303200048', '201212010007', '201303190046', 5, 3, 1, 2, '2013-03-20 11:59:47', '2013-03-20 11:59:47'),
('201303200049', '201212010007', '201303190002', 5, 3, 1, 2, '2013-03-20 11:59:47', '2013-03-20 11:59:47'),
('201303200050', '201212010007', '201303190003', 5, 3, 1, 2, '2013-03-20 11:59:47', '2013-03-20 11:59:47'),
('201303200051', '201212010007', '201303190004', 5, 3, 1, 2, '2013-03-20 11:59:47', '2013-03-20 11:59:47'),
('201303200052', '201212010007', '201303190005', 5, 3, 1, 2, '2013-03-20 11:59:47', '2013-03-20 11:59:47'),
('201303200053', '201212010007', '201303190006', 5, 3, 1, 2, '2013-03-20 11:59:47', '2013-03-20 11:59:47'),
('201303200054', '201212010007', '201303190007', 5, 3, 1, 2, '2013-03-20 11:59:47', '2013-03-20 11:59:47'),
('201303200055', '201212010007', '201303190008', 5, 3, 1, 2, '2013-03-20 11:59:47', '2013-03-20 11:59:47'),
('201303200056', '201212010007', '201303190037', 22, 2, 1, 2, '2013-03-20 11:59:47', '2013-03-20 11:59:47'),
('201303200057', '201212010013', '201303190001', 6, 3, 1, 2, '2013-03-20 11:59:47', '2013-03-20 11:59:47'),
('201303200058', '201212010013', '201303190012', 6, 3, 1, 2, '2013-03-20 11:59:47', '2013-03-20 11:59:47'),
('201303200059', '201212010013', '201303190023', 6, 3, 1, 2, '2013-03-20 11:59:47', '2013-03-20 11:59:47'),
('201303200060', '201212010013', '201303190034', 6, 3, 1, 2, '2013-03-20 11:59:47', '2013-03-20 11:59:47'),
('201303200061', '201212010013', '201303190042', 6, 3, 1, 2, '2013-03-20 11:59:47', '2013-03-20 11:59:47'),
('201303200062', '201212010013', '201303190043', 6, 3, 1, 2, '2013-03-20 11:59:47', '2013-03-20 11:59:47'),
('201303200063', '201212010013', '201303190044', 6, 3, 1, 2, '2013-03-20 11:59:47', '2013-03-20 11:59:47'),
('201303200064', '201212010013', '201303190045', 6, 3, 1, 2, '2013-03-20 11:59:47', '2013-03-20 11:59:47'),
('201303200065', '201212010013', '201303190032', 18, 2, 1, 2, '2013-03-20 11:59:47', '2013-03-20 11:59:47'),
('201303200066', '201212010003', '201303190042', 2, 2, 1, 2, '2013-03-20 11:59:47', '2013-03-20 11:59:47'),
('201303200067', '201212010003', '201303190043', 2, 2, 1, 2, '2013-03-20 11:59:47', '2013-03-20 11:59:47'),
('201303200068', '201212010003', '201303190044', 2, 2, 1, 2, '2013-03-20 11:59:47', '2013-03-20 11:59:47'),
('201303200069', '201212010003', '201303190045', 2, 2, 1, 2, '2013-03-20 11:59:47', '2013-03-20 11:59:47'),
('201303200070', '201212010003', '201303190046', 2, 2, 1, 2, '2013-03-20 11:59:47', '2013-03-20 11:59:47'),
('201303200071', '201212010003', '201303190002', 2, 2, 1, 2, '2013-03-20 11:59:47', '2013-03-20 11:59:47'),
('201303200072', '201212010003', '201303190003', 2, 2, 1, 2, '2013-03-20 11:59:47', '2013-03-20 11:59:47'),
('201303200073', '201212010003', '201303190004', 2, 2, 1, 2, '2013-03-20 11:59:47', '2013-03-20 11:59:47'),
('201303200074', '201212010003', '201303190005', 2, 2, 1, 2, '2013-03-20 11:59:47', '2013-03-20 11:59:47'),
('201303200075', '201212010003', '201303190006', 2, 2, 1, 2, '2013-03-20 11:59:47', '2013-03-20 11:59:47'),
('201303200076', '201212010003', '201303190007', 2, 2, 1, 2, '2013-03-20 11:59:47', '2013-03-20 11:59:47'),
('201303200077', '201212010003', '201303190008', 2, 2, 1, 2, '2013-03-20 11:59:47', '2013-03-20 11:59:47'),
('201303200078', '201212010014', '201303190001', 5, 3, 1, 2, '2013-03-20 11:59:47', '2013-03-20 11:59:47'),
('201303200079', '201212010014', '201303190012', 5, 3, 1, 2, '2013-03-20 11:59:47', '2013-03-20 11:59:47'),
('201303200080', '201212010014', '201303190023', 5, 3, 1, 2, '2013-03-20 11:59:47', '2013-03-20 11:59:47'),
('201303200081', '201212010014', '201303190034', 5, 3, 1, 2, '2013-03-20 11:59:47', '2013-03-20 11:59:47'),
('201303200082', '201212010014', '201303190042', 5, 3, 1, 2, '2013-03-20 11:59:47', '2013-03-20 11:59:47'),
('201303200083', '201212010014', '201303190043', 5, 3, 1, 2, '2013-03-20 11:59:47', '2013-03-20 11:59:47'),
('201303200084', '201212010014', '201303190044', 5, 3, 1, 2, '2013-03-20 11:59:47', '2013-03-20 11:59:47'),
('201303200085', '201212010014', '201303190045', 5, 3, 1, 2, '2013-03-20 11:59:47', '2013-03-20 11:59:47'),
('201303200086', '201212010026', '201303190046', 7, 4, 1, 2, '2013-03-20 11:59:47', '2013-03-20 11:59:47'),
('201303200087', '201212010026', '201303190002', 7, 4, 1, 2, '2013-03-20 11:59:47', '2013-03-20 11:59:47'),
('201303200088', '201212010026', '201303190003', 7, 4, 1, 2, '2013-03-20 11:59:47', '2013-03-20 11:59:47'),
('201303200089', '201212010026', '201303190004', 7, 4, 1, 2, '2013-03-20 11:59:47', '2013-03-20 11:59:47'),
('201303200090', '201212010026', '201303190005', 7, 4, 1, 2, '2013-03-20 11:59:47', '2013-03-20 11:59:47'),
('201303200091', '201212010026', '201303190006', 7, 4, 1, 2, '2013-03-20 11:59:47', '2013-03-20 11:59:47'),
('201303200092', '201212010010', '201303190007', 7, 4, 1, 2, '2013-03-20 11:59:47', '2013-03-20 11:59:47'),
('201303200093', '201212010010', '201303190008', 7, 4, 1, 2, '2013-03-20 11:59:47', '2013-03-20 11:59:47'),
('201303200094', '201212010010', '201303190009', 7, 4, 1, 2, '2013-03-20 11:59:47', '2013-03-20 11:59:47'),
('201303200095', '201212010010', '201303190010', 7, 4, 1, 2, '2013-03-20 11:59:47', '2013-03-20 11:59:47'),
('201303200096', '201212010010', '201303190011', 7, 4, 1, 2, '2013-03-20 11:59:47', '2013-03-20 11:59:47'),
('201303200097', '201212010010', '201303190013', 7, 4, 1, 2, '2013-03-20 11:59:47', '2013-03-20 11:59:47'),
('201303200098', '201212010016', '201303190001', 5, 2, 1, 2, '2013-03-20 11:59:47', '2013-03-20 11:59:47'),
('201303200099', '201212010016', '201303190012', 5, 2, 1, 2, '2013-03-20 11:59:47', '2013-03-20 11:59:47'),
('201303200100', '201212010016', '201303190023', 5, 2, 1, 2, '2013-03-20 11:59:47', '2013-03-20 11:59:47'),
('201303200101', '201212010016', '201303190034', 5, 2, 1, 2, '2013-03-20 11:59:47', '2013-03-20 11:59:47'),
('201303200102', '201212010016', '201303190042', 5, 2, 1, 2, '2013-03-20 11:59:47', '2013-03-20 11:59:47'),
('201303200103', '201212010016', '201303190043', 5, 2, 1, 2, '2013-03-20 11:59:48', '2013-03-20 11:59:48'),
('201303200104', '201212010016', '201303190044', 5, 2, 1, 2, '2013-03-20 11:59:48', '2013-03-20 11:59:48'),
('201303200105', '201212010016', '201303190045', 5, 2, 1, 2, '2013-03-20 11:59:48', '2013-03-20 11:59:48'),
('201303200106', '201212010016', '201303190029', 17, 2, 1, 2, '2013-03-20 11:59:48', '2013-03-20 11:59:48'),
('201303200107', '201212010022', '201303190001', 12, 2, 1, 2, '2013-03-20 11:59:48', '2013-03-20 11:59:48'),
('201303200108', '201212010022', '201303190012', 12, 2, 1, 2, '2013-03-20 11:59:48', '2013-03-20 11:59:48'),
('201303200109', '201212010022', '201303190023', 12, 2, 1, 2, '2013-03-20 11:59:48', '2013-03-20 11:59:48'),
('201303200110', '201212010022', '201303190034', 12, 2, 1, 2, '2013-03-20 11:59:48', '2013-03-20 11:59:48'),
('201303200111', '201212010022', '201303190042', 12, 2, 1, 2, '2013-03-20 11:59:48', '2013-03-20 11:59:48'),
('201303200112', '201212010022', '201303190043', 12, 2, 1, 2, '2013-03-20 11:59:48', '2013-03-20 11:59:48'),
('201303200113', '201212010022', '201303190044', 12, 2, 1, 2, '2013-03-20 11:59:48', '2013-03-20 11:59:48'),
('201303200114', '201212010022', '201303190045', 12, 2, 1, 2, '2013-03-20 11:59:48', '2013-03-20 11:59:48'),
('201303200115', '201212010022', '201303190041', 15, 2, 1, 2, '2013-03-20 11:59:48', '2013-03-20 11:59:48'),
('201303200116', '201212010025', '201303190046', 6, 3, 1, 2, '2013-03-20 11:59:48', '2013-03-20 11:59:48'),
('201303200117', '201212010025', '201303190002', 6, 3, 1, 2, '2013-03-20 11:59:48', '2013-03-20 11:59:48'),
('201303200118', '201212010025', '201303190003', 6, 3, 1, 2, '2013-03-20 11:59:48', '2013-03-20 11:59:48'),
('201303200119', '201212010025', '201303190004', 6, 3, 1, 2, '2013-03-20 11:59:48', '2013-03-20 11:59:48'),
('201303200120', '201212010025', '201303190005', 6, 3, 1, 2, '2013-03-20 11:59:48', '2013-03-20 11:59:48'),
('201303200121', '201212010025', '201303190006', 6, 3, 1, 2, '2013-03-20 11:59:48', '2013-03-20 11:59:48'),
('201303200122', '201212010025', '201303190007', 6, 3, 1, 2, '2013-03-20 11:59:48', '2013-03-20 11:59:48'),
('201303200123', '201212010025', '201303190008', 6, 3, 1, 2, '2013-03-20 11:59:48', '2013-03-20 11:59:48'),
('201303200124', '201212010025', '201303190030', 17, 2, 1, 2, '2013-03-20 11:59:48', '2013-03-20 11:59:48'),
('201303200125', '201212010018', '201303190009', 5, 3, 1, 2, '2013-03-20 11:59:48', '2013-03-20 11:59:48'),
('201303200126', '201212010018', '201303190010', 5, 3, 1, 2, '2013-03-20 11:59:48', '2013-03-20 11:59:48'),
('201303200127', '201212010018', '201303190011', 5, 3, 1, 2, '2013-03-20 11:59:48', '2013-03-20 11:59:48'),
('201303200128', '201212010018', '201303190013', 5, 3, 1, 2, '2013-03-20 11:59:48', '2013-03-20 11:59:48'),
('201303200129', '201212010018', '201303190014', 5, 3, 1, 2, '2013-03-20 11:59:48', '2013-03-20 11:59:48'),
('201303200130', '201212010018', '201303190015', 5, 3, 1, 2, '2013-03-20 11:59:48', '2013-03-20 11:59:48'),
('201303200131', '201212010018', '201303190016', 5, 3, 1, 2, '2013-03-20 11:59:48', '2013-03-20 11:59:48'),
('201303200132', '201212010018', '201303190017', 5, 3, 1, 2, '2013-03-20 11:59:48', '2013-03-20 11:59:48'),
('201303200133', '201212010018', '201303190033', 21, 2, 1, 2, '2013-03-20 11:59:48', '2013-03-20 11:59:48'),
('201303200134', '201212010028', '201303190023', 3, 4, 1, 2, '2013-03-20 11:59:48', '2013-03-20 11:59:48'),
('201303200135', '201212010028', '201303190034', 3, 4, 1, 2, '2013-03-20 11:59:48', '2013-03-20 11:59:48'),
('201303200136', '201212010028', '201303190042', 3, 4, 1, 2, '2013-03-20 11:59:48', '2013-03-20 11:59:48'),
('201303200137', '201212010028', '201303190043', 3, 4, 1, 2, '2013-03-20 11:59:48', '2013-03-20 11:59:48'),
('201303200138', '201212010028', '201303190044', 3, 4, 1, 2, '2013-03-20 11:59:48', '2013-03-20 11:59:48'),
('201303200139', '201212010028', '201303190045', 3, 4, 1, 2, '2013-03-20 11:59:48', '2013-03-20 11:59:48'),
('201303200140', '201212010028', '201303190035', 21, 2, 1, 2, '2013-03-20 11:59:48', '2013-03-20 11:59:48');
INSERT INTO `academic_teaching` (`teaching_id`, `teaching_teacher`, `teaching_classgroup`, `teaching_subject`, `teaching_total_time`, `teaching_period`, `teaching_semester`, `teaching_entry`, `teaching_entry_update`) VALUES
('201303200141', '201212010031', '201303190009', 6, 3, 1, 2, '2013-03-20 11:59:48', '2013-03-20 11:59:48'),
('201303200142', '201212010031', '201303190010', 6, 3, 1, 2, '2013-03-20 11:59:48', '2013-03-20 11:59:48'),
('201303200143', '201212010031', '201303190011', 6, 3, 1, 2, '2013-03-20 11:59:48', '2013-03-20 11:59:48'),
('201303200144', '201212010031', '201303190013', 6, 3, 1, 2, '2013-03-20 11:59:48', '2013-03-20 11:59:48'),
('201303200145', '201212010031', '201303190014', 6, 3, 1, 2, '2013-03-20 11:59:48', '2013-03-20 11:59:48'),
('201303200146', '201212010031', '201303190015', 6, 3, 1, 2, '2013-03-20 11:59:48', '2013-03-20 11:59:48'),
('201303200147', '201212010031', '201303190016', 6, 3, 1, 2, '2013-03-20 11:59:48', '2013-03-20 11:59:48'),
('201303200148', '201212010031', '201303190017', 6, 3, 1, 2, '2013-03-20 11:59:48', '2013-03-20 11:59:48'),
('201303200149', '201212010031', '201303190031', 18, 2, 1, 2, '2013-03-20 11:59:48', '2013-03-20 11:59:48'),
('201303200150', '201212010021', '201303190042', 1, 2, 1, 2, '2013-03-20 11:59:48', '2013-03-20 11:59:48'),
('201303200151', '201212010021', '201303190043', 1, 2, 1, 2, '2013-03-20 11:59:48', '2013-03-20 11:59:48'),
('201303200152', '201212010021', '201303190044', 1, 2, 1, 2, '2013-03-20 11:59:48', '2013-03-20 11:59:48'),
('201303200153', '201212010021', '201303190045', 1, 2, 1, 2, '2013-03-20 11:59:48', '2013-03-20 11:59:48'),
('201303200154', '201212010021', '201303190046', 1, 2, 1, 2, '2013-03-20 11:59:48', '2013-03-20 11:59:48'),
('201303200155', '201212010021', '201303190002', 1, 2, 1, 2, '2013-03-20 11:59:48', '2013-03-20 11:59:48'),
('201303200156', '201212010021', '201303190003', 1, 2, 1, 2, '2013-03-20 11:59:48', '2013-03-20 11:59:48'),
('201303200157', '201212010021', '201303190004', 1, 2, 1, 2, '2013-03-20 11:59:48', '2013-03-20 11:59:48'),
('201303200158', '201212010021', '201303190005', 1, 2, 1, 2, '2013-03-20 11:59:48', '2013-03-20 11:59:48'),
('201303200159', '201212010021', '201303190006', 1, 2, 1, 2, '2013-03-20 11:59:48', '2013-03-20 11:59:48'),
('201303200160', '201212010021', '201303190007', 1, 2, 1, 2, '2013-03-20 11:59:49', '2013-03-20 11:59:49'),
('201303200161', '201212010021', '201303190008', 1, 2, 1, 2, '2013-03-20 11:59:49', '2013-03-20 11:59:49'),
('201303200162', '201212010032', '201303190009', 4, 3, 1, 2, '2013-03-20 11:59:49', '2013-03-20 11:59:49'),
('201303200163', '201212010032', '201303190010', 4, 3, 1, 2, '2013-03-20 11:59:49', '2013-03-20 11:59:49'),
('201303200164', '201212010032', '201303190011', 4, 3, 1, 2, '2013-03-20 11:59:49', '2013-03-20 11:59:49'),
('201303200165', '201212010032', '201303190013', 4, 3, 1, 2, '2013-03-20 11:59:49', '2013-03-20 11:59:49'),
('201303200166', '201212010032', '201303190014', 4, 3, 1, 2, '2013-03-20 11:59:49', '2013-03-20 11:59:49'),
('201303200167', '201212010032', '201303190015', 4, 3, 1, 2, '2013-03-20 11:59:49', '2013-03-20 11:59:49'),
('201303200168', '201212010032', '201303190016', 4, 3, 1, 2, '2013-03-20 11:59:49', '2013-03-20 11:59:49'),
('201303200169', '201212010032', '201303190017', 4, 3, 1, 2, '2013-03-20 11:59:49', '2013-03-20 11:59:49'),
('201303200170', '201212010054', '201303190009', 4, 3, 1, 2, '2013-03-20 11:59:49', '2013-03-20 11:59:49'),
('201303200171', '201212010054', '201303190010', 4, 3, 1, 2, '2013-03-20 11:59:49', '2013-03-20 11:59:49'),
('201303200172', '201212010054', '201303190011', 4, 3, 1, 2, '2013-03-20 11:59:49', '2013-03-20 11:59:49'),
('201303200173', '201212010054', '201303190013', 4, 3, 1, 2, '2013-03-20 11:59:49', '2013-03-20 11:59:49'),
('201303200174', '201212010054', '201303190014', 4, 3, 1, 2, '2013-03-20 11:59:49', '2013-03-20 11:59:49'),
('201303200175', '201212010054', '201303190015', 4, 3, 1, 2, '2013-03-20 11:59:49', '2013-03-20 11:59:49'),
('201303200176', '201212010054', '201303190016', 4, 3, 1, 2, '2013-03-20 11:59:49', '2013-03-20 11:59:49'),
('201303200177', '201212010054', '201303190017', 4, 3, 1, 2, '2013-03-20 11:59:49', '2013-03-20 11:59:49'),
('201303200178', '201212010029', '201303190046', 5, 3, 1, 2, '2013-03-20 11:59:49', '2013-03-20 11:59:49'),
('201303200179', '201212010029', '201303190002', 5, 3, 1, 2, '2013-03-20 11:59:49', '2013-03-20 11:59:49'),
('201303200180', '201212010029', '201303190003', 5, 3, 1, 2, '2013-03-20 11:59:49', '2013-03-20 11:59:49'),
('201303200181', '201212010029', '201303190004', 5, 3, 1, 2, '2013-03-20 11:59:49', '2013-03-20 11:59:49'),
('201303200182', '201212010029', '201303190005', 5, 3, 1, 2, '2013-03-20 11:59:49', '2013-03-20 11:59:49'),
('201303200183', '201212010029', '201303190006', 5, 3, 1, 2, '2013-03-20 11:59:49', '2013-03-20 11:59:49'),
('201303200184', '201212010029', '201303190007', 5, 3, 1, 2, '2013-03-20 11:59:49', '2013-03-20 11:59:49'),
('201303200185', '201212010029', '201303190008', 5, 3, 1, 2, '2013-03-20 11:59:49', '2013-03-20 11:59:49'),
('201303200186', '201212010019', '201303190046', 12, 2, 1, 2, '2013-03-20 11:59:49', '2013-03-20 11:59:49'),
('201303200187', '201212010019', '201303190002', 12, 2, 1, 2, '2013-03-20 11:59:49', '2013-03-20 11:59:49'),
('201303200188', '201212010019', '201303190003', 12, 2, 1, 2, '2013-03-20 11:59:49', '2013-03-20 11:59:49'),
('201303200189', '201212010019', '201303190004', 12, 2, 1, 2, '2013-03-20 11:59:49', '2013-03-20 11:59:49'),
('201303200190', '201212010019', '201303190009', 12, 2, 1, 2, '2013-03-20 11:59:49', '2013-03-20 11:59:49'),
('201303200191', '201212010019', '201303190010', 12, 2, 1, 2, '2013-03-20 11:59:49', '2013-03-20 11:59:49'),
('201303200192', '201212010019', '201303190011', 12, 2, 1, 2, '2013-03-20 11:59:49', '2013-03-20 11:59:49'),
('201303200193', '201212010019', '201303190013', 12, 2, 1, 2, '2013-03-20 11:59:49', '2013-03-20 11:59:49'),
('201303200194', '201212010019', '201303190014', 12, 2, 1, 2, '2013-03-20 11:59:49', '2013-03-20 11:59:49'),
('201303200195', '201212010019', '201303190015', 12, 2, 1, 2, '2013-03-20 11:59:49', '2013-03-20 11:59:49'),
('201303200196', '201212010019', '201303190016', 12, 2, 1, 2, '2013-03-20 11:59:49', '2013-03-20 11:59:49'),
('201303200197', '201212010019', '201303190017', 12, 2, 1, 2, '2013-03-20 11:59:49', '2013-03-20 11:59:49'),
('201303200198', '201212010019', '201303190025', 16, 2, 1, 2, '2013-03-20 11:59:49', '2013-03-20 11:59:49'),
('201303200199', '201212010015', '201303190012', 3, 4, 1, 2, '2013-03-20 11:59:49', '2013-03-20 11:59:49'),
('201303200200', '201212010015', '201303190004', 3, 4, 1, 2, '2013-03-20 11:59:49', '2013-03-20 11:59:49'),
('201303200201', '201212010015', '201303190005', 3, 4, 1, 2, '2013-03-20 11:59:49', '2013-03-20 11:59:49'),
('201303200202', '201212010015', '201303190006', 3, 4, 1, 2, '2013-03-20 11:59:49', '2013-03-20 11:59:49'),
('201303200203', '201212010015', '201303190007', 3, 4, 1, 2, '2013-03-20 11:59:49', '2013-03-20 11:59:49'),
('201303200204', '201212010015', '201303190008', 3, 4, 1, 2, '2013-03-20 11:59:49', '2013-03-20 11:59:49'),
('201303200205', '201212010023', '201303190001', 3, 4, 1, 2, '2013-03-20 11:59:49', '2013-03-20 11:59:49'),
('201303200206', '201212010023', '201303190046', 3, 4, 1, 2, '2013-03-20 11:59:49', '2013-03-20 11:59:49'),
('201303200207', '201212010023', '201303190002', 3, 4, 1, 2, '2013-03-20 11:59:49', '2013-03-20 11:59:49'),
('201303200208', '201212010023', '201303190003', 3, 4, 1, 2, '2013-03-20 11:59:49', '2013-03-20 11:59:49'),
('201303200209', '201212010023', '201303190009', 3, 4, 1, 2, '2013-03-20 11:59:49', '2013-03-20 11:59:49'),
('201303200210', '201212010023', '201303190010', 3, 4, 1, 2, '2013-03-20 11:59:49', '2013-03-20 11:59:49'),
('201303200211', '201212010023', '201303190036', 22, 2, 1, 2, '2013-03-20 11:59:49', '2013-03-20 11:59:49'),
('201303200212', '201212010005', '201303190046', 4, 3, 1, 2, '2013-03-20 11:59:49', '2013-03-20 11:59:49'),
('201303200213', '201212010005', '201303190002', 4, 3, 1, 2, '2013-03-20 11:59:49', '2013-03-20 11:59:49'),
('201303200214', '201212010005', '201303190003', 4, 3, 1, 2, '2013-03-20 11:59:49', '2013-03-20 11:59:49'),
('201303200215', '201212010005', '201303190004', 4, 3, 1, 2, '2013-03-20 11:59:50', '2013-03-20 11:59:50'),
('201303200216', '201212010005', '201303190005', 4, 3, 1, 2, '2013-03-20 11:59:50', '2013-03-20 11:59:50'),
('201303200217', '201212010005', '201303190006', 4, 3, 1, 2, '2013-03-20 11:59:50', '2013-03-20 11:59:50'),
('201303200218', '201212010005', '201303190007', 4, 3, 1, 2, '2013-03-20 11:59:50', '2013-03-20 11:59:50'),
('201303200219', '201212010005', '201303190008', 4, 3, 1, 2, '2013-03-20 11:59:50', '2013-03-20 11:59:50'),
('201303200220', '201212010005', '201303190024', 15, 2, 1, 2, '2013-03-20 11:59:50', '2013-03-20 11:59:50'),
('201303200221', '201212010020', '201303190046', 9, 2, 1, 2, '2013-03-20 11:59:50', '2013-03-20 11:59:50'),
('201303200222', '201212010020', '201303190002', 9, 2, 1, 2, '2013-03-20 11:59:50', '2013-03-20 11:59:50'),
('201303200223', '201212010020', '201303190003', 9, 2, 1, 2, '2013-03-20 11:59:50', '2013-03-20 11:59:50'),
('201303200224', '201212010020', '201303190004', 9, 2, 1, 2, '2013-03-20 11:59:50', '2013-03-20 11:59:50'),
('201303200225', '201212010020', '201303190005', 9, 2, 1, 2, '2013-03-20 11:59:50', '2013-03-20 11:59:50'),
('201303200226', '201212010020', '201303190006', 9, 2, 1, 2, '2013-03-20 11:59:50', '2013-03-20 11:59:50'),
('201303200227', '201212010020', '201303190007', 9, 2, 1, 2, '2013-03-20 11:59:50', '2013-03-20 11:59:50'),
('201303200228', '201212010020', '201303190008', 9, 2, 1, 2, '2013-03-20 11:59:50', '2013-03-20 11:59:50'),
('201303200229', '201212010042', '201303190001', 9, 2, 1, 2, '2013-03-20 11:59:50', '2013-03-20 11:59:50'),
('201303200230', '201212010042', '201303190012', 9, 2, 1, 2, '2013-03-20 11:59:50', '2013-03-20 11:59:50'),
('201303200231', '201212010042', '201303190023', 9, 2, 1, 2, '2013-03-20 11:59:50', '2013-03-20 11:59:50'),
('201303200232', '201212010042', '201303190034', 9, 2, 1, 2, '2013-03-20 11:59:50', '2013-03-20 11:59:50'),
('201303200233', '201212010042', '201303190042', 9, 2, 1, 2, '2013-03-20 11:59:50', '2013-03-20 11:59:50'),
('201303200234', '201212010038', '201303190001', 2, 2, 1, 2, '2013-03-20 11:59:50', '2013-03-20 11:59:50'),
('201303200235', '201212010038', '201303190012', 2, 2, 1, 2, '2013-03-20 11:59:50', '2013-03-20 11:59:50'),
('201303200236', '201212010038', '201303190023', 2, 2, 1, 2, '2013-03-20 11:59:50', '2013-03-20 11:59:50'),
('201303200237', '201212010038', '201303190034', 2, 2, 1, 2, '2013-03-20 11:59:50', '2013-03-20 11:59:50'),
('201303200238', '201212010038', '201303190009', 2, 2, 1, 2, '2013-03-20 11:59:50', '2013-03-20 11:59:50'),
('201303200239', '201212010038', '201303190010', 2, 2, 1, 2, '2013-03-20 11:59:50', '2013-03-20 11:59:50'),
('201303200240', '201212010038', '201303190011', 2, 2, 1, 2, '2013-03-20 11:59:50', '2013-03-20 11:59:50'),
('201303200241', '201212010038', '201303190013', 2, 2, 1, 2, '2013-03-20 11:59:50', '2013-03-20 11:59:50'),
('201303200242', '201212010038', '201303190014', 2, 2, 1, 2, '2013-03-20 11:59:50', '2013-03-20 11:59:50'),
('201303200243', '201212010038', '201303190015', 2, 2, 1, 2, '2013-03-20 11:59:50', '2013-03-20 11:59:50'),
('201303200244', '201212010038', '201303190016', 2, 2, 1, 2, '2013-03-20 11:59:50', '2013-03-20 11:59:50'),
('201303200245', '201212010038', '201303190017', 2, 2, 1, 2, '2013-03-20 11:59:50', '2013-03-20 11:59:50'),
('201303200246', '201212010045', '201303190034', 7, 5, 1, 2, '2013-03-20 11:59:50', '2013-03-20 11:59:50'),
('201303200247', '201212010045', '201303190042', 7, 5, 1, 2, '2013-03-20 11:59:50', '2013-03-20 11:59:50'),
('201303200248', '201212010045', '201303190043', 7, 5, 1, 2, '2013-03-20 11:59:50', '2013-03-20 11:59:50'),
('201303200249', '201212010045', '201303190044', 7, 5, 1, 2, '2013-03-20 11:59:50', '2013-03-20 11:59:50'),
('201303200250', '201212010045', '201303190045', 7, 5, 1, 2, '2013-03-20 11:59:50', '2013-03-20 11:59:50'),
('201303200251', '201212010045', '201303190041', 15, 2, 1, 2, '2013-03-20 11:59:50', '2013-03-20 11:59:50'),
('201303200252', '201212010002', '201303190001', 1, 2, 1, 2, '2013-03-20 11:59:50', '2013-03-20 11:59:50'),
('201303200253', '201212010002', '201303190012', 1, 2, 1, 2, '2013-03-20 11:59:50', '2013-03-20 11:59:50'),
('201303200254', '201212010002', '201303190023', 1, 2, 1, 2, '2013-03-20 11:59:50', '2013-03-20 11:59:50'),
('201303200255', '201212010002', '201303190034', 1, 2, 1, 2, '2013-03-20 11:59:50', '2013-03-20 11:59:50'),
('201303200256', '201212010002', '201303190009', 1, 2, 1, 2, '2013-03-20 11:59:50', '2013-03-20 11:59:50'),
('201303200257', '201212010002', '201303190010', 1, 2, 1, 2, '2013-03-20 11:59:50', '2013-03-20 11:59:50'),
('201303200258', '201212010002', '201303190011', 1, 2, 1, 2, '2013-03-20 11:59:50', '2013-03-20 11:59:50'),
('201303200259', '201212010002', '201303190013', 1, 2, 1, 2, '2013-03-20 11:59:50', '2013-03-20 11:59:50'),
('201303200260', '201212010002', '201303190014', 1, 2, 1, 2, '2013-03-20 11:59:50', '2013-03-20 11:59:50'),
('201303200261', '201212010002', '201303190015', 1, 2, 1, 2, '2013-03-20 11:59:50', '2013-03-20 11:59:50'),
('201303200262', '201212010002', '201303190016', 1, 2, 1, 2, '2013-03-20 11:59:50', '2013-03-20 11:59:50'),
('201303200263', '201212010002', '201303190017', 1, 2, 1, 2, '2013-03-20 11:59:50', '2013-03-20 11:59:50'),
('201303200264', '201212010039', '201303190001', 10, 2, 1, 2, '2013-03-20 11:59:50', '2013-03-20 11:59:50'),
('201303200265', '201212010039', '201303190012', 10, 2, 1, 2, '2013-03-20 11:59:50', '2013-03-20 11:59:50'),
('201303200266', '201212010039', '201303190023', 10, 2, 1, 2, '2013-03-20 11:59:50', '2013-03-20 11:59:50'),
('201303200267', '201212010039', '201303190034', 10, 2, 1, 2, '2013-03-20 11:59:50', '2013-03-20 11:59:50'),
('201303200268', '201212010039', '201303190042', 10, 2, 1, 2, '2013-03-20 11:59:50', '2013-03-20 11:59:50'),
('201303200269', '201212010039', '201303190043', 10, 2, 1, 2, '2013-03-20 11:59:50', '2013-03-20 11:59:50'),
('201303200270', '201212010039', '201303190044', 10, 2, 1, 2, '2013-03-20 11:59:50', '2013-03-20 11:59:50'),
('201303200271', '201212010039', '201303190045', 10, 2, 1, 2, '2013-03-20 11:59:50', '2013-03-20 11:59:50'),
('201303200272', '201212010039', '201303190046', 10, 2, 1, 2, '2013-03-20 11:59:50', '2013-03-20 11:59:50'),
('201303200273', '201212010039', '201303190002', 10, 2, 1, 2, '2013-03-20 11:59:50', '2013-03-20 11:59:50'),
('201303200274', '201212010039', '201303190003', 10, 2, 1, 2, '2013-03-20 11:59:50', '2013-03-20 11:59:50'),
('201303200275', '201212010039', '201303190004', 10, 2, 1, 2, '2013-03-20 11:59:50', '2013-03-20 11:59:50'),
('201303200276', '201212010039', '201303190019', 14, 2, 1, 2, '2013-03-20 11:59:50', '2013-03-20 11:59:50'),
('201303200277', '201212010036', '201303190005', 12, 2, 1, 2, '2013-03-20 11:59:50', '2013-03-20 11:59:50'),
('201303200278', '201212010036', '201303190006', 12, 2, 1, 2, '2013-03-20 11:59:50', '2013-03-20 11:59:50'),
('201303200279', '201212010036', '201303190007', 12, 2, 1, 2, '2013-03-20 11:59:50', '2013-03-20 11:59:50'),
('201303200280', '201212010036', '201303190008', 12, 2, 1, 2, '2013-03-20 11:59:50', '2013-03-20 11:59:50'),
('201303200281', '201212010036', '201303190003', 8, 2, 1, 2, '2013-03-20 11:59:50', '2013-03-20 11:59:50'),
('201303200282', '201212010036', '201303190004', 8, 2, 1, 2, '2013-03-20 11:59:50', '2013-03-20 11:59:50'),
('201303200283', '201212010036', '201303190023', 7, 5, 1, 2, '2013-03-20 11:59:50', '2013-03-20 11:59:50'),
('201303200284', '201212010036', '201303190026', 16, 2, 1, 2, '2013-03-20 11:59:50', '2013-03-20 11:59:50'),
('201303200285', '201212010035', '201303190001', 8, 2, 1, 2, '2013-03-20 11:59:50', '2013-03-20 11:59:50'),
('201303200286', '201212010035', '201303190012', 8, 2, 1, 2, '2013-03-20 11:59:50', '2013-03-20 11:59:50'),
('201303200287', '201212010035', '201303190023', 8, 2, 1, 2, '2013-03-20 11:59:50', '2013-03-20 11:59:50'),
('201303200288', '201212010035', '201303190034', 8, 2, 1, 2, '2013-03-20 11:59:50', '2013-03-20 11:59:50'),
('201303200289', '201212010035', '201303190042', 8, 2, 1, 2, '2013-03-20 11:59:51', '2013-03-20 11:59:51'),
('201303200290', '201212010035', '201303190043', 8, 2, 1, 2, '2013-03-20 11:59:51', '2013-03-20 11:59:51'),
('201303200291', '201212010035', '201303190044', 8, 2, 1, 2, '2013-03-20 11:59:51', '2013-03-20 11:59:51'),
('201303200292', '201212010035', '201303190045', 8, 2, 1, 2, '2013-03-20 11:59:51', '2013-03-20 11:59:51'),
('201303200293', '201212010035', '201303190039', 23, 2, 1, 2, '2013-03-20 11:59:51', '2013-03-20 11:59:51'),
('201303200294', '201212010047', '201303190005', 8, 2, 1, 2, '2013-03-20 11:59:51', '2013-03-20 11:59:51'),
('201303200295', '201212010047', '201303190006', 8, 2, 1, 2, '2013-03-20 11:59:51', '2013-03-20 11:59:51'),
('201303200296', '201212010047', '201303190007', 8, 2, 1, 2, '2013-03-20 11:59:51', '2013-03-20 11:59:51'),
('201303200297', '201212010047', '201303190008', 8, 2, 1, 2, '2013-03-20 11:59:51', '2013-03-20 11:59:51'),
('201303200298', '201212010047', '201303190009', 8, 2, 1, 2, '2013-03-20 11:59:51', '2013-03-20 11:59:51'),
('201303200299', '201212010047', '201303190010', 8, 2, 1, 2, '2013-03-20 11:59:51', '2013-03-20 11:59:51'),
('201303200300', '201212010047', '201303190011', 8, 2, 1, 2, '2013-03-20 11:59:51', '2013-03-20 11:59:51'),
('201303200301', '201212010047', '201303190013', 8, 2, 1, 2, '2013-03-20 11:59:51', '2013-03-20 11:59:51'),
('201303200302', '201212010047', '201303190014', 8, 2, 1, 2, '2013-03-20 11:59:51', '2013-03-20 11:59:51'),
('201303200303', '201212010047', '201303190015', 8, 2, 1, 2, '2013-03-20 11:59:51', '2013-03-20 11:59:51'),
('201303200304', '201212010047', '201303190038', 23, 2, 1, 2, '2013-03-20 11:59:51', '2013-03-20 11:59:51'),
('201303200305', '201212010048', '201303190005', 10, 2, 1, 2, '2013-03-20 11:59:51', '2013-03-20 11:59:51'),
('201303200306', '201212010048', '201303190006', 10, 2, 1, 2, '2013-03-20 11:59:51', '2013-03-20 11:59:51'),
('201303200307', '201212010048', '201303190007', 10, 2, 1, 2, '2013-03-20 11:59:51', '2013-03-20 11:59:51'),
('201303200308', '201212010048', '201303190008', 10, 2, 1, 2, '2013-03-20 11:59:51', '2013-03-20 11:59:51'),
('201303200309', '201212010048', '201303190009', 10, 2, 1, 2, '2013-03-20 11:59:51', '2013-03-20 11:59:51'),
('201303200310', '201212010048', '201303190010', 10, 2, 1, 2, '2013-03-20 11:59:51', '2013-03-20 11:59:51'),
('201303200311', '201212010048', '201303190011', 10, 2, 1, 2, '2013-03-20 11:59:51', '2013-03-20 11:59:51'),
('201303200312', '201212010048', '201303190013', 10, 2, 1, 2, '2013-03-20 11:59:51', '2013-03-20 11:59:51'),
('201303200313', '201212010048', '201303190014', 10, 2, 1, 2, '2013-03-20 11:59:51', '2013-03-20 11:59:51'),
('201303200314', '201212010048', '201303190015', 10, 2, 1, 2, '2013-03-20 11:59:51', '2013-03-20 11:59:51'),
('201303200315', '201212010048', '201303190016', 10, 2, 1, 2, '2013-03-20 11:59:51', '2013-03-20 11:59:51'),
('201303200316', '201212010048', '201303190017', 10, 2, 1, 2, '2013-03-20 11:59:51', '2013-03-20 11:59:51'),
('201303200317', '201212010048', '201303190028', 14, 2, 1, 2, '2013-03-20 11:59:51', '2013-03-20 11:59:51'),
('201303200318', '201212010053', '201303190046', 4, 3, 1, 2, '2013-03-20 11:59:51', '2013-03-20 11:59:51'),
('201303200319', '201212010053', '201303190002', 4, 3, 1, 2, '2013-03-20 11:59:51', '2013-03-20 11:59:51'),
('201303200320', '201212010053', '201303190003', 4, 3, 1, 2, '2013-03-20 11:59:51', '2013-03-20 11:59:51'),
('201303200321', '201212010053', '201303190004', 4, 3, 1, 2, '2013-03-20 11:59:51', '2013-03-20 11:59:51'),
('201303200322', '201212010053', '201303190005', 4, 3, 1, 2, '2013-03-20 11:59:51', '2013-03-20 11:59:51'),
('201303200323', '201212010053', '201303190006', 4, 3, 1, 2, '2013-03-20 11:59:51', '2013-03-20 11:59:51'),
('201303200324', '201212010053', '201303190007', 4, 3, 1, 2, '2013-03-20 11:59:51', '2013-03-20 11:59:51'),
('201303200325', '201212010053', '201303190008', 4, 3, 1, 2, '2013-03-20 11:59:51', '2013-03-20 11:59:51'),
('201303200326', '201212010055', '201303190046', 6, 3, 1, 2, '2013-03-20 11:59:51', '2013-03-20 11:59:51'),
('201303200327', '201212010055', '201303190002', 6, 3, 1, 2, '2013-03-20 11:59:51', '2013-03-20 11:59:51'),
('201303200328', '201212010055', '201303190003', 6, 3, 1, 2, '2013-03-20 11:59:51', '2013-03-20 11:59:51'),
('201303200329', '201212010055', '201303190004', 6, 3, 1, 2, '2013-03-20 11:59:51', '2013-03-20 11:59:51'),
('201303200330', '201212010055', '201303190005', 6, 3, 1, 2, '2013-03-20 11:59:51', '2013-03-20 11:59:51'),
('201303200331', '201212010055', '201303190006', 6, 3, 1, 2, '2013-03-20 11:59:51', '2013-03-20 11:59:51'),
('201303200332', '201212010055', '201303190007', 6, 3, 1, 2, '2013-03-20 11:59:51', '2013-03-20 11:59:51'),
('201303200333', '201212010055', '201303190008', 6, 3, 1, 2, '2013-03-20 11:59:51', '2013-03-20 11:59:51'),
('201303200334', '201212010055', '201303190043', 11, 2, 1, 2, '2013-03-20 11:59:51', '2013-03-20 11:59:51'),
('201303200335', '201212010055', '201303190044', 11, 2, 1, 2, '2013-03-20 11:59:51', '2013-03-20 11:59:51'),
('201303200336', '201212010055', '201303190045', 11, 2, 1, 2, '2013-03-20 11:59:51', '2013-03-20 11:59:51'),
('201303200337', '201212010055', '201303190021', 19, 2, 1, 2, '2013-03-20 11:59:51', '2013-03-20 11:59:51'),
('201303200338', '201212010050', '201303190046', 6, 3, 1, 2, '2013-03-20 11:59:51', '2013-03-20 11:59:51'),
('201303200339', '201212010050', '201303190002', 6, 3, 1, 2, '2013-03-20 11:59:51', '2013-03-20 11:59:51'),
('201303200340', '201212010050', '201303190003', 6, 3, 1, 2, '2013-03-20 11:59:51', '2013-03-20 11:59:51'),
('201303200341', '201212010050', '201303190004', 6, 3, 1, 2, '2013-03-20 11:59:51', '2013-03-20 11:59:51'),
('201303200342', '201212010050', '201303190005', 6, 3, 1, 2, '2013-03-20 11:59:51', '2013-03-20 11:59:51'),
('201303200343', '201212010050', '201303190006', 6, 3, 1, 2, '2013-03-20 11:59:51', '2013-03-20 11:59:51'),
('201303200344', '201212010050', '201303190007', 6, 3, 1, 2, '2013-03-20 11:59:51', '2013-03-20 11:59:51'),
('201303200345', '201212010050', '201303190008', 6, 3, 1, 2, '2013-03-20 11:59:51', '2013-03-20 11:59:51'),
('201303200346', '201212010050', '201303190040', 20, 2, 1, 2, '2013-03-20 11:59:51', '2013-03-20 11:59:51'),
('201303200347', '201212010052', '201303190001', 4, 3, 1, 2, '2013-03-20 11:59:51', '2013-03-20 11:59:51'),
('201303200348', '201212010052', '201303190012', 4, 3, 1, 2, '2013-03-20 11:59:51', '2013-03-20 11:59:51'),
('201303200349', '201212010052', '201303190023', 4, 3, 1, 2, '2013-03-20 11:59:51', '2013-03-20 11:59:51'),
('201303200350', '201212010052', '201303190034', 4, 3, 1, 2, '2013-03-20 11:59:51', '2013-03-20 11:59:51'),
('201303200351', '201212010052', '201303190042', 4, 3, 1, 2, '2013-03-20 11:59:51', '2013-03-20 11:59:51'),
('201303200352', '201212010052', '201303190043', 4, 3, 1, 2, '2013-03-20 11:59:51', '2013-03-20 11:59:51'),
('201303200353', '201212010052', '201303190044', 4, 3, 1, 2, '2013-03-20 11:59:51', '2013-03-20 11:59:51'),
('201303200354', '201212010052', '201303190045', 4, 3, 1, 2, '2013-03-20 11:59:51', '2013-03-20 11:59:51'),
('201303200355', '201212010041', '201303190001', 8, 2, 1, 2, '2013-03-20 11:59:51', '2013-03-20 11:59:51'),
('201303200356', '201212010041', '201303190012', 8, 2, 1, 2, '2013-03-20 11:59:51', '2013-03-20 11:59:51'),
('201303200357', '201212010049', '201303190027', 13, 2, 1, 2, '2013-03-20 11:59:51', '2013-03-20 11:59:51'),
('201303200358', '201212010051', '201303190018', 13, 2, 1, 2, '2013-03-20 11:59:51', '2013-03-20 11:59:51'),
('201303200359', '201212010027', '201303190001', 7, 5, 1, 2, '2013-03-20 11:59:51', '2013-03-20 11:59:51'),
('201303200360', '201212010027', '201303190012', 7, 5, 1, 2, '2013-03-20 11:59:51', '2013-03-20 11:59:51'),
('201303200361', '201212010027', '201303190014', 7, 4, 1, 2, '2013-03-20 11:59:51', '2013-03-20 11:59:51'),
('201303200362', '201212010027', '201303190015', 7, 4, 1, 2, '2013-03-20 11:59:51', '2013-03-20 11:59:51'),
('201303200363', '201212010027', '201303190016', 7, 4, 1, 2, '2013-03-20 11:59:51', '2013-03-20 11:59:51'),
('201303200364', '201212010027', '201303190017', 7, 4, 1, 2, '2013-03-20 11:59:51', '2013-03-20 11:59:51');

-- --------------------------------------------------------

--
-- Table structure for table `asset_infrastructure`
--

CREATE TABLE IF NOT EXISTS `asset_infrastructure` (
  `infrastructure_id` int(11) NOT NULL,
  `infrastructure_name` varchar(30) NOT NULL,
  `infrastructure_wide` varchar(30) NOT NULL,
  `infrastructure_description` varchar(250) DEFAULT NULL,
  `infrastructure_condition` tinyint(1) NOT NULL,
  `infrastructure_entry` datetime NOT NULL,
  `infrastructure_entry_update` datetime NOT NULL,
  PRIMARY KEY (`infrastructure_id`),
  KEY `asset_infrastructure_fk1` (`infrastructure_condition`)
) ENGINE=InnoDB DEFAULT CHARSET=latin1;

--
-- Dumping data for table `asset_infrastructure`
--

INSERT INTO `asset_infrastructure` (`infrastructure_id`, `infrastructure_name`, `infrastructure_wide`, `infrastructure_description`, `infrastructure_condition`, `infrastructure_entry`, `infrastructure_entry_update`) VALUES
(-1, 'Lainnya..', ' ', NULL, 1, '2012-12-01 10:47:28', '2012-12-01 10:47:31');

-- --------------------------------------------------------

--
-- Table structure for table `asset_infrastructure_condition`
--

CREATE TABLE IF NOT EXISTS `asset_infrastructure_condition` (
  `infrastructure_condition_id` tinyint(1) NOT NULL,
  `infrastructure_condition_title` varchar(20) NOT NULL,
  `infrastructure_condition_entry` datetime NOT NULL,
  `infrastructure_condition_update` datetime NOT NULL,
  PRIMARY KEY (`infrastructure_condition_id`)
) ENGINE=InnoDB DEFAULT CHARSET=latin1;

--
-- Dumping data for table `asset_infrastructure_condition`
--

INSERT INTO `asset_infrastructure_condition` (`infrastructure_condition_id`, `infrastructure_condition_title`, `infrastructure_condition_entry`, `infrastructure_condition_update`) VALUES
(1, 'Baik', '2012-12-01 10:44:21', '2012-12-01 10:44:24'),
(2, 'Rusak', '2012-12-01 10:44:39', '2012-12-01 10:44:43'),
(3, 'Sedang Diperbaiki', '2012-12-01 10:45:09', '2012-12-01 10:45:15');

-- --------------------------------------------------------

--
-- Table structure for table `employees`
--

CREATE TABLE IF NOT EXISTS `employees` (
  `employees_id` varchar(12) NOT NULL,
  `employees_nik` varchar(16) DEFAULT NULL,
  `employees_nip` varchar(18) DEFAULT NULL,
  `employees_nuptk` varchar(16) DEFAULT NULL,
  `employess_name` varchar(50) NOT NULL,
  `employees_gender` tinyint(1) NOT NULL,
  `employees_birthplace` int(10) unsigned NOT NULL,
  `employees_birthdate` date NOT NULL,
  `employees_religion` tinyint(2) NOT NULL,
  `employees_religionother` varchar(50) DEFAULT NULL,
  `employees_address` varchar(200) NOT NULL,
  `employees_rt` int(5) DEFAULT NULL,
  `employees_rw` int(5) DEFAULT NULL,
  `employees_village` varchar(50) DEFAULT NULL,
  `employees_subdisctrict` varchar(50) DEFAULT NULL,
  `employees_city` int(11) NOT NULL,
  `employees_zipcode` varchar(6) DEFAULT NULL,
  `employees_transportation` tinyint(2) NOT NULL,
  `employees_distance` tinyint(2) NOT NULL,
  `employees_distanceother` varchar(50) DEFAULT NULL,
  `employees_phone1` varchar(12) DEFAULT NULL,
  `employees_phone2` varchar(12) DEFAULT NULL,
  `employees_email` varchar(30) DEFAULT NULL,
  `employees_photo` varchar(50) DEFAULT NULL,
  `employees_desc` tinyint(2) NOT NULL,
  `employees_marriage_status` tinyint(1) NOT NULL,
  `employees_total_children` int(11) DEFAULT NULL,
  `employees_mother_name` varchar(50) DEFAULT NULL,
  `employees_status` tinyint(1) NOT NULL,
  `employees_entry` datetime NOT NULL,
  `employees_entry_update` datetime NOT NULL,
  PRIMARY KEY (`employees_id`),
  KEY `employees_fk6` (`employees_status`),
  KEY `employees_fk1` (`employees_desc`),
  KEY `employees_fk2` (`employees_gender`),
  KEY `employees_fk3` (`employees_religion`),
  KEY `employees_fk4` (`employees_transportation`),
  KEY `employees_fk5` (`employees_city`),
  KEY `employees_fk7` (`employees_marriage_status`)
) ENGINE=InnoDB DEFAULT CHARSET=latin1;

--
-- Dumping data for table `employees`
--

INSERT INTO `employees` (`employees_id`, `employees_nik`, `employees_nip`, `employees_nuptk`, `employess_name`, `employees_gender`, `employees_birthplace`, `employees_birthdate`, `employees_religion`, `employees_religionother`, `employees_address`, `employees_rt`, `employees_rw`, `employees_village`, `employees_subdisctrict`, `employees_city`, `employees_zipcode`, `employees_transportation`, `employees_distance`, `employees_distanceother`, `employees_phone1`, `employees_phone2`, `employees_email`, `employees_photo`, `employees_desc`, `employees_marriage_status`, `employees_total_children`, `employees_mother_name`, `employees_status`, `employees_entry`, `employees_entry_update`) VALUES
('000000000000', NULL, NULL, NULL, 'Lainnya', 1, 0, '2013-02-06', 1, NULL, '-', NULL, NULL, NULL, NULL, 170, NULL, -1, -1, NULL, NULL, NULL, NULL, NULL, 9, 2, NULL, NULL, 1, '2013-02-06 11:53:24', '2013-02-06 11:53:27'),
('201212010001', '3215011001015644', '195505021980031007', '1834733635200032', 'Hasanuddin,S.Pd.', 1, 0, '1955-05-02', 1, '', 'Jln. Jeruk 1 No. 28 Blok 3 Perumnas', 74, 20, 'KARANGANYAR', '1964', 170, '41211', -1, -1, '', '(0260) 42013', '085294632255', '', '', 1, 1, 3, 'Hj. Wasiah', 1, '2012-12-01 09:32:22', '2012-12-01 09:32:22'),
('201212010002', '3213035803560012', '150218831', '5644734636300022', 'Titi Reswati, S.Pd.I.', 2, 0, '1956-03-12', 1, '', 'Blok Mekarwangi', 65, 14, 'CIGADUNG', '1964', 170, '41213', -1, -1, '', '0260-413016', '081572048414', '', '', 1, 1, 3, 'Upi', 1, '2012-12-01 09:32:22', '2012-12-01 09:32:22'),
('201212010003', '32130156475', '195607161982060100', '1048734636200023', 'Munawir, S.Ag.', 1, 0, '1956-07-16', 1, '', 'Btn. Kartini 175', 17, 6, 'WANAREJA', '1964', 170, '41200', -1, -1, '', '(0260) 41378', '085222033509', '', '', 1, 1, 2, 'Isah', 1, '2012-12-01 09:32:22', '2012-12-01 09:32:22'),
('201212010004', '3213036603570004', '195703264977032002', '1658735636300012', 'E. Heni Rodiah, S.Pd.,M.M.Pd.', 2, 0, '1957-03-26', 1, '', 'Komp. P Dan K No. 1 Tegal Kalapa ', 22, 5, 'DANGDEUR', '1964', 170, '41212', -1, -1, '', '0260-412098', '08122411885', 'henimulyadi@yahoo.com', '', 1, 1, 1, 'H. Siti Djuaenah', 1, '2012-12-01 09:32:22', '2012-12-01 09:32:22'),
('201212010005', '3213031001580003', '195801101991031002', '4442736637200032', 'Buddy Kusnadi, S.Pd.', 1, 0, '1958-01-10', 1, '', 'Jl. Sawo 1 No. 27 Blok III Perumnas Subang', 73, 20, 'KARANGANYAR', '1964', 170, '41211', -1, -1, '', '0260-413126', '08122243898', 'kusnadi_b@yahoo.com', '', 1, 1, 0, 'Siti Mariah', 1, '2012-12-01 09:32:22', '2012-12-01 09:32:22'),
('201212010006', '3213171310580003', '195810131984031007', '5345736638200013', 'Iing Harin, S.Pd.', 1, 0, '1958-10-13', 1, '', 'Griya Cinangsi Pesona Praja B1 No. 4', 18, 5, 'CINANGSI', '2133', 170, '41285', -1, -1, '', '', '082115340120', 'harin_iing@yahoo.co.id', '', 1, 1, 3, 'Odah Karyah', 1, '2012-12-01 09:32:22', '2012-12-01 09:32:22'),
('201212010007', '3213034610590008', '195910061981032005', '9338737639300033', 'Endang Eko Harini Muchtari, S.Pd.', 2, 0, '1959-10-06', 3, '', 'Btn. Ciheuleut Indah A14', 38, 13, 'PASIRKAREUMBI', '1964', 170, '41214', -1, -1, '', '0260-412640', '081322912443', '', '', 1, 1, 2, 'Sri Hartini', 1, '2012-12-01 09:32:22', '2012-12-01 09:32:22'),
('201212010008', '3213172802611809', '196102281981121001', '3560739640200012', 'Joko Triyoga Nursanto, S.Pd.', 1, 0, '1961-02-28', 1, '', 'Perum Btn. Kartini', 17, 6, 'WANAREJA', '1964', 170, '41200', -1, -1, '', '(0260) 42065', '085659928061', '', '', 1, 1, 3, 'Sumiyatini', 1, '2012-12-01 09:32:22', '2012-12-01 09:32:22'),
('201212010009', '3213020407616960', '196107041983031008', '8036739640200023', 'Sukenda', 1, 0, '1961-07-04', 1, '', 'Cisaat Bojongloa Cisalak', 10, 3, 'BOJONGLOA', '2118', 170, '41283', -1, -1, '', '0260-472262', '081321963357', '', '', 1, 1, 3, 'Surpi', 1, '2012-12-01 09:32:22', '2012-12-01 09:32:22'),
('201212010010', '3213036909610003', '196109191981112001', '1251739640300043', 'Siswati Marliana, S.Pd.Ek', 2, 0, '1961-09-19', 1, '', 'Jln. Mangga V Perumnas Blok 8 ', 38, 12, 'SUKAMELANG', '1964', 170, '41251', -1, -1, '', '0260-421215', '085221882811', '', '', 1, 1, 2, 'Rd. Patimah', 1, '2012-12-01 09:32:22', '2012-12-01 09:32:22'),
('201212010011', '3215011003016425', '196206051984032016', '3937740641300092', 'Endang Winarni, S.Pd.', 2, 0, '1962-05-06', 1, '', 'Btn. Ciheuleut Blok A3 No. 31', 42, 14, 'PASIRKAREUMBI', '1964', 170, '41214', -1, -1, '', '0260-414461', '081320444151', '', '', 1, 1, 2, 'Siti Aminah', 1, '2012-12-01 09:32:22', '2012-12-01 09:32:22'),
('201212010012', '3213032508620001', '196208251987031006', '9160740641200033', 'Dayat', 1, 0, '1962-08-25', 1, '', 'Jln. RA. Kartini', 32, 12, 'SOKLAT', '1964', 170, '41215', -1, -1, '', '', '', '', '', 1, 1, 2, 'Karyati', 1, '2012-12-01 09:32:22', '2012-12-01 09:32:22'),
('201212010013', '3213035007620004', '196202101983022003', '7542740641300042', 'Arminah, S.Pd.', 2, 0, '1962-10-02', 1, '', 'Jln. Sawo Iv No. 5 Perumnas', 83, 23, 'KARANGANYAR', '1964', 170, '41211', -1, -1, '', '(0260) 41374', '', '', '', 1, 1, 2, 'Ukat Sukati', 1, '2012-12-01 09:32:22', '2012-12-01 09:32:22'),
('201212010014', '3213032604630005', '196304261984121003', '6758741642200022', 'R. Muhamad Zaenal Arifin, S.Pd.', 1, 0, '1963-04-26', 1, '', 'Btn. Subang Jaya Blok C/31', 40, 10, 'KARANGANYAR', '1964', 170, '41211', -1, -1, '', '0260-420402', '08122259466', 'ramza63@gmail.com', '', 1, 1, 3, 'E. Suangsih', 1, '2012-12-01 09:32:22', '2012-12-01 09:32:22'),
('201212010015', '3213035402640010', '196402141998032001', '3546742642300012', 'Dra. Suryati', 2, 0, '1964-02-14', 1, '', 'Cimereta', 22, 8, 'Pasirkareumbi', '1964', 170, '41214', -1, -1, '', '', '085324222514', '', '', 1, 1, 3, 'A. Anengsih', 1, '2012-12-01 09:32:22', '2012-12-01 09:32:22'),
('201212010016', '3213032302640004', '196402231984121001', '7555742643200012', 'Misjum Komarudin, S.Pd.Mat', 1, 0, '1964-02-23', 1, '', 'Jl. Panji Blok Sukamekar', 71, 19, 'CIGADUNG', '1964', 170, '41213', -1, -1, '', '0260-418193', '085222597819', '', '', 1, 1, 3, 'Walsih', 1, '2012-12-01 09:32:22', '2012-12-01 09:32:22'),
('201212010017', '3213035504640005', '196404151998022003', '5737742642300012', 'Dra. Ade Hetti Heriyani', 2, 0, '1964-04-15', 1, '', 'Jl. Apel Raya Blok2 No. 74 Perumnas', 81, 22, 'Karanganyar', '1964', 170, '41211', -1, -1, '', '0260-415907', '08122185794', '', '', 1, 1, 3, 'Saonah Kurniatin', 1, '2012-12-01 09:32:22', '2012-12-01 09:32:22'),
('201212010018', '3213034907660869', '196607091991032004', '9041744646300043', 'Rini Supiani, S.Pd.', 2, 0, '1966-07-09', 1, '', 'Btn. Ciereng Blok D No.2', 45, 13, 'DANGDEUR', '1964', 170, '41212', -1, -1, '', '', '081321522437', 'rinisupiani@yahoo.com', '', 1, 1, 4, 'Encum Supiah', 1, '2012-12-01 09:32:22', '2012-12-01 09:32:22'),
('201212010019', '3213036712660003', '196612271990032010', '5559744644300003', 'Karwati, S.Pd.', 2, 0, '1966-12-27', 1, '', 'Kp. Palabuan', 3, 7, 'Sukamelang', '1964', 170, '41251', -1, -1, '', '', '081321462336', '', '', 1, 1, 3, 'Armesih', 1, '2012-12-01 09:32:22', '2012-12-01 09:32:22'),
('201212010020', '3213030104670008', '196704011995121001', '5733745648200042', 'Nurhadi, S.Pd.', 1, 0, '1967-04-01', 1, '', 'Jln. Jaksa No. 1 Sukajaya', 50, 13, 'Sukamelang', '1964', 170, '41251', -1, -1, '', '', '085220744774', 'nahateki@yahoo.com', '', 1, 1, 2, 'Mianah', 1, '2012-12-01 09:32:22', '2012-12-01 09:32:22'),
('201212010021', '3213036707670008', '196707271998022002', '6059745647300083', 'Dra.Enok Ratnaningsih', 2, 0, '1967-07-27', 1, '', 'Jl. Letjen Soeprapto No. 33', 4, 1, 'SOKLAT', '1964', 170, '41215', -1, -1, '', '', '085221463256', 'enokratnaningsih@yahoo.co.id', '', 1, 3, 3, 'Uneh', 1, '2012-12-01 09:32:22', '2012-12-01 09:32:22'),
('201212010022', '3213030209670004', '196709021992011001', '3234745647200023', 'Ii Heri Hermawan, S.Pd.', 1, 0, '1967-09-02', 1, '', 'Palabuan', 3, 7, 'SUKAMELANG', '1964', 170, '41251', -1, -1, '', '', '081321462337', 'i2heri@yahoo.co.id', '', 1, 1, 3, 'Mas Mariam Pramulyati', 1, '2012-12-01 09:32:22', '2012-12-01 09:32:22'),
('201212010023', '3213126812670001', '19671281992022001', '5550745648300033', 'Ema Nurmala, S.Pd.,M.M.Pd.', 2, 0, '1967-12-18', 1, '', 'Blok Mekarwangi', 73, 14, 'Cigadung', '1964', 170, '41213', -1, -1, '', '0260-480179', '081214691410', '', '', 1, 1, 2, 'MS. Juariah', 1, '2012-12-01 09:32:22', '2012-12-01 09:32:22'),
('201212010024', '3213034203680009', '196803021994032007', '7634746648300062', 'Dra. Wara Sri Utami', 2, 0, '1968-03-02', 1, '', 'Jln. R. Dedeng S No. 40', 19, 7, 'PASIRKAREUMBI', '1964', 170, '41214', -1, -1, '', '0260-414268', '082129462807', 'warasriutami@yahoo.co.id', '', 1, 1, 2, 'Hj. Djuhrijah', 1, '2012-12-01 09:32:22', '2012-12-01 09:32:22'),
('201212010025', '3213170903690002', '196903091995121001', '6641747649200032', 'Entuy Kurniayusup, S.Pd.', 1, 0, '1969-03-09', 1, '', 'Griya Cinangsi Asri Blok A No 19 B', 14, 5, 'CINANGSI', '2133', 170, '41285', -1, -1, '', '0260-421661', '08157046693', '', '', 1, 1, 2, 'Hj. Ii', 1, '2012-12-01 09:32:22', '2012-12-01 09:32:22'),
('201212010026', '3213281303690001', '196903131994121003', '0645747649200042', 'Drs. H. Opa Mustopa', 1, 0, '1969-03-13', 1, '', 'Kp. Pulekan', 18, 5, 'BALINGBING', '2144', 170, '41252', -1, -1, '', '', '081320967272', '', '', 1, 1, 3, 'Hj. Khodijah', 1, '2012-12-01 09:32:22', '2012-12-01 09:32:22'),
('201212010027', '3213037010690003', '196910301998022002', '3362747649300033', 'Siti Suci Winarni, S.Pd.', 2, 0, '1969-10-30', 1, '', 'RSS Sidodadi Blok C No. 292', 47, 15, 'PASIRKAREUMBI', '1964', 170, '41214', -1, -1, '', '0260-7423040', '081394520073', 'chi_wien@ymail.com', '', 1, 1, 1, 'Hj. Siti Halimah', 1, '2012-12-01 09:32:22', '2012-12-01 09:32:22'),
('201212010028', '3213036407700003', '197007241995122001', '3056748650300063', 'Rina Diana Dewi, S.Pd.,M.M.Pd.', 2, 0, '1970-07-24', 1, '', 'Jl. P. Timor No. 1 Cikalapa', 31, 11, 'PASIRKAREUMBI', '1964', 170, '41214', -1, -1, '', '0260-421709', '081220208724', '', '', 1, 1, 3, 'E. Suherti', 1, '2012-12-01 09:32:22', '2012-12-01 09:32:22'),
('201212010029', '3213032903063743', '197103271999031001', '2659745652200002', 'Warlim Setiawan, S.Pd.', 1, 0, '1971-03-27', 1, '', 'Jl. Kh. Dewantara Komp Pdk No. 8', 22, 5, 'DANGDEUR', '1964', 170, '41212', -1, -1, '', '0260- 412637', '085321221941', 'warlimsetiawan@yahoo.co.id', '', 1, 1, 3, 'Umi', 1, '2012-12-01 09:32:22', '2012-12-01 09:32:22'),
('201212010030', '3213191206710002', '197106121998022002', '2944749650300022', 'Umas Mastuti, SE.', 2, 0, '1971-06-12', 1, '', 'Kp. Cikahuripan', 1, 1, 'Sukahurip', '2135', 170, '41286', -1, -1, '', '', '085222302196', '', '', 1, 1, 2, 'Rohati', 1, '2012-12-01 09:32:23', '2012-12-01 09:32:23'),
('201212010031', '3213036507710008', '197107251997022003', '1057749651300063', 'Euis Haura Puspanurani, S.Pd.', 2, 0, '1971-07-25', 1, '', 'Jln. Sutaatmaja Blok Sukahayu', 63, 9, 'CIGADUNG', '1964', 170, '41213', -1, -1, '', '0260-414795', '081320054784', 'euishaura@yahoo.co.id', '', 1, 1, 3, 'Hj. E. Hapsoh', 1, '2012-12-01 09:32:23', '2012-12-01 09:32:23'),
('201212010032', '3213037108720001', '197208311998022002', '8163750652300043', 'Sri Suryanti, S.Pd.', 2, 0, '1972-08-31', 1, '', 'Perumahan Surya Cigadung Blok L.21', 34, 8, 'CIGADUNG', '1964', 170, '41213', -1, -1, '', '0260-413275', '08122145407', 'suryanti308@ymail.com', '', 1, 1, 0, 'Maryati', 1, '2012-12-01 09:32:23', '2012-12-01 09:32:23'),
('201212010033', '3213174409720001', '', '6236750652300053', 'Nur Romlah, SE.', 2, 0, '1972-09-04', 1, '', 'Griya Cipaku Blok E1 No. 26', 29, 7, 'CIBOGO', '2133', 170, '41200', -1, -1, '', '', '085222665003', 'nur_spensa@yahoo.co.id', '', 9, 1, 2, 'Yayah Rugayah', 1, '2012-12-01 09:32:23', '2012-12-01 09:32:23'),
('201212010034', '3213031603730015', '', '5648751653200022', 'R. Rahadian Kusuma', 1, 0, '1973-03-16', 1, '', 'Jl. Mayjen Mt. Haryono 26', 23, 5, 'CIGADUNG', '1964', 170, '41213', -1, -1, '', '0260-411740', '085221108822', '', '', 9, 2, 0, 'Ade Suparsih', 1, '2012-12-01 09:32:23', '2012-12-01 09:32:23'),
('201212010035', '3213035304740001', '', '3745752653300022', 'Ine Laksmi Mayasari, A.Md.', 2, 0, '1974-04-13', 1, '', 'Jln. Otista No. 235/6 ', 94, 26, 'KARANGANYAR', '1964', 170, '41211', -1, -1, '', '', '087828255690', '', '', 5, 1, 2, 'Dindin Rosdianah', 1, '2012-12-01 09:32:23', '2012-12-01 09:32:23'),
('201212010036', '3213172812750003', '', '6560753655200013', 'Dadan Gunawan, S.S.', 1, 0, '1975-12-28', 1, '', 'Griya Pesona Praja Blok. C4/10', 20, 6, 'Cinangsi', '2133', 170, '41285', -1, -1, '', '0260-417842', '085315499123', 'dadan.gunawan73@yahoo.com', '', 8, 1, 3, 'Imas Wirat Suwartika', 1, '2012-12-01 09:32:23', '2012-12-01 09:32:23'),
('201212010037', '3213175307760001', '', '7045754657300003', 'M. Suryamah', 2, 0, '1976-07-13', 1, '', 'Griya Permata Blok D2/01', 31, 1, 'Cibogo', '2133', 170, '41285', -1, -1, '', '', '081127872976', 'suryamah.mamah@yahoo.com', '', 9, 1, 2, 'Oneng', 1, '2012-12-01 09:32:23', '2012-12-01 09:32:23'),
('201212010038', '3213031512760001', '197612152008011002', '', 'Budi Sagitariawan, S.Pd.', 1, 0, '1976-12-15', 1, '', 'BTN Ciheuleut', 41, 13, 'Pasirkareumbi', '1964', 170, '41214', -1, -1, '', '', '081322514662', '', '', 1, 1, 2, 'Dede Nawangsih', 1, '2012-12-01 09:32:23', '2012-12-01 09:32:23'),
('201212010039', '3213033005710010', '', '8862755657200012', 'Meidilah Yusup, S.Pd.', 1, 0, '1977-05-30', 1, '', 'Jln. S. Sukandi 69 Gg. Asem No. 1', 26, 7, 'KARANGANYAR', '1964', 170, '41211', -1, -1, '', '0260-420577', '085223321235', 'm3d1_skl@yahoo.com', '', 6, 1, 1, 'Yayah Rugayah', 1, '2012-12-01 09:32:23', '2012-12-01 09:32:23'),
('201212010040', '3215011002014947', '', '1448757659200012', 'Dodo Suryadi', 1, 0, '1979-01-16', 1, '', 'Jln. Ra. Kartini Rt. 29 Rw. 08', 29, 8, 'SOKLAT', '1964', 170, '41215', -1, -1, '', '', '085222871565', '', '', 9, 1, 1, 'Rasih', 1, '2012-12-01 09:32:23', '2012-12-01 09:32:23'),
('201212010041', '3215011002012079', '', '3538758660200033', 'Dicky Mulyana, S.Pd.', 1, 0, '1980-06-12', 1, '', 'Jln. Di. Panjaitan No. 47 Sukasari', 17, 5, 'SOKLAT', '1964', 170, '41215', -1, -1, '', '0260-416085', '08170221018', '', '', 8, 1, 2, 'Yuyu Sukaesih', 1, '2012-12-01 09:32:23', '2012-12-01 09:32:23'),
('201212010042', '3215011004016619', '198107022008011016', '4034759660200030', 'Budi Ramdhani, S.Si.', 1, 0, '1981-07-02', 1, '', 'Jln. Emo K No. 67', 27, 9, 'Pasirkareumbi', '1964', 170, '41214', -1, -1, '', '', '085221106932', '', '', 1, 1, 2, 'Ade Anengsih', 1, '2012-12-01 09:32:23', '2012-12-01 09:32:23'),
('201212010043', '3213031212810011', '', '', 'Asep Sugandi', 1, 0, '1981-12-12', 1, '', 'Jln. Mayor Dedeng S No. 27', 18, 6, 'Pasirkareumbi', '1964', 170, '41214', -1, -1, '', '', '085220214097', 'soe_ganteng@yahoo.com', '', 9, 2, 0, 'Ernah', 1, '2012-12-01 09:32:23', '2012-12-01 09:32:23'),
('201212010044', '3213036306830014', '', '4955761663300022', 'May Budi Susanty, S.Pd.', 2, 0, '1983-06-23', 1, '', 'Jl. S. Parman No. 18', 40, 6, 'SOKLAT', '1964', 170, '41215', -1, -1, '', '0260-413805', '085624974816', '', '', 9, 1, 1, 'Heni Hanafiah', 1, '2012-12-01 09:32:23', '2012-12-01 09:32:23'),
('201212010045', '3213031209830003', '198309122009021003', '9244761662200033', 'Purwanto, SE.', 1, 0, '1983-09-12', 1, '', 'Perumnas Blok V No. 22', 0, 0, 'Sukamelang', '1964', 170, '41251', -1, -1, '', '', '081215686180', '', '', 1, 1, 1, 'Sariyah', 1, '2012-12-01 09:32:23', '2012-12-01 09:32:23'),
('201212010046', '3213034301840009', '19840132006042005', '7435762662300002', 'Fera Maulidya Sukarno, S.Pd.', 2, 0, '1984-01-03', 1, '', 'Komp. Puri Subang Asri Blok. A No. 01', 0, 0, 'Sukamelang', '1964', 170, '41251', -1, -1, '', '', '082127710711', 'feramaulidya84@yahoo.com', '', 1, 1, 1, 'ST Sjubaedah', 1, '2012-12-01 09:32:23', '2012-12-01 09:32:23'),
('201212010047', '3213174110840020', '', '6333762663300073', 'Oktafiyanti, S.Sn.', 2, 0, '1984-10-01', 1, '', 'BTN Griya Pesona Praja Blok. C7 No. 32', 22, 6, 'Cinangsi', '2133', 170, '41285', -1, -1, '', '', '085315224888', '', '', 6, 1, 1, 'Nining Yuningsih', 1, '2012-12-01 09:32:23', '2012-12-01 09:32:23'),
('201212010048', '3273161412870003', '', '', 'Iman Muttaqin, S.Kom.', 1, 0, '1987-12-14', 1, '', 'Jln. Ibrahim Adjie No. 433', 7, 8, 'Kebon Kangkung', '2260', 177, '40284', -1, -1, '', '', '085750285030', 'kura_kura_terbang@yahoo.com', '', 8, 2, 0, 'Sri Supartini', 1, '2012-12-01 09:32:23', '2012-12-01 09:32:23'),
('201212010049', '3213072409880002', '', '', 'Warman Suganda, S.Kom.', 1, 0, '1988-09-24', 1, '', 'Kp. Jawura', 7, 3, 'Sumbersari', '2123', 170, '41200', -1, -1, '', '', '085222229880', 'warmansuganda@yahoo.com', '', 9, 2, 0, 'Kaltem', 1, '2012-12-01 09:32:23', '2012-12-01 09:32:23'),
('201212010050', '3213034211890008', '', '', 'Pipit Siti Latifah, S.Pd.', 2, 0, '1989-11-02', 1, '', 'Jln. Nenas 2 No. 36 Perumnas', 45, 8, 'Sukamelang', '1964', 170, '41251', -1, -1, '', '0260-411382', '085722475499', 'luvarista@gmail.com', '', 8, 2, 0, 'Titin Sumartini', 1, '2012-12-01 09:32:23', '2012-12-01 09:32:23'),
('201212010051', '3213110408900001', '', '', 'Risnandar', 1, 0, '1990-08-04', 1, '', 'Jln. Eyang Tirtapraja Pamanukan', 2, 3, 'Pamanukan', '2127', 170, '41254', -1, -1, '', '', '08987170840', 'rhyeez@gmail.com', '', 9, 2, 0, 'Tinah', 1, '2012-12-01 09:32:23', '2012-12-01 09:32:23'),
('201212010052', '3213034408800004', '', '', 'Hilga Salita Agnetiyas, S.Pd.', 2, 0, '1998-09-04', 1, '', 'Jln. Otista Gg. Lika No. 34', 38, 10, 'Karanganyar', '1964', 170, '41211', -1, -1, '', '0260-420458', '085659078850', 'hilga_englishc@yahoo.com', '', 8, 2, 0, 'Aat Setiawati', 1, '2012-12-01 09:32:23', '2012-12-01 09:32:23'),
('201212010053', '1461758659300052', '', '1461758659300052', 'Yeyen Rohaemi, S.Pd.', 2, 0, '1980-01-29', 1, '', 'Kp. Cibatu', 1, 1, 'Tanjungsiang', '2130', 170, '41284', -1, -1, '', '', '081320166819', 'yeyenrohaemi@ymail.com', '', 6, 1, 1, 'Oyah Rukoyah', 1, '2012-12-01 09:32:23', '2012-12-01 09:32:23'),
('201212010054', '3213030512690006', '196912051997021005', '0537747650200023', 'A. Kuswara Abdul Gani, S.Pd.', 1, 0, '1969-12-05', 1, '', 'Blok Sukahayu Jln. Sutaatmaja', 63, 9, 'Cigadung', '1964', 170, '41213', -1, -1, '', '', '081320734014', 'ganiabdul53@ymail.com', '', 1, 1, 3, 'Usih Rustini', 1, '2012-12-01 09:32:23', '2012-12-01 09:32:23'),
('201212010055', '321303550989009', '', '', 'Sekar Fitri Puji Lestari, S.Pd.', 2, 0, '1989-09-15', 1, '', 'Pasirharja No. 156', 16, 10, 'Sukamelang', '1964', 170, '41251', -1, -1, '', '', '082121729628', 'dhe_unga@yahoo.co.id', '', 8, 1, 0, 'Nia Heni Kania', 1, '2012-12-01 09:32:23', '2012-12-01 09:32:23'),
('201212010056', '3213032310710006', '197110231995121001', '3355749650200003', 'Asep Wahyudin, S.Pd.,M.M.Pd.', 1, 0, '1971-10-23', 1, '', 'BTN Sukajaya', 59, 17, 'Cigadung', '1964', 170, '41213', -1, -1, '', '', '085220935198', 'cheepy_ydas@yahoo.co.id', '', 1, 1, 2, 'Solihat', 1, '2012-12-01 09:32:23', '2012-12-01 09:32:23'),
('201212010057', '3213030508850042', '', '', 'Eman Sulaeman', 1, 0, '1985-08-05', 1, '', 'Kp. Palabuan Sukamelang', 3, 7, 'Sukamelang', '1964', 170, '41251', -1, -1, '', '', '085222335469', '', '', 9, 1, 1, 'Ate Setiawati', 1, '2012-12-01 09:32:23', '2012-12-01 09:32:23'),
('201212010058', '3213032805860002', '', '', 'Wawan Setiawan', 1, 0, '1986-05-28', 1, '', 'Kp. Palabuan Sukamelang', 3, 7, 'Sukamelang', '1964', 170, '41251', -1, -1, '', '', '082127287600', 'setiawan_wawan68@ymail.com', '', 9, 1, 2, 'Sewi', 1, '2012-12-01 09:32:23', '2012-12-01 09:32:23'),
('201212010060', '3213030404790002', '', '', 'Enang Surahmat', 1, 0, '1980-07-07', 1, '', 'Palabuan Sukamelang', 3, 7, 'Sukamelang', '1964', 170, '41251', -1, -1, '', '', '083818037894', '', '', 9, 2, 0, 'Jumnah', 1, '2012-12-01 09:32:24', '2012-12-01 09:32:24'),
('201212010061', '3213034201890012', '', '', 'Yeni Mulyani Agustin', 2, 0, '1989-01-02', 1, '', 'Jln. Nusa Indah Blok Cicadas', 44, 3, 'Dangdeur', '1964', 170, '41212', -1, -1, '', '', '087760646036', '', '', 9, 1, 0, 'Suminar Sari', 1, '2012-12-01 09:32:24', '2012-12-01 09:32:24'),
('201212010062', '3213036407940008', '', '', 'Herda Shavaringga Fadilah', 1, 0, '1994-07-24', 1, '', 'Sukamekar', 30, 19, 'Cigadung', '1964', 170, '41213', -1, -1, '', '', '08985617317', 'ndha_the_andity@yahoo.co.id', '', 9, 2, 0, 'Tati Zubaedah', 1, '2012-12-01 09:32:24', '2012-12-01 09:32:24');

-- --------------------------------------------------------

--
-- Table structure for table `employees_jobdescription`
--

CREATE TABLE IF NOT EXISTS `employees_jobdescription` (
  `jobdescription_id` tinyint(2) NOT NULL,
  `jobdescription_title` varchar(100) NOT NULL,
  `jobdescription_status` tinyint(1) NOT NULL,
  `jobdescription_entry` datetime NOT NULL,
  `jobdescription_entry_update` datetime NOT NULL,
  PRIMARY KEY (`jobdescription_id`)
) ENGINE=InnoDB DEFAULT CHARSET=latin1;

--
-- Dumping data for table `employees_jobdescription`
--

INSERT INTO `employees_jobdescription` (`jobdescription_id`, `jobdescription_title`, `jobdescription_status`, `jobdescription_entry`, `jobdescription_entry_update`) VALUES
(1, 'PNS', 1, '2012-11-30 21:43:35', '2012-11-30 21:43:38'),
(2, 'PNS Diperbantukan', 1, '2012-11-30 21:43:58', '2012-11-30 21:44:00'),
(3, 'PNS Depag', 1, '2012-11-30 22:57:59', '2012-11-30 22:58:02'),
(4, 'GTY/PTY', 1, '2012-11-30 22:58:17', '2012-11-30 22:58:19'),
(5, 'GTT/PTT Provinsi', 1, '2012-11-30 22:58:38', '2012-11-30 22:58:41'),
(6, 'GTT/PTT Kab/Kota', 1, '2012-11-30 22:59:07', '2012-11-30 22:59:10'),
(7, 'Guru Bantu Pusat', 1, '2012-11-30 22:59:31', '2012-11-30 22:59:35'),
(8, 'Guru Honor Sekolah', 1, '2012-11-30 22:59:58', '2012-11-30 23:00:00'),
(9, 'Tenaga Honor Sekolah', 1, '2012-11-30 23:00:20', '2012-11-30 23:00:22');

-- --------------------------------------------------------

--
-- Table structure for table `employees_marriage_status`
--

CREATE TABLE IF NOT EXISTS `employees_marriage_status` (
  `marriage_status_id` tinyint(1) NOT NULL,
  `marriage_status_title` varchar(20) NOT NULL,
  `marriage_status_entry` datetime NOT NULL,
  `marriage_status_entry_update` datetime NOT NULL,
  PRIMARY KEY (`marriage_status_id`)
) ENGINE=InnoDB DEFAULT CHARSET=latin1;

--
-- Dumping data for table `employees_marriage_status`
--

INSERT INTO `employees_marriage_status` (`marriage_status_id`, `marriage_status_title`, `marriage_status_entry`, `marriage_status_entry_update`) VALUES
(1, 'Kawin', '2012-11-30 22:50:31', '2012-11-30 22:50:33'),
(2, 'Belum Kawin', '2012-11-30 22:50:46', '2012-11-30 22:50:49'),
(3, 'Duda / Janda', '2012-11-30 22:51:04', '2012-11-30 22:51:09');

-- --------------------------------------------------------

--
-- Table structure for table `employees_status`
--

CREATE TABLE IF NOT EXISTS `employees_status` (
  `employees_status_id` tinyint(1) NOT NULL,
  `employees_status_title` varchar(50) NOT NULL,
  `employees_status_entry` datetime NOT NULL,
  `employees_status_entry_update` datetime NOT NULL,
  PRIMARY KEY (`employees_status_id`)
) ENGINE=InnoDB DEFAULT CHARSET=latin1;

--
-- Dumping data for table `employees_status`
--

INSERT INTO `employees_status` (`employees_status_id`, `employees_status_title`, `employees_status_entry`, `employees_status_entry_update`) VALUES
(1, 'Aktif', '2012-11-30 22:18:27', '2012-11-30 22:18:30'),
(2, 'Cuti', '2012-11-30 22:18:51', '2012-11-30 22:18:53'),
(3, 'Cuti di luar tanggungan negara', '2012-11-30 22:19:32', '2012-11-30 22:19:35'),
(4, 'Tugas Belajar', '2012-11-30 22:20:00', '2012-11-30 22:20:02'),
(5, 'Mutasi', '2012-11-30 22:20:14', '2012-11-30 22:20:17'),
(6, 'Berhenti', '2012-11-30 22:20:31', '2012-11-30 22:20:38'),
(7, 'Pensiun', '2012-11-30 22:20:53', '2012-11-30 22:20:55'),
(8, 'Wafat', '2012-11-30 22:21:02', '2012-11-30 22:21:04');

-- --------------------------------------------------------

--
-- Table structure for table `myschool_apps`
--

CREATE TABLE IF NOT EXISTS `myschool_apps` (
  `apps_id` varchar(12) NOT NULL,
  `apps_alias` varchar(20) NOT NULL,
  `apps_name` varchar(20) NOT NULL,
  `apps_short_description` varchar(250) DEFAULT NULL,
  `apps_baner` varchar(30) DEFAULT NULL,
  `apps_status` tinyint(1) unsigned NOT NULL,
  `apps_entry` datetime NOT NULL,
  `apps_entry_update` datetime NOT NULL,
  PRIMARY KEY (`apps_id`)
) ENGINE=InnoDB DEFAULT CHARSET=latin1;

--
-- Dumping data for table `myschool_apps`
--

INSERT INTO `myschool_apps` (`apps_id`, `apps_alias`, `apps_name`, `apps_short_description`, `apps_baner`, `apps_status`, `apps_entry`, `apps_entry_update`) VALUES
('1', 'nilaionline', 'Nilai Online', 'Aplikasi Pengolahan Data Nilai Siswa SMP Negeri 1 Subang', NULL, 1, '2012-10-09 15:12:19', '2012-10-09 15:12:22'),
('2', 'hots', 'HOTS', 'Heigher Order Thinking Skill', NULL, 0, '2012-10-09 15:14:13', '2012-10-09 15:14:16');

-- --------------------------------------------------------

--
-- Table structure for table `myschool_apps_access`
--

CREATE TABLE IF NOT EXISTS `myschool_apps_access` (
  `access_id` int(10) unsigned NOT NULL,
  `access_usergroup` int(10) unsigned NOT NULL,
  `access_apps` varchar(12) NOT NULL,
  `access_status` tinyint(1) unsigned NOT NULL,
  `access_entry` datetime NOT NULL,
  `access_update` datetime NOT NULL,
  PRIMARY KEY (`access_id`),
  KEY `myschool_apps_access_fk2` (`access_apps`),
  KEY `myschool_apps_access_fk1` (`access_usergroup`)
) ENGINE=InnoDB DEFAULT CHARSET=latin1;

-- --------------------------------------------------------

--
-- Table structure for table `myschool_apps_accessdetail`
--

CREATE TABLE IF NOT EXISTS `myschool_apps_accessdetail` (
  `accessdetail_id` bigint(20) unsigned NOT NULL,
  `accessdetail_access` int(10) unsigned NOT NULL,
  `accessdetail_modul` bigint(20) unsigned NOT NULL,
  `accessdetail_create` tinyint(1) unsigned NOT NULL,
  `accessdetail_read` tinyint(1) unsigned NOT NULL,
  `accessdetail_update` tinyint(1) unsigned NOT NULL,
  `accessdetail_delete` tinyint(1) unsigned NOT NULL,
  `accessdetail_entry` datetime NOT NULL,
  `accessdetail_entry_update` datetime NOT NULL,
  PRIMARY KEY (`accessdetail_id`),
  KEY `myschool_apps_accessdetail_fk1` (`accessdetail_access`),
  KEY `myschool_apps_accessdetail_fk2` (`accessdetail_modul`)
) ENGINE=InnoDB DEFAULT CHARSET=latin1;

-- --------------------------------------------------------

--
-- Table structure for table `myschool_apps_menu`
--

CREATE TABLE IF NOT EXISTS `myschool_apps_menu` (
  `menu_id` varchar(12) NOT NULL,
  `menu_apps` varchar(12) NOT NULL,
  `menu_title` varchar(30) NOT NULL,
  `menu_link` varchar(30) NOT NULL,
  `menu_level` tinyint(1) unsigned NOT NULL,
  `menu_parent` varchar(12) DEFAULT NULL,
  `menu_icons` int(11) DEFAULT NULL,
  `menu_status` tinyint(1) unsigned NOT NULL,
  `menu_entry` datetime NOT NULL,
  `menu_entry_update` datetime NOT NULL,
  PRIMARY KEY (`menu_id`),
  KEY `myschool_apps_menu_fk1` (`menu_apps`)
) ENGINE=InnoDB DEFAULT CHARSET=latin1;

--
-- Dumping data for table `myschool_apps_menu`
--

INSERT INTO `myschool_apps_menu` (`menu_id`, `menu_apps`, `menu_title`, `menu_link`, `menu_level`, `menu_parent`, `menu_icons`, `menu_status`, `menu_entry`, `menu_entry_update`) VALUES
('1', '1', 'Beranda', 'index', 1, NULL, NULL, 1, '2012-10-11 09:43:03', '2012-10-11 09:43:07'),
('2', '1', 'About', 'about', 1, NULL, NULL, 0, '2012-10-11 10:09:20', '2012-10-11 10:09:23'),
('3', '1', 'Kritik Saran', 'guest/book', 1, NULL, NULL, 1, '2012-10-11 10:10:49', '2012-10-11 10:10:54');

-- --------------------------------------------------------

--
-- Table structure for table `myschool_apps_modul`
--

CREATE TABLE IF NOT EXISTS `myschool_apps_modul` (
  `modul_id` bigint(20) unsigned NOT NULL,
  `modul_apps` varchar(12) NOT NULL,
  `modul_name` varchar(30) NOT NULL,
  `modul_description` varchar(250) DEFAULT NULL,
  `modul_parent` bigint(20) unsigned DEFAULT NULL,
  `modul_status` tinyint(4) NOT NULL,
  `modul_entry` datetime NOT NULL,
  `modul_update` datetime NOT NULL,
  PRIMARY KEY (`modul_id`),
  KEY `myschool_apps_modul_fk1` (`modul_apps`)
) ENGINE=InnoDB DEFAULT CHARSET=latin1;

--
-- Dumping data for table `myschool_apps_modul`
--

INSERT INTO `myschool_apps_modul` (`modul_id`, `modul_apps`, `modul_name`, `modul_description`, `modul_parent`, `modul_status`, `modul_entry`, `modul_update`) VALUES
(1, '1', 'Index', NULL, NULL, 1, '2012-10-11 09:22:39', '2012-10-11 09:22:44');

-- --------------------------------------------------------

--
-- Table structure for table `myschool_isa`
--

CREATE TABLE IF NOT EXISTS `myschool_isa` (
  `isa_id` tinyint(2) unsigned NOT NULL,
  `isa_title` varchar(30) NOT NULL,
  `isa_dbroot` varchar(30) NOT NULL,
  `isa_entry` datetime NOT NULL,
  `isa_update` datetime NOT NULL,
  PRIMARY KEY (`isa_id`)
) ENGINE=InnoDB DEFAULT CHARSET=latin1;

--
-- Dumping data for table `myschool_isa`
--

INSERT INTO `myschool_isa` (`isa_id`, `isa_title`, `isa_dbroot`, `isa_entry`, `isa_update`) VALUES
(1, 'student', 'academic_student', '2012-10-14 21:44:50', '2012-10-14 21:44:53'),
(2, 'employee', 'employees', '2012-12-10 20:07:09', '2012-12-10 20:07:12');

-- --------------------------------------------------------

--
-- Table structure for table `myschool_testimony`
--

CREATE TABLE IF NOT EXISTS `myschool_testimony` (
  `testimony_id` varchar(12) NOT NULL,
  `testimony_user` varchar(16) NOT NULL,
  `testimony_content` text,
  `testimony_entry` datetime NOT NULL,
  PRIMARY KEY (`testimony_id`)
) ENGINE=InnoDB DEFAULT CHARSET=latin1;

--
-- Dumping data for table `myschool_testimony`
--

INSERT INTO `myschool_testimony` (`testimony_id`, `testimony_user`, `testimony_content`, `testimony_entry`) VALUES
('201302150001', '201212140000033', 'mantap', '2013-02-15 14:22:14'),
('201302150002', '201212140000002', 'Terus kembangkan bro.... be success', '2013-02-15 14:43:07'),
('201302150003', '201212140000045', 'mantap :D', '2013-02-15 15:22:08');

-- --------------------------------------------------------

--
-- Table structure for table `myschool_user`
--

CREATE TABLE IF NOT EXISTS `myschool_user` (
  `user_id` varchar(16) NOT NULL,
  `user_references` varchar(20) NOT NULL COMMENT 'field ini untuk menyimpan id asli dari user',
  `user_name` varchar(20) NOT NULL,
  `user_password` varchar(100) DEFAULT NULL,
  `user_about` varchar(250) DEFAULT NULL,
  `user_photo_profile` varchar(50) DEFAULT NULL,
  `user_isa` tinyint(2) unsigned NOT NULL,
  `user_entry` datetime NOT NULL,
  `user_update` datetime NOT NULL,
  `user_status` int(11) DEFAULT NULL,
  PRIMARY KEY (`user_id`),
  KEY `myschool_user_fk1` (`user_isa`)
) ENGINE=InnoDB DEFAULT CHARSET=latin1;

--
-- Dumping data for table `myschool_user`
--

INSERT INTO `myschool_user` (`user_id`, `user_references`, `user_name`, `user_password`, `user_about`, `user_photo_profile`, `user_isa`, `user_entry`, `user_update`, `user_status`) VALUES
('201210140000001', '201212010049', 'warman.suganda', '*2470C0C06DEE42FD1618BB99005ADCA2EC9D1E19', NULL, '2012121010400001.jpg', 2, '2012-10-14 21:56:23', '2012-10-14 21:56:27', 1),
('201212140000001', '201212010004', 'heni.rodiah', '*2470C0C06DEE42FD1618BB99005ADCA2EC9D1E19', NULL, 'default-thumbnail.png', 2, '2012-12-14 02:58:47', '2012-12-14 02:58:47', 1),
('201212140000002', '201212010056', 'asep.wahyudin', '*2470C0C06DEE42FD1618BB99005ADCA2EC9D1E19', NULL, 'default-thumbnail.png', 2, '2012-12-14 02:58:47', '2012-12-14 02:58:47', 1),
('201212140000003', '201212010006', 'iing.harin', '*2470C0C06DEE42FD1618BB99005ADCA2EC9D1E19', NULL, 'default-thumbnail.png', 2, '2012-12-14 02:58:47', '2012-12-14 02:58:47', 1),
('201212140000004', '201212010008', 'joko.triyoga', '*2470C0C06DEE42FD1618BB99005ADCA2EC9D1E19', NULL, 'default-thumbnail.png', 2, '2012-12-14 02:58:47', '2012-12-14 02:58:47', 1),
('201212140000005', '201212010001', 'hasanuddin', '*2470C0C06DEE42FD1618BB99005ADCA2EC9D1E19', NULL, 'default-thumbnail.png', 2, '2012-12-14 02:58:47', '2012-12-14 02:58:47', 1),
('201212140000006', '201212010011', 'endang.winarni', '*2470C0C06DEE42FD1618BB99005ADCA2EC9D1E19', NULL, 'default-thumbnail.png', 2, '2012-12-14 02:58:47', '2012-12-14 02:58:47', 1),
('201212140000007', '201212010007', 'endang.eko', '*2470C0C06DEE42FD1618BB99005ADCA2EC9D1E19', NULL, 'default-thumbnail.png', 2, '2012-12-14 02:58:47', '2012-12-14 02:58:47', 1),
('201212140000008', '201212010013', 'arminah', '*2470C0C06DEE42FD1618BB99005ADCA2EC9D1E19', NULL, 'default-thumbnail.png', 2, '2012-12-14 02:58:47', '2012-12-14 02:58:47', 1),
('201212140000009', '201212010003', 'munawir', '*2470C0C06DEE42FD1618BB99005ADCA2EC9D1E19', NULL, 'default-thumbnail.png', 2, '2012-12-14 02:58:47', '2012-12-14 02:58:47', 1),
('201212140000010', '201212010014', 'rm.zaenal', '*2470C0C06DEE42FD1618BB99005ADCA2EC9D1E19', NULL, 'default-thumbnail.png', 2, '2012-12-14 02:58:47', '2012-12-14 02:58:47', 1),
('201212140000011', '201212010026', 'h.opa.mustopa', '*2470C0C06DEE42FD1618BB99005ADCA2EC9D1E19', NULL, 'default-thumbnail.png', 2, '2012-12-14 02:58:47', '2012-12-14 02:58:47', 1),
('201212140000012', '201212010024', 'wara.sriutami', '*2470C0C06DEE42FD1618BB99005ADCA2EC9D1E19', NULL, 'default-thumbnail.png', 2, '2012-12-14 02:58:47', '2012-12-14 02:58:47', 1),
('201212140000013', '201212010010', 'siswati.marliana', '*2470C0C06DEE42FD1618BB99005ADCA2EC9D1E19', NULL, 'default-thumbnail.png', 2, '2012-12-14 02:58:47', '2012-12-14 02:58:47', 1),
('201212140000014', '201212010016', 'm.komarudin', '*2470C0C06DEE42FD1618BB99005ADCA2EC9D1E19', NULL, 'default-thumbnail.png', 2, '2012-12-14 02:58:47', '2012-12-14 02:58:47', 1),
('201212140000015', '201212010022', 'ii.heri', '*2470C0C06DEE42FD1618BB99005ADCA2EC9D1E19', NULL, 'default-thumbnail.png', 2, '2012-12-14 02:58:47', '2012-12-14 02:58:47', 1),
('201212140000016', '201212010025', 'entuy.kurnia', '*2470C0C06DEE42FD1618BB99005ADCA2EC9D1E19', NULL, 'default-thumbnail.png', 2, '2012-12-14 02:58:47', '2012-12-14 02:58:47', 1),
('201212140000017', '201212010017', 'ade.hetti', '*2470C0C06DEE42FD1618BB99005ADCA2EC9D1E19', NULL, 'default-thumbnail.png', 2, '2012-12-14 02:58:47', '2012-12-14 02:58:47', 1),
('201212140000018', '201212010018', 'rini.supiani', '*2470C0C06DEE42FD1618BB99005ADCA2EC9D1E19', NULL, 'default-thumbnail.png', 2, '2012-12-14 02:58:47', '2012-12-14 02:58:47', 1),
('201212140000019', '201212010028', 'rina.diana', '*2470C0C06DEE42FD1618BB99005ADCA2EC9D1E19', NULL, 'default-thumbnail.png', 2, '2012-12-14 02:58:47', '2012-12-14 02:58:47', 1),
('201212140000020', '201212010031', 'euis.haura', '*2470C0C06DEE42FD1618BB99005ADCA2EC9D1E19', NULL, 'default-thumbnail.png', 2, '2012-12-14 02:58:47', '2012-12-14 02:58:47', 1),
('201212140000021', '201212010021', 'enok.ratnaningsih', '*2470C0C06DEE42FD1618BB99005ADCA2EC9D1E19', NULL, 'default-thumbnail.png', 2, '2012-12-14 02:58:47', '2012-12-14 02:58:47', 1),
('201212140000022', '201212010027', 'siti.suci', '*2470C0C06DEE42FD1618BB99005ADCA2EC9D1E19', NULL, 'default-thumbnail.png', 2, '2012-12-14 02:58:47', '2012-12-14 02:58:47', 1),
('201212140000023', '201212010032', 'sri.suryanti', '*2470C0C06DEE42FD1618BB99005ADCA2EC9D1E19', NULL, 'default-thumbnail.png', 2, '2012-12-14 02:58:48', '2012-12-14 02:58:48', 1),
('201212140000024', '201212010054', 'a.k.abdul.gani', '*2470C0C06DEE42FD1618BB99005ADCA2EC9D1E19', NULL, 'default-thumbnail.png', 2, '2012-12-14 02:58:48', '2012-12-14 02:58:48', 1),
('201212140000025', '201212010029', 'warlim.setiawan', '*2470C0C06DEE42FD1618BB99005ADCA2EC9D1E19', NULL, 'default-thumbnail.png', 2, '2012-12-14 02:58:48', '2012-12-14 02:58:48', 1),
('201212140000026', '201212010019', 'karwati', '*2470C0C06DEE42FD1618BB99005ADCA2EC9D1E19', NULL, 'default-thumbnail.png', 2, '2012-12-14 02:58:48', '2012-12-14 02:58:48', 1),
('201212140000027', '201212010015', 'suryati', '*2470C0C06DEE42FD1618BB99005ADCA2EC9D1E19', NULL, 'default-thumbnail.png', 2, '2012-12-14 02:58:48', '2012-12-14 02:58:48', 1),
('201212140000028', '201212010023', 'ema.nurmala', '*2470C0C06DEE42FD1618BB99005ADCA2EC9D1E19', NULL, 'default-thumbnail.png', 2, '2012-12-14 02:58:48', '2012-12-14 02:58:48', 1),
('201212140000029', '201212010005', 'buddy.kusnadi', '*2470C0C06DEE42FD1618BB99005ADCA2EC9D1E19', NULL, 'default-thumbnail.png', 2, '2012-12-14 02:58:48', '2012-12-14 02:58:48', 1),
('201212140000030', '201212010020', 'nurhadi', '*2470C0C06DEE42FD1618BB99005ADCA2EC9D1E19', NULL, 'default-thumbnail.png', 2, '2012-12-14 02:58:48', '2012-12-14 02:58:48', 1),
('201212140000031', '201212010042', 'budi.ramdhani', '*2470C0C06DEE42FD1618BB99005ADCA2EC9D1E19', NULL, 'default-thumbnail.png', 2, '2012-12-14 02:58:48', '2012-12-14 02:58:48', 1),
('201212140000032', '201212010046', 'fera.maulidya', '*2470C0C06DEE42FD1618BB99005ADCA2EC9D1E19', NULL, 'default-thumbnail.png', 2, '2012-12-14 02:58:48', '2012-12-14 02:58:48', 1),
('201212140000033', '201212010038', 'budi.sagita', '*2470C0C06DEE42FD1618BB99005ADCA2EC9D1E19', NULL, 'default-thumbnail.png', 2, '2012-12-14 02:58:48', '2012-12-14 02:58:48', 1),
('201212140000034', '201212010045', 'purwanto', '*2470C0C06DEE42FD1618BB99005ADCA2EC9D1E19', NULL, 'default-thumbnail.png', 2, '2012-12-14 02:58:48', '2012-12-14 02:58:48', 1),
('201212140000035', '201212010002', 'titi.reswati', '*2470C0C06DEE42FD1618BB99005ADCA2EC9D1E19', NULL, 'default-thumbnail.png', 2, '2012-12-14 02:58:48', '2012-12-14 02:58:48', 1),
('201212140000036', '201212010039', 'meidilah.yusup', '*2470C0C06DEE42FD1618BB99005ADCA2EC9D1E19', NULL, 'default-thumbnail.png', 2, '2012-12-14 02:58:48', '2012-12-14 02:58:48', 1),
('201212140000037', '201212010036', 'dadan.gunawan', '*2470C0C06DEE42FD1618BB99005ADCA2EC9D1E19', NULL, 'default-thumbnail.png', 2, '2012-12-14 02:58:48', '2012-12-14 02:58:48', 1),
('201212140000038', '201212010035', 'ine.laksmi', '*2470C0C06DEE42FD1618BB99005ADCA2EC9D1E19', NULL, 'default-thumbnail.png', 2, '2012-12-14 02:58:48', '2012-12-14 02:58:48', 1),
('201212140000039', '201212010047', 'oktafiyanti', '*2470C0C06DEE42FD1618BB99005ADCA2EC9D1E19', NULL, 'default-thumbnail.png', 2, '2012-12-14 02:58:48', '2012-12-14 02:58:48', 1),
('201212140000040', '201212010048', 'iman.muttaqin', '*2470C0C06DEE42FD1618BB99005ADCA2EC9D1E19', NULL, 'default-thumbnail.png', 2, '2012-12-14 02:58:48', '2012-12-14 02:58:48', 1),
('201212140000041', '201212010053', 'yeyen.rohaemi', '*2470C0C06DEE42FD1618BB99005ADCA2EC9D1E19', NULL, 'default-thumbnail.png', 2, '2012-12-14 02:58:48', '2012-12-14 02:58:48', 1),
('201212140000042', '201212010055', 'sekar.fuji', '*2470C0C06DEE42FD1618BB99005ADCA2EC9D1E19', NULL, 'default-thumbnail.png', 2, '2012-12-14 02:58:48', '2012-12-14 02:58:48', 1),
('201212140000043', '201212010050', 'pipit.latifah', '*2470C0C06DEE42FD1618BB99005ADCA2EC9D1E19', NULL, 'default-thumbnail.png', 2, '2012-12-14 02:58:48', '2012-12-14 02:58:48', 1),
('201212140000044', '201212010052', 'hilga.salita', '*2470C0C06DEE42FD1618BB99005ADCA2EC9D1E19', NULL, 'default-thumbnail.png', 2, '2012-12-14 02:58:48', '2012-12-14 02:58:48', 1),
('201212140000045', '201212010051', 'risnandar', '*2470C0C06DEE42FD1618BB99005ADCA2EC9D1E19', NULL, 'default-thumbnail.png', 2, '2012-12-14 02:58:48', '2012-12-14 02:58:48', 1),
('201302140000001', '201212010043', 'asep.sugandi', '*2470C0C06DEE42FD1618BB99005ADCA2EC9D1E19', NULL, 'default-thumbnail.png', 2, '2013-02-14 12:16:34', '2013-02-14 12:16:39', 1);

-- --------------------------------------------------------

--
-- Table structure for table `myschool_usergroup`
--

CREATE TABLE IF NOT EXISTS `myschool_usergroup` (
  `usergroup_id` int(10) unsigned NOT NULL,
  `usergroup_name` varchar(20) NOT NULL,
  `usergroup_status` tinyint(1) unsigned NOT NULL,
  `usergroup_entry` datetime NOT NULL,
  `usergroup_update` datetime NOT NULL,
  PRIMARY KEY (`usergroup_id`)
) ENGINE=InnoDB DEFAULT CHARSET=latin1;

-- --------------------------------------------------------

--
-- Table structure for table `myschool_userprivilege`
--

CREATE TABLE IF NOT EXISTS `myschool_userprivilege` (
  `userprivilege_id` bigint(20) unsigned NOT NULL,
  `userprivilege_user` varchar(16) NOT NULL,
  `userprivilege_group` int(10) unsigned NOT NULL,
  `userprivilege_entry` datetime NOT NULL,
  PRIMARY KEY (`userprivilege_id`),
  KEY `myschool_userprivilege_fk1` (`userprivilege_user`),
  KEY `myschool_userprivilege_fk2` (`userprivilege_group`)
) ENGINE=InnoDB DEFAULT CHARSET=latin1;

-- --------------------------------------------------------

--
-- Table structure for table `public_city`
--

CREATE TABLE IF NOT EXISTS `public_city` (
  `city_id` int(11) NOT NULL,
  `city_name` varchar(30) NOT NULL,
  `city_province` int(11) NOT NULL,
  `city_status` tinyint(1) NOT NULL,
  `city_entry` datetime NOT NULL,
  `city_entry_update` datetime NOT NULL,
  PRIMARY KEY (`city_id`),
  KEY `public_city_fk1` (`city_province`)
) ENGINE=InnoDB DEFAULT CHARSET=latin1;

--
-- Dumping data for table `public_city`
--

INSERT INTO `public_city` (`city_id`, `city_name`, `city_province`, `city_status`, `city_entry`, `city_entry_update`) VALUES
(1, 'KEPULAUAN SERIBU', 1, 1, '2012-10-18 00:00:00', '2012-10-18 00:00:00'),
(2, 'JAKARTA SELATAN', 1, 1, '2012-10-18 00:00:00', '2012-10-18 00:00:00'),
(3, 'JAKARTA TIMUR', 1, 1, '2012-10-18 00:00:00', '2012-10-18 00:00:00'),
(4, 'JAKARTA PUSAT', 1, 1, '2012-10-18 00:00:00', '2012-10-18 00:00:00'),
(5, 'JAKARTA BARAT', 1, 1, '2012-10-18 00:00:00', '2012-10-18 00:00:00'),
(6, 'JAKARTA UTARA', 1, 1, '2012-10-18 00:00:00', '2012-10-18 00:00:00'),
(7, 'BOGOR', 2, 1, '2012-10-18 00:00:00', '2012-10-18 00:00:00'),
(8, 'SUKABUMI', 2, 1, '2012-10-18 00:00:00', '2012-10-18 00:00:00'),
(9, 'CIANJUR', 2, 1, '2012-10-18 00:00:00', '2012-10-18 00:00:00'),
(10, 'BANDUNG', 2, 1, '2012-10-18 00:00:00', '2012-10-18 00:00:00'),
(11, 'GARUT', 2, 1, '2012-10-18 00:00:00', '2012-10-18 00:00:00'),
(12, 'TASIKMALAYA', 2, 1, '2012-10-18 00:00:00', '2012-10-18 00:00:00'),
(13, 'CIAMIS', 2, 1, '2012-10-18 00:00:00', '2012-10-18 00:00:00'),
(14, 'KUNINGAN', 2, 1, '2012-10-18 00:00:00', '2012-10-18 00:00:00'),
(15, 'CIREBON', 2, 1, '2012-10-18 00:00:00', '2012-10-18 00:00:00'),
(16, 'MAJALENGKA', 2, 1, '2012-10-18 00:00:00', '2012-10-18 00:00:00'),
(17, 'SUMEDANG', 2, 1, '2012-10-18 00:00:00', '2012-10-18 00:00:00'),
(18, 'INDRAMAYU', 2, 1, '2012-10-18 00:00:00', '2012-10-18 00:00:00'),
(19, 'SUBANG', 2, 1, '2012-10-18 00:00:00', '2012-10-18 00:00:00'),
(20, 'PURWAKARTA', 2, 1, '2012-10-18 00:00:00', '2012-10-18 00:00:00'),
(21, 'KARAWANG', 2, 1, '2012-10-18 00:00:00', '2012-10-18 00:00:00'),
(22, 'BEKASI', 2, 1, '2012-10-18 00:00:00', '2012-10-18 00:00:00'),
(28, 'DEPOK', 2, 1, '2012-10-18 00:00:00', '2012-10-18 00:00:00'),
(29, 'CIMAHI', 2, 1, '2012-10-18 00:00:00', '2012-10-18 00:00:00'),
(31, 'BANJAR', 2, 1, '2012-10-18 00:00:00', '2012-10-18 00:00:00'),
(32, 'CILACAP', 3, 1, '2012-10-18 00:00:00', '2012-10-18 00:00:00'),
(33, 'BANYUMAS', 3, 1, '2012-10-18 00:00:00', '2012-10-18 00:00:00'),
(34, 'PURBALINGGA', 3, 1, '2012-10-18 00:00:00', '2012-10-18 00:00:00'),
(35, 'BANJARNEGARA', 3, 1, '2012-10-18 00:00:00', '2012-10-18 00:00:00'),
(36, 'KEBUMEN', 3, 1, '2012-10-18 00:00:00', '2012-10-18 00:00:00'),
(37, 'PURWOREJO', 3, 1, '2012-10-18 00:00:00', '2012-10-18 00:00:00'),
(38, 'WONOSOBO', 3, 1, '2012-10-18 00:00:00', '2012-10-18 00:00:00'),
(39, 'MAGELANG', 3, 1, '2012-10-18 00:00:00', '2012-10-18 00:00:00'),
(40, 'BOYOLALI', 3, 1, '2012-10-18 00:00:00', '2012-10-18 00:00:00'),
(41, 'KLATEN', 3, 1, '2012-10-18 00:00:00', '2012-10-18 00:00:00'),
(42, 'SUKOHARJO', 3, 1, '2012-10-18 00:00:00', '2012-10-18 00:00:00'),
(43, 'WONOGIRI', 3, 1, '2012-10-18 00:00:00', '2012-10-18 00:00:00'),
(44, 'KARANG ANYAR', 3, 1, '2012-10-18 00:00:00', '2012-10-18 00:00:00'),
(45, 'SRAGEN', 3, 1, '2012-10-18 00:00:00', '2012-10-18 00:00:00'),
(46, 'GROBOGAN', 3, 1, '2012-10-18 00:00:00', '2012-10-18 00:00:00'),
(47, 'BLORA', 3, 1, '2012-10-18 00:00:00', '2012-10-18 00:00:00'),
(48, 'REMBANG', 3, 1, '2012-10-18 00:00:00', '2012-10-18 00:00:00'),
(49, 'PATI', 3, 1, '2012-10-18 00:00:00', '2012-10-18 00:00:00'),
(50, 'KUDUS', 3, 1, '2012-10-18 00:00:00', '2012-10-18 00:00:00'),
(51, 'JEPARA', 3, 1, '2012-10-18 00:00:00', '2012-10-18 00:00:00'),
(52, 'DEMAK', 3, 1, '2012-10-18 00:00:00', '2012-10-18 00:00:00'),
(53, 'SEMARANG', 3, 1, '2012-10-18 00:00:00', '2012-10-18 00:00:00'),
(54, 'TEMANGGUNG', 3, 1, '2012-10-18 00:00:00', '2012-10-18 00:00:00'),
(55, 'KENDAL', 3, 1, '2012-10-18 00:00:00', '2012-10-18 00:00:00'),
(56, 'BATANG', 3, 1, '2012-10-18 00:00:00', '2012-10-18 00:00:00'),
(57, 'PEKALONGAN', 3, 1, '2012-10-18 00:00:00', '2012-10-18 00:00:00'),
(58, 'PEMALANG', 3, 1, '2012-10-18 00:00:00', '2012-10-18 00:00:00'),
(59, 'TEGAL', 3, 1, '2012-10-18 00:00:00', '2012-10-18 00:00:00'),
(60, 'BREBES', 3, 1, '2012-10-18 00:00:00', '2012-10-18 00:00:00'),
(62, 'SURAKARTA', 3, 1, '2012-10-18 00:00:00', '2012-10-18 00:00:00'),
(63, 'SALATIGA', 3, 1, '2012-10-18 00:00:00', '2012-10-18 00:00:00'),
(67, 'KULON PROGO', 4, 1, '2012-10-18 00:00:00', '2012-10-18 00:00:00'),
(68, 'BANTUL', 4, 1, '2012-10-18 00:00:00', '2012-10-18 00:00:00'),
(69, 'GUNUNG KIDUL', 4, 1, '2012-10-18 00:00:00', '2012-10-18 00:00:00'),
(70, 'SLEMAN', 4, 1, '2012-10-18 00:00:00', '2012-10-18 00:00:00'),
(71, 'YOGYAKARTA', 4, 1, '2012-10-18 00:00:00', '2012-10-18 00:00:00'),
(72, 'PACITAN', 5, 1, '2012-10-18 00:00:00', '2012-10-18 00:00:00'),
(73, 'PONOROGO', 5, 1, '2012-10-18 00:00:00', '2012-10-18 00:00:00'),
(74, 'TRENGGALEK', 5, 1, '2012-10-18 00:00:00', '2012-10-18 00:00:00'),
(75, 'TULUNGAGUNG', 5, 1, '2012-10-18 00:00:00', '2012-10-18 00:00:00'),
(76, 'BLITAR', 5, 1, '2012-10-18 00:00:00', '2012-10-18 00:00:00'),
(77, 'KEDIRI', 5, 1, '2012-10-18 00:00:00', '2012-10-18 00:00:00'),
(78, 'MALANG', 5, 1, '2012-10-18 00:00:00', '2012-10-18 00:00:00'),
(79, 'LUMAJANG', 5, 1, '2012-10-18 00:00:00', '2012-10-18 00:00:00'),
(80, 'JEMBER', 5, 1, '2012-10-18 00:00:00', '2012-10-18 00:00:00'),
(81, 'BANYUWANGI', 5, 1, '2012-10-18 00:00:00', '2012-10-18 00:00:00'),
(82, 'BONDOWOSO', 5, 1, '2012-10-18 00:00:00', '2012-10-18 00:00:00'),
(83, 'SITUBONDO', 5, 1, '2012-10-18 00:00:00', '2012-10-18 00:00:00'),
(84, 'PROBOLINGGO', 5, 1, '2012-10-18 00:00:00', '2012-10-18 00:00:00'),
(85, 'PASURUAN', 5, 1, '2012-10-18 00:00:00', '2012-10-18 00:00:00'),
(86, 'SIDOARJO', 5, 1, '2012-10-18 00:00:00', '2012-10-18 00:00:00'),
(87, 'MOJOKERTO', 5, 1, '2012-10-18 00:00:00', '2012-10-18 00:00:00'),
(88, 'JOMBANG', 5, 1, '2012-10-18 00:00:00', '2012-10-18 00:00:00'),
(89, 'NGANJUK', 5, 1, '2012-10-18 00:00:00', '2012-10-18 00:00:00'),
(90, 'MADIUN', 5, 1, '2012-10-18 00:00:00', '2012-10-18 00:00:00'),
(91, 'MAGETAN', 5, 1, '2012-10-18 00:00:00', '2012-10-18 00:00:00'),
(92, 'NGAWI', 5, 1, '2012-10-18 00:00:00', '2012-10-18 00:00:00'),
(93, 'BOJONEGORO', 5, 1, '2012-10-18 00:00:00', '2012-10-18 00:00:00'),
(94, 'TUBAN', 5, 1, '2012-10-18 00:00:00', '2012-10-18 00:00:00'),
(95, 'LAMONGAN', 5, 1, '2012-10-18 00:00:00', '2012-10-18 00:00:00'),
(96, 'GRESIK', 5, 1, '2012-10-18 00:00:00', '2012-10-18 00:00:00'),
(97, 'BANGKALAN', 5, 1, '2012-10-18 00:00:00', '2012-10-18 00:00:00'),
(98, 'SAMPANG', 5, 1, '2012-10-18 00:00:00', '2012-10-18 00:00:00'),
(99, 'PAMEKASAN', 5, 1, '2012-10-18 00:00:00', '2012-10-18 00:00:00'),
(100, 'SUMENEP', 5, 1, '2012-10-18 00:00:00', '2012-10-18 00:00:00'),
(108, 'SURABAYA', 5, 1, '2012-10-18 00:00:00', '2012-10-18 00:00:00'),
(109, 'BATU', 5, 1, '2012-10-18 00:00:00', '2012-10-18 00:00:00'),
(110, 'SIMEULUE SINABUNG', 6, 1, '2012-10-18 00:00:00', '2012-10-18 00:00:00'),
(111, 'ACEH SINGKIL', 6, 1, '2012-10-18 00:00:00', '2012-10-18 00:00:00'),
(112, 'ACEH SELATAN', 6, 1, '2012-10-18 00:00:00', '2012-10-18 00:00:00'),
(113, 'ACEH TENGGARA', 6, 1, '2012-10-18 00:00:00', '2012-10-18 00:00:00'),
(114, 'ACEH TIMUR', 6, 1, '2012-10-18 00:00:00', '2012-10-18 00:00:00'),
(115, 'ACEH TENGAH', 6, 1, '2012-10-18 00:00:00', '2012-10-18 00:00:00'),
(116, 'ACEH BARAT', 6, 1, '2012-10-18 00:00:00', '2012-10-18 00:00:00'),
(117, 'ACEH BESAR', 6, 1, '2012-10-18 00:00:00', '2012-10-18 00:00:00'),
(118, 'PIDIE', 6, 1, '2012-10-18 00:00:00', '2012-10-18 00:00:00'),
(119, 'BIREUEN', 6, 1, '2012-10-18 00:00:00', '2012-10-18 00:00:00'),
(120, 'ACEH UTARA', 6, 1, '2012-10-18 00:00:00', '2012-10-18 00:00:00'),
(121, 'ACEH BARAT DAYA', 6, 1, '2012-10-18 00:00:00', '2012-10-18 00:00:00'),
(122, 'GAYO LUES', 6, 1, '2012-10-18 00:00:00', '2012-10-18 00:00:00'),
(123, 'ACEH TAMIANG', 6, 1, '2012-10-18 00:00:00', '2012-10-18 00:00:00'),
(124, 'NAGAN RAYA', 6, 1, '2012-10-18 00:00:00', '2012-10-18 00:00:00'),
(125, 'ACEH JAYA', 6, 1, '2012-10-18 00:00:00', '2012-10-18 00:00:00'),
(126, 'BANDA ACEH', 6, 1, '2012-10-18 00:00:00', '2012-10-18 00:00:00'),
(127, 'SABANG', 6, 1, '2012-10-18 00:00:00', '2012-10-18 00:00:00'),
(128, 'LANGSA', 6, 1, '2012-10-18 00:00:00', '2012-10-18 00:00:00'),
(129, 'LHOKSEUMAWE', 6, 1, '2012-10-18 00:00:00', '2012-10-18 00:00:00'),
(130, 'NIAS', 7, 1, '2012-10-18 00:00:00', '2012-10-18 00:00:00'),
(131, 'MANDAILING NATAL', 7, 1, '2012-10-18 00:00:00', '2012-10-18 00:00:00'),
(132, 'TAPANULI SELATAN', 7, 1, '2012-10-18 00:00:00', '2012-10-18 00:00:00'),
(133, 'TAPANULI TENGAH', 7, 1, '2012-10-18 00:00:00', '2012-10-18 00:00:00'),
(134, 'TAPANULI UTARA', 7, 1, '2012-10-18 00:00:00', '2012-10-18 00:00:00'),
(135, 'TOBA SAMOSIR', 7, 1, '2012-10-18 00:00:00', '2012-10-18 00:00:00'),
(136, 'LABUHAN BATU', 7, 1, '2012-10-18 00:00:00', '2012-10-18 00:00:00'),
(137, 'ASAHAN', 7, 1, '2012-10-18 00:00:00', '2012-10-18 00:00:00'),
(138, 'SIMALUNGUN', 7, 1, '2012-10-18 00:00:00', '2012-10-18 00:00:00'),
(139, 'DAIRI', 7, 1, '2012-10-18 00:00:00', '2012-10-18 00:00:00'),
(140, 'KARO', 7, 1, '2012-10-18 00:00:00', '2012-10-18 00:00:00'),
(141, 'DELI SERDANG', 7, 1, '2012-10-18 00:00:00', '2012-10-18 00:00:00'),
(142, 'LANGKAT', 7, 1, '2012-10-18 00:00:00', '2012-10-18 00:00:00'),
(143, 'NIAS SELATAN', 7, 1, '2012-10-18 00:00:00', '2012-10-18 00:00:00'),
(144, 'HUMBANG HASUNDUTAN', 7, 1, '2012-10-18 00:00:00', '2012-10-18 00:00:00'),
(145, 'PAK-PAK BARAT', 7, 1, '2012-10-18 00:00:00', '2012-10-18 00:00:00'),
(146, 'SIBOLGA', 7, 1, '2012-10-18 00:00:00', '2012-10-18 00:00:00'),
(147, 'TANJUNG BALAI', 7, 1, '2012-10-18 00:00:00', '2012-10-18 00:00:00'),
(148, 'PEMATANG SIANTAR', 7, 1, '2012-10-18 00:00:00', '2012-10-18 00:00:00'),
(149, 'TEBING TINGGI', 7, 1, '2012-10-18 00:00:00', '2012-10-18 00:00:00'),
(150, 'MEDAN', 7, 1, '2012-10-18 00:00:00', '2012-10-18 00:00:00'),
(151, 'BINJAI', 7, 1, '2012-10-18 00:00:00', '2012-10-18 00:00:00'),
(152, 'PADANG SIDEMPUAN', 7, 1, '2012-10-18 00:00:00', '2012-10-18 00:00:00'),
(153, 'KEPULAUAN MENTAWAI', 8, 1, '2012-10-18 00:00:00', '2012-10-18 00:00:00'),
(154, 'PESISIR SELATAN', 8, 1, '2012-10-18 00:00:00', '2012-10-18 00:00:00'),
(155, 'SOLOK', 8, 1, '2012-10-18 00:00:00', '2012-10-18 00:00:00'),
(156, 'SAWAH LUNTO', 8, 1, '2012-10-18 00:00:00', '2012-10-18 00:00:00'),
(157, 'TANAH DATAR', 8, 1, '2012-10-18 00:00:00', '2012-10-18 00:00:00'),
(158, 'PADANG PARIAMAN', 8, 1, '2012-10-18 00:00:00', '2012-10-18 00:00:00'),
(159, 'AGAM', 8, 1, '2012-10-18 00:00:00', '2012-10-18 00:00:00'),
(160, 'LIMA PULUH KOTO', 8, 1, '2012-10-18 00:00:00', '2012-10-18 00:00:00'),
(161, 'PASAMAN', 8, 1, '2012-10-18 00:00:00', '2012-10-18 00:00:00'),
(162, 'PADANG', 8, 1, '2012-10-18 00:00:00', '2012-10-18 00:00:00'),
(165, 'PADANG PANJANG', 8, 1, '2012-10-18 00:00:00', '2012-10-18 00:00:00'),
(166, 'BUKITTINGGI', 8, 1, '2012-10-18 00:00:00', '2012-10-18 00:00:00'),
(167, 'PAYAKUMBUH', 8, 1, '2012-10-18 00:00:00', '2012-10-18 00:00:00'),
(168, 'PARIAMAN', 8, 1, '2012-10-18 00:00:00', '2012-10-18 00:00:00'),
(169, 'KUANTAN SINGINGI', 9, 1, '2012-10-18 00:00:00', '2012-10-18 00:00:00'),
(170, 'INDRAGIRI HULU', 9, 1, '2012-10-18 00:00:00', '2012-10-18 00:00:00'),
(171, 'INDRAGIRI HILIR', 9, 1, '2012-10-18 00:00:00', '2012-10-18 00:00:00'),
(172, 'PELALAWAN', 9, 1, '2012-10-18 00:00:00', '2012-10-18 00:00:00'),
(173, 'SIAK', 9, 1, '2012-10-18 00:00:00', '2012-10-18 00:00:00'),
(174, 'KAMPAR', 9, 1, '2012-10-18 00:00:00', '2012-10-18 00:00:00'),
(175, 'ROKAN HULU', 9, 1, '2012-10-18 00:00:00', '2012-10-18 00:00:00'),
(176, 'BENGKALIS', 9, 1, '2012-10-18 00:00:00', '2012-10-18 00:00:00'),
(177, 'ROKAN HILIR', 9, 1, '2012-10-18 00:00:00', '2012-10-18 00:00:00'),
(178, 'PEKANBARU', 9, 1, '2012-10-18 00:00:00', '2012-10-18 00:00:00'),
(179, 'DUMAI', 9, 1, '2012-10-18 00:00:00', '2012-10-18 00:00:00'),
(180, 'KERINCI', 10, 1, '2012-10-18 00:00:00', '2012-10-18 00:00:00'),
(181, 'MERANGIN', 10, 1, '2012-10-18 00:00:00', '2012-10-18 00:00:00'),
(182, 'SAROLANGUN', 10, 1, '2012-10-18 00:00:00', '2012-10-18 00:00:00'),
(183, 'BATANG HARI', 10, 1, '2012-10-18 00:00:00', '2012-10-18 00:00:00'),
(184, 'MUARO JAMBI', 10, 1, '2012-10-18 00:00:00', '2012-10-18 00:00:00'),
(185, 'TANJUNG JABUNG TIMUR', 10, 1, '2012-10-18 00:00:00', '2012-10-18 00:00:00'),
(186, 'TANJUNG JABUNG BARAT', 10, 1, '2012-10-18 00:00:00', '2012-10-18 00:00:00'),
(187, 'TEBO', 10, 1, '2012-10-18 00:00:00', '2012-10-18 00:00:00'),
(188, 'BUNGO', 10, 1, '2012-10-18 00:00:00', '2012-10-18 00:00:00'),
(189, 'JAMBI', 10, 1, '2012-10-18 00:00:00', '2012-10-18 00:00:00'),
(190, 'OGAN KOMERING ULU', 11, 1, '2012-10-18 00:00:00', '2012-10-18 00:00:00'),
(191, 'OGAN KOMERING ILIR', 11, 1, '2012-10-18 00:00:00', '2012-10-18 00:00:00'),
(192, 'MUARA ENIM', 11, 1, '2012-10-18 00:00:00', '2012-10-18 00:00:00'),
(193, 'LAHAT', 11, 1, '2012-10-18 00:00:00', '2012-10-18 00:00:00'),
(194, 'MUSI RAWAS', 11, 1, '2012-10-18 00:00:00', '2012-10-18 00:00:00'),
(195, 'MUSI BANYUASIN', 11, 1, '2012-10-18 00:00:00', '2012-10-18 00:00:00'),
(196, 'BANYUASIN', 11, 1, '2012-10-18 00:00:00', '2012-10-18 00:00:00'),
(197, 'PALEMBANG', 11, 1, '2012-10-18 00:00:00', '2012-10-18 00:00:00'),
(198, 'PRABUMULIH', 11, 1, '2012-10-18 00:00:00', '2012-10-18 00:00:00'),
(199, 'PAGARALAM', 11, 1, '2012-10-18 00:00:00', '2012-10-18 00:00:00'),
(200, 'LUBUK LINGGAU', 11, 1, '2012-10-18 00:00:00', '2012-10-18 00:00:00'),
(201, 'LAMPUNG BARAT', 12, 1, '2012-10-18 00:00:00', '2012-10-18 00:00:00'),
(202, 'TANGGAMUS', 12, 1, '2012-10-18 00:00:00', '2012-10-18 00:00:00'),
(203, 'LAMPUNG SELATAN', 12, 1, '2012-10-18 00:00:00', '2012-10-18 00:00:00'),
(204, 'LAMPUNG TIMUR', 12, 1, '2012-10-18 00:00:00', '2012-10-18 00:00:00'),
(205, 'LAMPUNG TENGAH', 12, 1, '2012-10-18 00:00:00', '2012-10-18 00:00:00'),
(206, 'LAMPUNG UTARA', 12, 1, '2012-10-18 00:00:00', '2012-10-18 00:00:00'),
(207, 'WAY KANAN', 12, 1, '2012-10-18 00:00:00', '2012-10-18 00:00:00'),
(208, 'TULANGBAWANG', 12, 1, '2012-10-18 00:00:00', '2012-10-18 00:00:00'),
(209, 'BANDAR LAMPUNG', 12, 1, '2012-10-18 00:00:00', '2012-10-18 00:00:00'),
(210, 'METRO', 12, 1, '2012-10-18 00:00:00', '2012-10-18 00:00:00'),
(211, 'SAMBAS', 13, 1, '2012-10-18 00:00:00', '2012-10-18 00:00:00'),
(212, 'BENGKAYANG', 13, 1, '2012-10-18 00:00:00', '2012-10-18 00:00:00'),
(213, 'LANDAK', 13, 1, '2012-10-18 00:00:00', '2012-10-18 00:00:00'),
(214, 'PONTIANAK', 13, 1, '2012-10-18 00:00:00', '2012-10-18 00:00:00'),
(215, 'SANGGAU', 13, 1, '2012-10-18 00:00:00', '2012-10-18 00:00:00'),
(216, 'KETAPANG', 13, 1, '2012-10-18 00:00:00', '2012-10-18 00:00:00'),
(217, 'SINTANG', 13, 1, '2012-10-18 00:00:00', '2012-10-18 00:00:00'),
(218, 'KAPUAS HULU', 13, 1, '2012-10-18 00:00:00', '2012-10-18 00:00:00'),
(220, 'SINGKAWANG', 13, 1, '2012-10-18 00:00:00', '2012-10-18 00:00:00'),
(221, 'KOTAWARINGIN BARAT', 14, 1, '2012-10-18 00:00:00', '2012-10-18 00:00:00'),
(222, 'KOTAWARINGIN TIMUR', 14, 1, '2012-10-18 00:00:00', '2012-10-18 00:00:00'),
(223, 'KAPUAS', 14, 1, '2012-10-18 00:00:00', '2012-10-18 00:00:00'),
(224, 'BARITO SELATAN', 14, 1, '2012-10-18 00:00:00', '2012-10-18 00:00:00'),
(225, 'BARITO UTARA', 14, 1, '2012-10-18 00:00:00', '2012-10-18 00:00:00'),
(226, 'SUKAMARA', 14, 1, '2012-10-18 00:00:00', '2012-10-18 00:00:00'),
(227, 'LAMANDAU', 14, 1, '2012-10-18 00:00:00', '2012-10-18 00:00:00'),
(228, 'SERUYAN', 14, 1, '2012-10-18 00:00:00', '2012-10-18 00:00:00'),
(229, 'KATINGAN', 14, 1, '2012-10-18 00:00:00', '2012-10-18 00:00:00'),
(230, 'PULANG PISAU', 14, 1, '2012-10-18 00:00:00', '2012-10-18 00:00:00'),
(231, 'GUNUNG MAS', 14, 1, '2012-10-18 00:00:00', '2012-10-18 00:00:00'),
(232, 'BARITO TIMUR', 14, 1, '2012-10-18 00:00:00', '2012-10-18 00:00:00'),
(233, 'MURUNG RAYA', 14, 1, '2012-10-18 00:00:00', '2012-10-18 00:00:00'),
(234, 'PALANGKA RAYA', 14, 1, '2012-10-18 00:00:00', '2012-10-18 00:00:00'),
(235, 'TANAH LAUT', 15, 1, '2012-10-18 00:00:00', '2012-10-18 00:00:00'),
(236, 'KOTABARU', 15, 1, '2012-10-18 00:00:00', '2012-10-18 00:00:00'),
(238, 'BARITO KUALA', 15, 1, '2012-10-18 00:00:00', '2012-10-18 00:00:00'),
(239, 'TAPIN', 15, 1, '2012-10-18 00:00:00', '2012-10-18 00:00:00'),
(240, 'HULU SUNGAI SELATAN', 15, 1, '2012-10-18 00:00:00', '2012-10-18 00:00:00'),
(241, 'HULU SUNGAI TENGAH', 15, 1, '2012-10-18 00:00:00', '2012-10-18 00:00:00'),
(242, 'HULU SUNGAI UTARA', 15, 1, '2012-10-18 00:00:00', '2012-10-18 00:00:00'),
(243, 'TABALONG', 15, 1, '2012-10-18 00:00:00', '2012-10-18 00:00:00'),
(244, 'TANAH BUMBU', 15, 1, '2012-10-18 00:00:00', '2012-10-18 00:00:00'),
(245, 'BALANGAN', 15, 1, '2012-10-18 00:00:00', '2012-10-18 00:00:00'),
(246, 'BANJARMASIN', 15, 1, '2012-10-18 00:00:00', '2012-10-18 00:00:00'),
(247, 'BANJARBARU', 15, 1, '2012-10-18 00:00:00', '2012-10-18 00:00:00'),
(248, 'PASIR', 16, 1, '2012-10-18 00:00:00', '2012-10-18 00:00:00'),
(249, 'KUTAI BARAT', 16, 1, '2012-10-18 00:00:00', '2012-10-18 00:00:00'),
(250, 'KUTAI', 16, 1, '2012-10-18 00:00:00', '2012-10-18 00:00:00'),
(251, 'KUTAI TIMUR', 16, 1, '2012-10-18 00:00:00', '2012-10-18 00:00:00'),
(252, 'BERAU', 16, 1, '2012-10-18 00:00:00', '2012-10-18 00:00:00'),
(253, 'MALINAU', 16, 1, '2012-10-18 00:00:00', '2012-10-18 00:00:00'),
(254, 'BULUNGAN', 16, 1, '2012-10-18 00:00:00', '2012-10-18 00:00:00'),
(255, 'NUNUKAN', 16, 1, '2012-10-18 00:00:00', '2012-10-18 00:00:00'),
(256, 'PENAJAM PASIR UTARA', 16, 1, '2012-10-18 00:00:00', '2012-10-18 00:00:00'),
(257, 'BALIKPAPAN', 16, 1, '2012-10-18 00:00:00', '2012-10-18 00:00:00'),
(258, 'SAMARINDA', 16, 1, '2012-10-18 00:00:00', '2012-10-18 00:00:00'),
(259, 'TARAKAN', 16, 1, '2012-10-18 00:00:00', '2012-10-18 00:00:00'),
(260, 'BONTANG', 16, 1, '2012-10-18 00:00:00', '2012-10-18 00:00:00'),
(261, 'BOLAANG MONGONDOW', 17, 1, '2012-10-18 00:00:00', '2012-10-18 00:00:00'),
(262, 'MINAHASA', 17, 1, '2012-10-18 00:00:00', '2012-10-18 00:00:00'),
(263, 'SANGIHE', 17, 1, '2012-10-18 00:00:00', '2012-10-18 00:00:00'),
(264, 'TALAUD', 17, 1, '2012-10-18 00:00:00', '2012-10-18 00:00:00'),
(265, 'MINAHASA SELATAN', 17, 1, '2012-10-18 00:00:00', '2012-10-18 00:00:00'),
(266, 'MANADO', 17, 1, '2012-10-18 00:00:00', '2012-10-18 00:00:00'),
(267, 'BITUNG', 17, 1, '2012-10-18 00:00:00', '2012-10-18 00:00:00'),
(268, 'TOMOHON', 17, 1, '2012-10-18 00:00:00', '2012-10-18 00:00:00'),
(269, 'PULAU BANGGAI', 18, 1, '2012-10-18 00:00:00', '2012-10-18 00:00:00'),
(270, 'BANGGAI', 18, 1, '2012-10-18 00:00:00', '2012-10-18 00:00:00'),
(271, 'MOROWALI', 18, 1, '2012-10-18 00:00:00', '2012-10-18 00:00:00'),
(272, 'POSO', 18, 1, '2012-10-18 00:00:00', '2012-10-18 00:00:00'),
(273, 'DONGGALA', 18, 1, '2012-10-18 00:00:00', '2012-10-18 00:00:00'),
(274, 'TOLI-TOLI', 18, 1, '2012-10-18 00:00:00', '2012-10-18 00:00:00'),
(275, 'BUOL', 18, 1, '2012-10-18 00:00:00', '2012-10-18 00:00:00'),
(276, 'PARIGI MOUTONG', 18, 1, '2012-10-18 00:00:00', '2012-10-18 00:00:00'),
(277, 'PALU', 18, 1, '2012-10-18 00:00:00', '2012-10-18 00:00:00'),
(278, 'SELAYAR', 19, 1, '2012-10-18 00:00:00', '2012-10-18 00:00:00'),
(279, 'BULUKUMBA', 19, 1, '2012-10-18 00:00:00', '2012-10-18 00:00:00'),
(280, 'BANTAENG', 19, 1, '2012-10-18 00:00:00', '2012-10-18 00:00:00'),
(281, 'JENEPONTO', 19, 1, '2012-10-18 00:00:00', '2012-10-18 00:00:00'),
(282, 'TAKALAR', 19, 1, '2012-10-18 00:00:00', '2012-10-18 00:00:00'),
(283, 'GOWA', 19, 1, '2012-10-18 00:00:00', '2012-10-18 00:00:00'),
(284, 'SINJAI', 19, 1, '2012-10-18 00:00:00', '2012-10-18 00:00:00'),
(285, 'MAROS', 19, 1, '2012-10-18 00:00:00', '2012-10-18 00:00:00'),
(286, 'PANGKAJENE', 19, 1, '2012-10-18 00:00:00', '2012-10-18 00:00:00'),
(287, 'BARRU', 19, 1, '2012-10-18 00:00:00', '2012-10-18 00:00:00'),
(288, 'BONE', 19, 1, '2012-10-18 00:00:00', '2012-10-18 00:00:00'),
(289, 'SOPPENG', 19, 1, '2012-10-18 00:00:00', '2012-10-18 00:00:00'),
(290, 'WAJO', 19, 1, '2012-10-18 00:00:00', '2012-10-18 00:00:00'),
(291, 'SIDENRENG RAPPANG', 19, 1, '2012-10-18 00:00:00', '2012-10-18 00:00:00'),
(292, 'PINRANG', 19, 1, '2012-10-18 00:00:00', '2012-10-18 00:00:00'),
(293, 'ENREKANG', 19, 1, '2012-10-18 00:00:00', '2012-10-18 00:00:00'),
(294, 'LUWU', 19, 1, '2012-10-18 00:00:00', '2012-10-18 00:00:00'),
(295, 'TANA TORAJA', 19, 1, '2012-10-18 00:00:00', '2012-10-18 00:00:00'),
(296, 'LUWU UTARA', 19, 1, '2012-10-18 00:00:00', '2012-10-18 00:00:00'),
(297, 'LUWU TIMUR', 19, 1, '2012-10-18 00:00:00', '2012-10-18 00:00:00'),
(298, 'MAKASSAR', 19, 1, '2012-10-18 00:00:00', '2012-10-18 00:00:00'),
(299, 'PARE-PARE', 19, 1, '2012-10-18 00:00:00', '2012-10-18 00:00:00'),
(300, 'PALOPO', 19, 1, '2012-10-18 00:00:00', '2012-10-18 00:00:00'),
(301, 'BUTON', 20, 1, '2012-10-18 00:00:00', '2012-10-18 00:00:00'),
(302, 'MUNA', 20, 1, '2012-10-18 00:00:00', '2012-10-18 00:00:00'),
(303, 'KENDARI', 20, 1, '2012-10-18 00:00:00', '2012-10-18 00:00:00'),
(304, 'KOLAKA', 20, 1, '2012-10-18 00:00:00', '2012-10-18 00:00:00'),
(306, 'BAU-BAU', 20, 1, '2012-10-18 00:00:00', '2012-10-18 00:00:00'),
(307, 'KONAWE SELATAN', 20, 1, '2012-10-18 00:00:00', '2012-10-18 00:00:00'),
(308, 'MALUKU TENGGARA BARA', 21, 1, '2012-10-18 00:00:00', '2012-10-18 00:00:00'),
(309, 'MALUKU TENGGARA', 21, 1, '2012-10-18 00:00:00', '2012-10-18 00:00:00'),
(310, 'MALUKU TENGAH', 21, 1, '2012-10-18 00:00:00', '2012-10-18 00:00:00'),
(311, 'BURU', 21, 1, '2012-10-18 00:00:00', '2012-10-18 00:00:00'),
(312, 'AMBON', 21, 1, '2012-10-18 00:00:00', '2012-10-18 00:00:00'),
(313, 'JEMBRANA', 22, 1, '2012-10-18 00:00:00', '2012-10-18 00:00:00'),
(314, 'TABANAN', 22, 1, '2012-10-18 00:00:00', '2012-10-18 00:00:00'),
(315, 'BADUNG', 22, 1, '2012-10-18 00:00:00', '2012-10-18 00:00:00'),
(316, 'GIANYAR', 22, 1, '2012-10-18 00:00:00', '2012-10-18 00:00:00'),
(317, 'KLUNGKUNG', 22, 1, '2012-10-18 00:00:00', '2012-10-18 00:00:00'),
(318, 'BANGLI', 22, 1, '2012-10-18 00:00:00', '2012-10-18 00:00:00'),
(319, 'KARANG ASEM', 22, 1, '2012-10-18 00:00:00', '2012-10-18 00:00:00'),
(320, 'BULELENG', 22, 1, '2012-10-18 00:00:00', '2012-10-18 00:00:00'),
(321, 'DENPASAR', 22, 1, '2012-10-18 00:00:00', '2012-10-18 00:00:00'),
(322, 'LOMBOK BARAT', 23, 1, '2012-10-18 00:00:00', '2012-10-18 00:00:00'),
(323, 'LOMBOK TENGAH', 23, 1, '2012-10-18 00:00:00', '2012-10-18 00:00:00'),
(324, 'LOMBOK TIMUR', 23, 1, '2012-10-18 00:00:00', '2012-10-18 00:00:00'),
(325, 'SUMBAWA', 23, 1, '2012-10-18 00:00:00', '2012-10-18 00:00:00'),
(326, 'DOMPU', 23, 1, '2012-10-18 00:00:00', '2012-10-18 00:00:00'),
(327, 'BIMA', 23, 1, '2012-10-18 00:00:00', '2012-10-18 00:00:00'),
(328, 'MATARAM', 23, 1, '2012-10-18 00:00:00', '2012-10-18 00:00:00'),
(330, 'SUMBA BARAT', 24, 1, '2012-10-18 00:00:00', '2012-10-18 00:00:00'),
(331, 'SUMBA TIMUR', 24, 1, '2012-10-18 00:00:00', '2012-10-18 00:00:00'),
(332, 'KUPANG', 24, 1, '2012-10-18 00:00:00', '2012-10-18 00:00:00'),
(333, 'TIMOR TENGAH SELATAN', 24, 1, '2012-10-18 00:00:00', '2012-10-18 00:00:00'),
(334, 'TIMOR TENGAH UTARA', 24, 1, '2012-10-18 00:00:00', '2012-10-18 00:00:00'),
(335, 'BELU', 24, 1, '2012-10-18 00:00:00', '2012-10-18 00:00:00'),
(336, 'ALOR', 24, 1, '2012-10-18 00:00:00', '2012-10-18 00:00:00'),
(337, 'LEMBATA', 24, 1, '2012-10-18 00:00:00', '2012-10-18 00:00:00'),
(338, 'FLORES TIMUR', 24, 1, '2012-10-18 00:00:00', '2012-10-18 00:00:00'),
(339, 'SIKKA', 24, 1, '2012-10-18 00:00:00', '2012-10-18 00:00:00'),
(340, 'ENDE', 24, 1, '2012-10-18 00:00:00', '2012-10-18 00:00:00'),
(341, 'NGADA', 24, 1, '2012-10-18 00:00:00', '2012-10-18 00:00:00'),
(342, 'MANGGARAI', 24, 1, '2012-10-18 00:00:00', '2012-10-18 00:00:00'),
(343, 'ROTE NDAO', 24, 1, '2012-10-18 00:00:00', '2012-10-18 00:00:00'),
(344, 'MANGGARAI BARAT', 24, 1, '2012-10-18 00:00:00', '2012-10-18 00:00:00'),
(346, 'MERAUKE', 25, 1, '2012-10-18 00:00:00', '2012-10-18 00:00:00'),
(347, 'JAYA WIJAYA', 25, 1, '2012-10-18 00:00:00', '2012-10-18 00:00:00'),
(348, 'JAYAPURA', 25, 1, '2012-10-18 00:00:00', '2012-10-18 00:00:00'),
(349, 'NABIRE', 25, 1, '2012-10-18 00:00:00', '2012-10-18 00:00:00'),
(350, 'YAPEN WAROPEN', 25, 1, '2012-10-18 00:00:00', '2012-10-18 00:00:00'),
(351, 'BIAK NUMFOR', 25, 1, '2012-10-18 00:00:00', '2012-10-18 00:00:00'),
(352, 'PANIAI', 25, 1, '2012-10-18 00:00:00', '2012-10-18 00:00:00'),
(353, 'PUNCAK JAYA', 25, 1, '2012-10-18 00:00:00', '2012-10-18 00:00:00'),
(354, 'MIMIKA', 25, 1, '2012-10-18 00:00:00', '2012-10-18 00:00:00'),
(355, 'BOVEN DIGOEL', 25, 1, '2012-10-18 00:00:00', '2012-10-18 00:00:00'),
(356, 'MAPPI', 25, 1, '2012-10-18 00:00:00', '2012-10-18 00:00:00'),
(357, 'ASMAT', 25, 1, '2012-10-18 00:00:00', '2012-10-18 00:00:00'),
(358, 'YAKUHIMO', 25, 1, '2012-10-18 00:00:00', '2012-10-18 00:00:00'),
(359, 'GUNUNG BINTANG', 25, 1, '2012-10-18 00:00:00', '2012-10-18 00:00:00'),
(360, 'TOLIKARA', 25, 1, '2012-10-18 00:00:00', '2012-10-18 00:00:00'),
(361, 'SARMI', 25, 1, '2012-10-18 00:00:00', '2012-10-18 00:00:00'),
(362, 'KEEROM', 25, 1, '2012-10-18 00:00:00', '2012-10-18 00:00:00'),
(363, 'WAROPEN', 25, 1, '2012-10-18 00:00:00', '2012-10-18 00:00:00'),
(365, 'BENGKULU SELATAN', 26, 1, '2012-10-18 00:00:00', '2012-10-18 00:00:00'),
(366, 'REJANG LEBONG', 26, 1, '2012-10-18 00:00:00', '2012-10-18 00:00:00'),
(367, 'BENGKULU UTARA', 26, 1, '2012-10-18 00:00:00', '2012-10-18 00:00:00'),
(368, 'KAUR', 26, 1, '2012-10-18 00:00:00', '2012-10-18 00:00:00'),
(369, 'SELUMA', 26, 1, '2012-10-18 00:00:00', '2012-10-18 00:00:00'),
(370, 'MUKO-MUKO', 26, 1, '2012-10-18 00:00:00', '2012-10-18 00:00:00'),
(371, 'BENGKULU', 26, 1, '2012-10-18 00:00:00', '2012-10-18 00:00:00'),
(372, 'PANDEGLANG', 27, 1, '2012-10-18 00:00:00', '2012-10-18 00:00:00'),
(373, 'LEBAK', 27, 1, '2012-10-18 00:00:00', '2012-10-18 00:00:00'),
(374, 'TANGERANG', 27, 1, '2012-10-18 00:00:00', '2012-10-18 00:00:00'),
(375, 'SERANG', 27, 1, '2012-10-18 00:00:00', '2012-10-18 00:00:00'),
(377, 'CILEGON', 27, 1, '2012-10-18 00:00:00', '2012-10-18 00:00:00'),
(378, 'HALMAHERA BARAT', 28, 1, '2012-10-18 00:00:00', '2012-10-18 00:00:00'),
(379, 'HALMAHERA TENGAH', 28, 1, '2012-10-18 00:00:00', '2012-10-18 00:00:00'),
(380, 'PULAU SULA', 28, 1, '2012-10-18 00:00:00', '2012-10-18 00:00:00'),
(381, 'HALMAHERA SELATAN', 28, 1, '2012-10-18 00:00:00', '2012-10-18 00:00:00'),
(382, 'HALMAHERA UTARA', 28, 1, '2012-10-18 00:00:00', '2012-10-18 00:00:00'),
(383, 'HALMAHERA TIMUR', 28, 1, '2012-10-18 00:00:00', '2012-10-18 00:00:00'),
(384, 'TERNATE', 28, 1, '2012-10-18 00:00:00', '2012-10-18 00:00:00'),
(385, 'TIDORE', 28, 1, '2012-10-18 00:00:00', '2012-10-18 00:00:00'),
(386, 'BANGKA', 29, 1, '2012-10-18 00:00:00', '2012-10-18 00:00:00'),
(387, 'BELITUNG', 29, 1, '2012-10-18 00:00:00', '2012-10-18 00:00:00'),
(388, 'BANGKA SELATAN', 29, 1, '2012-10-18 00:00:00', '2012-10-18 00:00:00'),
(389, 'BANGKA TENGAH', 29, 1, '2012-10-18 00:00:00', '2012-10-18 00:00:00'),
(390, 'BANGKA BARAT', 29, 1, '2012-10-18 00:00:00', '2012-10-18 00:00:00'),
(391, 'BELITUNG TIMUR', 29, 1, '2012-10-18 00:00:00', '2012-10-18 00:00:00'),
(392, 'PANGKALPINANG', 29, 1, '2012-10-18 00:00:00', '2012-10-18 00:00:00'),
(393, 'BOALEMO', 30, 1, '2012-10-18 00:00:00', '2012-10-18 00:00:00'),
(394, 'GORONTALO', 30, 1, '2012-10-18 00:00:00', '2012-10-18 00:00:00'),
(395, 'PUHUWATO', 30, 1, '2012-10-18 00:00:00', '2012-10-18 00:00:00'),
(396, 'BONE BOLANGO', 30, 1, '2012-10-18 00:00:00', '2012-10-18 00:00:00'),
(398, 'FAK-FAK', 31, 1, '2012-10-18 00:00:00', '2012-10-18 00:00:00'),
(399, 'SORONG', 31, 1, '2012-10-18 00:00:00', '2012-10-18 00:00:00'),
(400, 'MANOKWARI', 31, 1, '2012-10-18 00:00:00', '2012-10-18 00:00:00'),
(401, 'KAIMANA', 31, 1, '2012-10-18 00:00:00', '2012-10-18 00:00:00'),
(402, 'SORONG SELATAN', 31, 1, '2012-10-18 00:00:00', '2012-10-18 00:00:00'),
(403, 'RAJA AMPAT', 31, 1, '2012-10-18 00:00:00', '2012-10-18 00:00:00'),
(404, 'TELUK BINTUNI', 31, 1, '2012-10-18 00:00:00', '2012-10-18 00:00:00'),
(405, 'TELUK WONDANA', 31, 1, '2012-10-18 00:00:00', '2012-10-18 00:00:00'),
(407, 'KARIMUN', 32, 1, '2012-10-18 00:00:00', '2012-10-18 00:00:00'),
(408, 'KEPULAUAN RIAU', 32, 1, '2012-10-18 00:00:00', '2012-10-18 00:00:00'),
(409, 'NATUNA', 32, 1, '2012-10-18 00:00:00', '2012-10-18 00:00:00'),
(410, 'BATAM', 32, 1, '2012-10-18 00:00:00', '2012-10-18 00:00:00'),
(411, 'TANJUNG PINANG', 32, 1, '2012-10-18 00:00:00', '2012-10-18 00:00:00'),
(412, 'MAMUJU', 33, 1, '2012-10-18 00:00:00', '2012-10-18 00:00:00'),
(413, 'MAMUJU UTARA', 33, 1, '2012-10-18 00:00:00', '2012-10-18 00:00:00'),
(414, 'MAJENE', 33, 1, '2012-10-18 00:00:00', '2012-10-18 00:00:00'),
(415, 'POLEWALI MANDAR', 33, 1, '2012-10-18 00:00:00', '2012-10-18 00:00:00'),
(416, 'MAMASA', 33, 1, '2012-10-18 00:00:00', '2012-10-18 00:00:00'),
(417, 'OGAN ILIR', 11, 1, '2012-10-18 00:00:00', '2012-10-18 00:00:00'),
(418, 'OKU TIMUR', 11, 1, '2012-10-18 00:00:00', '2012-10-18 00:00:00'),
(419, 'OKU SELATAN', 11, 1, '2012-10-18 00:00:00', '2012-10-18 00:00:00'),
(420, 'SERAM BAGIAN BARAT', 21, 1, '2012-10-18 00:00:00', '2012-10-18 00:00:00'),
(421, 'SERAM BARAT TIMUR', 21, 1, '2012-10-18 00:00:00', '2012-10-18 00:00:00'),
(422, 'ARU', 21, 1, '2012-10-18 00:00:00', '2012-10-18 00:00:00'),
(423, 'MINAHASA UTARA', 17, 1, '2012-10-18 00:00:00', '2012-10-18 00:00:00'),
(424, 'SUPIORI', 25, 1, '2012-10-18 00:00:00', '2012-10-18 00:00:00'),
(425, 'SOLO', 3, 1, '2012-11-26 00:00:00', '2012-11-26 00:00:00');

-- --------------------------------------------------------

--
-- Table structure for table `public_country`
--

CREATE TABLE IF NOT EXISTS `public_country` (
  `country_id` int(11) NOT NULL,
  `country_name` varchar(30) NOT NULL,
  `country_entry` datetime NOT NULL,
  `country_entry_update` datetime NOT NULL,
  PRIMARY KEY (`country_id`)
) ENGINE=InnoDB DEFAULT CHARSET=latin1;

--
-- Dumping data for table `public_country`
--

INSERT INTO `public_country` (`country_id`, `country_name`, `country_entry`, `country_entry_update`) VALUES
(1, 'INDONESIA', '2012-11-10 22:12:40', '2012-11-10 22:12:43');

-- --------------------------------------------------------

--
-- Table structure for table `public_distance`
--

CREATE TABLE IF NOT EXISTS `public_distance` (
  `distance_id` tinyint(2) NOT NULL,
  `distance_title` varchar(50) NOT NULL,
  `distance_isother` tinyint(1) NOT NULL,
  `distance_entry` datetime DEFAULT NULL,
  `distance_entry_update` datetime NOT NULL,
  PRIMARY KEY (`distance_id`)
) ENGINE=InnoDB DEFAULT CHARSET=latin1;

--
-- Dumping data for table `public_distance`
--

INSERT INTO `public_distance` (`distance_id`, `distance_title`, `distance_isother`, `distance_entry`, `distance_entry_update`) VALUES
(1, 'Kurang dari 1 Km', 0, '2012-11-29 23:08:34', '2012-11-29 23:08:36'),
(2, 'Lebih dari 1 Km', 1, '2012-11-29 23:08:56', '2012-11-29 23:08:59');

-- --------------------------------------------------------

--
-- Table structure for table `public_education`
--

CREATE TABLE IF NOT EXISTS `public_education` (
  `education_id` tinyint(4) NOT NULL,
  `educaition_title` varchar(20) NOT NULL,
  `education_entry` datetime NOT NULL,
  `education_entry_update` datetime NOT NULL,
  PRIMARY KEY (`education_id`)
) ENGINE=InnoDB DEFAULT CHARSET=latin1;

--
-- Dumping data for table `public_education`
--

INSERT INTO `public_education` (`education_id`, `educaition_title`, `education_entry`, `education_entry_update`) VALUES
(1, 'Tidak Sekolah', '2012-11-10 08:55:11', '2012-11-10 08:55:16'),
(2, 'SD / Sederajat', '2012-11-10 08:55:42', '2012-11-10 08:55:45'),
(3, 'SMP / Sederajat', '2012-11-10 08:56:05', '2012-11-10 08:56:07'),
(4, 'SMA / Sederajat', '2012-11-10 08:56:18', '2012-11-10 08:56:20'),
(5, 'D1', '2012-11-10 08:56:39', '2012-11-10 08:56:42'),
(6, 'D2', '2012-11-10 08:57:02', '2012-11-10 08:57:04'),
(7, 'D3', '2012-11-10 08:57:12', '2012-11-10 08:57:15'),
(8, 'D4/S1', '2012-11-10 08:57:36', '2012-11-10 08:57:38'),
(9, 'S2', '2012-11-10 08:57:45', '2012-11-10 08:57:52'),
(10, 'S3', '2012-11-10 08:58:05', '2012-11-10 08:58:08');

-- --------------------------------------------------------

--
-- Table structure for table `public_gender`
--

CREATE TABLE IF NOT EXISTS `public_gender` (
  `gender_id` tinyint(1) NOT NULL,
  `gender_title` varchar(20) NOT NULL,
  PRIMARY KEY (`gender_id`)
) ENGINE=InnoDB DEFAULT CHARSET=latin1;

--
-- Dumping data for table `public_gender`
--

INSERT INTO `public_gender` (`gender_id`, `gender_title`) VALUES
(1, 'Laki - Laki'),
(2, 'Perempuan');

-- --------------------------------------------------------

--
-- Table structure for table `public_job`
--

CREATE TABLE IF NOT EXISTS `public_job` (
  `job_id` tinyint(4) NOT NULL,
  `job_name` varchar(30) NOT NULL,
  `job_isother` tinyint(1) unsigned NOT NULL,
  `job_entry` datetime NOT NULL,
  `job_entry_update` datetime NOT NULL,
  PRIMARY KEY (`job_id`)
) ENGINE=InnoDB DEFAULT CHARSET=latin1;

--
-- Dumping data for table `public_job`
--

INSERT INTO `public_job` (`job_id`, `job_name`, `job_isother`, `job_entry`, `job_entry_update`) VALUES
(-1, 'Lainnya', 1, '2012-11-10 08:53:10', '2012-11-10 08:53:15'),
(1, 'Tidak Bekerja', 0, '2012-11-10 08:48:48', '2012-11-10 08:48:50'),
(2, 'Nelayan', 0, '2012-11-10 08:49:08', '2012-11-10 08:49:10'),
(3, 'Petani', 0, '2012-11-10 08:49:24', '2012-11-10 08:49:26'),
(4, 'Peternak', 0, '2012-11-10 08:49:53', '2012-11-10 08:49:55'),
(5, 'PNS/TNI/Polri', 0, '2012-11-10 08:50:25', '2012-11-10 08:50:28'),
(6, 'Karyawan Swasta', 0, '2012-11-10 08:51:05', '2012-11-10 08:51:07'),
(7, 'Pedagang Kecil', 0, '2012-11-10 08:51:23', '2012-11-10 08:51:26'),
(8, 'Pedagang Besar', 0, '2012-11-10 08:51:43', '2012-11-10 08:51:46'),
(9, 'Wiraswasta', 0, '2012-11-10 08:52:03', '2012-11-10 08:52:05'),
(10, 'Wirausaha', 0, '2012-11-10 08:52:27', '2012-11-10 08:52:29'),
(11, 'Buruh', 0, '2012-11-10 08:52:42', '2012-11-10 08:52:44'),
(12, 'Pensiun', 0, '2012-11-10 08:52:54', '2012-11-10 08:52:58');

-- --------------------------------------------------------

--
-- Table structure for table `public_province`
--

CREATE TABLE IF NOT EXISTS `public_province` (
  `province_id` int(11) NOT NULL,
  `province_name` varchar(30) NOT NULL,
  `province_country` int(11) NOT NULL,
  `province_status` tinyint(1) NOT NULL,
  `province_entry` datetime NOT NULL,
  `province_entry_update` datetime NOT NULL,
  PRIMARY KEY (`province_id`),
  KEY `public_province_fk1` (`province_country`)
) ENGINE=InnoDB DEFAULT CHARSET=latin1;

--
-- Dumping data for table `public_province`
--

INSERT INTO `public_province` (`province_id`, `province_name`, `province_country`, `province_status`, `province_entry`, `province_entry_update`) VALUES
(1, 'DKI JAKARTA', 1, 1, '2012-10-18 00:00:00', '2012-10-18 00:00:00'),
(2, 'JAWA BARAT', 1, 1, '2012-10-18 00:00:00', '2012-10-18 00:00:00'),
(3, 'JAWA TENGAH', 1, 1, '2012-10-18 00:00:00', '2012-10-18 00:00:00'),
(4, 'D I YOGYAKARTA', 1, 1, '2012-10-18 00:00:00', '2012-10-18 00:00:00'),
(5, 'JAWA TIMUR', 1, 1, '2012-10-18 00:00:00', '2012-10-18 00:00:00'),
(6, 'ACEH DARUSSALAM', 1, 1, '2012-10-18 00:00:00', '2012-10-18 00:00:00'),
(7, 'SUMATERA UTARA', 1, 1, '2012-10-18 00:00:00', '2012-10-18 00:00:00'),
(8, 'SUMATERA BARAT', 1, 1, '2012-10-18 00:00:00', '2012-10-18 00:00:00'),
(9, 'RIAU', 1, 1, '2012-10-18 00:00:00', '2012-10-18 00:00:00'),
(10, 'JAMBI', 1, 1, '2012-10-18 00:00:00', '2012-10-18 00:00:00'),
(11, 'SUMATERA SELATAN', 1, 1, '2012-10-18 00:00:00', '2012-10-18 00:00:00'),
(12, 'LAMPUNG', 1, 1, '2012-10-18 00:00:00', '2012-10-18 00:00:00'),
(13, 'KALIMANTAN BARAT', 1, 1, '2012-10-18 00:00:00', '2012-10-18 00:00:00'),
(14, 'KALIMANTAN TENGAH', 1, 1, '2012-10-18 00:00:00', '2012-10-18 00:00:00'),
(15, 'KALIMANTAN SELATAN', 1, 1, '2012-10-18 00:00:00', '2012-10-18 00:00:00'),
(16, 'KALIMANTAN TIMUR', 1, 1, '2012-10-18 00:00:00', '2012-10-18 00:00:00'),
(17, 'SULAWESI UTARA', 1, 1, '2012-10-18 00:00:00', '2012-10-18 00:00:00'),
(18, 'SULAWESI TENGAH', 1, 1, '2012-10-18 00:00:00', '2012-10-18 00:00:00'),
(19, 'SULAWESI SELATAN', 1, 1, '2012-10-18 00:00:00', '2012-10-18 00:00:00'),
(20, 'SULAWESI TENGGARA', 1, 1, '2012-10-18 00:00:00', '2012-10-18 00:00:00'),
(21, 'MALUKU', 1, 1, '2012-10-18 00:00:00', '2012-10-18 00:00:00'),
(22, 'BALI', 1, 1, '2012-10-18 00:00:00', '2012-10-18 00:00:00'),
(23, 'NUSA TENGGARA BARAT', 1, 1, '2012-10-18 00:00:00', '2012-10-18 00:00:00'),
(24, 'NUSA TENGGARA TIMUR', 1, 1, '2012-10-18 00:00:00', '2012-10-18 00:00:00'),
(25, 'PAPUA', 1, 1, '2012-10-18 00:00:00', '2012-10-18 00:00:00'),
(26, 'BENGKULU', 1, 1, '2012-10-18 00:00:00', '2012-10-18 00:00:00'),
(27, 'BANTEN', 1, 1, '2012-10-18 00:00:00', '2012-10-18 00:00:00'),
(28, 'MALUKU UTARA', 1, 1, '2012-10-18 00:00:00', '2012-10-18 00:00:00'),
(29, 'BANGKA BELITUNG', 1, 1, '2012-10-18 00:00:00', '2012-10-18 00:00:00'),
(30, 'GORONTALO', 1, 1, '2012-10-18 00:00:00', '2012-10-18 00:00:00'),
(31, 'IRIAN JAYA BARAT', 1, 1, '2012-10-18 00:00:00', '2012-10-18 00:00:00'),
(32, 'KEPULAUAN RIAU', 1, 1, '2012-10-18 00:00:00', '2012-10-18 00:00:00'),
(33, 'SULAWESI BARAT', 1, 1, '2012-10-18 00:00:00', '2012-10-18 00:00:00');

-- --------------------------------------------------------

--
-- Table structure for table `public_religion`
--

CREATE TABLE IF NOT EXISTS `public_religion` (
  `religion_id` tinyint(2) NOT NULL,
  `religion_name` varchar(30) NOT NULL,
  `religion_isother` tinyint(1) NOT NULL,
  `religion_entry` datetime NOT NULL,
  `religion_entry_update` datetime NOT NULL,
  PRIMARY KEY (`religion_id`)
) ENGINE=InnoDB DEFAULT CHARSET=latin1;

--
-- Dumping data for table `public_religion`
--

INSERT INTO `public_religion` (`religion_id`, `religion_name`, `religion_isother`, `religion_entry`, `religion_entry_update`) VALUES
(-1, 'Lainnya', 1, '2012-11-10 08:23:12', '2012-11-10 08:23:25'),
(1, 'Islam', 0, '2012-11-10 08:22:47', '2012-11-10 08:22:50'),
(2, 'Kristen / Protestan', 0, '2012-11-10 08:22:53', '2012-11-10 08:22:56'),
(3, 'Katholik', 0, '2012-11-10 08:23:00', '2012-11-10 08:23:15'),
(4, 'Hindu', 0, '2012-11-10 08:23:03', '2012-11-10 08:23:18'),
(5, 'Budha', 0, '2012-11-10 08:23:06', '2012-11-10 08:23:20'),
(6, 'Khong Hu Chu', 0, '2012-11-10 08:23:09', '2012-11-10 08:23:22');

-- --------------------------------------------------------

--
-- Table structure for table `public_transportation`
--

CREATE TABLE IF NOT EXISTS `public_transportation` (
  `transportation_id` tinyint(2) NOT NULL,
  `transportation_name` varchar(100) NOT NULL,
  `transportation_isother` tinyint(1) unsigned DEFAULT NULL,
  `transportation_entry` datetime NOT NULL,
  `transportation_update` datetime NOT NULL,
  PRIMARY KEY (`transportation_id`)
) ENGINE=InnoDB DEFAULT CHARSET=latin1;

--
-- Dumping data for table `public_transportation`
--

INSERT INTO `public_transportation` (`transportation_id`, `transportation_name`, `transportation_isother`, `transportation_entry`, `transportation_update`) VALUES
(-1, 'Lainnya', 1, '2012-11-10 09:22:30', '2012-11-10 09:22:32'),
(1, 'Jalan Kaki', 0, '2012-11-10 09:19:55', '2012-11-10 09:19:57'),
(2, 'Kendaraan Pribadi', 0, '2012-11-10 09:20:08', '2012-11-10 09:20:10'),
(3, 'Kendaraan Umum/Angkot/Pete-pete', 0, '2012-11-10 09:20:36', '2012-11-10 09:20:39'),
(4, 'Jemputan Sekolah', 0, '2012-11-10 09:21:01', '2012-11-10 09:21:04'),
(5, 'Kereta Api', 0, '2012-11-10 09:21:21', '2012-11-10 09:21:23'),
(6, 'Andong/Bendi/Sado/Delman/Becak', 0, '2012-11-10 09:21:51', '2012-11-10 09:21:54'),
(7, 'Perahu Penyebrangan/Rakit/Getek', 0, '2012-11-10 09:22:19', '2012-11-10 09:22:21');

--
-- Constraints for dumped tables
--

--
-- Constraints for table `academic_attendance`
--
ALTER TABLE `academic_attendance`
  ADD CONSTRAINT `academic_attendance_fk1` FOREIGN KEY (`attendance_student`) REFERENCES `academic_student` (`student_nis`) ON UPDATE CASCADE,
  ADD CONSTRAINT `academic_attendance_fk2` FOREIGN KEY (`attendance_guidance`) REFERENCES `academic_guidance` (`guidance_id`) ON UPDATE CASCADE,
  ADD CONSTRAINT `academic_attendance_fk3` FOREIGN KEY (`attendance_score_type`) REFERENCES `academic_score_type` (`score_type_id`) ON UPDATE CASCADE;

--
-- Constraints for table `academic_base_competence`
--
ALTER TABLE `academic_base_competence`
  ADD CONSTRAINT `academic_base_competence_fk1` FOREIGN KEY (`base_competence_teacher`) REFERENCES `employees` (`employees_id`) ON UPDATE CASCADE,
  ADD CONSTRAINT `academic_base_competence_fk2` FOREIGN KEY (`base_competence_period`) REFERENCES `academic_period` (`period_id`) ON UPDATE CASCADE,
  ADD CONSTRAINT `academic_base_competence_fk3` FOREIGN KEY (`base_competence_semester`) REFERENCES `academic_semester` (`semester_id`) ON UPDATE CASCADE,
  ADD CONSTRAINT `academic_base_competence_fk4` FOREIGN KEY (`base_competence_subject`) REFERENCES `academic_subject` (`subject_id`) ON UPDATE CASCADE,
  ADD CONSTRAINT `academic_base_competence_fk5` FOREIGN KEY (`base_competence_grade`) REFERENCES `academic_grade` (`grade_id`) ON UPDATE CASCADE;

--
-- Constraints for table `academic_classgroup`
--
ALTER TABLE `academic_classgroup`
  ADD CONSTRAINT `academic_classgroup_fk1` FOREIGN KEY (`classgroup_grade`) REFERENCES `academic_grade` (`grade_id`) ON UPDATE CASCADE,
  ADD CONSTRAINT `academic_classgroup_fk2` FOREIGN KEY (`classgroup_name`) REFERENCES `academic_classroom` (`classroom_id`) ON UPDATE CASCADE,
  ADD CONSTRAINT `academic_classgroup_fk3` FOREIGN KEY (`classgroup_guardian`) REFERENCES `employees` (`employees_id`) ON UPDATE CASCADE,
  ADD CONSTRAINT `academic_classgroup_fk4` FOREIGN KEY (`classgroup_period`) REFERENCES `academic_period` (`period_id`) ON UPDATE CASCADE,
  ADD CONSTRAINT `academic_classgroup_fk5` FOREIGN KEY (`classgroup_room`) REFERENCES `asset_infrastructure` (`infrastructure_id`) ON UPDATE CASCADE,
  ADD CONSTRAINT `academic_classgroup_fk6` FOREIGN KEY (`classgroup_semester`) REFERENCES `academic_semester` (`semester_id`) ON UPDATE CASCADE;

--
-- Constraints for table `academic_classhistory`
--
ALTER TABLE `academic_classhistory`
  ADD CONSTRAINT `academic_classhistory_fk1` FOREIGN KEY (`classhistory_student`) REFERENCES `academic_student` (`student_nis`) ON UPDATE CASCADE,
  ADD CONSTRAINT `academic_classhistory_fk2` FOREIGN KEY (`classhistory_classgroup`) REFERENCES `academic_classgroup` (`classgroup_id`) ON UPDATE CASCADE,
  ADD CONSTRAINT `academic_classhistory_fk3` FOREIGN KEY (`classhistory_status`) REFERENCES `academic_classhistory_status` (`classhistory_status_id`) ON UPDATE CASCADE;

--
-- Constraints for table `academic_extracurricular_coach_history`
--
ALTER TABLE `academic_extracurricular_coach_history`
  ADD CONSTRAINT `academic_extracurricular_coach_history_fk1` FOREIGN KEY (`extracurricular_coach_history_name`) REFERENCES `employees` (`employees_id`) ON UPDATE CASCADE,
  ADD CONSTRAINT `academic_extracurricular_coach_history_fk2` FOREIGN KEY (`extracurricular_coach_history_field`) REFERENCES `academic_extracurricular` (`extracurricular_id`) ON UPDATE CASCADE,
  ADD CONSTRAINT `academic_extracurricular_coach_history_fk3` FOREIGN KEY (`extracurricular_coach_history_period`) REFERENCES `academic_period` (`period_id`) ON UPDATE CASCADE,
  ADD CONSTRAINT `academic_extracurricular_coach_history_fk4` FOREIGN KEY (`extracurricular_coach_history_semester`) REFERENCES `academic_semester` (`semester_id`) ON UPDATE CASCADE;

--
-- Constraints for table `academic_extracurricular_participant`
--
ALTER TABLE `academic_extracurricular_participant`
  ADD CONSTRAINT `academic_extracurricular_participant_fk1` FOREIGN KEY (`extracurricular_participant_name`) REFERENCES `academic_student` (`student_nis`) ON UPDATE CASCADE,
  ADD CONSTRAINT `academic_extracurricular_participant_fk2` FOREIGN KEY (`extracurricular_participant_activity`) REFERENCES `academic_extracurricular_coach_history` (`extracurricular_coach_history_id`) ON UPDATE CASCADE;

--
-- Constraints for table `academic_guidance`
--
ALTER TABLE `academic_guidance`
  ADD CONSTRAINT `academic_guidance_fk1` FOREIGN KEY (`guidance_classgroup`) REFERENCES `academic_classgroup` (`classgroup_id`) ON UPDATE CASCADE,
  ADD CONSTRAINT `academic_guidance_fk2` FOREIGN KEY (`guidance_teacher`) REFERENCES `employees` (`employees_id`) ON UPDATE CASCADE,
  ADD CONSTRAINT `academic_guidance_fk3` FOREIGN KEY (`guidance_period`) REFERENCES `academic_period` (`period_id`) ON UPDATE CASCADE,
  ADD CONSTRAINT `academic_guidance_fk4` FOREIGN KEY (`guidance_semester`) REFERENCES `academic_semester` (`semester_id`) ON UPDATE CASCADE;

--
-- Constraints for table `academic_mlc`
--
ALTER TABLE `academic_mlc`
  ADD CONSTRAINT `academic_mlc_fk1` FOREIGN KEY (`mlc_subject`) REFERENCES `academic_subject` (`subject_id`) ON UPDATE CASCADE,
  ADD CONSTRAINT `academic_mlc_fk2` FOREIGN KEY (`mlc_period`) REFERENCES `academic_period` (`period_id`) ON UPDATE CASCADE,
  ADD CONSTRAINT `academic_mlc_fk3` FOREIGN KEY (`mlc_grade`) REFERENCES `academic_grade` (`grade_id`) ON UPDATE CASCADE,
  ADD CONSTRAINT `academic_mlc_fk4` FOREIGN KEY (`mlc_semester`) REFERENCES `academic_semester` (`semester_id`) ON UPDATE CASCADE;

--
-- Constraints for table `academic_report_publishing`
--
ALTER TABLE `academic_report_publishing`
  ADD CONSTRAINT `academic_report_publishing_fk1` FOREIGN KEY (`report_publishing_type`) REFERENCES `academic_score_type` (`score_type_id`) ON UPDATE CASCADE,
  ADD CONSTRAINT `academic_report_publishing_fk2` FOREIGN KEY (`report_publishing_period`) REFERENCES `academic_period` (`period_id`) ON UPDATE CASCADE,
  ADD CONSTRAINT `academic_report_publishing_fk3` FOREIGN KEY (`report_publishing_semester`) REFERENCES `academic_semester` (`semester_id`) ON UPDATE CASCADE;

--
-- Constraints for table `academic_score`
--
ALTER TABLE `academic_score`
  ADD CONSTRAINT `academic_score_fk1` FOREIGN KEY (`score_teaching`) REFERENCES `academic_teaching` (`teaching_id`) ON UPDATE CASCADE,
  ADD CONSTRAINT `academic_score_fk3` FOREIGN KEY (`score_student`) REFERENCES `academic_student` (`student_nis`) ON UPDATE CASCADE,
  ADD CONSTRAINT `academic_score_fk5` FOREIGN KEY (`score_status`) REFERENCES `academic_score_status` (`score_status_id`) ON UPDATE CASCADE,
  ADD CONSTRAINT `academic_score_fk6` FOREIGN KEY (`score_type`) REFERENCES `academic_score_type` (`score_type_id`) ON UPDATE CASCADE;

--
-- Constraints for table `academic_score_attitude`
--
ALTER TABLE `academic_score_attitude`
  ADD CONSTRAINT `academic_score_attitude_fk1` FOREIGN KEY (`score_attitude_student`) REFERENCES `academic_student` (`student_nis`) ON UPDATE CASCADE,
  ADD CONSTRAINT `academic_score_attitude_fk2` FOREIGN KEY (`score_attitude_period`) REFERENCES `academic_period` (`period_id`) ON UPDATE CASCADE,
  ADD CONSTRAINT `academic_score_attitude_fk3` FOREIGN KEY (`score_attitude_semester`) REFERENCES `academic_semester` (`semester_id`) ON UPDATE CASCADE,
  ADD CONSTRAINT `academic_score_attitude_fk4` FOREIGN KEY (`score_attitude_subject`) REFERENCES `academic_subject` (`subject_id`) ON UPDATE CASCADE;

--
-- Constraints for table `academic_score_daily`
--
ALTER TABLE `academic_score_daily`
  ADD CONSTRAINT `academic_score_daily_fk2` FOREIGN KEY (`score_daily_competence`) REFERENCES `academic_base_competence` (`base_competence_id`) ON UPDATE CASCADE,
  ADD CONSTRAINT `academic_score_daily_fk3` FOREIGN KEY (`score_daily_period`) REFERENCES `academic_period` (`period_id`) ON UPDATE CASCADE,
  ADD CONSTRAINT `academic_score_daily_fk5` FOREIGN KEY (`score_daily_student`) REFERENCES `academic_student` (`student_nis`) ON UPDATE CASCADE,
  ADD CONSTRAINT `academic_score_daily_fk6` FOREIGN KEY (`score_daily_semester`) REFERENCES `academic_semester` (`semester_id`) ON UPDATE CASCADE;

--
-- Constraints for table `academic_score_extracurricular`
--
ALTER TABLE `academic_score_extracurricular`
  ADD CONSTRAINT `academic_score_extracurricular_fk1` FOREIGN KEY (`score_extracurricular`) REFERENCES `academic_extracurricular_coach_history` (`extracurricular_coach_history_id`) ON UPDATE CASCADE,
  ADD CONSTRAINT `academic_score_extracurricular_fk2` FOREIGN KEY (`score_extracurricular_type`) REFERENCES `academic_score_type` (`score_type_id`) ON UPDATE CASCADE,
  ADD CONSTRAINT `academic_score_extracurricular_fk3` FOREIGN KEY (`score_extracurricular_student`) REFERENCES `academic_student` (`student_nis`) ON UPDATE CASCADE;

--
-- Constraints for table `academic_score_final`
--
ALTER TABLE `academic_score_final`
  ADD CONSTRAINT `academic_score_final_fk1` FOREIGN KEY (`score_final_student`) REFERENCES `academic_student` (`student_nis`) ON UPDATE CASCADE,
  ADD CONSTRAINT `academic_score_final_fk2` FOREIGN KEY (`score_final_subject`) REFERENCES `academic_subject` (`subject_id`) ON UPDATE CASCADE,
  ADD CONSTRAINT `academic_score_final_fk3` FOREIGN KEY (`score_final_period`) REFERENCES `academic_period` (`period_id`) ON UPDATE CASCADE,
  ADD CONSTRAINT `academic_score_final_fk4` FOREIGN KEY (`score_final_semester`) REFERENCES `academic_semester` (`semester_id`) ON UPDATE CASCADE;

--
-- Constraints for table `academic_score_guidance`
--
ALTER TABLE `academic_score_guidance`
  ADD CONSTRAINT `academic_score_guidance_fk1` FOREIGN KEY (`score_guidance_guidance`) REFERENCES `academic_guidance` (`guidance_id`) ON UPDATE CASCADE,
  ADD CONSTRAINT `academic_score_guidance_fk2` FOREIGN KEY (`score_guidance_student`) REFERENCES `academic_student` (`student_nis`) ON UPDATE CASCADE,
  ADD CONSTRAINT `academic_score_guidance_fk3` FOREIGN KEY (`score_guidance_type`) REFERENCES `academic_score_type` (`score_type_id`) ON UPDATE CASCADE,
  ADD CONSTRAINT `academic_score_guidance_fk4` FOREIGN KEY (`score_guidance_desc`) REFERENCES `academic_guidance_description` (`guidance_description`) ON UPDATE CASCADE;

--
-- Constraints for table `academic_score_mid`
--
ALTER TABLE `academic_score_mid`
  ADD CONSTRAINT `academic_score_mid_fk1` FOREIGN KEY (`score_mid_student`) REFERENCES `academic_student` (`student_nis`) ON UPDATE CASCADE,
  ADD CONSTRAINT `academic_score_mid_fk2` FOREIGN KEY (`score_mid_period`) REFERENCES `academic_period` (`period_id`) ON UPDATE CASCADE,
  ADD CONSTRAINT `academic_score_mid_fk3` FOREIGN KEY (`score_mid_semester`) REFERENCES `academic_semester` (`semester_id`) ON UPDATE CASCADE,
  ADD CONSTRAINT `academic_score_mid_fk4` FOREIGN KEY (`score_mid_subject`) REFERENCES `academic_subject` (`subject_id`) ON UPDATE CASCADE;

--
-- Constraints for table `academic_score_percentase`
--
ALTER TABLE `academic_score_percentase`
  ADD CONSTRAINT `academic_score_percentase_fk1` FOREIGN KEY (`score_percentase_recap`) REFERENCES `academic_recapitulation_type` (`recapitulation_type_id`) ON UPDATE CASCADE,
  ADD CONSTRAINT `academic_score_percentase_fk2` FOREIGN KEY (`score_percentase_teacher`) REFERENCES `employees` (`employees_id`) ON UPDATE CASCADE,
  ADD CONSTRAINT `academic_score_percentase_fk3` FOREIGN KEY (`score_percentase_subject`) REFERENCES `academic_subject` (`subject_id`) ON UPDATE CASCADE,
  ADD CONSTRAINT `academic_score_percentase_fk4` FOREIGN KEY (`score_percentase_grade`) REFERENCES `academic_grade` (`grade_id`) ON UPDATE CASCADE,
  ADD CONSTRAINT `academic_score_percentase_fk5` FOREIGN KEY (`score_percentase_period`) REFERENCES `academic_period` (`period_id`) ON UPDATE CASCADE,
  ADD CONSTRAINT `academic_score_percentase_fk6` FOREIGN KEY (`score_percentase_semester`) REFERENCES `academic_semester` (`semester_id`) ON UPDATE CASCADE;

--
-- Constraints for table `academic_score_task`
--
ALTER TABLE `academic_score_task`
  ADD CONSTRAINT `academic_score_task_fk1` FOREIGN KEY (`score_task_student`) REFERENCES `academic_student` (`student_nis`) ON UPDATE CASCADE,
  ADD CONSTRAINT `academic_score_task_fk2` FOREIGN KEY (`score_task_description`) REFERENCES `academic_task_description` (`task_description_id`) ON UPDATE CASCADE;

--
-- Constraints for table `academic_student`
--
ALTER TABLE `academic_student`
  ADD CONSTRAINT `academic_student_fk1` FOREIGN KEY (`student_gender`) REFERENCES `public_gender` (`gender_id`) ON UPDATE CASCADE,
  ADD CONSTRAINT `academic_student_fk2` FOREIGN KEY (`student_religion`) REFERENCES `public_religion` (`religion_id`) ON UPDATE CASCADE,
  ADD CONSTRAINT `academic_student_fk3` FOREIGN KEY (`student_transportation`) REFERENCES `public_transportation` (`transportation_id`) ON UPDATE CASCADE,
  ADD CONSTRAINT `academic_student_fk4` FOREIGN KEY (`student_residance`) REFERENCES `academic_student_residance` (`student_residance_id`) ON UPDATE CASCADE,
  ADD CONSTRAINT `academic_student_fk5` FOREIGN KEY (`student_specialneeds`) REFERENCES `academic_student_special_needs` (`student_special_needs_id`) ON UPDATE CASCADE,
  ADD CONSTRAINT `academic_student_fk6` FOREIGN KEY (`student_city`) REFERENCES `public_city` (`city_id`) ON UPDATE CASCADE,
  ADD CONSTRAINT `academic_student_fk7` FOREIGN KEY (`student_distance`) REFERENCES `public_distance` (`distance_id`) ON UPDATE CASCADE;

--
-- Constraints for table `academic_student_academic_history`
--
ALTER TABLE `academic_student_academic_history`
  ADD CONSTRAINT `academic_student_academic_history_fk1` FOREIGN KEY (`academic_history_student`) REFERENCES `academic_student` (`student_nis`) ON UPDATE CASCADE,
  ADD CONSTRAINT `academic_student_academic_history_fk2` FOREIGN KEY (`academic_history_level`) REFERENCES `public_education` (`education_id`) ON UPDATE CASCADE;

--
-- Constraints for table `academic_student_achievement`
--
ALTER TABLE `academic_student_achievement`
  ADD CONSTRAINT `academic_student_achievement_fk1` FOREIGN KEY (`student_achievement_student`) REFERENCES `academic_student` (`student_nis`) ON UPDATE CASCADE,
  ADD CONSTRAINT `academic_student_achievement_fk2` FOREIGN KEY (`student_achievement_level`) REFERENCES `academic_student_achievement_level` (`achievement_level_id`) ON UPDATE CASCADE,
  ADD CONSTRAINT `academic_student_achievement_fk3` FOREIGN KEY (`student_achievement_contest_type`) REFERENCES `academic_achievement_contest_type` (`achievement_contest_type_id`) ON UPDATE CASCADE;

--
-- Constraints for table `academic_student_parent`
--
ALTER TABLE `academic_student_parent`
  ADD CONSTRAINT `academic_student_parent_fk1` FOREIGN KEY (`student_parent_of`) REFERENCES `academic_student` (`student_nis`) ON UPDATE CASCADE,
  ADD CONSTRAINT `academic_student_parent_fk2` FOREIGN KEY (`student_parent_job`) REFERENCES `public_job` (`job_id`) ON UPDATE CASCADE,
  ADD CONSTRAINT `academic_student_parent_fk3` FOREIGN KEY (`student_parent_lasteducation`) REFERENCES `public_education` (`education_id`) ON UPDATE CASCADE,
  ADD CONSTRAINT `academic_student_parent_fk4` FOREIGN KEY (`student_parent_icome`) REFERENCES `academic_student_parent_icome` (`student_parent_icome_id`) ON UPDATE CASCADE,
  ADD CONSTRAINT `academic_student_parent_fk5` FOREIGN KEY (`student_parent_identity`) REFERENCES `academic_student_parent_identity` (`student_parent_identity_id`) ON UPDATE CASCADE,
  ADD CONSTRAINT `academic_student_parent_fk6` FOREIGN KEY (`student_parent_city`) REFERENCES `public_city` (`city_id`) ON UPDATE CASCADE,
  ADD CONSTRAINT `academic_student_parent_fk7` FOREIGN KEY (`student_parent_religion`) REFERENCES `public_religion` (`religion_id`) ON UPDATE CASCADE;

--
-- Constraints for table `academic_student_scholarship`
--
ALTER TABLE `academic_student_scholarship`
  ADD CONSTRAINT `academic_student_scholarship_fk1` FOREIGN KEY (`student_scholarship_student`) REFERENCES `academic_student` (`student_nis`) ON UPDATE CASCADE,
  ADD CONSTRAINT `academic_student_scholarship_fk2` FOREIGN KEY (`student_scholarship_type`) REFERENCES `academic_student_scholarship_type` (`scholarship_type_id`) ON UPDATE CASCADE;

--
-- Constraints for table `academic_subject`
--
ALTER TABLE `academic_subject`
  ADD CONSTRAINT `academic_subject_fk1` FOREIGN KEY (`subject_category`) REFERENCES `academic_subject_category` (`subject_category_id`) ON UPDATE CASCADE;

--
-- Constraints for table `academic_task_description`
--
ALTER TABLE `academic_task_description`
  ADD CONSTRAINT `academic_task_description_fk1` FOREIGN KEY (`task_description_semester`) REFERENCES `academic_semester` (`semester_id`) ON UPDATE CASCADE,
  ADD CONSTRAINT `academic_task_description_fk2` FOREIGN KEY (`task_description_teacher`) REFERENCES `employees` (`employees_id`) ON UPDATE CASCADE,
  ADD CONSTRAINT `academic_task_description_fk3` FOREIGN KEY (`task_description_period`) REFERENCES `academic_period` (`period_id`) ON UPDATE CASCADE,
  ADD CONSTRAINT `academic_task_description_fk4` FOREIGN KEY (`task_description_subject`) REFERENCES `academic_subject` (`subject_id`) ON UPDATE CASCADE,
  ADD CONSTRAINT `academic_task_description_fk5` FOREIGN KEY (`task_description_garde`) REFERENCES `academic_grade` (`grade_id`) ON UPDATE CASCADE;

--
-- Constraints for table `academic_teaching`
--
ALTER TABLE `academic_teaching`
  ADD CONSTRAINT `academic_teaching_fk1` FOREIGN KEY (`teaching_teacher`) REFERENCES `employees` (`employees_id`) ON UPDATE CASCADE,
  ADD CONSTRAINT `academic_teaching_fk2` FOREIGN KEY (`teaching_classgroup`) REFERENCES `academic_classgroup` (`classgroup_id`) ON UPDATE CASCADE,
  ADD CONSTRAINT `academic_teaching_fk3` FOREIGN KEY (`teaching_subject`) REFERENCES `academic_subject` (`subject_id`) ON UPDATE CASCADE,
  ADD CONSTRAINT `academic_teaching_fk4` FOREIGN KEY (`teaching_period`) REFERENCES `academic_period` (`period_id`) ON UPDATE CASCADE,
  ADD CONSTRAINT `academic_teaching_fk5` FOREIGN KEY (`teaching_semester`) REFERENCES `academic_semester` (`semester_id`) ON UPDATE CASCADE;

--
-- Constraints for table `asset_infrastructure`
--
ALTER TABLE `asset_infrastructure`
  ADD CONSTRAINT `asset_infrastructure_fk1` FOREIGN KEY (`infrastructure_condition`) REFERENCES `asset_infrastructure_condition` (`infrastructure_condition_id`) ON UPDATE CASCADE;

--
-- Constraints for table `employees`
--
ALTER TABLE `employees`
  ADD CONSTRAINT `employees_fk1` FOREIGN KEY (`employees_desc`) REFERENCES `employees_jobdescription` (`jobdescription_id`) ON UPDATE CASCADE,
  ADD CONSTRAINT `employees_fk2` FOREIGN KEY (`employees_gender`) REFERENCES `public_gender` (`gender_id`) ON UPDATE CASCADE,
  ADD CONSTRAINT `employees_fk3` FOREIGN KEY (`employees_religion`) REFERENCES `public_religion` (`religion_id`) ON UPDATE CASCADE,
  ADD CONSTRAINT `employees_fk4` FOREIGN KEY (`employees_transportation`) REFERENCES `public_transportation` (`transportation_id`) ON UPDATE CASCADE,
  ADD CONSTRAINT `employees_fk5` FOREIGN KEY (`employees_city`) REFERENCES `public_city` (`city_id`) ON UPDATE CASCADE,
  ADD CONSTRAINT `employees_fk6` FOREIGN KEY (`employees_status`) REFERENCES `employees_status` (`employees_status_id`) ON UPDATE CASCADE,
  ADD CONSTRAINT `employees_fk7` FOREIGN KEY (`employees_marriage_status`) REFERENCES `employees_marriage_status` (`marriage_status_id`) ON UPDATE CASCADE;

--
-- Constraints for table `myschool_apps_access`
--
ALTER TABLE `myschool_apps_access`
  ADD CONSTRAINT `myschool_apps_access_fk1` FOREIGN KEY (`access_usergroup`) REFERENCES `myschool_usergroup` (`usergroup_id`) ON UPDATE CASCADE,
  ADD CONSTRAINT `myschool_apps_access_fk2` FOREIGN KEY (`access_apps`) REFERENCES `myschool_apps` (`apps_id`) ON UPDATE CASCADE;

--
-- Constraints for table `myschool_apps_accessdetail`
--
ALTER TABLE `myschool_apps_accessdetail`
  ADD CONSTRAINT `myschool_apps_accessdetail_fk1` FOREIGN KEY (`accessdetail_access`) REFERENCES `myschool_apps_access` (`access_id`) ON UPDATE CASCADE,
  ADD CONSTRAINT `myschool_apps_accessdetail_fk2` FOREIGN KEY (`accessdetail_modul`) REFERENCES `myschool_apps_modul` (`modul_id`) ON UPDATE CASCADE;

--
-- Constraints for table `myschool_apps_menu`
--
ALTER TABLE `myschool_apps_menu`
  ADD CONSTRAINT `myschool_apps_menu_fk1` FOREIGN KEY (`menu_apps`) REFERENCES `myschool_apps` (`apps_id`) ON UPDATE CASCADE;

--
-- Constraints for table `myschool_apps_modul`
--
ALTER TABLE `myschool_apps_modul`
  ADD CONSTRAINT `myschool_apps_modul_fk1` FOREIGN KEY (`modul_apps`) REFERENCES `myschool_apps` (`apps_id`) ON UPDATE CASCADE;

--
-- Constraints for table `myschool_user`
--
ALTER TABLE `myschool_user`
  ADD CONSTRAINT `myschool_user_fk1` FOREIGN KEY (`user_isa`) REFERENCES `myschool_isa` (`isa_id`) ON UPDATE CASCADE;

--
-- Constraints for table `myschool_userprivilege`
--
ALTER TABLE `myschool_userprivilege`
  ADD CONSTRAINT `myschool_userprivilege_fk1` FOREIGN KEY (`userprivilege_user`) REFERENCES `myschool_user` (`user_id`) ON UPDATE CASCADE,
  ADD CONSTRAINT `myschool_userprivilege_fk2` FOREIGN KEY (`userprivilege_group`) REFERENCES `myschool_usergroup` (`usergroup_id`) ON UPDATE CASCADE;

--
-- Constraints for table `public_city`
--
ALTER TABLE `public_city`
  ADD CONSTRAINT `public_city_fk1` FOREIGN KEY (`city_province`) REFERENCES `public_province` (`province_id`) ON UPDATE CASCADE;

/*!40101 SET CHARACTER_SET_CLIENT=@OLD_CHARACTER_SET_CLIENT */;
/*!40101 SET CHARACTER_SET_RESULTS=@OLD_CHARACTER_SET_RESULTS */;
/*!40101 SET COLLATION_CONNECTION=@OLD_COLLATION_CONNECTION */;
